Time (s),T_outer (C),T_inner (C),T_avg (C),Input Temperature (C)
0,309.0777525028281,309.0777525028281,309.0777525028281,309.0777525028281
10,309.0777525028281,309.0777525028281,309.0777525028281,309.0777525028281
20,309.0777525028281,309.0777525028281,309.0777525028281,309.0777525028281
30,309.0777525028281,309.0777525028281,309.0777525028281,309.0777525028281
40,309.0777525028281,309.0777525028281,309.0777525028281,309.0777525028281
50,309.0777525028281,309.0777525028281,309.0777525028281,309.0777525028281
60,309.0777525028281,309.0777525028281,309.0777525028281,309.0777525028281
70,309.0777525028281,309.0777525028281,309.0777525028281,309.0777525028281
80,309.0777525028281,309.0777525028281,309.0777525028281,309.0777525028281
90,309.0777525028281,309.0777525028281,309.0777525028281,309.0777525028281
100,309.0777525028281,309.0777525028281,309.0777525028281,309.0777525028281
110,309.0777525028281,309.0777525028281,309.0777525028281,309.0777525028281
120,309.0777525028281,309.0777525028281,309.0777525028281,309.0777525028281
130,309.0777525028281,309.0777525028281,309.0777525028281,309.0777525028281
140,309.0777525028281,309.0777525028281,309.0777525028281,309.0777525028281
150,309.0777525028281,309.0777525028281,309.0777525028281,309.0777525028281
160,309.0777525028281,309.0777525028281,309.0777525028281,309.0777525028281
170,309.0777525028281,309.0777525028281,309.0777525028281,309.0777525028281
180,309.0777525028281,309.0777525028281,309.0777525028281,309.0777525028281
190,309.0777525028281,309.0777525028281,309.0777525028281,309.0777525028281
200,309.0777525028281,309.0777525028281,309.0777525028281,309.0777525028281
210,309.0777525028281,309.0777525028281,309.0777525028281,309.0777525028281
220,309.0777525028281,309.0777525028281,309.0777525028281,309.0777525028281
230,309.0777525028281,309.0777525028281,309.0777525028281,309.0777525028281
240,309.0777525028281,309.0777525028281,309.0777525028281,309.0777525028281
250,309.0777525028281,309.0777525028281,309.0777525028281,309.0777525028281
260,309.0777525028281,309.0777525028281,309.0777525028281,309.0777525028281
270,309.0777525028281,309.0777525028281,309.0777525028281,309.0777525028281
280,309.0777525028281,309.0777525028281,309.0777525028281,309.0777525028281
290,309.0777525028281,309.0777525028281,309.0777525028281,309.0777525028281
300,309.0777525028281,309.0777525028281,309.0777525028281,309.0777525028281
310,309.0777525028281,309.0777525028281,309.0777525028281,309.0777525028281
320,309.0777525028281,309.0777525028281,309.0777525028281,309.0777525028281
330,309.0777525028281,309.0777525028281,309.0777525028281,309.0777525028281
340,309.0777525028281,309.0777525028281,309.0777525028281,309.0777525028281
350,309.0777525028281,309.0777525028281,309.0777525028281,309.0777525028281
360,309.0777525028281,309.0777525028281,309.0777525028281,309.0777525028281
370,309.0777525028281,309.0777525028281,309.0777525028281,309.0777525028281
380,309.0777525028281,309.0777525028281,309.0777525028281,309.0777525028281
390,309.0777525028281,309.0777525028281,309.0777525028281,309.0777525028281
400,309.0777525028281,309.0777525028281,309.0777525028281,309.0777525028281
410,309.0777525028281,309.0777525028281,309.0777525028281,309.0777525028281
420,309.0777525028281,309.0777525028281,309.0777525028281,309.0777525028281
430,309.0777525028281,309.0777525028281,309.0777525028281,309.0777525028281
440,309.0777525028281,309.0777525028281,309.0777525028281,309.0777525028281
450,309.0777525028281,309.0777525028281,309.0777525028281,309.0777525028281
460,309.0777525028281,309.0777525028281,309.0777525028281,309.0777525028281
470,309.0777525028281,309.0777525028281,309.0777525028281,309.0777525028281
480,309.0777525028281,309.0777525028281,309.0777525028281,309.0777525028281
490,309.0777525028281,309.0777525028281,309.0777525028281,309.0777525028281
500,309.0777525028281,309.0777525028281,309.0777525028281,309.0777525028281
510,309.0777525028281,309.0777525028281,309.0777525028281,309.0777525028281
520,309.0777525028281,309.0777525028281,309.0777525028281,309.0777525028281
530,309.0777525028281,309.0777525028281,309.0777525028281,309.0777525028281
540,309.0777525028281,309.0777525028281,309.0777525028281,309.0777525028281
550,309.0777525028281,309.0777525028281,309.0777525028281,309.0777525028281
560,309.0777525028281,309.0777525028281,309.0777525028281,309.0777525028281
570,309.0777525028281,309.0777525028281,309.0777525028281,309.0777525028281
580,309.0777525028281,309.0777525028281,309.0777525028281,309.0777525028281
590,309.0777525028281,309.0777525028281,309.0777525028281,309.0777525028281
600,309.0777525028281,309.0777525028281,309.0777525028281,309.0777525028281
610,309.0777525028281,309.0777525028281,309.0777525028281,309.0777525028281
620,309.0777525028281,309.0777525028281,309.0777525028281,309.0777525028281
630,309.0777525028281,309.0777525028281,309.0777525028281,309.0777525028281
640,309.0777525028281,309.0777525028281,309.0777525028281,309.0777525028281
650,309.0777525028281,309.0777525028281,309.0777525028281,309.0777525028281
660,309.0777525028281,309.0777525028281,309.0777525028281,309.0777525028281
670,309.0777525028281,309.0777525028281,309.0777525028281,309.0777525028281
680,309.0777525028281,309.0777525028281,309.0777525028281,309.0777525028281
690,309.0777525028281,309.0777525028281,309.0777525028281,309.0777525028281
700,309.0777525028281,309.0777525028281,309.0777525028281,309.0777525028281
710,309.0777525028281,309.0777525028281,309.0777525028281,309.0777525028281
720,309.0777525028281,309.0777525028281,309.0777525028281,309.0777525028281
730,309.0777525028281,309.0777525028281,309.0777525028281,309.0777525028281
740,309.0777525028281,309.0777525028281,309.0777525028281,309.0777525028281
750,309.0777525028281,309.0777525028281,309.0777525028281,309.0777525028281
760,309.0777525028281,309.0777525028281,309.0777525028281,309.0777525028281
770,309.0777525028281,309.0777525028281,309.0777525028281,309.0777525028281
780,309.0777525028281,309.0777525028281,309.0777525028281,309.0777525028281
790,309.0777525028281,309.0777525028281,309.0777525028281,309.0777525028281
800,309.0777525028281,309.0777525028281,309.0777525028281,309.0777525028281
810,309.0777525028281,309.0777525028281,309.0777525028281,309.0777525028281
820,309.0777525028281,309.0777525028281,309.0777525028281,309.0777525028281
830,309.0777525028281,309.0777525028281,309.0777525028281,309.0777525028281
840,309.0777525028281,309.0777525028281,309.0777525028281,309.0777525028281
850,309.0777525028281,309.0777525028281,309.0777525028281,309.0777525028281
860,309.0777525028281,309.0777525028281,309.0777525028281,309.0777525028281
870,309.0777525028281,309.0777525028281,309.0777525028281,309.0777525028281
880,309.0777525028281,309.0777525028281,309.0777525028281,309.0777525028281
890,309.0777525028281,309.0777525028281,309.0777525028281,309.0777525028281
900,309.0777525028281,309.0777525028281,309.0777525028281,309.0777525028281
910,309.0777525028281,309.0777525028281,309.0777525028281,309.0777525028281
920,309.0777525028281,309.0777525028281,309.0777525028281,309.0777525028281
930,309.0777525028281,309.0777525028281,309.0777525028281,309.0777525028281
940,309.0777525028281,309.0777525028281,309.0777525028281,309.0777525028281
950,309.0777525028281,309.0777525028281,309.0777525028281,309.0777525028281
960,309.0777525028281,309.0777525028281,309.0777525028281,309.0777525028281
970,309.0777525028281,309.0777525028281,309.0777525028281,309.0777525028281
980,309.0777525028281,309.0777525028281,309.0777525028281,309.0777525028281
990,309.0777525028281,309.0777525028281,309.0777525028281,309.0777525028281
1000,309.0777525028281,309.0777525028281,309.0777525028281,309.0777525028281
1010,309.0777525028281,309.0777525028281,309.0777525028281,309.0777525028281
1020,309.0777525028281,309.0777525028281,309.0777525028281,309.0777525028281
1030,309.0777525028281,309.0777525028281,309.0777525028281,309.0777525028281
1040,309.0777525028281,309.0777525028281,309.0777525028281,309.0777525028281
1050,309.0777525028281,309.0777525028281,309.0777525028281,309.0777525028281
1060,309.0777525028281,309.0777525028281,309.0777525028281,309.0777525028281
1070,309.0777525028281,309.0777525028281,309.0777525028281,309.0777525028281
1080,309.0777525028281,309.0777525028281,309.0777525028281,309.0777525028281
1090,309.0777525028281,309.0777525028281,309.0777525028281,309.0777525028281
1100,309.0777525028281,309.0777525028281,309.0777525028281,309.0777525028281
1110,309.0777525028281,309.0777525028281,309.0777525028281,309.0777525028281
1120,309.0777525028281,309.0777525028281,309.0777525028281,309.0777525028281
1130,309.0777525028281,309.0777525028281,309.0777525028281,309.0777525028281
1140,309.0777525028281,309.0777525028281,309.0777525028281,309.0777525028281
1150,309.0777525028281,309.0777525028281,309.0777525028281,309.0777525028281
1160,309.0777525028281,309.0777525028281,309.0777525028281,309.0777525028281
1170,309.0777525028281,309.0777525028281,309.0777525028281,309.0777525028281
1180,309.0777525028281,309.0777525028281,309.0777525028281,309.0777525028281
1190,309.0777525028281,309.0777525028281,309.0777525028281,309.0777525028281
1200,309.0777525028281,309.0777525028281,309.0777525028281,309.0777525028281
1210,309.0777525028281,309.0777525028281,309.0777525028281,309.0777525028281
1220,309.0777525028281,309.0777525028281,309.0777525028281,309.0777525028281
1230,309.0777525028281,309.0777525028281,309.0777525028281,309.0777525028281
1240,309.0777525028281,309.0777525028281,309.0777525028281,309.0777525028281
1250,309.0777525028281,309.0777525028281,309.0777525028281,309.0777525028281
1260,309.0777525028281,309.0777525028281,309.0777525028281,309.0777525028281
1270,309.0777525028281,309.0777525028281,309.0777525028281,309.0777525028281
1280,309.0777525028281,309.0777525028281,309.0777525028281,309.0777525028281
1290,309.0777525028281,309.0777525028281,309.0777525028281,309.0777525028281
1300,309.0777525028281,309.0777525028281,309.0777525028281,309.0777525028281
1310,309.0777525028281,309.0777525028281,309.0777525028281,309.0777525028281
1320,309.0777525028281,309.0777525028281,309.0777525028281,309.0777525028281
1330,309.0777525028281,309.0777525028281,309.0777525028281,309.0777525028281
1340,309.0777525028281,309.0777525028281,309.0777525028281,309.0777525028281
1350,309.0777525028281,309.0777525028281,309.0777525028281,309.0777525028281
1360,309.0777525028281,309.0777525028281,309.0777525028281,309.0777525028281
1370,309.0777525028281,309.0777525028281,309.0777525028281,309.0777525028281
1380,309.0777525028281,309.0777525028281,309.0777525028281,309.0777525028281
1390,309.0777525028281,309.0777525028281,309.0777525028281,309.0777525028281
1400,309.0777525028281,309.0777525028281,309.0777525028281,309.0777525028281
1410,309.0777525028281,309.0777525028281,309.0777525028281,309.0777525028281
1420,309.0777525028281,309.0777525028281,309.0777525028281,309.0777525028281
1430,309.0777525028281,309.0777525028281,309.0777525028281,309.0777525028281
1440,309.0777525028281,309.0777525028281,309.0777525028281,309.0777525028281
1440,309.0777525028281,309.0777525028281,309.0777525028281,309.0777525028281
1450,309.0779023359729,309.0165690026396,309.07256900263957,309.0143321346753
1460,309.0780521691177,308.955385502451,309.06738550245103,308.9509117665226
1470,309.07820200226246,308.8942020022625,309.0622020022625,308.88749139836983
1480,309.07835183540726,308.83301850207397,309.05701850207396,308.82407103021706
1490,309.07850166855206,308.7718350018854,309.0518350018854,308.76065066206434
1500,309.07865150169687,308.7106515016969,309.0466515016969,308.69723029391156
1510,309.07880133484167,308.64946800150835,309.04146800150835,308.6338099257588
1520,309.0789511679864,308.5882845013198,309.03628450131976,308.57038955760606
1530,309.0791010011312,308.52710100113126,309.0311010011312,308.5069691894533
1540,309.079250834276,308.46591750094274,309.0259175009427,308.4435488213005
1550,309.0794006674208,308.40473400075416,309.02073400075415,308.3801284531478
1560,309.07955050056563,308.34355050056564,309.0155505005656,308.316708084995
1570,309.0797003337104,308.2823670003771,309.0103670003771,308.25328771684224
1580,309.0798501668552,308.22118350018854,309.00518350018854,308.1898673486895
1590,309.08,308.16,309.0,308.12644698053674
1600,309.08,308.166,308.99666666666667,308.1355477753785
1610,309.08,308.172,308.99333333333334,308.14464857022017
1620,309.08,308.178,308.99,308.1537493650619
1630,309.08,308.184,308.9866666666667,308.16285015990366
1640,309.08,308.19,308.98333333333335,308.1719509547454
1650,309.08,308.196,308.98,308.1810517495871
1660,309.08,308.202,308.9766666666667,308.1901525444288
1670,309.08,308.208,308.9733333333333,308.19925333927057
1680,309.08,308.214,308.96999999999997,308.2083541341123
1690,309.08,308.22,308.96666666666664,308.217454928954
1700,309.08,308.226,308.9633333333333,308.22655572379574
1710,309.08,308.232,308.96,308.2356565186375
1720,309.08,308.238,308.95666666666665,308.2447573134792
1730,309.08,308.244,308.9533333333333,308.2538581083209
1740,309.08,308.25,308.95,308.26295890316266
1750,309.08,308.3786666666667,308.96,308.3940469079614
1760,309.08,308.50733333333335,308.96999999999997,308.5251349127602
1770,309.08,308.636,308.98,308.656222917559
1780,309.08,308.76466666666664,308.99,308.7873109223578
1790,309.08,308.8933333333333,309.0,308.91839892715655
1800,309.08,309.022,309.01,309.04948693195536
1810,309.08,309.15066666666667,309.02,309.1805749367541
1820,309.08,309.27933333333334,309.03000000000003,309.3116629415529
1830,309.08,309.408,309.04,309.4427509463517
1840,309.08,309.5366666666667,309.05,309.5738389511505
1850,309.08,309.66533333333336,309.06,309.70492695594925
1860,309.08,309.794,309.07,309.83601496074806
1870,309.08,309.92266666666666,309.08000000000004,309.9671029655468
1880,309.08,310.05133333333333,309.09000000000003,310.0981909703456
1890,309.08,310.18,309.1,310.2292789751444
1900,309.08,310.20866666666666,309.1086666666667,310.25427600512677
1910,309.08,310.23733333333337,309.11733333333336,310.2792730351091
1920,309.08,310.266,309.12600000000003,310.3042700650915
1930,309.08,310.29466666666667,309.1346666666667,310.3292670950738
1940,309.08,310.3233333333333,309.1433333333334,310.3542641250562
1950,309.08,310.35200000000003,309.15200000000004,310.3792611550386
1960,309.08,310.3806666666667,309.1606666666667,310.4042581850209
1970,309.08,310.40933333333334,309.1693333333333,310.4292552150033
1980,309.08,310.438,309.178,310.45425224498564
1990,309.08,310.4666666666667,309.18666666666667,310.479249274968
2000,309.08,310.49533333333335,309.19533333333334,310.5042463049504
2010,309.08,310.524,309.204,310.52924333493274
2020,309.08,310.55266666666665,309.2126666666667,310.55424036491513
2030,309.08,310.58133333333336,309.22133333333335,310.57923739489746
2040,309.08,310.61,309.23,310.60423442487985
2050,309.08,310.52733333333333,309.2246666666667,310.52471989286147
2060,309.08,310.4446666666667,309.21933333333334,310.44520536084315
2070,309.08,310.362,309.214,310.36569082882477
2080,309.08,310.27933333333334,309.20866666666666,310.2861762968064
2090,309.08,310.19666666666666,309.2033333333333,310.206661764788
2100,309.08,310.11400000000003,309.198,310.1271472327697
2110,309.08,310.03133333333335,309.19266666666664,310.0476327007513
2120,309.08,309.94866666666667,309.18733333333336,309.96811816873293
2130,309.08,309.866,309.182,309.88860363671455
2140,309.08,309.78333333333336,309.1766666666667,309.8090891046962
2150,309.08,309.7006666666667,309.17133333333334,309.72957457267785
2160,309.08,309.618,309.166,309.65006004065947
2170,309.08,309.5353333333333,309.16066666666666,309.5705455086411
2180,309.08,309.4526666666667,309.1553333333333,309.49103097662277
2190,309.08,309.37,309.15,309.4115164446044
2200,309.08,309.60066666666665,309.16866666666664,309.64993048715365
2210,309.08,309.83133333333336,309.1873333333333,309.8883445297029
2220,309.08,310.062,309.20599999999996,310.12675857225224
2230,309.08,310.29266666666666,309.2246666666667,310.3651726148015
2240,309.08,310.5233333333333,309.24333333333334,310.6035866573508
2250,309.08,310.754,309.262,310.84200069990004
2260,309.08,310.98466666666667,309.28066666666666,311.0804147424493
2270,309.08,311.2153333333333,309.2993333333333,311.31882878499863
2280,309.08,311.44599999999997,309.318,311.5572428275479
2290,309.08,311.6766666666667,309.33666666666664,311.79565687009716
2300,309.08,311.9073333333333,309.3553333333333,312.0340709126464
2310,309.08,312.138,309.374,312.2724849551957
2320,309.08,312.3686666666666,309.3926666666667,312.510898997745
2330,309.08,312.59933333333333,309.41133333333335,312.7493130402943
2340,309.08,312.83,309.43,312.98772708284355
2350,309.0793333333333,313.0373333333333,309.464,313.19140418611244
2360,309.07866666666666,313.24466666666666,309.498,313.3950812893814
2370,309.078,313.452,309.532,313.59875839265027
2380,309.07733333333334,313.65933333333334,309.56600000000003,313.8024354959192
2390,309.07666666666665,313.8666666666667,309.6,314.0061125991881
2400,309.07599999999996,314.074,309.634,314.209789702457
2410,309.07533333333333,314.28133333333335,309.668,314.41346680572593
2420,309.07466666666664,314.48866666666663,309.702,314.6171439089948
2430,309.074,314.69599999999997,309.736,314.82082101226376
2440,309.0733333333333,314.9033333333333,309.77,315.02449811553265
2450,309.07266666666663,315.11066666666665,309.804,315.22817521880154
2460,309.072,315.318,309.838,315.4318523220705
2470,309.0713333333333,315.5253333333333,309.872,315.63552942533937
2480,309.0706666666667,315.73266666666666,309.906,315.8392065286083
2490,309.07,315.94,309.94,316.0428836318772
2500,309.0706666666667,315.93466666666666,309.954,316.03981382825674
2510,309.0713333333333,315.9293333333333,309.968,316.0367440246363
2520,309.072,315.924,309.98199999999997,316.0336742210158
2530,309.07266666666663,315.9186666666667,309.996,316.03060441739535
2540,309.0733333333333,315.91333333333336,310.01,316.0275346137749
2550,309.074,315.908,310.024,316.0244648101544
2560,309.07466666666664,315.9026666666667,310.038,316.02139500653396
2570,309.07533333333333,315.89733333333334,310.05199999999996,316.01832520291345
2580,309.07599999999996,315.892,310.066,316.015255399293
2590,309.07666666666665,315.88666666666666,310.08,316.0121855956725
2600,309.07733333333334,315.8813333333333,310.094,316.00911579205206
2610,309.078,315.87600000000003,310.108,316.0060459884316
2620,309.07866666666666,315.8706666666667,310.12199999999996,316.00297618481113
2630,309.0793333333333,315.86533333333335,310.13599999999997,315.99990638119067
2640,309.08,315.86,310.15,315.9968365775702
2650,309.08,315.9293333333333,310.17199999999997,316.06192440845524
2660,309.08,315.9986666666667,310.19399999999996,316.1270122393402
2670,309.08,316.068,310.216,316.19210007022525
2680,309.08,316.13733333333334,310.238,316.2571879011103
2690,309.08,316.20666666666665,310.26,316.32227573199526
2700,309.08,316.276,310.282,316.3873635628803
2710,309.08,316.3453333333333,310.304,316.45245139376533
2720,309.08,316.4146666666667,310.326,316.5175392246503
2730,309.08,316.484,310.348,316.58262705553534
2740,309.08,316.55333333333334,310.37,316.6477148864204
2750,309.08,316.62266666666665,310.392,316.71280271730535
2760,309.08,316.692,310.414,316.7778905481904
2770,309.08,316.7613333333333,310.43600000000004,316.8429783790754
2780,309.08,316.8306666666667,310.458,316.9080662099604
2790,309.08,316.9,310.48,316.97315404084543
2800,309.0813333333333,316.91066666666666,310.49,316.9891335846693
2810,309.0826666666667,316.92133333333334,310.5,317.0051131284931
2820,309.084,316.93199999999996,310.51,317.021092672317
2830,309.0853333333333,316.94266666666664,310.52000000000004,317.03707221614087
2840,309.08666666666664,316.9533333333333,310.53000000000003,317.0530517599647
2850,309.088,316.964,310.54,317.06903130378856
2860,309.08933333333334,316.9746666666667,310.55,317.0850108476124
2870,309.09066666666666,316.9853333333333,310.56,317.1009903914363
2880,309.092,316.996,310.57,317.11696993526016
2890,309.09333333333336,317.00666666666666,310.58,317.132949479084
2900,309.0946666666667,317.01733333333334,310.59,317.14892902290785
2910,309.096,317.028,310.6,317.1649085667317
2920,309.0973333333333,317.03866666666664,310.61,317.1808881105556
2930,309.0986666666667,317.0493333333333,310.62,317.19686765437945
2940,309.1,317.06,310.63,317.2128471982033
2950,309.10133333333334,317.262,310.66066666666666,317.41777921327355
2960,309.10266666666666,317.464,310.6913333333333,317.6227112283438
2970,309.10400000000004,317.666,310.722,317.8276432434141
2980,309.10533333333336,317.868,310.75266666666664,318.03257525848437
2990,309.1066666666667,318.07,310.7833333333333,318.2375072735546
3000,309.108,318.272,310.81399999999996,318.4424392886249
3010,309.1093333333333,318.474,310.8446666666666,318.64737130369514
3020,309.1106666666667,318.676,310.87533333333334,318.85230331876545
3030,309.112,318.878,310.906,319.0572353338357
3040,309.11333333333334,319.08,310.93666666666667,319.26216734890596
3050,309.11466666666666,319.282,310.96733333333333,319.4670993639762
3060,309.116,319.484,310.998,319.6720313790465
3070,309.11733333333336,319.686,311.02866666666665,319.8769633941168
3080,309.1186666666667,319.888,311.0593333333333,320.08189540918704
3090,309.12,320.09,311.09,320.2868274242573
3100,309.12266666666665,320.0946666666666,311.114,320.28362406226154
3110,309.12533333333334,320.09933333333333,311.138,320.28042070026584
3120,309.128,320.104,311.162,320.2772173382701
3130,309.1306666666667,320.10866666666664,311.186,320.2740139762744
3140,309.1333333333333,320.11333333333334,311.21,320.2708106142786
3150,309.136,320.118,311.234,320.26760725228286
3160,309.13866666666667,320.12266666666665,311.258,320.26440389028716
3170,309.14133333333336,320.12733333333335,311.282,320.2612005282914
3180,309.144,320.132,311.306,320.2579971662957
3190,309.1466666666667,320.13666666666666,311.33,320.25479380429994
3200,309.14933333333335,320.14133333333336,311.354,320.2515904423042
3210,309.15200000000004,320.146,311.378,320.2483870803085
3220,309.1546666666667,320.15066666666667,311.402,320.2451837183127
3230,309.1573333333334,320.1553333333334,311.426,320.241980356317
3240,309.16,320.16,311.45,320.23877699432126
3250,309.16333333333336,320.232,311.4653333333333,320.3203143042108
3260,309.1666666666667,320.30400000000003,311.48066666666665,320.40185161410034
3270,309.17,320.37600000000003,311.496,320.4833889239898
3280,309.17333333333335,320.44800000000004,311.5113333333333,320.56492623387936
3290,309.1766666666667,320.52000000000004,311.52666666666664,320.6464635437689
3300,309.18,320.59200000000004,311.542,320.72800085365844
3310,309.18333333333334,320.66400000000004,311.5573333333333,320.809538163548
3320,309.18666666666667,320.736,311.5726666666667,320.89107547343747
3330,309.19,320.808,311.588,320.972612783327
3340,309.1933333333333,320.88,311.60333333333335,321.05415009321655
3350,309.19666666666666,320.952,311.6186666666667,321.1356874031061
3360,309.2,321.024,311.634,321.21722471299563
3370,309.2033333333333,321.096,311.64933333333335,321.2987620228851
3380,309.20666666666665,321.168,311.6646666666667,321.38029933277465
3390,309.21,321.24,311.68,321.4618366426642
3400,309.21466666666663,321.3953333333333,311.7153333333333,321.61399265127085
3410,309.21933333333334,321.5506666666667,311.7506666666667,321.7661486598775
3420,309.224,321.706,311.786,321.9183046684842
3430,309.22866666666664,321.86133333333333,311.8213333333333,322.07046067709086
3440,309.2333333333333,322.01666666666665,311.8566666666667,322.2226166856975
3450,309.238,322.172,311.892,322.37477269430417
3460,309.24266666666665,322.32733333333334,311.9273333333333,322.5269287029108
3470,309.2473333333333,322.48266666666666,311.9626666666667,322.67908471151753
3480,309.25199999999995,322.638,311.998,322.8312407201242
3490,309.25666666666666,322.79333333333335,312.0333333333333,322.98339672873084
3500,309.2613333333333,322.94866666666667,312.0686666666667,323.1355527373375
3510,309.26599999999996,323.104,312.104,323.28770874594414
3520,309.2706666666666,323.2593333333333,312.1393333333333,323.43986475455085
3530,309.2753333333333,323.4146666666667,312.17466666666667,323.5920207631575
3540,309.28,323.57,312.21,323.74417677176416
3550,309.2853333333333,323.568,312.23133333333334,323.74051159556177
3560,309.29066666666665,323.566,312.25266666666664,323.73684641935944
3570,309.296,323.564,312.274,323.73318124315705
3580,309.30133333333333,323.562,312.2953333333333,323.7295160669547
3590,309.3066666666667,323.56,312.31666666666666,323.7258508907523
3600,309.312,323.558,312.33799999999997,323.72218571454994
3610,309.31733333333335,323.556,312.3593333333333,323.7185205383476
3620,309.32266666666663,323.55400000000003,312.3806666666666,323.7148553621452
3630,309.328,323.552,312.402,323.7111901859429
3640,309.3333333333333,323.55,312.4233333333333,323.7075250097405
3650,309.33866666666665,323.548,312.44466666666665,323.7038598335381
3660,309.344,323.546,312.46599999999995,323.70019465733577
3670,309.34933333333333,323.54400000000004,312.4873333333333,323.6965294811334
3680,309.3546666666667,323.54200000000003,312.5086666666666,323.69286430493105
3690,309.36,323.54,312.53,323.68919912872866
3700,309.3666666666667,323.66533333333336,312.556,323.8203813582099
3710,309.37333333333333,323.7906666666667,312.582,323.95156358769106
3720,309.38,323.916,312.608,324.0827458171723
3730,309.38666666666666,324.04133333333334,312.63399999999996,324.2139280466535
3740,309.3933333333333,324.1666666666667,312.65999999999997,324.34511027613473
3750,309.4,324.29200000000003,312.686,324.4762925056159
3760,309.40666666666664,324.4173333333334,312.712,324.6074747350971
3770,309.41333333333336,324.54266666666666,312.738,324.73865696457835
3780,309.42,324.668,312.764,324.8698391940596
3790,309.4266666666667,324.79333333333335,312.79,325.00102142354075
3800,309.43333333333334,324.9186666666667,312.81600000000003,325.132203653022
3810,309.44,325.04400000000004,312.842,325.2633858825032
3820,309.44666666666666,325.1693333333333,312.868,325.3945681119844
3830,309.4533333333333,325.29466666666667,312.894,325.5257503414656
3840,309.46,325.42,312.92,325.6569325709468
3850,309.46733333333333,325.3826666666667,312.9426666666667,325.6103597955875
3860,309.4746666666666,325.3453333333334,312.9653333333333,325.5637870202282
3870,309.48199999999997,325.308,312.988,325.51721424486885
3880,309.4893333333333,325.27066666666667,313.0106666666667,325.47064146950953
3890,309.49666666666667,325.23333333333335,313.03333333333336,325.4240686941502
3900,309.50399999999996,325.196,313.056,325.3774959187909
3910,309.5113333333333,325.1586666666667,313.07866666666666,325.33092314343156
3920,309.51866666666666,325.1213333333333,313.10133333333334,325.2843503680723
3930,309.526,325.084,313.124,325.237777592713
3940,309.5333333333333,325.0466666666667,313.14666666666665,325.19120481735365
3950,309.54066666666665,325.00933333333336,313.1693333333333,325.1446320419943
3960,309.548,324.97200000000004,313.192,325.098059266635
3970,309.55533333333335,324.93466666666666,313.2146666666667,325.0514864912757
3980,309.56266666666664,324.89733333333334,313.2373333333333,325.00491371591636
3990,309.57,324.86,313.26,324.95834094055704
4000,309.57866666666666,324.85,313.2726666666667,324.9517770512476
4010,309.58733333333333,324.84000000000003,313.2853333333333,324.94521316193806
4020,309.596,324.83,313.298,324.9386492726286
4030,309.6046666666667,324.82,313.31066666666663,324.9320853833191
4040,309.61333333333334,324.81,313.3233333333333,324.9255214940096
4050,309.622,324.8,313.336,324.91895760470015
4060,309.6306666666667,324.79,313.34866666666665,324.91239371539064
4070,309.6393333333333,324.78,313.36133333333333,324.9058298260812
4080,309.64799999999997,324.77,313.37399999999997,324.89926593677166
4090,309.65666666666664,324.76,313.38666666666666,324.8927020474622
4100,309.6653333333333,324.75,313.39933333333335,324.88613815815273
4110,309.674,324.74,313.412,324.8795742688432
4120,309.68266666666665,324.72999999999996,313.42466666666667,324.87301037953375
4130,309.6913333333333,324.71999999999997,313.4373333333333,324.86644649022423
4140,309.7,324.71,313.45,324.8598826009148
4150,309.70933333333335,324.88466666666665,313.47866666666664,325.0414380546066
4160,309.71866666666665,325.0593333333333,313.50733333333335,325.2229935082984
4170,309.728,325.234,313.536,325.4045489619902
4180,309.7373333333333,325.40866666666665,313.56466666666665,325.586104415682
4190,309.74666666666667,325.5833333333333,313.5933333333333,325.7676598693738
4200,309.756,325.758,313.622,325.94921532306563
4210,309.76533333333333,325.93266666666665,313.65066666666667,326.1307707767574
4220,309.77466666666663,326.1073333333333,313.6793333333333,326.31232623044923
4230,309.784,326.282,313.70799999999997,326.493881684141
4240,309.7933333333333,326.45666666666665,313.7366666666667,326.67543713783283
4250,309.80266666666665,326.6313333333333,313.76533333333333,326.85699259152466
4260,309.81199999999995,326.806,313.794,327.03854804521643
4270,309.8213333333333,326.98066666666665,313.82266666666663,327.22010349890826
4280,309.8306666666666,327.1553333333333,313.85133333333334,327.40165895260003
4290,309.84,327.33,313.88,327.58321440629186
4300,309.85066666666665,327.46666666666664,313.916,327.7192315695805
4310,309.86133333333333,327.6033333333333,313.952,327.85524873286914
4320,309.87199999999996,327.74,313.988,327.99126589615776
4330,309.88266666666664,327.87666666666667,314.024,328.1272830594464
4340,309.8933333333333,328.0133333333333,314.06,328.26330022273504
4350,309.904,328.15,314.096,328.39931738602365
4360,309.9146666666667,328.28666666666663,314.132,328.5353345493123
4370,309.9253333333333,328.42333333333335,314.168,328.67135171260094
4380,309.936,328.56,314.204,328.8073688758896
4390,309.94666666666666,328.69666666666666,314.24,328.9433860391782
4400,309.95733333333334,328.8333333333333,314.276,329.07940320246684
4410,309.968,328.96999999999997,314.312,329.2154203657555
4420,309.97866666666664,329.1066666666667,314.348,329.3514375290441
4430,309.9893333333333,329.24333333333334,314.384,329.4874546923328
4440,310.0,329.38,314.42,329.6234718556214
4450,310.0113333333333,329.4526666666667,314.452,329.6952110900574
4460,310.0226666666667,329.5253333333333,314.48400000000004,329.76695032449334
4470,310.034,329.598,314.516,329.83868955892933
4480,310.04533333333336,329.67066666666665,314.548,329.9104287933653
4490,310.0566666666667,329.74333333333334,314.58,329.98216802780126
4500,310.068,329.81600000000003,314.612,330.05390726223726
4510,310.07933333333335,329.88866666666667,314.644,330.12564649667326
4520,310.09066666666666,329.96133333333336,314.676,330.1973857311092
4530,310.10200000000003,330.034,314.70799999999997,330.2691249655452
4540,310.11333333333334,330.1066666666667,314.74,330.3408641999812
4550,310.12466666666666,330.1793333333334,314.772,330.4126034344171
4560,310.136,330.252,314.804,330.4843426688531
4570,310.14733333333334,330.3246666666667,314.83599999999996,330.5560819032891
4580,310.1586666666667,330.39733333333334,314.868,330.62782113772505
4590,310.17,330.47,314.9,330.69956037216105
4600,310.182,330.49,314.9266666666666,330.7178925916605
4610,310.194,330.51000000000005,314.9533333333333,330.73622481115996
4620,310.206,330.53000000000003,314.97999999999996,330.7545570306594
4630,310.218,330.55,315.00666666666666,330.77288925015887
4640,310.23,330.57,315.0333333333333,330.7912214696583
4650,310.242,330.59000000000003,315.06,330.8095536891578
4660,310.254,330.61,315.08666666666664,330.8278859086572
4670,310.266,330.63,315.11333333333334,330.8462181281567
4680,310.278,330.65,315.14,330.8645503476561
4690,310.29,330.67,315.1666666666667,330.8828825671556
4700,310.302,330.69,315.1933333333333,330.90121478665503
4710,310.314,330.71,315.22,330.9195470061545
4720,310.326,330.72999999999996,315.24666666666667,330.93787922565394
4730,310.338,330.75,315.27333333333337,330.95621144515343
4740,310.35,330.77,315.3,330.97454366465286
4750,310.36333333333334,331.0973333333333,315.34933333333333,331.3145952996358
4760,310.37666666666667,331.42466666666667,315.39866666666666,331.65464693461877
4770,310.39000000000004,331.752,315.44800000000004,331.9946985696017
4780,310.40333333333336,332.0793333333333,315.49733333333336,332.3347502045847
4790,310.4166666666667,332.40666666666664,315.5466666666667,332.67480183956764
4800,310.43,332.734,315.596,333.0148534745506
4810,310.4433333333333,333.0613333333333,315.6453333333333,333.35490510953355
4820,310.4566666666667,333.38866666666667,315.6946666666667,333.69495674451656
4830,310.47,333.716,315.744,334.0350083794995
4840,310.48333333333335,334.04333333333335,315.79333333333335,334.3750600144825
4850,310.49666666666667,334.3706666666667,315.8426666666667,334.7151116494654
4860,310.51,334.698,315.892,335.0551632844484
4870,310.52333333333337,335.0253333333333,315.9413333333334,335.39521491943134
4880,310.5366666666667,335.35266666666666,315.9906666666667,335.7352665544143
4890,310.55,335.68,316.04,336.07531818939725
4900,310.564,335.544,316.06733333333335,335.9244058140685
4910,310.57800000000003,335.408,316.0946666666667,335.7734934387398
4920,310.592,335.272,316.122,335.6225810634111
4930,310.606,335.136,316.14933333333335,335.47166868808233
4940,310.62,335.0,316.1766666666667,335.32075631275364
4950,310.634,334.864,316.204,335.1698439374249
4960,310.648,334.728,316.23133333333334,335.01893156209616
4970,310.662,334.592,316.25866666666667,334.86801918676747
4980,310.676,334.456,316.286,334.7171068114387
4990,310.69,334.32,316.31333333333333,334.56619443611
5000,310.704,334.18399999999997,316.34066666666666,334.4152820607813
5010,310.718,334.048,316.368,334.26436968545255
5020,310.73199999999997,333.912,316.3953333333333,334.1134573101238
5030,310.746,333.776,316.42266666666666,333.9625449347951
5040,310.76,333.64,316.45,333.8116325594664
5050,310.77466666666663,333.94666666666666,316.4973333333333,334.1315353899936
5060,310.78933333333333,334.25333333333333,316.54466666666667,334.4514382205208
5070,310.804,334.56,316.592,334.771341051048
5080,310.8186666666667,334.8666666666667,316.63933333333335,335.0912438815752
5090,310.8333333333333,335.17333333333335,316.68666666666667,335.41114671210244
5100,310.848,335.48,316.734,335.73104954262965
5110,310.86266666666666,335.7866666666667,316.78133333333335,336.05095237315686
5120,310.87733333333335,336.0933333333333,316.82866666666666,336.37085520368413
5130,310.892,336.4,316.87600000000003,336.69075803421134
5140,310.9066666666667,336.70666666666665,316.92333333333335,337.01066086473855
5150,310.92133333333334,337.0133333333333,316.97066666666666,337.33056369526577
5160,310.93600000000004,337.32,317.01800000000003,337.650466525793
5170,310.9506666666667,337.62666666666667,317.06533333333334,337.9703693563202
5180,310.9653333333334,337.93333333333334,317.1126666666667,338.2902721868474
5190,310.98,338.24,317.16,338.6101750173746
5200,310.99600000000004,338.40866666666665,317.2126666666667,338.77678009014545
5210,311.012,338.57733333333334,317.26533333333333,338.9433851629163
5220,311.028,338.746,317.31800000000004,339.1099902356872
5230,311.04400000000004,338.9146666666667,317.3706666666667,339.276595308458
5240,311.06,339.0833333333333,317.42333333333335,339.44320038122885
5250,311.076,339.252,317.476,339.6098054539997
5260,311.09200000000004,339.42066666666665,317.52866666666665,339.7764105267705
5270,311.108,339.58933333333334,317.58133333333336,339.9430155995414
5280,311.124,339.758,317.634,340.10962067231225
5290,311.14000000000004,339.9266666666667,317.68666666666667,340.2762257450831
5300,311.156,340.0953333333333,317.7393333333333,340.4428308178539
5310,311.172,340.264,317.792,340.60943589062475
5320,311.18800000000005,340.43266666666665,317.8446666666667,340.77604096339564
5330,311.204,340.60133333333334,317.89733333333334,340.9426460361665
5340,311.22,340.77,317.95,341.1092511089373
5350,311.23733333333337,340.76599999999996,317.9873333333333,341.10325972260586
5360,311.2546666666667,340.762,318.02466666666663,341.0972683362744
5370,311.27200000000005,340.758,318.062,341.09127694994294
5380,311.28933333333333,340.75399999999996,318.09933333333333,341.08528556361154
5390,311.3066666666667,340.75,318.13666666666666,341.0792941772801
5400,311.324,340.746,318.174,341.0733027909486
5410,311.34133333333335,340.74199999999996,318.2113333333333,341.06731140461716
5420,311.3586666666667,340.738,318.2486666666667,341.0613200182857
5430,311.37600000000003,340.734,318.286,341.05532863195424
5440,311.3933333333334,340.72999999999996,318.3233333333333,341.0493372456228
5450,311.4106666666667,340.726,318.36066666666665,341.0433458592913
5460,311.428,340.722,318.39799999999997,341.0373544729599
5470,311.44533333333334,340.71799999999996,318.43533333333335,341.03136308662846
5480,311.4626666666667,340.714,318.47266666666667,341.025371700297
5490,311.48,340.71,318.51,341.01938031396554
5500,311.498,340.7993333333333,318.55066666666664,341.10891910956127
5510,311.516,340.88866666666667,318.59133333333335,341.198457905157
5520,311.534,340.978,318.632,341.28799670075273
5530,311.552,341.0673333333333,318.67266666666666,341.37753549634846
5540,311.57,341.15666666666664,318.7133333333333,341.4670742919442
5550,311.588,341.246,318.754,341.5566130875399
5560,311.606,341.3353333333333,318.79466666666667,341.64615188313564
5570,311.624,341.42466666666667,318.8353333333333,341.7356906787313
5580,311.642,341.514,318.876,341.82522947432705
5590,311.66,341.60333333333335,318.9166666666667,341.9147682699228
5600,311.678,341.6926666666667,318.95733333333334,342.0043070655185
5610,311.696,341.782,318.998,342.09384586111423
5620,311.714,341.8713333333333,319.03866666666664,342.18338465670996
5630,311.732,341.96066666666667,319.07933333333335,342.2729234523057
5640,311.75,342.05,319.12,342.3624622479014
5650,311.77,342.0586666666667,319.1546666666667,342.3683071834274
5660,311.79,342.06733333333335,319.1893333333333,342.3741521189534
5670,311.81,342.076,319.224,342.3799970544795
5680,311.83,342.0846666666667,319.25866666666667,342.3858419900055
5690,311.85,342.09333333333336,319.29333333333335,342.3916869255315
5700,311.87,342.10200000000003,319.328,342.3975318610575
5710,311.89,342.1106666666667,319.36266666666666,342.4033767965835
5720,311.91,342.1193333333333,319.39733333333334,342.40922173210953
5730,311.93,342.128,319.432,342.41506666763553
5740,311.95,342.13666666666666,319.46666666666664,342.4209116031615
5750,311.97,342.1453333333333,319.5013333333333,342.4267565386875
5760,311.99,342.154,319.536,342.4326014742135
5770,312.01,342.16266666666667,319.5706666666667,342.4384464097396
5780,312.03000000000003,342.17133333333334,319.6053333333333,342.4442913452656
5790,312.05,342.18,319.64,342.4501362807916
5800,312.0706666666667,342.19533333333334,319.66866666666664,342.47039896478765
5810,312.09133333333335,342.21066666666667,319.69733333333335,342.4906616487837
5820,312.112,342.226,319.726,342.5109243327797
5830,312.1326666666667,342.24133333333333,319.75466666666665,342.5311870167758
5840,312.15333333333336,342.25666666666666,319.7833333333333,342.55144970077185
5850,312.17400000000004,342.272,319.812,342.5717123847679
5860,312.1946666666667,342.2873333333333,319.84066666666666,342.591975068764
5870,312.2153333333333,342.3026666666667,319.8693333333333,342.61223775276
5880,312.236,342.31800000000004,319.89799999999997,342.63250043675606
5890,312.25666666666666,342.33333333333337,319.9266666666667,342.6527631207521
5900,312.27733333333333,342.3486666666667,319.95533333333333,342.6730258047482
5910,312.298,342.36400000000003,319.984,342.69328848874426
5920,312.3186666666667,342.37933333333336,320.01266666666663,342.71355117274027
5930,312.33933333333334,342.3946666666667,320.04133333333334,342.73381385673633
5940,312.36,342.41,320.07,342.7540765407324
5950,312.3826666666667,342.67733333333337,320.12266666666665,343.0259206631874
5960,312.4053333333333,342.9446666666667,320.17533333333336,343.29776478564236
5970,312.428,343.21200000000005,320.228,343.56960890809734
5980,312.4506666666667,343.47933333333333,320.28066666666666,343.84145303055226
5990,312.47333333333336,343.74666666666667,320.3333333333333,344.11329715300724
6000,312.496,344.014,320.386,344.3851412754622
6010,312.51866666666666,344.28133333333335,320.4386666666667,344.6569853979172
6020,312.54133333333334,344.5486666666667,320.49133333333333,344.9288295203722
6030,312.564,344.81600000000003,320.544,345.20067364282716
6040,312.58666666666664,345.08333333333337,320.5966666666667,345.47251776528213
6050,312.6093333333333,345.3506666666667,320.64933333333335,345.7443618877371
6060,312.632,345.618,320.702,346.01620601019204
6070,312.6546666666667,345.88533333333334,320.75466666666665,346.288050132647
6080,312.6773333333333,346.1526666666667,320.80733333333336,346.559894255102
6090,312.7,346.42,320.86,346.831738377557
6100,312.7233333333333,346.63666666666666,320.9193333333333,347.05006227931887
6110,312.74666666666667,346.85333333333335,320.9786666666667,347.2683861810807
6120,312.77,347.07,321.038,347.4867100828426
6130,312.79333333333335,347.2866666666667,321.0973333333333,347.7050339846044
6140,312.81666666666666,347.50333333333333,321.1566666666667,347.9233578863663
6150,312.84,347.72,321.216,348.1416817881282
6160,312.86333333333334,347.93666666666667,321.2753333333333,348.36000568989004
6170,312.88666666666666,348.15333333333336,321.3346666666667,348.57832959165194
6180,312.91,348.37,321.394,348.79665349341377
6190,312.93333333333334,348.5866666666667,321.4533333333333,349.01497739517566
6200,312.95666666666665,348.80333333333334,321.5126666666667,349.23330129693755
6210,312.98,349.02000000000004,321.572,349.4516251986994
6220,313.00333333333333,349.2366666666667,321.6313333333333,349.6699491004613
6230,313.0266666666667,349.4533333333334,321.6906666666667,349.8882730022231
6240,313.05,349.67,321.75,350.106596903985
6250,313.0746666666667,349.728,321.804,350.1561672093158
6260,313.09933333333333,349.786,321.858,350.2057375146466
6270,313.124,349.844,321.912,350.2553078199774
6280,313.14866666666666,349.90200000000004,321.966,350.3048781253082
6290,313.17333333333335,349.96000000000004,322.02,350.354448430639
6300,313.19800000000004,350.01800000000003,322.074,350.4040187359698
6310,313.22266666666667,350.076,322.128,350.45358904130063
6320,313.24733333333336,350.134,322.182,350.50315934663143
6330,313.272,350.192,322.236,350.55272965196224
6340,313.2966666666667,350.25,322.29,350.60229995729304
6350,313.32133333333337,350.308,322.344,350.65187026262385
6360,313.346,350.36600000000004,322.398,350.70144056795465
6370,313.3706666666667,350.42400000000004,322.452,350.75101087328545
6380,313.3953333333333,350.482,322.50600000000003,350.80058117861626
6390,313.42,350.54,322.56,350.85015148394706
6400,313.44533333333334,350.3846666666667,322.5846666666667,350.691829636358
6410,313.47066666666666,350.22933333333333,322.6093333333333,350.533507788769
6420,313.49600000000004,350.074,322.634,350.37518594117995
6430,313.52133333333336,349.9186666666667,322.65866666666665,350.21686409359086
6440,313.5466666666667,349.7633333333333,322.68333333333334,350.0585422460018
6450,313.572,349.608,322.708,349.9002203984128
6460,313.5973333333333,349.4526666666667,322.73266666666666,349.74189855082375
6470,313.6226666666667,349.2973333333333,322.75733333333335,349.5835767032347
6480,313.648,349.142,322.782,349.4252548556457
6490,313.67333333333335,348.9866666666667,322.8066666666667,349.26693300805664
6500,313.69866666666667,348.8313333333333,322.83133333333336,349.1086111604676
6510,313.724,348.676,322.856,348.9502893128785
6520,313.74933333333337,348.52066666666667,322.8806666666667,348.7919674652895
6530,313.7746666666667,348.3653333333333,322.9053333333333,348.63364561770044
6540,313.8,348.21,322.93,348.4753237701114
6550,313.82666666666665,348.306,322.9626666666667,348.58071677900926
6560,313.85333333333335,348.402,322.99533333333335,348.6861097879071
6570,313.88,348.498,323.028,348.791502796805
6580,313.9066666666667,348.594,323.0606666666667,348.8968958057029
6590,313.93333333333334,348.69,323.09333333333336,349.0022888146008
6600,313.96,348.786,323.12600000000003,349.10768182349864
6610,313.9866666666667,348.882,323.1586666666667,349.2130748323965
6620,314.0133333333333,348.97799999999995,323.1913333333333,349.31846784129436
6630,314.04,349.07399999999996,323.224,349.4238608501922
6640,314.06666666666666,349.16999999999996,323.25666666666666,349.5292538590901
6650,314.0933333333333,349.26599999999996,323.28933333333333,349.63464686798795
6660,314.12,349.36199999999997,323.322,349.7400398768859
6670,314.14666666666665,349.45799999999997,323.3546666666667,349.84543288578374
6680,314.17333333333335,349.554,323.38733333333334,349.9508258946816
6690,314.2,349.65,323.42,350.05621890357946
6700,314.228,349.882,323.4773333333333,350.2886452035349
6710,314.256,350.114,323.5346666666667,350.5210715034903
6720,314.284,350.346,323.592,350.7534978034457
6730,314.312,350.578,323.64933333333335,350.98592410340115
6740,314.34,350.81,323.70666666666665,351.21835040335657
6750,314.368,351.042,323.764,351.450776703312
6760,314.396,351.274,323.8213333333333,351.6832030032674
6770,314.424,351.506,323.8786666666667,351.91562930322283
6780,314.452,351.738,323.936,352.14805560317825
6790,314.48,351.96999999999997,323.99333333333334,352.38048190313367
6800,314.508,352.202,324.05066666666664,352.6129082030891
6810,314.536,352.43399999999997,324.108,352.8453345030445
6820,314.564,352.666,324.1653333333333,353.07776080299993
6830,314.592,352.89799999999997,324.22266666666667,353.31018710295535
6840,314.62,353.13,324.28,353.5426134029108
6850,314.64933333333335,353.19266666666664,324.3273333333333,353.60193122590437
6860,314.6786666666667,353.25533333333334,324.37466666666666,353.66124904889796
6870,314.708,353.318,324.42199999999997,353.7205668718916
6880,314.7373333333333,353.3806666666667,324.46933333333334,353.7798846948852
6890,314.76666666666665,353.4433333333333,324.51666666666665,353.8392025178788
6900,314.796,353.506,324.56399999999996,353.8985203408724
6910,314.82533333333333,353.5686666666667,324.61133333333333,353.957838163866
6920,314.8546666666667,353.6313333333333,324.65866666666665,354.0171559868596
6930,314.884,353.694,324.706,354.0764738098532
6940,314.91333333333336,353.75666666666666,324.75333333333333,354.1357916328468
6950,314.9426666666667,353.8193333333333,324.80066666666664,354.1951094558404
6960,314.972,353.882,324.848,354.254427278834
6970,315.0013333333333,353.94466666666665,324.8953333333333,354.31374510182764
6980,315.03066666666666,354.00733333333335,324.9426666666667,354.3730629248212
6990,315.06,354.07,324.99,354.4323807478148
7000,315.09,354.05266666666665,325.02733333333333,354.4126982718398
7010,315.12,354.0353333333333,325.06466666666665,354.3930157958648
7020,315.15,354.018,325.10200000000003,354.37333331988975
7030,315.18,354.0006666666667,325.13933333333335,354.35365084391475
7040,315.21,353.98333333333335,325.1766666666667,354.33396836793975
7050,315.24,353.966,325.214,354.31428589196474
7060,315.27,353.94866666666667,325.2513333333333,354.29460341598974
7070,315.3,353.9313333333333,325.2886666666667,354.2749209400147
7080,315.33,353.914,325.326,354.2552384640397
7090,315.36,353.89666666666665,325.36333333333334,354.2355559880647
7100,315.39,353.8793333333333,325.40066666666667,354.2158735120897
7110,315.42,353.862,325.438,354.19619103611467
7120,315.45,353.8446666666667,325.47533333333337,354.1765085601396
7130,315.48,353.82733333333334,325.5126666666667,354.1568260841646
7140,315.51,353.81,325.55,354.1371436081896
7150,315.54066666666665,354.0966666666667,325.60200000000003,354.4392494697913
7160,315.5713333333333,354.3833333333333,325.654,354.7413553313931
7170,315.602,354.67,325.706,355.0434611929948
7180,315.6326666666667,354.95666666666665,325.758,355.3455670545966
7190,315.66333333333336,355.24333333333334,325.81,355.6476729161983
7200,315.694,355.53000000000003,325.862,355.9497787778001
7210,315.7246666666667,355.81666666666666,325.914,356.2518846394018
7220,315.75533333333334,356.10333333333335,325.966,356.55399050100357
7230,315.786,356.39,326.018,356.8560963626053
7240,315.81666666666666,356.6766666666667,326.07,357.15820222420706
7250,315.8473333333333,356.96333333333337,326.122,357.4603080858088
7260,315.87800000000004,357.25,326.174,357.76241394741055
7270,315.9086666666667,357.5366666666667,326.226,358.06451980901227
7280,315.93933333333337,357.8233333333333,326.27799999999996,358.36662567061404
7290,315.97,358.11,326.33,358.66873153221576
7300,316.0013333333334,357.992,326.378,358.52660656685146
7310,316.03266666666667,357.874,326.426,358.38448160148715
7320,316.064,357.75600000000003,326.474,358.24235663612285
7330,316.0953333333334,357.638,326.522,358.10023167075855
7340,316.12666666666667,357.52,326.57,357.95810670539424
7350,316.158,357.402,326.618,357.81598174002994
7360,316.18933333333337,357.284,326.666,357.67385677466564
7370,316.22066666666666,357.166,326.714,357.5317318093014
7380,316.252,357.048,326.762,357.3896068439371
7390,316.28333333333336,356.93,326.81,357.2474818785728
7400,316.31466666666665,356.812,326.858,357.1053569132085
7410,316.346,356.69399999999996,326.906,356.9632319478442
7420,316.37733333333335,356.57599999999996,326.954,356.8211069824799
7430,316.40866666666665,356.45799999999997,327.002,356.6789820171156
7440,316.44,356.34,327.05,356.53685705175127
7450,316.472,356.392,327.07800000000003,356.6055877518828
7460,316.504,356.44399999999996,327.106,356.67431845201435
7470,316.536,356.496,327.134,356.7430491521459
7480,316.568,356.548,327.16200000000003,356.8117798522774
7490,316.6,356.59999999999997,327.19,356.88051055240896
7500,316.632,356.652,327.218,356.9492412525405
7510,316.664,356.704,327.24600000000004,357.01797195267204
7520,316.696,356.756,327.274,357.0867026528035
7530,316.728,356.808,327.302,357.15543335293506
7540,316.76,356.86,327.33000000000004,357.2241640530666
7550,316.79200000000003,356.912,327.358,357.29289475319814
7560,316.824,356.964,327.386,357.3616254533297
7570,316.856,357.016,327.41400000000004,357.4303561534612
7580,316.88800000000003,357.068,327.442,357.49908685359276
7590,316.92,357.12,327.47,357.5678175537243
7600,316.9533333333334,357.20533333333333,327.51800000000003,357.647468089535
7610,316.9866666666667,357.29066666666665,327.56600000000003,357.7271186253457
7620,317.02000000000004,357.376,327.61400000000003,357.8067691611564
7630,317.05333333333334,357.46133333333336,327.66200000000003,357.8864196969671
7640,317.0866666666667,357.5466666666667,327.71000000000004,357.96607023277784
7650,317.12,357.632,327.75800000000004,358.0457207685885
7660,317.15333333333336,357.71733333333333,327.80600000000004,358.1253713043992
7670,317.18666666666667,357.80266666666665,327.854,358.20502184020995
7680,317.22,357.888,327.902,358.28467237602064
7690,317.25333333333333,357.9733333333333,327.95,358.3643229118313
7700,317.2866666666667,358.0586666666666,327.998,358.44397344764207
7710,317.32,358.144,328.046,358.52362398345275
7720,317.35333333333335,358.22933333333333,328.094,358.60327451926344
7730,317.38666666666666,358.31466666666665,328.142,358.6829250550742
7740,317.42,358.4,328.19,358.76257559088486
7750,317.4533333333334,358.5293333333333,328.236,358.8967674142837
7760,317.4866666666667,358.65866666666665,328.282,359.0309592376825
7770,317.52000000000004,358.78799999999995,328.328,359.16515106108136
7780,317.55333333333334,358.9173333333333,328.374,359.2993428844802
7790,317.5866666666667,359.0466666666666,328.42,359.43353470787906
7800,317.62,359.176,328.466,359.56772653127786
7810,317.65333333333336,359.3053333333333,328.512,359.7019183546767
7820,317.68666666666667,359.43466666666666,328.558,359.83611017807556
7830,317.72,359.56399999999996,328.604,359.9703020014744
7840,317.75333333333333,359.6933333333333,328.65,360.1044938248732
7850,317.7866666666667,359.82266666666663,328.69599999999997,360.23868564827205
7860,317.82,359.952,328.742,360.3728774716709
7870,317.85333333333335,360.0813333333333,328.788,360.50706929506975
7880,317.88666666666666,360.21066666666667,328.834,360.64126111846855
7890,317.92,360.34,328.88,360.7754529418674
7900,317.9546666666667,360.54999999999995,328.9393333333333,360.98938116453485
7910,317.9893333333333,360.76,328.9986666666667,361.20330938720235
7920,318.024,360.96999999999997,329.058,361.4172376098698
7930,318.0586666666667,361.18,329.1173333333333,361.6311658325373
7940,318.09333333333336,361.39,329.1766666666667,361.84509405520475
7950,318.128,361.59999999999997,329.236,362.05902227787226
7960,318.16266666666667,361.81,329.2953333333333,362.2729505005397
7970,318.19733333333335,362.02,329.3546666666667,362.4868787232072
7980,318.232,362.23,329.414,362.70080694587466
7990,318.26666666666665,362.44,329.4733333333333,362.91473516854217
8000,318.30133333333333,362.65,329.53266666666667,363.1286633912096
8010,318.336,362.86,329.592,363.3425916138771
8020,318.3706666666667,363.07,329.6513333333333,363.55651983654457
8030,318.4053333333333,363.28000000000003,329.71066666666667,363.7704480592121
8040,318.44,363.49,329.77,363.9843762818795
8050,318.4746666666667,363.582,329.82599999999996,364.07348765042434
8060,318.5093333333333,363.67400000000004,329.882,364.1625990189691
8070,318.544,363.766,329.938,364.2517103875139
8080,318.57866666666666,363.858,329.99399999999997,364.34082175605874
8090,318.61333333333334,363.95,330.05,364.42993312460356
8100,318.64799999999997,364.04200000000003,330.106,364.51904449314833
8110,318.68266666666665,364.134,330.162,364.60815586169315
8120,318.71733333333333,364.226,330.218,364.69726723023797
8130,318.752,364.318,330.274,364.7863785987828
8140,318.78666666666663,364.41,330.33,364.87548996732755
8150,318.8213333333333,364.502,330.386,364.9646013358724
8160,318.856,364.594,330.442,365.0537127044172
8170,318.8906666666667,364.686,330.498,365.142824072962
8180,318.9253333333333,364.778,330.55400000000003,365.2319354415068
8190,318.96,364.87,330.61,365.3210468100516
8200,318.996,364.856,330.6553333333334,365.30319882439846
8210,319.032,364.842,330.7006666666667,365.28535083874533
8220,319.068,364.82800000000003,330.74600000000004,365.26750285309214
8230,319.104,364.814,330.79133333333334,365.249654867439
8240,319.14,364.8,330.8366666666667,365.2318068817859
8250,319.176,364.786,330.882,365.21395889613274
8260,319.212,364.772,330.92733333333337,365.1961109104796
8270,319.248,364.75800000000004,330.97266666666667,365.1782629248264
8280,319.284,364.744,331.01800000000003,365.1604149391733
8290,319.32,364.73,331.06333333333333,365.14256695352015
8300,319.356,364.716,331.1086666666667,365.124718967867
8310,319.392,364.702,331.154,365.1068709822139
8320,319.428,364.68800000000005,331.19933333333336,365.0890229965607
8330,319.464,364.67400000000004,331.24466666666666,365.07117501090755
8340,319.5,364.66,331.29,365.0533270252544
8350,319.536,364.9193333333334,331.3506666666667,365.3228849237916
8360,319.572,365.1786666666667,331.41133333333335,365.5924428223288
8370,319.608,365.43800000000005,331.47200000000004,365.862000720866
8380,319.644,365.69733333333335,331.53266666666667,366.1315586194031
8390,319.68,365.9566666666667,331.59333333333336,366.4011165179403
8400,319.716,366.216,331.654,366.6706744164775
8410,319.752,366.47533333333337,331.7146666666667,366.94023231501467
8420,319.788,366.73466666666667,331.7753333333333,367.20979021355186
8430,319.824,366.994,331.836,367.47934811208904
8440,319.86,367.25333333333333,331.89666666666665,367.74890601062623
8450,319.896,367.5126666666667,331.95733333333334,368.0184639091634
8460,319.932,367.772,332.018,368.28802180770055
8470,319.968,368.03133333333335,332.07866666666666,368.55757970623773
8480,320.004,368.29066666666665,332.1393333333333,368.8271376047749
8490,320.04,368.55,332.2,369.0966955033121
8500,320.0766666666667,368.6313333333333,332.2593333333333,369.1732349929809
8510,320.11333333333334,368.7126666666667,332.3186666666667,369.2497744826497
8520,320.15000000000003,368.794,332.378,369.3263139723185
8530,320.18666666666667,368.87533333333334,332.4373333333333,369.40285346198726
8540,320.22333333333336,368.95666666666665,332.49666666666667,369.47939295165605
8550,320.26,369.038,332.556,369.55593244132484
8560,320.2966666666667,369.1193333333333,332.6153333333333,369.63247193099363
8570,320.3333333333333,369.2006666666667,332.67466666666667,369.7090114206625
8580,320.37,369.282,332.734,369.78555091033127
8590,320.40666666666664,369.36333333333334,332.7933333333333,369.86209040000006
8600,320.4433333333333,369.44466666666665,332.85266666666666,369.93862988966885
8610,320.47999999999996,369.526,332.912,370.01516937933764
8620,320.51666666666665,369.6073333333333,332.9713333333333,370.0917088690064
8630,320.5533333333333,369.6886666666667,333.03066666666666,370.1682483586752
8640,320.59,369.77,333.09,370.244787848344
8650,320.628,369.8566666666666,333.14599999999996,370.33104715102223
8660,320.666,369.9433333333333,333.202,370.41730645370046
8670,320.704,370.03,333.258,370.5035657563787
8680,320.74199999999996,370.1166666666667,333.31399999999996,370.5898250590569
8690,320.78,370.2033333333333,333.37,370.67608436173515
8700,320.818,370.28999999999996,333.426,370.7623436644134
8710,320.856,370.37666666666667,333.48199999999997,370.8486029670916
8720,320.894,370.4633333333333,333.538,370.9348622697698
8730,320.932,370.55,333.594,371.021121572448
8740,320.97,370.63666666666666,333.65,371.10738087512624
8750,321.00800000000004,370.7233333333333,333.706,371.19364017780447
8760,321.046,370.81,333.762,371.2798994804827
8770,321.084,370.89666666666665,333.818,371.3661587831609
8780,321.122,370.98333333333335,333.874,371.45241808583916
8790,321.16,371.07,333.93,371.5386773885174
8800,321.19866666666667,371.038,333.9746666666667,371.5068392544193
8810,321.23733333333337,371.006,334.01933333333335,371.4750011203211
8820,321.276,370.974,334.064,371.443162986223
8830,321.3146666666667,370.942,334.1086666666667,371.4113248521249
8840,321.35333333333335,370.90999999999997,334.15333333333336,371.3794867180268
8850,321.392,370.878,334.19800000000004,371.3476485839286
8860,321.4306666666667,370.846,334.2426666666667,371.3158104498305
8870,321.46933333333334,370.81399999999996,334.2873333333333,371.2839723157324
8880,321.50800000000004,370.782,334.332,371.2521341816343
8890,321.5466666666667,370.75,334.37666666666667,371.2202960475361
8900,321.5853333333333,370.71799999999996,334.42133333333334,371.188457913438
8910,321.624,370.686,334.466,371.1566197793399
8920,321.66266666666667,370.654,334.5106666666667,371.1247816452418
8930,321.70133333333337,370.62199999999996,334.55533333333335,371.09294351114363
8940,321.74,370.59,334.6,371.0611053770455
8950,321.78000000000003,370.84933333333333,334.666,371.3237112254112
8960,321.82,371.10866666666664,334.732,371.58631707377685
8970,321.86,371.368,334.798,371.84892292214255
8980,321.9,371.6273333333333,334.86400000000003,372.1115287705082
8990,321.94,371.88666666666666,334.93,372.3741346188739
9000,321.98,372.146,334.996,372.6367404672396
9010,322.02,372.4053333333333,335.062,372.8993463156052
9020,322.06,372.6646666666667,335.128,373.1619521639709
9030,322.09999999999997,372.924,335.194,373.42455801233655
9040,322.14,373.18333333333334,335.26,373.68716386070224
9050,322.18,373.4426666666667,335.32599999999996,373.94976970906794
9060,322.21999999999997,373.702,335.392,374.2123755574336
9070,322.26,373.96133333333336,335.45799999999997,374.47498140579927
9080,322.29999999999995,374.22066666666666,335.524,374.7375872541649
9090,322.34,374.48,335.59,375.0001931025306
9100,322.38,374.562,335.64799999999997,375.08489818247347
9110,322.41999999999996,374.644,335.70599999999996,375.16960326241633
9120,322.46,374.726,335.76399999999995,375.2543083423592
9130,322.5,374.808,335.822,375.3390134223021
9140,322.53999999999996,374.89,335.88,375.423718502245
9150,322.58,374.972,335.938,375.50842358218785
9160,322.62,375.054,335.996,375.5931286621307
9170,322.65999999999997,375.136,336.054,375.6778337420736
9180,322.7,375.218,336.11199999999997,375.76253882201644
9190,322.74,375.3,336.16999999999996,375.8472439019593
9200,322.78,375.382,336.22799999999995,375.93194898190217
9210,322.82,375.464,336.286,376.0166540618451
9220,322.86,375.546,336.344,376.10135914178795
9230,322.9,375.628,336.402,376.1860642217308
9240,322.94,375.71,336.46,376.2707693016737
9250,322.98199999999997,375.96666666666664,336.53666666666663,376.52485121037165
9260,323.024,376.2233333333333,336.61333333333334,376.7789331190697
9270,323.066,376.47999999999996,336.69,377.03301502776765
9280,323.108,376.7366666666667,336.76666666666665,377.2870969364656
9290,323.15,376.99333333333334,336.8433333333333,377.54117884516364
9300,323.192,377.25,336.92,377.7952607538616
9310,323.234,377.50666666666666,336.99666666666667,378.0493426625596
9320,323.276,377.7633333333333,337.0733333333333,378.3034245712576
9330,323.318,378.02,337.15,378.5575064799556
9340,323.36,378.27666666666664,337.2266666666667,378.81158838865355
9350,323.402,378.5333333333333,337.30333333333334,379.0656702973516
9360,323.444,378.79,337.38,379.31975220604954
9370,323.486,379.0466666666667,337.45666666666665,379.5738341147475
9380,323.528,379.30333333333334,337.53333333333336,379.82791602344554
9390,323.57,379.56,337.61,380.0819979321435
9400,323.61199999999997,379.5006666666667,337.66133333333335,380.02144142234897
9410,323.654,379.4413333333333,337.7126666666667,379.9608849125544
9420,323.69599999999997,379.382,337.764,379.90032840275984
9430,323.738,379.3226666666667,337.81533333333334,379.8397718929653
9440,323.78,379.2633333333333,337.8666666666667,379.77921538317077
9450,323.822,379.204,337.918,379.71865887337617
9460,323.864,379.1446666666667,337.96933333333334,379.65810236358163
9470,323.906,379.0853333333333,338.02066666666667,379.5975458537871
9480,323.948,379.026,338.072,379.53698934399256
9490,323.99,378.9666666666667,338.12333333333333,379.47643283419796
9500,324.032,378.9073333333333,338.17466666666667,379.4158763244034
9510,324.074,378.848,338.226,379.3553198146089
9520,324.116,378.7886666666667,338.27733333333333,379.29476330481435
9530,324.158,378.72933333333333,338.32866666666666,379.23420679501976
9540,324.2,378.67,338.38,379.1736502852252
9550,324.24333333333334,378.728,338.436,379.2289542656427
9560,324.28666666666663,378.786,338.492,379.2842582460601
9570,324.33,378.844,338.548,379.3395622264776
9580,324.37333333333333,378.90200000000004,338.604,379.3948662068951
9590,324.4166666666667,378.96000000000004,338.66,379.4501701873125
9600,324.46,379.01800000000003,338.716,379.50547416773
9610,324.50333333333333,379.076,338.772,379.56077814814745
9620,324.5466666666667,379.134,338.82800000000003,379.61608212856487
9630,324.59000000000003,379.192,338.884,379.67138610898235
9640,324.6333333333333,379.25,338.94,379.7266900893998
9650,324.6766666666667,379.308,338.99600000000004,379.78199406981724
9660,324.72,379.36600000000004,339.052,379.8372980502347
9670,324.7633333333334,379.42400000000004,339.108,379.8926020306522
9680,324.8066666666667,379.482,339.16400000000004,379.9479060110696
9690,324.85,379.54,339.22,380.0032099914871
9700,324.8946666666667,379.468,339.2626666666667,379.92822139879735
9710,324.93933333333337,379.396,339.30533333333335,379.85323280610754
9720,324.98400000000004,379.324,339.348,379.7782442134178
9730,325.02866666666665,379.252,339.3906666666667,379.70325562072804
9740,325.0733333333333,379.18,339.43333333333334,379.6282670280383
9750,325.118,379.108,339.476,379.5532784353485
9760,325.16266666666667,379.036,339.51866666666666,379.47828984265874
9770,325.20733333333334,378.964,339.5613333333334,379.403301249969
9780,325.252,378.892,339.60400000000004,379.32831265727924
9790,325.2966666666667,378.82,339.6466666666667,379.25332406458944
9800,325.34133333333335,378.748,339.68933333333337,379.1783354718997
9810,325.38599999999997,378.676,339.732,379.10334687920994
9820,325.43066666666664,378.604,339.7746666666667,379.0283582865202
9830,325.4753333333333,378.532,339.81733333333335,378.9533696938304
9840,325.52,378.46,339.86,378.87838110114063
9850,325.56533333333334,378.47066666666666,339.90000000000003,378.8938957984447
9860,325.61066666666665,378.48133333333334,339.94,378.9094104957487
9870,325.656,378.49199999999996,339.98,378.9249251930528
9880,325.7013333333333,378.50266666666664,340.02,378.94043989035686
9890,325.74666666666667,378.5133333333333,340.06,378.95595458766087
9900,325.792,378.524,340.1,378.97146928496494
9910,325.83733333333333,378.5346666666667,340.14,378.986983982269
9920,325.88266666666664,378.5453333333333,340.18,379.002498679573
9930,325.928,378.556,340.21999999999997,379.0180133768771
9940,325.9733333333333,378.56666666666666,340.26,379.03352807418116
9950,326.01866666666666,378.57733333333334,340.3,379.0490427714852
9960,326.06399999999996,378.588,340.34,379.06455746878925
9970,326.1093333333333,378.59866666666665,340.38,379.0800721660933
9980,326.1546666666666,378.6093333333333,340.41999999999996,379.09558686339733
9990,326.2,378.62,340.46,379.1111015607014
10000,326.246,378.7646666666667,340.51666666666665,379.25494469759934
10010,326.292,378.90933333333334,340.5733333333333,379.3987878344973
10020,326.33799999999997,379.05400000000003,340.63,379.5426309713952
10030,326.384,379.19866666666667,340.68666666666667,379.6864741082931
10040,326.43,379.34333333333336,340.74333333333334,379.83031724519105
10050,326.476,379.488,340.8,379.974160382089
10060,326.522,379.6326666666667,340.8566666666667,380.11800351898694
10070,326.568,379.77733333333333,340.9133333333333,380.2618466558849
10080,326.614,379.922,340.96999999999997,380.4056897927828
10090,326.65999999999997,380.06666666666666,341.02666666666664,380.54953292968077
10100,326.70599999999996,380.21133333333336,341.0833333333333,380.6933760665787
10110,326.752,380.356,341.14,380.8372192034766
10120,326.798,380.5006666666667,341.19666666666666,380.98106234037454
10130,326.844,380.6453333333333,341.25333333333333,381.1249054772725
10140,326.89,380.79,341.31,381.2687486141704
10150,326.9373333333333,380.8593333333333,341.36266666666666,381.3394156343269
10160,326.98466666666667,380.9286666666667,341.41533333333336,381.4100826544834
10170,327.032,380.998,341.468,381.48074967463987
10180,327.07933333333335,381.06733333333335,341.52066666666667,381.5514166947964
10190,327.12666666666667,381.13666666666666,341.5733333333333,381.62208371495285
10200,327.174,381.206,341.62600000000003,381.69275073510937
10210,327.22133333333335,381.2753333333333,341.6786666666667,381.76341775526583
10220,327.26866666666666,381.3446666666667,341.73133333333334,381.83408477542235
10230,327.31600000000003,381.414,341.784,381.9047517955788
10240,327.36333333333334,381.48333333333335,341.8366666666667,381.97541881573534
10250,327.41066666666666,381.55266666666665,341.88933333333335,382.0460858358918
10260,327.458,381.622,341.942,382.1167528560483
10270,327.50533333333334,381.6913333333333,341.99466666666666,382.1874198762048
10280,327.5526666666667,381.7606666666667,342.04733333333337,382.2580868963613
10290,327.6,381.83,342.1,382.32875391651777
10300,327.64733333333334,382.00266666666664,342.1606666666667,382.50624829828155
10310,327.6946666666667,382.1753333333333,342.22133333333335,382.6837426800453
10320,327.742,382.348,342.28200000000004,382.8612370618091
10330,327.78933333333333,382.52066666666667,342.3426666666667,383.0387314435729
10340,327.8366666666667,382.6933333333333,342.40333333333336,383.21622582533666
10350,327.884,382.866,342.464,383.39372020710044
10360,327.9313333333333,383.03866666666664,342.5246666666667,383.5712145888642
10370,327.9786666666667,383.21133333333336,342.5853333333333,383.74870897062794
10380,328.026,383.384,342.646,383.9262033523917
10390,328.0733333333333,383.5566666666667,342.70666666666665,384.1036977341555
10400,328.1206666666667,383.72933333333333,342.76733333333334,384.2811921159193
10410,328.168,383.902,342.828,384.45868649768306
10420,328.2153333333333,384.0746666666667,342.88866666666667,384.63618087944684
10430,328.2626666666667,384.24733333333336,342.9493333333333,384.8136752612106
10440,328.31,384.42,343.01,384.9911696429744
10450,328.358,384.50866666666667,343.074,385.0743606074909
10460,328.406,384.5973333333333,343.138,385.15755157200743
10470,328.454,384.68600000000004,343.202,385.24074253652395
10480,328.502,384.7746666666667,343.266,385.3239335010405
10490,328.55,384.86333333333334,343.33,385.407124465557
10500,328.598,384.952,343.394,385.4903154300735
10510,328.646,385.04066666666665,343.458,385.57350639459
10520,328.69399999999996,385.12933333333336,343.522,385.6566973591065
10530,328.74199999999996,385.218,343.586,385.739888323623
10540,328.78999999999996,385.3066666666667,343.65000000000003,385.8230792881395
10550,328.83799999999997,385.3953333333333,343.714,385.90627025265604
10560,328.88599999999997,385.484,343.778,385.98946121717256
10570,328.93399999999997,385.5726666666667,343.84200000000004,386.0726521816891
10580,328.98199999999997,385.66133333333335,343.906,386.1558431462056
10590,329.03,385.75,343.97,386.2390341107221
10600,329.078,385.74466666666666,344.02000000000004,386.2336575892503
10610,329.126,385.7393333333333,344.07000000000005,386.22828106777854
10620,329.174,385.734,344.12,386.2229045463067
10630,329.222,385.7286666666667,344.17,386.21752802483496
10640,329.27,385.72333333333336,344.22,386.21215150336315
10650,329.318,385.718,344.27000000000004,386.20677498189133
10660,329.366,385.7126666666667,344.32000000000005,386.20139846041957
10670,329.414,385.70733333333334,344.37,386.19602193894775
10680,329.462,385.702,344.42,386.190645417476
10690,329.51,385.69666666666666,344.47,386.1852688960042
10700,329.558,385.6913333333333,344.52000000000004,386.17989237453236
10710,329.606,385.68600000000004,344.57000000000005,386.1745158530606
10720,329.654,385.6806666666667,344.62,386.1691393315888
10730,329.702,385.67533333333336,344.67,386.163762810117
10740,329.75,385.67,344.72,386.1583862886452
10750,329.7986666666667,385.77733333333333,344.7753333333334,386.26896090249187
10760,329.8473333333333,385.8846666666667,344.8306666666667,386.3795355163386
10770,329.896,385.992,344.886,386.49011013018526
10780,329.94466666666665,386.09933333333333,344.9413333333334,386.600684744032
10790,329.99333333333334,386.20666666666665,344.99666666666667,386.71125935787865
10800,330.04200000000003,386.314,345.052,386.82183397172537
10810,330.09066666666666,386.42133333333334,345.1073333333334,386.93240858557203
10820,330.13933333333335,386.52866666666665,345.16266666666667,387.04298319941876
10830,330.188,386.63599999999997,345.218,387.1535578132654
10840,330.2366666666667,386.74333333333334,345.27333333333337,387.26413242711214
10850,330.28533333333337,386.85066666666665,345.32866666666666,387.3747070409588
10860,330.334,386.95799999999997,345.384,387.48528165480553
10870,330.3826666666667,387.0653333333333,345.43933333333337,387.5958562686522
10880,330.4313333333333,387.17266666666666,345.49466666666666,387.7064308824989
10890,330.48,387.28,345.55,387.8170054963456
10900,330.5286666666667,387.414,345.61266666666666,387.95226729636204
10910,330.57733333333334,387.548,345.67533333333336,388.08752909637855
10920,330.62600000000003,387.68199999999996,345.738,388.222790896395
10930,330.67466666666667,387.816,345.8006666666667,388.3580526964115
10940,330.72333333333336,387.95,345.86333333333334,388.49331449642796
10950,330.772,388.084,345.926,388.6285762964444
10960,330.8206666666667,388.218,345.9886666666667,388.7638380964609
10970,330.8693333333333,388.352,346.05133333333333,388.89909989647737
10980,330.918,388.486,346.11400000000003,389.0343616964939
10990,330.96666666666664,388.62,346.1766666666667,389.1696234965103
11000,331.01533333333333,388.754,346.2393333333333,389.3048852965268
11010,331.06399999999996,388.88800000000003,346.302,389.4401470965433
11020,331.11266666666666,389.022,346.36466666666666,389.57540889655974
11030,331.1613333333333,389.156,346.42733333333337,389.71067069657624
11040,331.21,389.29,346.49,389.8459324965927
11050,331.2593333333333,389.442,346.5566666666667,389.9997174298786
11060,331.3086666666666,389.594,346.62333333333333,390.1535023631645
11070,331.358,389.74600000000004,346.69,390.3072872964504
11080,331.4073333333333,389.898,346.75666666666666,390.4610722297363
11090,331.45666666666665,390.05,346.8233333333333,390.6148571630222
11100,331.506,390.202,346.89,390.7686420963081
11110,331.5553333333333,390.354,346.95666666666665,390.922427029594
11120,331.6046666666667,390.50600000000003,347.02333333333337,391.0762119628799
11130,331.654,390.658,347.09000000000003,391.2299968961658
11140,331.7033333333333,390.81,347.1566666666667,391.3837818294517
11150,331.75266666666664,390.962,347.22333333333336,391.5375667627376
11160,331.80199999999996,391.114,347.29,391.6913516960235
11170,331.85133333333334,391.266,347.3566666666667,391.8451366293094
11180,331.90066666666667,391.418,347.42333333333335,391.9989215625953
11190,331.95,391.57,347.49,392.1527064958812
11200,332.0,391.552,347.54733333333337,392.1275736107923
11210,332.05,391.534,347.6046666666667,392.1024407257034
11220,332.09999999999997,391.516,347.66200000000003,392.07730784061454
11230,332.15,391.498,347.71933333333334,392.05217495552563
11240,332.2,391.48,347.7766666666667,392.0270420704367
11250,332.25,391.462,347.834,392.0019091853478
11260,332.3,391.444,347.89133333333336,391.9767763002589
11270,332.34999999999997,391.426,347.94866666666667,391.95164341517005
11280,332.4,391.408,348.00600000000003,391.92651053008115
11290,332.45,391.39,348.06333333333333,391.90137764499224
11300,332.5,391.372,348.1206666666667,391.87624475990333
11310,332.55,391.354,348.178,391.8511118748144
11320,332.59999999999997,391.336,348.23533333333336,391.82597898972557
11330,332.65,391.318,348.29266666666666,391.80084610463666
11340,332.7,391.3,348.35,391.77571321954775
11350,332.75,391.46866666666665,348.4106666666667,391.95325373818105
11360,332.8,391.63733333333334,348.47133333333335,392.13079425681434
11370,332.84999999999997,391.806,348.53200000000004,392.3083347754477
11380,332.9,391.9746666666667,348.5926666666667,392.485875294081
11390,332.95,392.1433333333333,348.65333333333336,392.6634158127143
11400,333.0,392.312,348.714,392.84095633134757
11410,333.05,392.48066666666665,348.7746666666667,393.01849684998086
11420,333.09999999999997,392.64933333333335,348.8353333333333,393.1960373686142
11430,333.15,392.818,348.896,393.3735778872475
11440,333.2,392.9866666666667,348.95666666666665,393.5511184058808
11450,333.25,393.1553333333333,349.01733333333334,393.7286589245141
11460,333.3,393.324,349.078,393.9061994431474
11470,333.34999999999997,393.49266666666665,349.13866666666667,394.08373996178074
11480,333.4,393.66133333333335,349.1993333333333,394.26128048041403
11490,333.45,393.83,349.26,394.4388209990473
11500,333.50066666666663,393.93066666666664,349.32733333333334,394.53639777416004
11510,333.55133333333333,394.0313333333333,349.39466666666664,394.6339745492728
11520,333.602,394.132,349.462,394.7315513243855
11530,333.6526666666667,394.23266666666666,349.52933333333334,394.82912809949823
11540,333.7033333333333,394.3333333333333,349.59666666666664,394.926704874611
11550,333.75399999999996,394.43399999999997,349.664,395.0242816497237
11560,333.80466666666666,394.5346666666666,349.73133333333334,395.12185842483643
11570,333.8553333333333,394.63533333333334,349.79866666666663,395.2194351999492
11580,333.906,394.736,349.866,395.3170119750619
11590,333.95666666666665,394.83666666666664,349.93333333333334,395.41458875017463
11600,334.0073333333333,394.9373333333333,350.00066666666663,395.5121655252874
11610,334.058,395.03799999999995,350.068,395.6097423004001
11620,334.10866666666664,395.13866666666667,350.13533333333334,395.7073190755128
11630,334.15933333333334,395.2393333333333,350.20266666666663,395.8048958506256
11640,334.21,395.34,350.27,395.9024726257383
11650,334.2613333333333,395.56266666666664,350.3433333333333,396.1314530877741
11660,334.31266666666664,395.7853333333333,350.41666666666663,396.36043354980984
11670,334.364,396.008,350.49,396.58941401184563
11680,334.4153333333333,396.23066666666665,350.56333333333333,396.81839447388137
11690,334.46666666666664,396.4533333333333,350.63666666666666,397.04737493591716
11700,334.518,396.676,350.71,397.27635539795295
11710,334.5693333333333,396.89866666666666,350.7833333333333,397.5053358599887
11720,334.6206666666667,397.1213333333333,350.8566666666667,397.7343163220245
11730,334.672,397.344,350.93,397.9632967840602
11740,334.72333333333336,397.56666666666666,351.00333333333333,398.192277246096
11750,334.7746666666667,397.78933333333333,351.07666666666665,398.4212577081318
11760,334.826,398.012,351.15,398.65023817016754
11770,334.87733333333335,398.23466666666667,351.22333333333336,398.87921863220333
11780,334.9286666666667,398.45733333333334,351.2966666666667,399.10819909423907
11790,334.98,398.68,351.37,399.33717955627486
11800,335.03066666666666,398.61333333333334,351.4266666666667,399.25891769806236
11810,335.08133333333336,398.5466666666667,351.48333333333335,399.18065583984986
11820,335.132,398.48,351.54,399.1023939816373
11830,335.1826666666667,398.41333333333336,351.5966666666667,399.0241321234248
11840,335.23333333333335,398.3466666666667,351.65333333333336,398.9458702652123
11850,335.284,398.28000000000003,351.71000000000004,398.8676084069998
11860,335.3346666666667,398.21333333333337,351.7666666666667,398.7893465487873
11870,335.38533333333334,398.14666666666665,351.8233333333333,398.71108469057475
11880,335.43600000000004,398.08,351.88,398.63282283236225
11890,335.4866666666667,398.0133333333333,351.93666666666667,398.55456097414975
11900,335.5373333333333,397.94666666666666,351.99333333333334,398.47629911593725
11910,335.588,397.88,352.05,398.39803725772475
11920,335.63866666666667,397.81333333333333,352.1066666666667,398.3197753995122
11930,335.68933333333337,397.74666666666667,352.16333333333336,398.2415135412997
11940,335.74,397.68,352.22,398.1632516830872
11950,335.79066666666665,397.75733333333335,352.2753333333334,398.2451116858192
11960,335.84133333333335,397.8346666666667,352.3306666666667,398.32697168855117
11970,335.892,397.912,352.386,398.4088316912832
11980,335.9426666666667,397.9893333333333,352.4413333333334,398.49069169401514
11990,335.99333333333334,398.06666666666666,352.49666666666667,398.57255169674715
12000,336.044,398.144,352.552,398.6544116994791
12010,336.0946666666667,398.22133333333335,352.6073333333334,398.7362717022111
12020,336.1453333333333,398.29866666666663,352.66266666666667,398.8181317049431
12030,336.196,398.376,352.718,398.8999917076751
12040,336.24666666666667,398.4533333333333,352.77333333333337,398.98185171040706
12050,336.2973333333333,398.53066666666666,352.82866666666666,399.06371171313907
12060,336.348,398.608,352.884,399.14557171587103
12070,336.39866666666666,398.6853333333333,352.93933333333337,399.22743171860304
12080,336.44933333333336,398.76266666666663,352.99466666666666,399.309291721335
12090,336.5,398.84,353.05,399.391151724067
12100,336.55133333333333,398.796,353.09933333333333,399.3422275000732
12110,336.60266666666666,398.75199999999995,353.14866666666666,399.2933032760793
12120,336.654,398.70799999999997,353.19800000000004,399.2443790520855
12130,336.70533333333333,398.664,353.24733333333336,399.19545482809167
12140,336.75666666666666,398.62,353.2966666666667,399.1465306040978
12150,336.808,398.57599999999996,353.346,399.09760638010397
12160,336.8593333333333,398.532,353.3953333333333,399.04868215611015
12170,336.91066666666666,398.488,353.4446666666667,398.99975793211627
12180,336.962,398.444,353.494,398.95083370812245
12190,337.0133333333333,398.4,353.54333333333335,398.9019094841286
12200,337.06466666666665,398.356,353.5926666666667,398.85298526013474
12210,337.116,398.312,353.642,398.8040610361409
12220,337.1673333333333,398.26800000000003,353.6913333333334,398.7551368121471
12230,337.21866666666665,398.224,353.7406666666667,398.7062125881532
12240,337.27,398.18,353.79,398.6572883641594
12250,337.32266666666663,398.24533333333335,353.84133333333335,398.72707728768825
12260,337.37533333333334,398.3106666666667,353.8926666666667,398.79686621121715
12270,337.428,398.37600000000003,353.944,398.866655134746
12280,337.48066666666665,398.4413333333333,353.99533333333335,398.9364440582749
12290,337.5333333333333,398.50666666666666,354.0466666666667,399.00623298180375
12300,337.586,398.572,354.098,399.07602190533265
12310,337.63866666666667,398.63733333333334,354.14933333333335,399.1458108288615
12320,337.6913333333333,398.7026666666667,354.2006666666667,399.2155997523904
12330,337.74399999999997,398.76800000000003,354.252,399.28538867591925
12340,337.7966666666667,398.83333333333337,354.30333333333334,399.35517759944815
12350,337.84933333333333,398.8986666666667,354.3546666666667,399.424966522977
12360,337.902,398.964,354.406,399.4947554465059
12370,337.95466666666664,399.02933333333334,354.45733333333334,399.56454437003475
12380,338.00733333333335,399.0946666666667,354.50866666666667,399.63433329356366
12390,338.06,399.16,354.56,399.7041222170925
12400,338.11266666666666,399.4546666666667,354.63466666666665,400.0034707630656
12410,338.16533333333336,399.74933333333337,354.70933333333335,400.3028193090386
12420,338.218,400.04400000000004,354.784,400.6021678550117
12430,338.27066666666667,400.33866666666665,354.8586666666667,400.9015164009848
12440,338.3233333333333,400.6333333333333,354.93333333333334,401.2008649469579
12450,338.37600000000003,400.928,355.008,401.5002134929309
12460,338.4286666666667,401.22266666666667,355.0826666666667,401.799562038904
12470,338.48133333333334,401.51733333333334,355.1573333333333,402.0989105848771
12480,338.534,401.812,355.232,402.3982591308502
12490,338.5866666666667,402.1066666666667,355.3066666666667,402.6976076768232
12500,338.63933333333335,402.40133333333335,355.3813333333333,402.9969562227963
12510,338.692,402.69599999999997,355.456,403.2963047687694
12520,338.74466666666666,402.99066666666664,355.53066666666666,403.5956533147425
12530,338.79733333333337,403.2853333333333,355.60533333333336,403.8950018607155
12540,338.85,403.58,355.68,404.1943504066886
12550,338.90333333333336,403.61466666666666,355.74266666666665,404.22734905631637
12560,338.9566666666667,403.64933333333335,355.80533333333335,404.2603477059441
12570,339.01,403.68399999999997,355.868,404.2933463555719
12580,339.06333333333333,403.71866666666665,355.9306666666667,404.32634500519964
12590,339.1166666666667,403.75333333333333,355.99333333333334,404.3593436548274
12600,339.17,403.788,356.056,404.39234230445516
12610,339.22333333333336,403.8226666666667,356.1186666666667,404.4253409540829
12620,339.27666666666664,403.8573333333333,356.1813333333333,404.45833960371067
12630,339.33,403.892,356.244,404.4913382533384
12640,339.3833333333333,403.9266666666667,356.3066666666667,404.5243369029662
12650,339.43666666666667,403.96133333333336,356.3693333333333,404.55733555259394
12660,339.49,403.99600000000004,356.432,404.5903342022217
12670,339.5433333333333,404.03066666666666,356.49466666666666,404.62333285184945
12680,339.59666666666664,404.06533333333334,356.55733333333336,404.6563315014772
12690,339.65,404.1,356.62,404.68933015110497
12700,339.7033333333333,404.24733333333336,356.69,404.83506500492484
12710,339.75666666666666,404.3946666666667,356.76,404.9807998587447
12720,339.81,404.54200000000003,356.83,405.1265347125646
12730,339.8633333333333,404.68933333333337,356.90000000000003,405.2722695663845
12740,339.91666666666663,404.8366666666667,356.97,405.4180044202044
12750,339.96999999999997,404.98400000000004,357.04,405.5637392740243
12760,340.0233333333333,405.1313333333334,357.11,405.70947412784415
12770,340.07666666666665,405.27866666666665,357.18,405.855208981664
12780,340.13,405.426,357.25,406.0009438354839
12790,340.18333333333334,405.5733333333333,357.32,406.14667868930377
12800,340.2366666666667,405.72066666666666,357.39,406.29241354312364
12810,340.28999999999996,405.868,357.46000000000004,406.4381483969436
12820,340.3433333333333,406.01533333333333,357.53000000000003,406.58388325076345
12830,340.39666666666665,406.16266666666667,357.6,406.7296181045833
12840,340.45,406.31,357.67,406.8753529584032
12850,340.50333333333333,406.31533333333334,357.72533333333337,406.8868960666526
12860,340.5566666666667,406.3206666666667,357.78066666666666,406.89843917490197
12870,340.61,406.326,357.836,406.90998228315135
12880,340.6633333333333,406.3313333333333,357.89133333333336,406.92152539140073
12890,340.71666666666664,406.33666666666664,357.94666666666666,406.9330684996501
12900,340.77,406.342,358.002,406.9446116078995
12910,340.8233333333333,406.3473333333333,358.05733333333336,406.9561547161489
12920,340.87666666666667,406.35266666666666,358.11266666666666,406.9676978243982
12930,340.93,406.358,358.168,406.9792409326476
12940,340.98333333333335,406.36333333333334,358.22333333333336,406.990784040897
12950,341.0366666666667,406.3686666666667,358.27866666666665,407.00232714914637
12960,341.09,406.37399999999997,358.334,407.01387025739575
12970,341.1433333333333,406.3793333333333,358.38933333333335,407.02541336564514
12980,341.19666666666666,406.38466666666665,358.44466666666665,407.0369564738945
12990,341.25,406.39,358.5,407.0484995821439
13000,341.304,406.71866666666665,358.58733333333333,407.3735251997203
13010,341.358,407.0473333333333,358.67466666666667,407.6985508172967
13020,341.412,407.376,358.762,408.02357643487306
13030,341.466,407.70466666666664,358.84933333333333,408.34860205244945
13040,341.52,408.0333333333333,358.93666666666667,408.67362767002584
13050,341.574,408.36199999999997,359.024,408.9986532876022
13060,341.628,408.69066666666663,359.11133333333333,409.3236789051786
13070,341.682,409.01933333333335,359.19866666666667,409.64870452275505
13080,341.736,409.348,359.286,409.97373014033144
13090,341.79,409.6766666666667,359.37333333333333,410.2987557579078
13100,341.844,410.00533333333334,359.46066666666667,410.6237813754842
13110,341.898,410.334,359.548,410.9488069930606
13120,341.952,410.66266666666667,359.63533333333334,411.273832610637
13130,342.00600000000003,410.99133333333333,359.72266666666667,411.5988582282134
13140,342.06,411.32,359.81,411.92388384578976
13150,342.11466666666666,411.26466666666664,359.8686666666667,411.87010911594194
13160,342.1693333333333,411.20933333333335,359.9273333333333,411.8163343860941
13170,342.224,411.154,359.986,411.7625596562463
13180,342.27866666666665,411.09866666666665,360.04466666666667,411.70878492639844
13190,342.3333333333333,411.04333333333335,360.10333333333335,411.6550101965506
13200,342.388,410.988,360.162,411.6012354667028
13210,342.44266666666664,410.93266666666665,360.22066666666666,411.547460736855
13220,342.49733333333336,410.87733333333335,360.27933333333334,411.49368600700717
13230,342.552,410.822,360.338,411.43991127715935
13240,342.6066666666667,410.76666666666665,360.39666666666665,411.38613654731154
13250,342.66133333333335,410.71133333333336,360.45533333333333,411.3323618174637
13260,342.716,410.656,360.514,411.27858708761585
13270,342.77066666666667,410.60066666666665,360.5726666666667,411.22481235776803
13280,342.82533333333333,410.54533333333336,360.6313333333333,411.1710376279202
13290,342.88,410.49,360.69,411.1172628980724
13300,342.93533333333335,410.61333333333334,360.76,411.2368740975108
13310,342.99066666666664,410.7366666666667,360.83,411.35648529694913
13320,343.046,410.86,360.9,411.4760964963875
13330,343.10133333333334,410.98333333333335,360.97,411.59570769582587
13340,343.15666666666664,411.1066666666667,361.04,411.71531889526426
13350,343.212,411.23,361.11,411.8349300947026
13360,343.26733333333334,411.35333333333335,361.18,411.954541294141
13370,343.32266666666663,411.47666666666663,361.25,412.07415249357933
13380,343.378,411.59999999999997,361.32,412.19376369301773
13390,343.43333333333334,411.7233333333333,361.39,412.31337489245607
13400,343.48866666666663,411.84666666666664,361.46,412.43298609189446
13410,343.544,411.96999999999997,361.53000000000003,412.5525972913328
13420,343.59933333333333,412.0933333333333,361.6,412.6722084907712
13430,343.6546666666666,412.21666666666664,361.67,412.79181969020954
13440,343.71,412.34,361.74,412.91143088964793
13450,343.76533333333333,412.318,361.796,412.89030038331697
13460,343.8206666666666,412.296,361.85200000000003,412.86916987698606
13470,343.876,412.274,361.908,412.8480393706551
13480,343.9313333333333,412.25199999999995,361.964,412.82690886432414
13490,343.9866666666667,412.22999999999996,362.02,412.8057783579932
13500,344.042,412.20799999999997,362.076,412.78464785166227
13510,344.0973333333333,412.186,362.132,412.7635173453313
13520,344.1526666666667,412.164,362.188,412.74238683900035
13530,344.208,412.142,362.24399999999997,412.7212563326694
13540,344.2633333333333,412.12,362.3,412.7001258263385
13550,344.3186666666667,412.098,362.356,412.6789953200075
13560,344.374,412.07599999999996,362.412,412.65786481367655
13570,344.4293333333334,412.054,362.46799999999996,412.6367343073456
13580,344.48466666666667,412.032,362.524,412.6156038010147
13590,344.54,412.01,362.58,412.5944732946837
13600,344.5966666666667,412.14799999999997,362.6453333333333,412.7360944739098
13610,344.65333333333336,412.286,362.71066666666667,412.87771565313585
13620,344.71000000000004,412.424,362.776,413.01933683236194
13630,344.76666666666665,412.562,362.8413333333333,413.16095801158804
13640,344.8233333333333,412.7,362.90666666666664,413.30257919081413
13650,344.88,412.83799999999997,362.972,413.44420037004016
13660,344.93666666666667,412.976,363.0373333333333,413.58582154926626
13670,344.99333333333334,413.114,363.10266666666666,413.72744272849235
13680,345.05,413.252,363.168,413.86906390771844
13690,345.1066666666667,413.39,363.23333333333335,414.0106850869445
13700,345.16333333333336,413.52799999999996,363.2986666666667,414.15230626617057
13710,345.21999999999997,413.666,363.364,414.29392744539666
13720,345.27666666666664,413.804,363.4293333333333,414.43554862462275
13730,345.3333333333333,413.942,363.49466666666666,414.5771698038488
13740,345.39,414.08,363.56,414.7187909830749
13750,345.44666666666666,414.228,363.6326666666667,414.86578269063483
13760,345.50333333333333,414.376,363.70533333333333,415.0127743981947
13770,345.56,414.524,363.778,415.15976610575467
13780,345.6166666666667,414.67199999999997,363.85066666666665,415.30675781331456
13790,345.67333333333335,414.82,363.92333333333335,415.4537495208745
13800,345.73,414.968,363.996,415.6007412284344
13810,345.7866666666667,415.116,364.0686666666667,415.74773293599435
13820,345.8433333333333,415.264,364.1413333333333,415.89472464355424
13830,345.9,415.412,364.214,416.0417163511142
13840,345.95666666666665,415.56,364.28666666666663,416.1887080586741
13850,346.0133333333333,415.708,364.3593333333333,416.33569976623403
13860,346.07,415.856,364.43199999999996,416.4826914737939
13870,346.12666666666667,416.004,364.50466666666665,416.62968318135387
13880,346.18333333333334,416.152,364.5773333333333,416.77667488891376
13890,346.24,416.3,364.65,416.9236665964737
13900,346.298,416.27333333333337,364.7113333333333,416.8911222747037
13910,346.356,416.24666666666667,364.7726666666666,416.85857795293373
13920,346.414,416.22,364.834,416.8260336311637
13930,346.47200000000004,416.1933333333333,364.8953333333333,416.7934893093937
13940,346.53000000000003,416.1666666666667,364.95666666666665,416.7609449876237
13950,346.588,416.14,365.018,416.7284006658537
13960,346.646,416.11333333333334,365.0793333333333,416.6958563440837
13970,346.704,416.08666666666664,365.1406666666667,416.6633120223137
13980,346.762,416.06,365.202,416.6307677005437
13990,346.82,416.0333333333333,365.2633333333333,416.5982233787737
14000,346.878,416.00666666666666,365.32466666666664,416.5656790570037
14010,346.93600000000004,415.97999999999996,365.38599999999997,416.5331347352337
14020,346.994,415.9533333333333,365.44733333333335,416.50059041346367
14030,347.052,415.9266666666666,365.50866666666667,416.4680460916937
14040,347.11,415.9,365.57,416.4355017699237
14050,347.168,415.84666666666664,365.6186666666667,416.3828693508318
14060,347.226,415.7933333333333,365.6673333333333,416.3302369317399
14070,347.284,415.74,365.716,416.277604512648
14080,347.34200000000004,415.68666666666667,365.76466666666664,416.2249720935561
14090,347.40000000000003,415.6333333333333,365.81333333333333,416.17233967446424
14100,347.458,415.58,365.862,416.1197072553723
14110,347.516,415.52666666666664,365.91066666666666,416.0670748362804
14120,347.574,415.47333333333336,365.95933333333335,416.01444241718855
14130,347.632,415.42,366.008,415.96180999809667
14140,347.69,415.3666666666667,366.0566666666667,415.90917757900473
14150,347.748,415.31333333333333,366.10533333333336,415.85654515991286
14160,347.80600000000004,415.26,366.154,415.803912740821
14170,347.86400000000003,415.2066666666667,366.2026666666667,415.7512803217291
14180,347.922,415.15333333333336,366.2513333333333,415.69864790263716
14190,347.98,415.1,366.3,415.6460154835453
14200,348.0386666666667,415.194,366.3573333333334,415.7435195684597
14210,348.0973333333333,415.288,366.4146666666667,415.84102365337407
14220,348.156,415.382,366.47200000000004,415.9385277382885
14230,348.2146666666667,415.476,366.52933333333334,416.0360318232029
14240,348.27333333333337,415.57,366.5866666666667,416.13353590811727
14250,348.332,415.664,366.644,416.2310399930317
14260,348.3906666666667,415.758,366.70133333333337,416.3285440779461
14270,348.44933333333336,415.85200000000003,366.75866666666667,416.42604816286047
14280,348.50800000000004,415.946,366.81600000000003,416.5235522477749
14290,348.56666666666666,416.04,366.87333333333333,416.6210563326893
14300,348.62533333333334,416.134,366.9306666666667,416.71856041760367
14310,348.684,416.228,366.988,416.8160645025181
14320,348.7426666666667,416.322,367.04533333333336,416.9135685874325
14330,348.80133333333333,416.416,367.10266666666666,417.01107267234687
14340,348.86,416.51,367.16,417.1085767572613
14350,348.9186666666667,416.598,367.22333333333336,417.19513047483616
14360,348.9773333333333,416.686,367.2866666666667,417.28168419241103
14370,349.036,416.774,367.35,417.36823790998596
14380,349.0946666666667,416.86199999999997,367.41333333333336,417.45479162756084
14390,349.15333333333336,416.95,367.4766666666667,417.5413453451357
14400,349.212,417.038,367.54,417.6278990627106
14410,349.27066666666667,417.126,367.60333333333335,417.71445278028546
14420,349.32933333333335,417.214,367.6666666666667,417.8010064978604
14430,349.38800000000003,417.30199999999996,367.73,417.88756021543526
14440,349.44666666666666,417.39,367.79333333333335,417.97411393301013
14450,349.50533333333334,417.478,367.8566666666667,418.060667650585
14460,349.564,417.566,367.92,418.1472213681599
14470,349.6226666666667,417.654,367.98333333333335,418.2337750857348
14480,349.6813333333333,417.74199999999996,368.0466666666667,418.3203288033097
14490,349.74,417.83,368.11,418.40688252088455
14500,349.7993333333333,418.02666666666664,368.1793333333333,418.61101781307286
14510,349.8586666666667,418.2233333333333,368.2486666666667,418.8151531052612
14520,349.918,418.41999999999996,368.318,419.01928839744954
14530,349.9773333333333,418.6166666666667,368.38733333333334,419.22342368963785
14540,350.0366666666667,418.81333333333333,368.45666666666665,419.42755898182617
14550,350.096,419.01,368.526,419.6316942740145
14560,350.1553333333333,419.20666666666665,368.5953333333333,419.8358295662028
14570,350.2146666666667,419.4033333333333,368.6646666666667,420.03996485839116
14580,350.274,419.59999999999997,368.734,420.24410015057947
14590,350.3333333333333,419.7966666666666,368.80333333333334,420.4482354427678
14600,350.3926666666667,419.9933333333333,368.87266666666665,420.6523707349561
14610,350.452,420.19,368.942,420.8565060271444
14620,350.5113333333333,420.38666666666666,369.0113333333333,421.0606413193328
14630,350.5706666666667,420.5833333333333,369.0806666666667,421.2647766115211
14640,350.63,420.78,369.15,421.4689119037094
14650,350.6893333333333,420.89466666666664,369.2246666666666,421.5789051567172
14660,350.7486666666667,421.0093333333333,369.2993333333333,421.68889840972497
14670,350.808,421.12399999999997,369.37399999999997,421.7988916627328
14680,350.8673333333333,421.23866666666663,369.44866666666667,421.90888491574054
14690,350.9266666666667,421.3533333333333,369.5233333333333,422.01887816874836
14700,350.986,421.46799999999996,369.59799999999996,422.1288714217561
14710,351.0453333333333,421.5826666666666,369.67266666666666,422.23886467476393
14720,351.1046666666667,421.69733333333335,369.7473333333333,422.3488579277717
14730,351.164,421.812,369.822,422.4588511807795
14740,351.2233333333333,421.9266666666667,369.89666666666665,422.56884443378726
14750,351.28266666666667,422.04133333333334,369.9713333333333,422.6788376867951
14760,351.342,422.156,370.046,422.78883093980284
14770,351.4013333333333,422.27066666666667,370.12066666666664,422.89882419281065
14780,351.46066666666667,422.38533333333334,370.19533333333334,423.0088174458184
14790,351.52,422.5,370.27,423.1188106988262
14800,351.58,422.574,370.33666666666664,423.193713881416
14810,351.64,422.648,370.4033333333333,423.2686170640057
14820,351.7,422.722,370.46999999999997,423.34352024659546
14830,351.76,422.796,370.53666666666663,423.4184234291852
14840,351.82,422.87,370.6033333333333,423.493326611775
14850,351.88,422.944,370.66999999999996,423.5682297943647
14860,351.94,423.01800000000003,370.7366666666666,423.64313297695446
14870,352.0,423.092,370.80333333333334,423.7180361595442
14880,352.06,423.166,370.87,423.792939342134
14890,352.12,423.24,370.93666666666667,423.8678425247237
14900,352.18,423.314,371.00333333333333,423.94274570731346
14910,352.24,423.38800000000003,371.07,424.0176488899032
14920,352.3,423.462,371.13666666666666,424.092552072493
14930,352.36,423.536,371.2033333333333,424.1674552550827
14940,352.42,423.61,371.27,424.24235843767246
14950,352.47933333333333,423.6,371.3313333333333,424.22787702447386
14960,352.5386666666667,423.59000000000003,371.3926666666666,424.2133956112752
14970,352.598,423.58,371.454,424.1989141980766
14980,352.6573333333333,423.57,371.51533333333333,424.1844327848779
14990,352.7166666666667,423.56,371.57666666666665,424.1699513716793
15000,352.776,423.55,371.638,424.15546995848064
15010,352.8353333333333,423.54,371.6993333333333,424.140988545282
15020,352.8946666666667,423.53,371.7606666666667,424.12650713208336
15030,352.954,423.52,371.822,424.11202571888475
15040,353.0133333333333,423.51,371.8833333333333,424.0975443056861
15050,353.0726666666667,423.5,371.94466666666665,424.0830628924875
15060,353.132,423.49,372.006,424.0685814792888
15070,353.1913333333333,423.47999999999996,372.06733333333335,424.0541000660902
15080,353.2506666666667,423.46999999999997,372.1286666666667,424.03961865289153
15090,353.31,423.46,372.19,424.0251372396929
15100,353.37,423.74666666666667,372.26666666666665,424.324280846253
15110,353.43,424.0333333333333,372.3433333333333,424.623424452813
15120,353.49,424.32,372.42,424.9225680593731
15130,353.55,424.6066666666666,372.49666666666667,425.2217116659331
15140,353.61,424.8933333333333,372.5733333333333,425.5208552724932
15150,353.67,425.18,372.65,425.81999887905323
15160,353.73,425.46666666666664,372.72666666666663,426.1191424856133
15170,353.78999999999996,425.75333333333333,372.80333333333334,426.41828609217333
15180,353.84999999999997,426.03999999999996,372.88,426.7174296987334
15190,353.90999999999997,426.32666666666665,372.95666666666665,427.01657330529343
15200,353.96999999999997,426.61333333333334,373.0333333333333,427.3157169118535
15210,354.03,426.9,373.10999999999996,427.61486051841354
15220,354.09,427.18666666666667,373.18666666666667,427.9140041249736
15230,354.15,427.4733333333333,373.2633333333333,428.21314773153364
15240,354.21,427.76,373.34,428.5122913380937
15250,354.27066666666667,427.86333333333334,373.4193333333333,428.6090626690476
15260,354.3313333333333,427.96666666666664,373.4986666666666,428.7058340000016
15270,354.392,428.07,373.578,428.8026053309555
15280,354.45266666666663,428.17333333333335,373.6573333333333,428.89937666190946
15290,354.5133333333333,428.27666666666664,373.7366666666666,428.99614799286337
15300,354.574,428.38,373.816,429.0929193238173
15310,354.63466666666665,428.48333333333335,373.8953333333333,429.18969065477125
15320,354.69533333333334,428.58666666666664,373.9746666666666,429.28646198572517
15330,354.756,428.69,374.054,429.38323331667914
15340,354.81666666666666,428.79333333333335,374.1333333333333,429.48000464763305
15350,354.87733333333335,428.89666666666665,374.2126666666666,429.57677597858697
15360,354.938,429.0,374.292,429.67354730954094
15370,354.9986666666667,429.10333333333335,374.3713333333333,429.77031864049485
15380,355.0593333333333,429.20666666666665,374.4506666666666,429.8670899714488
15390,355.12,429.31,374.53,429.96386130240273
15400,355.1806666666667,429.3306666666667,374.5973333333333,429.98242125769144
15410,355.24133333333333,429.35133333333334,374.6646666666666,430.00098121298015
15420,355.302,429.372,374.73199999999997,430.01954116826886
15430,355.36266666666666,429.3926666666667,374.7993333333333,430.03810112355757
15440,355.42333333333335,429.41333333333336,374.8666666666667,430.0566610788463
15450,355.484,429.434,374.93399999999997,430.075221034135
15460,355.54466666666667,429.4546666666667,375.0013333333333,430.0937809894237
15470,355.6053333333333,429.4753333333333,375.0686666666667,430.11234094471246
15480,355.666,429.496,375.136,430.13090090000117
15490,355.72666666666663,429.51666666666665,375.2033333333333,430.1494608552899
15500,355.7873333333333,429.5373333333333,375.27066666666667,430.1680208105786
15510,355.84799999999996,429.558,375.338,430.1865807658673
15520,355.90866666666665,429.57866666666666,375.4053333333334,430.205140721156
15530,355.9693333333333,429.59933333333333,375.47266666666667,430.2237006764447
15540,356.03,429.62,375.54,430.2422606317334
15550,356.09066666666666,429.83733333333333,375.6186666666667,430.4672072575656
15560,356.1513333333333,430.05466666666666,375.69733333333335,430.6921538833977
15570,356.212,430.272,375.776,430.91710050922984
15580,356.2726666666666,430.4893333333333,375.8546666666667,431.14204713506194
15590,356.3333333333333,430.70666666666665,375.93333333333334,431.3669937608941
15600,356.394,430.924,376.012,431.5919403867262
15610,356.45466666666664,431.1413333333333,376.09066666666666,431.81688701255837
15620,356.51533333333333,431.3586666666667,376.1693333333334,432.0418336383905
15630,356.57599999999996,431.576,376.24800000000005,432.26678026422263
15640,356.63666666666666,431.79333333333335,376.3266666666667,432.49172689005474
15650,356.69733333333335,432.0106666666667,376.4053333333334,432.7166735158869
15660,356.758,432.228,376.48400000000004,432.941620141719
15670,356.8186666666667,432.44533333333334,376.5626666666667,433.16656676755116
15680,356.8793333333333,432.66266666666667,376.64133333333336,433.39151339338326
15690,356.94,432.88,376.72,433.6164600192154
15700,357.0013333333333,432.7353333333333,376.7786666666667,433.45883208926386
15710,357.06266666666664,432.59066666666666,376.83733333333333,433.3012041593123
15720,357.124,432.44599999999997,376.896,433.1435762293608
15730,357.18533333333335,432.30133333333333,376.9546666666667,432.98594829940924
15740,357.24666666666667,432.15666666666664,377.0133333333334,432.8283203694577
15750,357.308,432.012,377.072,432.6706924395061
15760,357.3693333333333,431.8673333333333,377.1306666666667,432.51306450955457
15770,357.4306666666667,431.72266666666667,377.18933333333337,432.35543657960307
15780,357.492,431.578,377.24800000000005,432.1978086496515
15790,357.55333333333334,431.43333333333334,377.3066666666667,432.04018071969995
15800,357.61466666666666,431.28866666666664,377.36533333333335,431.8825527897484
15810,357.676,431.144,377.42400000000004,431.72492485979683
15820,357.73733333333337,430.9993333333333,377.4826666666667,431.5672969298453
15830,357.7986666666667,430.8546666666667,377.54133333333334,431.40966899989377
15840,357.86,430.71,377.6,431.2520410699422
