Time (s),T_outer (C),T_inner (C),T_avg (C),Input Temperature (C)
0,123.8257876685432,123.8257876685432,123.8257876685432,123.8257876685432
10,123.8257876685432,123.8257876685432,123.8257876685432,123.8257876685432
20,123.8257876685432,123.8257876685432,123.8257876685432,123.8257876685432
30,123.8257876685432,123.8257876685432,123.8257876685432,123.8257876685432
40,123.8257876685432,123.8257876685432,123.8257876685432,123.8257876685432
50,123.8257876685432,123.8257876685432,123.8257876685432,123.8257876685432
60,123.8257876685432,123.8257876685432,123.8257876685432,123.8257876685432
70,123.8257876685432,123.8257876685432,123.8257876685432,123.8257876685432
80,123.8257876685432,123.8257876685432,123.8257876685432,123.8257876685432
90,123.8257876685432,123.8257876685432,123.8257876685432,123.8257876685432
100,123.8257876685432,123.8257876685432,123.8257876685432,123.8257876685432
110,123.8257876685432,123.8257876685432,123.8257876685432,123.8257876685432
120,123.8257876685432,123.8257876685432,123.8257876685432,123.8257876685432
130,123.8257876685432,123.8257876685432,123.8257876685432,123.8257876685432
140,123.8257876685432,123.8257876685432,123.8257876685432,123.8257876685432
150,123.8257876685432,123.8257876685432,123.8257876685432,123.8257876685432
160,123.8257876685432,123.8257876685432,123.8257876685432,123.8257876685432
170,123.8257876685432,123.8257876685432,123.8257876685432,123.8257876685432
180,123.8257876685432,123.8257876685432,123.8257876685432,123.8257876685432
190,123.8257876685432,123.8257876685432,123.8257876685432,123.8257876685432
200,123.8257876685432,123.8257876685432,123.8257876685432,123.8257876685432
210,123.8257876685432,123.8257876685432,123.8257876685432,123.8257876685432
220,123.8257876685432,123.8257876685432,123.8257876685432,123.8257876685432
230,123.8257876685432,123.8257876685432,123.8257876685432,123.8257876685432
240,123.8257876685432,123.8257876685432,123.8257876685432,123.8257876685432
250,123.8257876685432,123.8257876685432,123.8257876685432,123.8257876685432
260,123.8257876685432,123.8257876685432,123.8257876685432,123.8257876685432
270,123.8257876685432,123.8257876685432,123.8257876685432,123.8257876685432
280,123.8257876685432,123.8257876685432,123.8257876685432,123.8257876685432
290,123.8257876685432,123.8257876685432,123.8257876685432,123.8257876685432
300,123.8257876685432,123.8257876685432,123.8257876685432,123.8257876685432
310,123.8257876685432,123.8257876685432,123.8257876685432,123.8257876685432
320,123.8257876685432,123.8257876685432,123.8257876685432,123.8257876685432
330,123.8257876685432,123.8257876685432,123.8257876685432,123.8257876685432
340,123.8257876685432,123.8257876685432,123.8257876685432,123.8257876685432
350,123.8257876685432,123.8257876685432,123.8257876685432,123.8257876685432
360,123.8257876685432,123.8257876685432,123.8257876685432,123.8257876685432
370,123.8257876685432,123.8257876685432,123.8257876685432,123.8257876685432
380,123.8257876685432,123.8257876685432,123.8257876685432,123.8257876685432
390,123.8257876685432,123.8257876685432,123.8257876685432,123.8257876685432
400,123.8257876685432,123.8257876685432,123.8257876685432,123.8257876685432
410,123.8257876685432,123.8257876685432,123.8257876685432,123.8257876685432
420,123.8257876685432,123.8257876685432,123.8257876685432,123.8257876685432
430,123.8257876685432,123.8257876685432,123.8257876685432,123.8257876685432
440,123.8257876685432,123.8257876685432,123.8257876685432,123.8257876685432
450,123.8257876685432,123.8257876685432,123.8257876685432,123.8257876685432
460,123.8257876685432,123.8257876685432,123.8257876685432,123.8257876685432
470,123.8257876685432,123.8257876685432,123.8257876685432,123.8257876685432
480,123.8257876685432,123.8257876685432,123.8257876685432,123.8257876685432
490,123.8257876685432,123.8257876685432,123.8257876685432,123.8257876685432
500,123.8257876685432,123.8257876685432,123.8257876685432,123.8257876685432
510,123.8257876685432,123.8257876685432,123.8257876685432,123.8257876685432
520,123.8257876685432,123.8257876685432,123.8257876685432,123.8257876685432
530,123.8257876685432,123.8257876685432,123.8257876685432,123.8257876685432
540,123.8257876685432,123.8257876685432,123.8257876685432,123.8257876685432
550,123.8257876685432,123.8257876685432,123.8257876685432,123.8257876685432
560,123.8257876685432,123.8257876685432,123.8257876685432,123.8257876685432
570,123.8257876685432,123.8257876685432,123.8257876685432,123.8257876685432
580,123.8257876685432,123.8257876685432,123.8257876685432,123.8257876685432
590,123.8257876685432,123.8257876685432,123.8257876685432,123.8257876685432
600,123.8257876685432,123.8257876685432,123.8257876685432,123.8257876685432
610,123.8257876685432,123.8257876685432,123.8257876685432,123.8257876685432
620,123.8257876685432,123.8257876685432,123.8257876685432,123.8257876685432
630,123.8257876685432,123.8257876685432,123.8257876685432,123.8257876685432
640,123.8257876685432,123.8257876685432,123.8257876685432,123.8257876685432
650,123.8257876685432,123.8257876685432,123.8257876685432,123.8257876685432
660,123.8257876685432,123.8257876685432,123.8257876685432,123.8257876685432
670,123.8257876685432,123.8257876685432,123.8257876685432,123.8257876685432
680,123.8257876685432,123.8257876685432,123.8257876685432,123.8257876685432
690,123.8257876685432,123.8257876685432,123.8257876685432,123.8257876685432
700,123.8257876685432,123.8257876685432,123.8257876685432,123.8257876685432
710,123.8257876685432,123.8257876685432,123.8257876685432,123.8257876685432
720,123.8257876685432,123.8257876685432,123.8257876685432,123.8257876685432
730,123.8257876685432,123.8257876685432,123.8257876685432,123.8257876685432
740,123.8257876685432,123.8257876685432,123.8257876685432,123.8257876685432
750,123.8257876685432,123.8257876685432,123.8257876685432,123.8257876685432
760,123.8257876685432,123.8257876685432,123.8257876685432,123.8257876685432
770,123.8257876685432,123.8257876685432,123.8257876685432,123.8257876685432
780,123.8257876685432,123.8257876685432,123.8257876685432,123.8257876685432
790,123.8257876685432,123.8257876685432,123.8257876685432,123.8257876685432
800,123.8257876685432,123.8257876685432,123.8257876685432,123.8257876685432
810,123.8257876685432,123.8257876685432,123.8257876685432,123.8257876685432
820,123.8257876685432,123.8257876685432,123.8257876685432,123.8257876685432
830,123.8257876685432,123.8257876685432,123.8257876685432,123.8257876685432
840,123.8257876685432,123.8257876685432,123.8257876685432,123.8257876685432
850,123.8257876685432,123.8257876685432,123.8257876685432,123.8257876685432
860,123.8257876685432,123.8257876685432,123.8257876685432,123.8257876685432
870,123.8257876685432,123.8257876685432,123.8257876685432,123.8257876685432
880,123.8257876685432,123.8257876685432,123.8257876685432,123.8257876685432
890,123.8257876685432,123.8257876685432,123.8257876685432,123.8257876685432
900,123.8257876685432,123.8257876685432,123.8257876685432,123.8257876685432
910,123.8257876685432,123.8257876685432,123.8257876685432,123.8257876685432
920,123.8257876685432,123.8257876685432,123.8257876685432,123.8257876685432
930,123.8257876685432,123.8257876685432,123.8257876685432,123.8257876685432
940,123.8257876685432,123.8257876685432,123.8257876685432,123.8257876685432
950,123.8257876685432,123.8257876685432,123.8257876685432,123.8257876685432
960,123.8257876685432,123.8257876685432,123.8257876685432,123.8257876685432
970,123.8257876685432,123.8257876685432,123.8257876685432,123.8257876685432
980,123.8257876685432,123.8257876685432,123.8257876685432,123.8257876685432
990,123.8257876685432,123.8257876685432,123.8257876685432,123.8257876685432
1000,123.8257876685432,123.8257876685432,123.8257876685432,123.8257876685432
1010,123.8257876685432,123.8257876685432,123.8257876685432,123.8257876685432
1020,123.8257876685432,123.8257876685432,123.8257876685432,123.8257876685432
1030,123.8257876685432,123.8257876685432,123.8257876685432,123.8257876685432
1040,123.8257876685432,123.8257876685432,123.8257876685432,123.8257876685432
1050,123.8257876685432,123.8257876685432,123.8257876685432,123.8257876685432
1060,123.8257876685432,123.8257876685432,123.8257876685432,123.8257876685432
1070,123.8257876685432,123.8257876685432,123.8257876685432,123.8257876685432
1080,123.8257876685432,123.8257876685432,123.8257876685432,123.8257876685432
1090,123.8257876685432,123.8257876685432,123.8257876685432,123.8257876685432
1100,123.8257876685432,123.8257876685432,123.8257876685432,123.8257876685432
1110,123.8257876685432,123.8257876685432,123.8257876685432,123.8257876685432
1120,123.8257876685432,123.8257876685432,123.8257876685432,123.8257876685432
1130,123.8257876685432,123.8257876685432,123.8257876685432,123.8257876685432
1140,123.8257876685432,123.8257876685432,123.8257876685432,123.8257876685432
1150,123.8257876685432,123.8257876685432,123.8257876685432,123.8257876685432
1160,123.8257876685432,123.8257876685432,123.8257876685432,123.8257876685432
1170,123.8257876685432,123.8257876685432,123.8257876685432,123.8257876685432
1180,123.8257876685432,123.8257876685432,123.8257876685432,123.8257876685432
1190,123.8257876685432,123.8257876685432,123.8257876685432,123.8257876685432
1200,123.8257876685432,123.8257876685432,123.8257876685432,123.8257876685432
1210,123.8257876685432,123.8257876685432,123.8257876685432,123.8257876685432
1220,123.8257876685432,123.8257876685432,123.8257876685432,123.8257876685432
1230,123.8257876685432,123.8257876685432,123.8257876685432,123.8257876685432
1240,123.8257876685432,123.8257876685432,123.8257876685432,123.8257876685432
1250,123.8257876685432,123.8257876685432,123.8257876685432,123.8257876685432
1260,123.8257876685432,123.8257876685432,123.8257876685432,123.8257876685432
1270,123.8257876685432,123.8257876685432,123.8257876685432,123.8257876685432
1280,123.8257876685432,123.8257876685432,123.8257876685432,123.8257876685432
1290,123.8257876685432,123.8257876685432,123.8257876685432,123.8257876685432
1300,123.8257876685432,123.8257876685432,123.8257876685432,123.8257876685432
1310,123.8257876685432,123.8257876685432,123.8257876685432,123.8257876685432
1320,123.8257876685432,123.8257876685432,123.8257876685432,123.8257876685432
1330,123.8257876685432,123.8257876685432,123.8257876685432,123.8257876685432
1340,123.8257876685432,123.8257876685432,123.8257876685432,123.8257876685432
1350,123.8257876685432,123.8257876685432,123.8257876685432,123.8257876685432
1360,123.8257876685432,123.8257876685432,123.8257876685432,123.8257876685432
1370,123.8257876685432,123.8257876685432,123.8257876685432,123.8257876685432
1380,123.8257876685432,123.8257876685432,123.8257876685432,123.8257876685432
1390,123.8257876685432,123.8257876685432,123.8257876685432,123.8257876685432
1400,123.8257876685432,123.8257876685432,123.8257876685432,123.8257876685432
1410,123.8257876685432,123.8257876685432,123.8257876685432,123.8257876685432
1420,123.8257876685432,123.8257876685432,123.8257876685432,123.8257876685432
1430,123.8257876685432,123.8257876685432,123.8257876685432,123.8257876685432
1440,123.8257876685432,123.8257876685432,123.8257876685432,123.8257876685432
1440,123.8257876685432,123.8257876685432,123.8257876685432,123.8257876685432
1450,123.82606849064032,123.96873515730698,123.83940182397366,123.97435854860328
1460,123.82634931273743,124.11168264607078,123.8530159794041,124.12292942866335
1470,123.82663013483456,124.25463013483456,123.86663013483457,124.27150030872342
1480,123.82691095693168,124.39757762359835,123.88024429026501,124.4200711887835
1490,123.8271917790288,124.54052511236213,123.89385844569547,124.56864206884357
1500,123.82747260112592,124.68347260112591,123.90747260112592,124.71721294890365
1510,123.82775342322304,124.82642008988971,123.92108675655638,124.86578382896373
1520,123.82803424532015,124.96936757865349,123.93470091198682,125.01435470902379
1530,123.82831506741728,125.11231506741728,123.94831506741728,125.16292558908387
1540,123.8285958895144,125.25526255618107,123.96192922284773,125.31149646914395
1550,123.82887671161151,125.39821004494485,123.97554337827819,125.46006734920402
1560,123.82915753370864,125.54115753370864,123.98915753370864,125.6086382292641
1570,123.82943835580576,125.68410502247242,124.0027716891391,125.75720910932417
1580,123.82971917790287,125.82705251123622,124.01638584456954,125.90577998938424
1590,123.83,125.97,124.03,126.05435086944432
1600,123.83,126.05666666666667,124.046,126.14247914473229
1610,123.83,126.14333333333333,124.062,126.23060742002025
1620,123.83,126.23,124.078,126.31873569530822
1630,123.83,126.31666666666666,124.094,126.40686397059618
1640,123.83,126.40333333333334,124.11,126.49499224588415
1650,123.83,126.49,124.126,126.58312052117212
1660,123.83,126.57666666666667,124.142,126.67124879646008
1670,123.83,126.66333333333333,124.158,126.75937707174805
1680,123.83,126.75,124.17399999999999,126.847505347036
1690,123.83,126.83666666666666,124.19,126.93563362232398
1700,123.83,126.92333333333333,124.206,127.02376189761195
1710,123.83,127.00999999999999,124.222,127.1118901728999
1720,123.83,127.09666666666666,124.238,127.20001844818788
1730,123.83,127.18333333333332,124.25399999999999,127.28814672347583
1740,123.83,127.27,124.27,127.3762749987638
1750,123.83,127.448,124.29866666666666,127.55503568933334
1760,123.83,127.62599999999999,124.32733333333333,127.73379637990288
1770,123.83,127.804,124.356,127.91255707047242
1780,123.83,127.982,124.38466666666666,128.09131776104195
1790,123.83,128.16,124.41333333333333,128.27007845161148
1800,123.83,128.338,124.442,128.44883914218104
1810,123.83,128.516,124.47066666666666,128.62759983275058
1820,123.83,128.694,124.49933333333334,128.8063605233201
1830,123.83,128.87199999999999,124.528,128.98512121388964
1840,123.83,129.05,124.55666666666667,129.16388190445917
1850,123.83,129.228,124.58533333333334,129.3426425950287
1860,123.83,129.406,124.614,129.52140328559824
1870,123.83,129.584,124.64266666666667,129.7001639761678
1880,123.83,129.762,124.67133333333334,129.87892466673733
1890,123.83,129.94,124.7,130.05768535730687
1900,123.83,129.91266666666667,124.714,130.02818036542575
1910,123.83,129.88533333333334,124.72800000000001,129.99867537354467
1920,123.83,129.858,124.742,129.96917038166356
1930,123.83,129.83066666666667,124.756,129.93966538978248
1940,123.83,129.80333333333334,124.77,129.91016039790136
1950,123.83,129.776,124.784,129.88065540602025
1960,123.83,129.74866666666668,124.798,129.85115041413917
1970,123.83,129.72133333333332,124.812,129.82164542225806
1980,123.83,129.694,124.826,129.79214043037697
1990,123.83,129.66666666666666,124.84,129.76263543849586
2000,123.83,129.63933333333333,124.854,129.73313044661475
2010,123.83,129.612,124.868,129.70362545473367
2020,123.83,129.58466666666666,124.88199999999999,129.67412046285256
2030,123.83,129.55733333333333,124.896,129.64461547097147
2040,123.83,129.53,124.91,129.61511047909036
2050,123.83133333333333,129.60066666666665,124.92533333333333,129.69020653505572
2060,123.83266666666667,129.67133333333334,124.94066666666666,129.7653025910211
2070,123.834,129.742,124.956,129.84039864698647
2080,123.83533333333332,129.81266666666667,124.97133333333333,129.91549470295186
2090,123.83666666666666,129.88333333333333,124.98666666666666,129.99059075891722
2100,123.838,129.954,125.002,130.06568681488258
2110,123.83933333333333,130.02466666666666,125.01733333333333,130.14078287084797
2120,123.84066666666666,130.09533333333334,125.03266666666667,130.21587892681333
2130,123.842,130.166,125.048,130.29097498277872
2140,123.84333333333333,130.23666666666668,125.06333333333333,130.36607103874408
2150,123.84466666666667,130.30733333333333,125.07866666666666,130.44116709470944
2160,123.84599999999999,130.37800000000001,125.094,130.51626315067483
2170,123.84733333333332,130.44866666666667,125.10933333333334,130.5913592066402
2180,123.84866666666666,130.51933333333335,125.12466666666667,130.66645526260558
2190,123.85,130.59,125.14,130.74155131857094
2200,123.85266666666666,130.80666666666667,125.17666666666666,130.95953208135373
2210,123.85533333333333,131.02333333333334,125.21333333333334,131.17751284413652
2220,123.85799999999999,131.24,125.25,131.3954936069193
2230,123.86066666666666,131.45666666666668,125.28666666666666,131.6134743697021
2240,123.86333333333333,131.67333333333335,125.32333333333334,131.83145513248488
2250,123.866,131.89000000000001,125.36,132.04943589526766
2260,123.86866666666667,132.10666666666668,125.39666666666666,132.26741665805045
2270,123.87133333333333,132.32333333333332,125.43333333333334,132.4853974208332
2280,123.874,132.54,125.47,132.703378183616
2290,123.87666666666667,132.75666666666666,125.50666666666666,132.92135894639878
2300,123.87933333333334,132.97333333333333,125.54333333333334,133.13933970918157
2310,123.882,133.19,125.58,133.35732047196436
2320,123.88466666666666,133.40666666666667,125.61666666666666,133.57530123474714
2330,123.88733333333333,133.62333333333333,125.65333333333334,133.79328199752993
2340,123.89,133.84,125.69,134.01126276031272
2350,123.89333333333333,133.87866666666667,125.71666666666667,134.04768457723742
2360,123.89666666666666,133.91733333333335,125.74333333333333,134.08410639416215
2370,123.9,133.956,125.77,134.12052821108685
2380,123.90333333333334,133.99466666666666,125.79666666666667,134.15695002801155
2390,123.90666666666667,134.03333333333333,125.82333333333334,134.19337184493628
2400,123.91,134.072,125.85,134.22979366186098
2410,123.91333333333333,134.11066666666667,125.87666666666667,134.26621547878568
2420,123.91666666666667,134.14933333333332,125.90333333333334,134.3026372957104
2430,123.92,134.188,125.93,134.3390591126351
2440,123.92333333333333,134.22666666666666,125.95666666666666,134.3754809295598
2450,123.92666666666666,134.26533333333333,125.98333333333333,134.41190274648454
2460,123.92999999999999,134.304,126.01,134.44832456340924
2470,123.93333333333334,134.34266666666664,126.03666666666668,134.48474638033395
2480,123.93666666666667,134.38133333333332,126.06333333333333,134.52116819725867
2490,123.94,134.42,126.09,134.55759001418338
2500,123.94466666666666,134.40733333333333,126.10733333333333,134.54340817755102
2510,123.94933333333333,134.39466666666667,126.12466666666667,134.52922634091865
2520,123.954,134.38199999999998,126.142,134.5150445042863
2530,123.95866666666667,134.36933333333332,126.15933333333334,134.50086266765393
2540,123.96333333333334,134.35666666666665,126.17666666666666,134.48668083102157
2550,123.968,134.344,126.194,134.4724989943892
2560,123.97266666666667,134.33133333333333,126.21133333333333,134.45831715775685
2570,123.97733333333333,134.31866666666664,126.22866666666667,134.4441353211245
2580,123.982,134.30599999999998,126.246,134.42995348449213
2590,123.98666666666666,134.29333333333332,126.26333333333334,134.41577164785977
2600,123.99133333333333,134.28066666666666,126.28066666666666,134.4015898112274
2610,123.99600000000001,134.268,126.298,134.38740797459505
2620,124.00066666666667,134.2553333333333,126.31533333333333,134.3732261379627
2630,124.00533333333334,134.24266666666665,126.33266666666667,134.35904430133033
2640,124.01,134.23,126.35,134.34486246469797
2650,124.016,134.28,126.368,134.39799928397443
2660,124.022,134.32999999999998,126.386,134.45113610325092
2670,124.028,134.38,126.404,134.50427292252738
2680,124.034,134.42999999999998,126.422,134.55740974180387
2690,124.04,134.48,126.44,134.61054656108033
2700,124.046,134.53,126.458,134.6636833803568
2710,124.052,134.57999999999998,126.476,134.71682019963328
2720,124.05799999999999,134.63,126.494,134.76995701890974
2730,124.064,134.67999999999998,126.512,134.82309383818622
2740,124.07,134.73,126.53,134.87623065746268
2750,124.076,134.78,126.548,134.92936747673915
2760,124.082,134.82999999999998,126.566,134.98250429601563
2770,124.088,134.88,126.584,135.0356411152921
2780,124.094,134.92999999999998,126.602,135.08877793456858
2790,124.1,134.98,126.62,135.14191475384504
2800,124.10799999999999,135.114,126.65066666666667,135.27749765973454
2810,124.116,135.248,126.68133333333334,135.413080565624
2820,124.124,135.382,126.712,135.5486634715135
2830,124.13199999999999,135.516,126.74266666666666,135.68424637740296
2840,124.14,135.65,126.77333333333334,135.81982928329245
2850,124.148,135.784,126.804,135.95541218918194
2860,124.15599999999999,135.918,126.83466666666666,136.0909950950714
2870,124.164,136.052,126.86533333333334,136.2265780009609
2880,124.172,136.186,126.896,136.36216090685036
2890,124.17999999999999,136.32,126.92666666666666,136.49774381273986
2900,124.188,136.454,126.95733333333334,136.63332671862935
2910,124.196,136.588,126.988,136.7689096245188
2920,124.204,136.722,127.01866666666666,136.9044925304083
2930,124.212,136.856,127.04933333333334,137.04007543629777
2940,124.22,136.99,127.08,137.17565834218726
2950,124.22866666666667,137.09666666666666,127.11133333333333,137.2834186675104
2960,124.23733333333332,137.20333333333335,127.14266666666667,137.39117899283355
2970,124.246,137.31,127.17399999999999,137.4989393181567
2980,124.25466666666667,137.41666666666669,127.20533333333333,137.60669964347983
2990,124.26333333333334,137.52333333333334,127.23666666666666,137.71445996880297
3000,124.27199999999999,137.63,127.268,137.8222202941261
3010,124.28066666666666,137.73666666666668,127.29933333333334,137.92998061944925
3020,124.28933333333333,137.84333333333333,127.33066666666666,138.03774094477237
3030,124.298,137.95000000000002,127.362,138.1455012700955
3040,124.30666666666666,138.05666666666667,127.39333333333333,138.25326159541865
3050,124.31533333333333,138.16333333333333,127.42466666666667,138.3610219207418
3060,124.324,138.27,127.456,138.46878224606493
3070,124.33266666666667,138.37666666666667,127.48733333333332,138.57654257138807
3080,124.34133333333332,138.48333333333335,127.51866666666666,138.68430289671122
3090,124.35,138.59,127.55,138.79206322203436
3100,124.36066666666666,138.67133333333334,127.58266666666667,138.87308916083722
3110,124.37133333333333,138.75266666666667,127.61533333333333,138.95411509964012
3120,124.38199999999999,138.834,127.648,139.035141038443
3130,124.39266666666667,138.91533333333334,127.68066666666667,139.11616697724585
3140,124.40333333333334,138.99666666666667,127.71333333333332,139.19719291604875
3150,124.414,139.078,127.746,139.27821885485162
3160,124.42466666666667,139.15933333333334,127.77866666666667,139.35924479365448
3170,124.43533333333333,139.24066666666667,127.81133333333332,139.44027073245738
3180,124.446,139.322,127.844,139.52129667126025
3190,124.45666666666666,139.40333333333334,127.87666666666667,139.6023226100631
3200,124.46733333333333,139.48466666666667,127.90933333333332,139.683348548866
3210,124.47800000000001,139.566,127.942,139.76437448766887
3220,124.48866666666667,139.64733333333334,127.97466666666666,139.84540042647174
3230,124.49933333333334,139.72866666666667,128.00733333333332,139.92642636527464
3240,124.51,139.81,128.04,140.0074523040775
3250,124.52133333333335,139.89866666666666,128.0713333333333,140.09832127481738
3260,124.53266666666667,139.98733333333334,128.10266666666666,140.18919024555723
3270,124.54400000000001,140.076,128.134,140.2800592162971
3280,124.55533333333334,140.16466666666668,128.16533333333334,140.37092818703695
3290,124.56666666666668,140.25333333333333,128.19666666666666,140.46179715777683
3300,124.578,140.34199999999998,128.22799999999998,140.5526661285167
3310,124.58933333333334,140.43066666666667,128.25933333333333,140.64353509925655
3320,124.60066666666667,140.51933333333332,128.29066666666665,140.73440406999643
3330,124.61200000000001,140.608,128.322,140.82527304073628
3340,124.62333333333333,140.69666666666666,128.35333333333332,140.91614201147615
3350,124.63466666666667,140.7853333333333,128.38466666666665,141.00701098221603
3360,124.646,140.874,128.416,141.09787995295588
3370,124.65733333333334,140.96266666666665,128.44733333333332,141.18874892369575
3380,124.66866666666667,141.05133333333333,128.47866666666667,141.2796178944356
3390,124.68,141.14,128.51,141.37048686517548
3400,124.69266666666667,141.24266666666665,128.546,141.4733453465557
3410,124.70533333333334,141.34533333333331,128.582,141.57620382793596
3420,124.718,141.44799999999998,128.618,141.67906230931618
3430,124.73066666666668,141.55066666666667,128.654,141.7819207906964
3440,124.74333333333334,141.65333333333334,128.69,141.88477927207666
3450,124.756,141.756,128.726,141.98763775345688
3460,124.76866666666668,141.85866666666666,128.762,142.0904962348371
3470,124.78133333333334,141.96133333333333,128.798,142.19335471621736
3480,124.79400000000001,142.064,128.834,142.29621319759758
3490,124.80666666666667,142.16666666666666,128.87,142.3990716789778
3500,124.81933333333333,142.26933333333332,128.906,142.50193016035806
3510,124.83200000000001,142.372,128.942,142.60478864173828
3520,124.84466666666667,142.47466666666668,128.978,142.7076471231185
3530,124.85733333333334,142.57733333333334,129.014,142.81050560449876
3540,124.87,142.68,129.05,142.91336408587898
3550,124.884,142.6966666666667,129.08,142.9268255476051
3560,124.89800000000001,142.71333333333334,129.11,142.9402870093312
3570,124.912,142.73000000000002,129.14000000000001,142.9537484710573
3580,124.926,142.74666666666667,129.17000000000002,142.96720993278342
3590,124.94,142.76333333333335,129.20000000000002,142.98067139450953
3600,124.95400000000001,142.78,129.23000000000002,142.99413285623564
3610,124.968,142.79666666666668,129.26000000000002,143.00759431796175
3620,124.982,142.81333333333333,129.29,143.02105577968788
3630,124.996,142.83,129.32,143.034517241414
3640,125.01,142.84666666666666,129.35,143.0479787031401
3650,125.024,142.86333333333334,129.38,143.0614401648662
3660,125.038,142.88,129.41,143.07490162659232
3670,125.05199999999999,142.89666666666668,129.44,143.08836308831843
3680,125.066,142.91333333333333,129.47,143.10182455004454
3690,125.08,142.93,129.5,143.11528601177065
3700,125.096,142.98266666666666,129.52733333333333,143.17100914984172
3710,125.112,143.03533333333334,129.55466666666666,143.22673228791282
3720,125.128,143.088,129.582,143.2824554259839
3730,125.14399999999999,143.14066666666668,129.60933333333332,143.338178564055
3740,125.16,143.19333333333333,129.63666666666666,143.39390170212607
3750,125.176,143.246,129.664,143.44962484019715
3760,125.192,143.29866666666666,129.69133333333332,143.50534797826825
3770,125.208,143.35133333333334,129.71866666666668,143.56107111633932
3780,125.22399999999999,143.404,129.746,143.61679425441042
3790,125.24,143.45666666666668,129.77333333333334,143.6725173924815
3800,125.256,143.50933333333333,129.80066666666667,143.72824053055257
3810,125.27199999999999,143.562,129.828,143.78396366862367
3820,125.288,143.61466666666666,129.85533333333333,143.83968680669474
3830,125.30399999999999,143.66733333333335,129.88266666666667,143.89540994476585
3840,125.32,143.72,129.91,143.95113308283692
3850,125.33666666666666,143.81866666666667,129.94466666666668,144.05096162716637
3860,125.35333333333332,143.91733333333332,129.97933333333333,144.15079017149586
3870,125.36999999999999,144.016,130.014,144.2506187158253
3880,125.38666666666666,144.11466666666666,130.04866666666666,144.35044726015477
3890,125.40333333333332,144.21333333333334,130.08333333333334,144.45027580448425
3900,125.41999999999999,144.31199999999998,130.118,144.5501043488137
3910,125.43666666666665,144.41066666666666,130.15266666666668,144.64993289314316
3920,125.45333333333333,144.50933333333333,130.18733333333333,144.74976143747264
3930,125.47,144.608,130.222,144.8495899818021
3940,125.48666666666666,144.70666666666665,130.25666666666666,144.94941852613155
3950,125.50333333333333,144.80533333333332,130.29133333333334,145.04924707046104
3960,125.52,144.904,130.326,145.1490756147905
3970,125.53666666666666,145.00266666666667,130.36066666666667,145.24890415911995
3980,125.55333333333333,145.10133333333332,130.39533333333333,145.34873270344943
3990,125.57,145.2,130.43,145.44856124777888
4000,125.58866666666665,145.298,130.46666666666667,145.54758118551405
4010,125.60733333333333,145.396,130.50333333333333,145.6466011232492
4020,125.62599999999999,145.494,130.54,145.74562106098438
4030,125.64466666666667,145.59199999999998,130.57666666666668,145.8446409987195
4040,125.66333333333333,145.69,130.61333333333334,145.94366093645468
4050,125.68199999999999,145.78799999999998,130.65,146.04268087418984
4060,125.70066666666666,145.886,130.68666666666667,146.141700811925
4070,125.71933333333332,145.98399999999998,130.72333333333333,146.24072074966017
4080,125.738,146.082,130.76,146.33974068739533
4090,125.75666666666666,146.17999999999998,130.79666666666665,146.4387606251305
4100,125.77533333333332,146.278,130.83333333333331,146.53778056286566
4110,125.794,146.37599999999998,130.87,146.6368005006008
4120,125.81266666666666,146.474,130.90666666666667,146.73582043833596
4130,125.83133333333333,146.57199999999997,130.94333333333333,146.83484037607113
4140,125.85,146.67,130.98,146.9338603138063
4150,125.86933333333333,146.76666666666665,131.01866666666666,147.0309640085059
4160,125.88866666666667,146.86333333333332,131.05733333333333,147.1280677032055
4170,125.908,146.95999999999998,131.096,147.22517139790506
4180,125.92733333333332,147.05666666666667,131.13466666666665,147.32227509260466
4190,125.94666666666666,147.15333333333334,131.17333333333332,147.41937878730425
4200,125.966,147.25,131.212,147.51648248200385
4210,125.98533333333333,147.34666666666666,131.25066666666666,147.61358617670345
4220,126.00466666666667,147.44333333333333,131.28933333333333,147.71068987140302
4230,126.024,147.54,131.328,147.80779356610262
4240,126.04333333333334,147.63666666666666,131.36666666666667,147.90489726080222
4250,126.06266666666667,147.73333333333332,131.40533333333335,148.0020009555018
4260,126.082,147.83,131.444,148.0991046502014
4270,126.10133333333333,147.92666666666668,131.48266666666666,148.19620834490098
4280,126.12066666666666,148.02333333333334,131.52133333333333,148.29331203960058
4290,126.14,148.12,131.56,148.39041573430018
4300,126.16066666666667,148.22333333333333,131.60066666666665,148.49485212646024
4310,126.18133333333333,148.32666666666668,131.64133333333334,148.5992885186203
4320,126.202,148.43,131.682,148.7037249107804
4330,126.22266666666667,148.53333333333333,131.72266666666667,148.80816130294048
4340,126.24333333333334,148.63666666666666,131.76333333333332,148.91259769510054
4350,126.264,148.74,131.804,149.0170340872606
4360,126.28466666666667,148.84333333333333,131.84466666666665,149.12147047942068
4370,126.30533333333334,148.94666666666666,131.88533333333334,149.22590687158078
4380,126.32600000000001,149.04999999999998,131.926,149.33034326374084
4390,126.34666666666666,149.15333333333334,131.96666666666667,149.4347796559009
4400,126.36733333333333,149.25666666666666,132.00733333333332,149.53921604806098
4410,126.388,149.35999999999999,132.048,149.64365244022105
4420,126.40866666666668,149.4633333333333,132.08866666666665,149.74808883238114
4430,126.42933333333333,149.56666666666666,132.12933333333334,149.8525252245412
4440,126.45,149.67,132.17,149.95696161670128
4450,126.47133333333333,149.58666666666664,132.19666666666666,149.86656607268395
4460,126.49266666666666,149.50333333333333,132.22333333333333,149.77617052866665
4470,126.514,149.42,132.25,149.68577498464933
4480,126.53533333333334,149.33666666666664,132.27666666666664,149.59537944063203
4490,126.55666666666667,149.25333333333333,132.3033333333333,149.5049838966147
4500,126.578,149.17,132.32999999999998,149.41458835259738
4510,126.59933333333333,149.08666666666664,132.35666666666665,149.32419280858008
4520,126.62066666666666,149.00333333333333,132.38333333333333,149.23379726456275
4530,126.642,148.92,132.41,149.14340172054546
4540,126.66333333333333,148.83666666666664,132.43666666666667,149.05300617652813
4550,126.68466666666666,148.75333333333333,132.46333333333334,148.9626106325108
4560,126.706,148.67,132.48999999999998,148.8722150884935
4570,126.72733333333333,148.58666666666664,132.51666666666665,148.78181954447618
4580,126.74866666666667,148.50333333333333,132.54333333333332,148.69142400045888
4590,126.77,148.42,132.57,148.60102845644155
4600,126.79266666666666,148.624,132.60999999999999,148.81620245717326
4610,126.81533333333333,148.82799999999997,132.65,149.031376457905
4620,126.838,149.03199999999998,132.69,149.2465504586367
4630,126.86066666666666,149.236,132.73,149.46172445936844
4640,126.88333333333333,149.44,132.76999999999998,149.67689846010015
4650,126.90599999999999,149.64399999999998,132.81,149.89207246083188
4660,126.92866666666666,149.84799999999998,132.85,150.1072464615636
4670,126.95133333333334,150.052,132.89,150.32242046229533
4680,126.974,150.256,132.92999999999998,150.53759446302703
4690,126.99666666666667,150.45999999999998,132.97,150.75276846375877
4700,127.01933333333334,150.664,133.01,150.96794246449048
4710,127.042,150.868,133.04999999999998,151.1831164652222
4720,127.06466666666667,151.072,133.08999999999997,151.39829046595392
4730,127.08733333333333,151.27599999999998,133.13,151.61346446668566
4740,127.11,151.48,133.17,151.82863846741736
4750,127.134,151.68466666666666,133.2253333333333,152.03483839932875
4760,127.158,151.88933333333333,133.28066666666666,152.24103833124013
4770,127.182,152.094,133.33599999999998,152.44723826315152
4780,127.206,152.29866666666666,133.39133333333334,152.6534381950629
4790,127.23,152.50333333333333,133.44666666666666,152.8596381269743
4800,127.254,152.708,133.50199999999998,153.06583805888567
4810,127.278,152.91266666666667,133.55733333333333,153.27203799079706
4820,127.30199999999999,153.11733333333333,133.61266666666666,153.47823792270844
4830,127.326,153.322,133.668,153.68443785461983
4840,127.35,153.52666666666667,133.72333333333333,153.89063778653122
4850,127.374,153.73133333333334,133.77866666666665,154.0968377184426
4860,127.398,153.936,133.834,154.30303765035399
4870,127.422,154.14066666666668,133.88933333333333,154.50923758226537
4880,127.446,154.34533333333334,133.94466666666668,154.71543751417676
4890,127.47,154.55,134.0,154.92163744608814
4900,127.49533333333333,154.49266666666668,134.03666666666666,154.85574818974996
4910,127.52066666666667,154.43533333333335,134.07333333333332,154.78985893341175
4920,127.54599999999999,154.37800000000001,134.11,154.72396967707357
4930,127.57133333333333,154.32066666666668,134.14666666666668,154.65808042073536
4940,127.59666666666666,154.26333333333335,134.18333333333334,154.59219116439718
4950,127.622,154.20600000000002,134.22,154.526301908059
4960,127.64733333333334,154.14866666666668,134.25666666666666,154.4604126517208
4970,127.67266666666666,154.09133333333332,134.29333333333335,154.3945233953826
4980,127.698,154.034,134.33,154.3286341390444
4990,127.72333333333333,153.97666666666666,134.36666666666667,154.26274488270622
5000,127.74866666666667,153.91933333333333,134.40333333333334,154.19685562636803
5010,127.774,153.862,134.44,154.13096637002982
5020,127.79933333333332,153.80466666666666,134.4766666666667,154.06507711369164
5030,127.82466666666666,153.74733333333333,134.51333333333335,153.99918785735343
5040,127.85,153.69,134.55,153.93329860101525
5050,127.87599999999999,153.89733333333334,134.60000000000002,154.14837332967755
5060,127.902,154.10466666666667,134.65,154.36344805833986
5070,127.928,154.312,134.70000000000002,154.57852278700216
5080,127.954,154.51933333333332,134.75,154.79359751566446
5090,127.98,154.72666666666666,134.8,155.00867224432676
5100,128.006,154.934,134.85000000000002,155.22374697298906
5110,128.032,155.14133333333334,134.9,155.43882170165136
5120,128.058,155.34866666666667,134.95000000000002,155.65389643031364
5130,128.084,155.556,135.0,155.86897115897594
5140,128.11,155.76333333333335,135.05,156.08404588763824
5150,128.136,155.9706666666667,135.10000000000002,156.29912061630054
5160,128.162,156.178,135.15,156.51419534496284
5170,128.18800000000002,156.38533333333334,135.20000000000002,156.72927007362514
5180,128.214,156.59266666666667,135.25,156.94434480228745
5190,128.24,156.8,135.3,157.15941953094975
5200,128.26733333333334,156.846,135.34533333333334,157.2033722580598
5210,128.29466666666667,156.89200000000002,135.39066666666668,157.24732498516988
5220,128.322,156.93800000000002,135.436,157.29127771227994
5230,128.34933333333333,156.984,135.48133333333334,157.33523043939002
5240,128.37666666666667,157.03,135.52666666666667,157.37918316650007
5250,128.404,157.07600000000002,135.572,157.42313589361012
5260,128.43133333333333,157.122,135.61733333333333,157.4670886207202
5270,128.4586666666667,157.168,135.66266666666667,157.51104134783026
5280,128.48600000000002,157.214,135.708,157.55499407494034
5290,128.51333333333335,157.26000000000002,135.75333333333333,157.5989468020504
5300,128.54066666666668,157.306,135.79866666666666,157.64289952916045
5310,128.568,157.352,135.844,157.68685225627053
5320,128.59533333333334,157.398,135.88933333333333,157.73080498338058
5330,128.62266666666667,157.44400000000002,135.93466666666666,157.77475771049066
5340,128.65,157.49,135.98,157.8187104376007
5350,128.6786666666667,157.55133333333333,136.0233333333333,157.88062484027353
5360,128.70733333333334,157.61266666666668,136.06666666666666,157.94253924294637
5370,128.73600000000002,157.674,136.10999999999999,158.00445364561918
5380,128.76466666666667,157.73533333333333,136.15333333333334,158.06636804829202
5390,128.79333333333335,157.79666666666668,136.19666666666666,158.12828245096483
5400,128.822,157.858,136.23999999999998,158.19019685363767
5410,128.85066666666668,157.91933333333333,136.28333333333333,158.25211125631049
5420,128.87933333333334,157.98066666666668,136.32666666666665,158.31402565898333
5430,128.90800000000002,158.042,136.37,158.37594006165614
5440,128.93666666666667,158.10333333333332,136.41333333333333,158.43785446432898
5450,128.96533333333335,158.16466666666668,136.45666666666665,158.4997688670018
5460,128.994,158.226,136.5,158.56168326967463
5470,129.02266666666668,158.28733333333332,136.54333333333332,158.62359767234744
5480,129.05133333333333,158.34866666666667,136.58666666666667,158.68551207502028
5490,129.08,158.41,136.63,158.7474264776931
5500,129.11,158.488,136.67533333333333,158.82367809944
5510,129.14000000000001,158.566,136.72066666666666,158.89992972118688
5520,129.17000000000002,158.644,136.766,158.97618134293378
5530,129.20000000000002,158.722,136.81133333333332,159.0524329646807
5540,129.23000000000002,158.8,136.85666666666665,159.12868458642757
5550,129.26000000000002,158.87800000000001,136.902,159.20493620817447
5560,129.29000000000002,158.95600000000002,136.94733333333332,159.28118782992138
5570,129.32,159.034,136.99266666666668,159.35743945166826
5580,129.35,159.112,137.038,159.43369107341516
5590,129.38,159.19,137.08333333333334,159.50994269516207
5600,129.41,159.268,137.12866666666667,159.58619431690894
5610,129.44,159.346,137.174,159.66244593865585
5620,129.47,159.424,137.21933333333334,159.73869756040276
5630,129.5,159.502,137.26466666666667,159.81494918214963
5640,129.53,159.58,137.31,159.89120080389654
5650,129.56133333333332,159.5846666666667,137.346,159.89801307900356
5660,129.59266666666667,159.58933333333334,137.382,159.90482535411059
5670,129.624,159.59400000000002,137.418,159.9116376292176
5680,129.65533333333335,159.59866666666667,137.454,159.91844990432466
5690,129.68666666666667,159.60333333333335,137.49,159.92526217943168
5700,129.718,159.608,137.526,159.9320744545387
5710,129.74933333333334,159.61266666666668,137.562,159.93888672964573
5720,129.78066666666666,159.61733333333333,137.59799999999998,159.94569900475275
5730,129.812,159.622,137.634,159.95251127985978
5740,129.84333333333333,159.62666666666667,137.67,159.9593235549668
5750,129.87466666666666,159.63133333333334,137.706,159.96613583007382
5760,129.906,159.636,137.742,159.97294810518088
5770,129.93733333333333,159.64066666666668,137.778,159.9797603802879
5780,129.96866666666668,159.64533333333333,137.814,159.98657265539492
5790,130.0,159.65,137.85,159.99338493050195
5800,130.032,159.836,137.90266666666665,160.18299806698764
5810,130.064,160.022,137.95533333333333,160.37261120347335
5820,130.096,160.208,138.00799999999998,160.56222433995904
5830,130.128,160.394,138.06066666666666,160.75183747644473
5840,130.16,160.58,138.11333333333332,160.94145061293042
5850,130.192,160.766,138.166,161.13106374941614
5860,130.224,160.952,138.21866666666665,161.32067688590183
5870,130.256,161.138,138.27133333333333,161.51029002238752
5880,130.28799999999998,161.324,138.32399999999998,161.6999031588732
5890,130.32,161.51,138.37666666666667,161.88951629535893
5900,130.352,161.696,138.42933333333332,162.07912943184462
5910,130.384,161.882,138.482,162.2687425683303
5920,130.416,162.068,138.53466666666665,162.458355704816
5930,130.44799999999998,162.254,138.58733333333333,162.64796884130172
5940,130.48,162.44,138.64,162.8375819777874
5950,130.51333333333332,162.58066666666667,138.69866666666667,162.97606407477582
5960,130.54666666666665,162.72133333333332,138.75733333333332,163.11454617176426
5970,130.57999999999998,162.862,138.816,163.25302826875267
5980,130.61333333333332,163.00266666666667,138.87466666666666,163.3915103657411
5990,130.64666666666665,163.14333333333335,138.93333333333334,163.52999246272952
6000,130.67999999999998,163.284,138.992,163.66847455971794
6010,130.7133333333333,163.42466666666667,139.05066666666667,163.80695665670638
6020,130.74666666666667,163.56533333333334,139.10933333333332,163.9454387536948
6030,130.78,163.70600000000002,139.168,164.08392085068323
6040,130.81333333333333,163.84666666666666,139.22666666666666,164.22240294767164
6050,130.84666666666666,163.98733333333334,139.28533333333334,164.36088504466005
6060,130.88,164.12800000000001,139.344,164.4993671416485
6070,130.91333333333333,164.2686666666667,139.40266666666668,164.6378492386369
6080,130.94666666666666,164.40933333333334,139.46133333333333,164.77633133562534
6090,130.98,164.55,139.52,164.91481343261376
6100,131.01466666666667,164.56133333333335,139.56466666666668,164.9257829629455
6110,131.04933333333332,164.57266666666666,139.60933333333335,164.93675249327725
6120,131.084,164.584,139.654,164.947722023609
6130,131.11866666666666,164.59533333333334,139.69866666666667,164.95869155394072
6140,131.15333333333334,164.60666666666668,139.74333333333334,164.96966108427247
6150,131.188,164.618,139.788,164.98063061460422
6160,131.22266666666667,164.62933333333334,139.83266666666668,164.99160014493597
6170,131.25733333333332,164.64066666666668,139.87733333333333,165.00256967526772
6180,131.292,164.65200000000002,139.922,165.01353920559947
6190,131.32666666666665,164.66333333333333,139.96666666666667,165.02450873593122
6200,131.36133333333333,164.67466666666667,140.01133333333334,165.03547826626297
6210,131.396,164.686,140.056,165.0464477965947
6220,131.43066666666667,164.69733333333335,140.10066666666665,165.05741732692644
6230,131.46533333333332,164.70866666666666,140.14533333333333,165.0683868572582
6240,131.5,164.72,140.19,165.07935638758994
6250,131.53533333333334,164.782,140.23666666666665,165.1407689678286
6260,131.57066666666665,164.844,140.28333333333333,165.20218154806724
6270,131.606,164.906,140.32999999999998,165.2635941283059
6280,131.64133333333334,164.968,140.37666666666667,165.32500670854455
6290,131.67666666666668,165.03,140.42333333333332,165.3864192887832
6300,131.712,165.092,140.47,165.44783186902185
6310,131.74733333333333,165.154,140.51666666666665,165.5092444492605
6320,131.78266666666667,165.216,140.56333333333333,165.57065702949916
6330,131.818,165.278,140.60999999999999,165.6320696097378
6340,131.85333333333332,165.34,140.65666666666667,165.69348218997646
6350,131.88866666666667,165.40200000000002,140.70333333333332,165.75489477021512
6360,131.924,165.464,140.75,165.81630735045377
6370,131.95933333333335,165.526,140.79666666666665,165.87771993069242
6380,131.99466666666666,165.588,140.84333333333333,165.93913251093107
6390,132.03,165.65,140.89,166.00054509116973
6400,132.06666666666666,165.71800000000002,140.93533333333332,166.0711017937643
6410,132.10333333333332,165.786,140.98066666666665,166.1416584963589
6420,132.14000000000001,165.854,141.02599999999998,166.21221519895346
6430,132.17666666666668,165.922,141.0713333333333,166.28277190154805
6440,132.21333333333334,165.99,141.11666666666665,166.35332860414263
6450,132.25,166.058,141.16199999999998,166.42388530673722
6460,132.28666666666666,166.126,141.2073333333333,166.4944420093318
6470,132.32333333333335,166.194,141.25266666666667,166.56499871192636
6480,132.36,166.262,141.298,166.63555541452095
6490,132.39666666666668,166.32999999999998,141.34333333333333,166.70611211711554
6500,132.43333333333334,166.398,141.38866666666667,166.77666881971012
6510,132.47,166.46599999999998,141.434,166.8472255223047
6520,132.5066666666667,166.534,141.47933333333333,166.91778222489927
6530,132.54333333333335,166.60199999999998,141.52466666666666,166.98833892749386
6540,132.58,166.67,141.57,167.05889563008844
6550,132.61733333333333,166.78799999999998,141.62266666666667,167.17762269544008
6560,132.65466666666669,166.90599999999998,141.67533333333333,167.2963497607917
6570,132.692,167.024,141.728,167.41507682614332
6580,132.72933333333333,167.142,141.78066666666666,167.53380389149495
6590,132.76666666666668,167.26,141.83333333333334,167.6525309568466
6600,132.804,167.378,141.886,167.77125802219823
6610,132.84133333333332,167.49599999999998,141.93866666666668,167.88998508754986
6620,132.87866666666667,167.614,141.99133333333333,168.00871215290147
6630,132.916,167.732,142.044,168.1274392182531
6640,132.95333333333332,167.85,142.09666666666666,168.24616628360474
6650,132.99066666666667,167.968,142.14933333333335,168.36489334895637
6660,133.028,168.08599999999998,142.202,168.483620414308
6670,133.0653333333333,168.204,142.25466666666668,168.6023474796596
6680,133.10266666666666,168.322,142.30733333333333,168.72107454501125
6690,133.14,168.44,142.36,168.83980161036288
6700,133.178,168.53933333333333,142.412,168.93910598867313
6710,133.21599999999998,168.63866666666667,142.464,169.03841036698338
6720,133.254,168.738,142.51600000000002,169.13771474529364
6730,133.292,168.83733333333333,142.568,169.23701912360391
6740,133.32999999999998,168.93666666666667,142.62,169.33632350191417
6750,133.368,169.036,142.672,169.43562788022442
6760,133.406,169.13533333333334,142.724,169.53493225853467
6770,133.444,169.23466666666667,142.776,169.63423663684492
6780,133.482,169.334,142.828,169.73354101515517
6790,133.52,169.43333333333334,142.88,169.83284539346542
6800,133.558,169.53266666666667,142.932,169.93214977177567
6810,133.596,169.632,142.98399999999998,170.03145415008595
6820,133.63400000000001,169.73133333333334,143.036,170.1307585283962
6830,133.672,169.83066666666667,143.088,170.23006290670645
6840,133.71,169.93,143.14,170.3293672850167
6850,133.74866666666668,169.99200000000002,143.19,170.39030877015196
6860,133.78733333333335,170.054,143.23999999999998,170.45125025528722
6870,133.826,170.116,143.29,170.51219174042248
6880,133.86466666666666,170.178,143.33999999999997,170.5731332255577
6890,133.90333333333334,170.24,143.39,170.63407471069297
6900,133.942,170.30200000000002,143.44,170.69501619582823
6910,133.98066666666668,170.364,143.48999999999998,170.7559576809635
6920,134.01933333333332,170.42600000000002,143.54,170.81689916609875
6930,134.058,170.488,143.58999999999997,170.877840651234
6940,134.09666666666666,170.55,143.64,170.93878213636927
6950,134.13533333333334,170.61200000000002,143.69,170.99972362150453
6960,134.174,170.674,143.73999999999998,171.06066510663976
6970,134.21266666666665,170.73600000000002,143.79,171.12160659177502
6980,134.25133333333332,170.798,143.83999999999997,171.18254807691028
6990,134.29,170.86,143.89,171.24348956204554
7000,134.32866666666666,170.92333333333335,143.93733333333333,171.30770567015963
7010,134.36733333333333,170.98666666666668,143.98466666666664,171.3719217782737
7020,134.406,171.05,144.03199999999998,171.4361378863878
7030,134.44466666666665,171.11333333333334,144.07933333333332,171.5003539945019
7040,134.48333333333332,171.17666666666668,144.12666666666667,171.564570102616
7050,134.522,171.24,144.17399999999998,171.62878621073006
7060,134.56066666666666,171.30333333333334,144.22133333333332,171.69300231884415
7070,134.59933333333333,171.36666666666667,144.26866666666666,171.75721842695825
7080,134.638,171.43,144.316,171.82143453507234
7090,134.67666666666668,171.49333333333334,144.36333333333332,171.8856506431864
7100,134.71533333333335,171.55666666666667,144.41066666666666,171.9498667513005
7110,134.754,171.62,144.458,172.0140828594146
7120,134.79266666666666,171.68333333333334,144.50533333333334,172.0782989675287
7130,134.83133333333333,171.74666666666667,144.55266666666665,172.14251507564276
7140,134.87,171.81,144.6,172.20673118375686
7150,134.91,171.986,144.658,172.38802486052094
7160,134.95000000000002,172.162,144.716,172.569318537285
7170,134.99,172.338,144.774,172.75061221404908
7180,135.03,172.514,144.832,172.93190589081314
7190,135.07,172.69,144.89,173.11319956757723
7200,135.11,172.86599999999999,144.948,173.2944932443413
7210,135.15,173.042,145.006,173.47578692110537
7220,135.19,173.218,145.064,173.65708059786945
7230,135.23,173.394,145.12199999999999,173.8383742746335
7240,135.27,173.57,145.18,174.0196679513976
7250,135.31,173.74599999999998,145.238,174.20096162816168
7260,135.35,173.922,145.296,174.38225530492574
7270,135.39,174.09799999999998,145.35399999999998,174.56354898168982
7280,135.43,174.274,145.412,174.74484265845388
7290,135.47,174.45,145.47,174.92613633521796
7300,135.51133333333334,174.41066666666666,145.52,174.87566020055033
7310,135.55266666666665,174.37133333333333,145.57,174.8251840658827
7320,135.594,174.332,145.62,174.7747079312151
7330,135.63533333333334,174.29266666666666,145.67,174.72423179654746
7340,135.67666666666668,174.25333333333333,145.72,174.67375566187982
7350,135.718,174.214,145.77,174.6232795272122
7360,135.75933333333333,174.17466666666667,145.82,174.57280339254456
7370,135.80066666666667,174.13533333333334,145.87,174.52232725787695
7380,135.842,174.096,145.92,174.47185112320932
7390,135.88333333333333,174.05666666666667,145.97,174.4213749885417
7400,135.92466666666667,174.01733333333334,146.02,174.37089885387405
7410,135.966,173.978,146.07,174.32042271920642
7420,136.00733333333335,173.93866666666668,146.12,174.26994658453881
7430,136.04866666666666,173.89933333333335,146.17,174.21947044987118
7440,136.09,173.86,146.22,174.16899431520355
7450,136.13133333333334,174.04600000000002,146.27133333333333,174.36909496856302
7460,136.17266666666666,174.232,146.32266666666666,174.5691956219225
7470,136.214,174.418,146.374,174.76929627528196
7480,136.25533333333334,174.604,146.42533333333333,174.96939692864143
7490,136.29666666666668,174.79000000000002,146.47666666666666,175.1694975820009
7500,136.338,174.976,146.528,175.36959823536037
7510,136.37933333333334,175.162,146.57933333333332,175.56969888871984
7520,136.42066666666668,175.348,146.63066666666668,175.76979954207928
7530,136.46200000000002,175.53400000000002,146.68200000000002,175.96990019543875
7540,136.50333333333333,175.72,146.73333333333335,176.17000084879822
7550,136.54466666666667,175.906,146.78466666666668,176.3701015021577
7560,136.586,176.092,146.836,176.57020215551717
7570,136.62733333333335,176.27800000000002,146.88733333333334,176.77030280887664
7580,136.66866666666667,176.464,146.93866666666668,176.9704034622361
7590,136.71,176.65,146.99,177.17050411559558
7600,136.752,176.734,147.05266666666668,177.24650612092748
7610,136.794,176.818,147.11533333333335,177.32250812625938
7620,136.836,176.90200000000002,147.178,177.39851013159128
7630,136.87800000000001,176.986,147.24066666666667,177.47451213692318
7640,136.92000000000002,177.07,147.30333333333334,177.55051414225508
7650,136.96200000000002,177.154,147.366,177.62651614758698
7660,137.00400000000002,177.238,147.4286666666667,177.70251815291888
7670,137.046,177.322,147.49133333333333,177.77852015825076
7680,137.088,177.406,147.554,177.85452216358266
7690,137.13,177.49,147.61666666666667,177.93052416891456
7700,137.172,177.574,147.67933333333335,178.00652617424646
7710,137.214,177.658,147.74200000000002,178.08252817957836
7720,137.256,177.742,147.80466666666666,178.15853018491026
7730,137.298,177.826,147.86733333333333,178.23453219024216
7740,137.34,177.91,147.93,178.31053419557406
7750,137.38333333333333,177.99333333333334,147.984,178.3973012883004
7760,137.42666666666668,178.07666666666665,148.038,178.48406838102673
7770,137.47,178.16,148.092,178.57083547375308
7780,137.51333333333335,178.24333333333334,148.14600000000002,178.6576025664794
7790,137.55666666666667,178.32666666666665,148.20000000000002,178.74436965920574
7800,137.6,178.41,148.25400000000002,178.8311367519321
7810,137.64333333333335,178.49333333333334,148.30800000000002,178.9179038446584
7820,137.68666666666667,178.57666666666665,148.362,179.00467093738476
7830,137.73000000000002,178.66,148.416,179.09143803011108
7840,137.77333333333334,178.74333333333334,148.47,179.17820512283743
7850,137.81666666666666,178.82666666666665,148.524,179.26497221556377
7860,137.86,178.91,148.578,179.3517393082901
7870,137.90333333333334,178.99333333333334,148.632,179.43850640101644
7880,137.9466666666667,179.07666666666665,148.686,179.52527349374276
7890,137.99,179.16,148.74,179.6120405864691
7900,138.03400000000002,179.11133333333333,148.786,179.55656275231178
7910,138.078,179.06266666666667,148.83200000000002,179.50108491815442
7920,138.122,179.014,148.87800000000001,179.4456070839971
7930,138.166,178.96533333333332,148.924,179.39012924983973
7940,138.21,178.91666666666666,148.97,179.3346514156824
7950,138.25400000000002,178.868,149.01600000000002,179.27917358152504
7960,138.298,178.81933333333333,149.062,179.2236957473677
7970,138.342,178.77066666666667,149.108,179.16821791321036
7980,138.386,178.722,149.154,179.11274007905303
7990,138.43,178.67333333333335,149.20000000000002,179.05726224489567
8000,138.47400000000002,178.62466666666668,149.246,179.00178441073834
8010,138.518,178.576,149.292,178.94630657658098
8020,138.562,178.52733333333333,149.338,178.89082874242365
8030,138.606,178.47866666666667,149.38400000000001,178.8353509082663
8040,138.65,178.43,149.43,178.77987307410896
8050,138.69466666666668,178.54000000000002,149.47933333333333,178.89626148229817
8060,138.73933333333335,178.65,149.52866666666668,179.01264989048738
8070,138.784,178.76000000000002,149.578,179.1290382986766
8080,138.82866666666666,178.87,149.62733333333333,179.2454267068658
8090,138.87333333333333,178.98000000000002,149.67666666666668,179.361815115055
8100,138.918,179.09,149.726,179.47820352324422
8110,138.96266666666668,179.20000000000002,149.77533333333332,179.59459193143343
8120,139.00733333333332,179.31,149.82466666666667,179.7109803396226
8130,139.052,179.42000000000002,149.874,179.82736874781182
8140,139.09666666666666,179.53,149.92333333333332,179.94375715600103
8150,139.14133333333334,179.64000000000001,149.97266666666667,180.06014556419024
8160,139.186,179.75,150.022,180.17653397237945
8170,139.23066666666665,179.86,150.0713333333333,180.29292238056865
8180,139.27533333333332,179.97,150.12066666666666,180.40931078875786
8190,139.32,180.08,150.17,180.52569919694707
8200,139.36533333333333,180.1906666666667,150.22733333333332,180.63704847067493
8210,139.41066666666666,180.30133333333333,150.28466666666665,180.74839774440275
8220,139.456,180.412,150.34199999999998,180.8597470181306
8230,139.50133333333332,180.52266666666668,150.39933333333332,180.97109629185843
8240,139.54666666666665,180.63333333333335,150.45666666666665,181.08244556558628
8250,139.59199999999998,180.744,150.51399999999998,181.1937948393141
8260,139.63733333333332,180.85466666666667,150.5713333333333,181.30514411304196
8270,139.68266666666668,180.96533333333335,150.62866666666667,181.4164933867698
8280,139.728,181.07600000000002,150.686,181.52784266049764
8290,139.77333333333334,181.18666666666667,150.74333333333334,181.63919193422547
8300,139.81866666666667,181.29733333333334,150.80066666666667,181.75054120795332
8310,139.864,181.40800000000002,150.858,181.86189048168114
8320,139.90933333333334,181.5186666666667,150.91533333333334,181.973239755409
8330,139.95466666666667,181.62933333333334,150.97266666666667,182.08458902913682
8340,140.0,181.74,151.03,182.19593830286468
8350,140.046,181.86866666666668,151.09066666666666,182.3257768513801
8360,140.092,181.99733333333333,151.15133333333333,182.45561539989552
8370,140.138,182.126,151.212,182.58545394841096
8380,140.184,182.25466666666668,151.27266666666668,182.7152924969264
8390,140.23,182.38333333333333,151.33333333333334,182.8451310454418
8400,140.276,182.512,151.394,182.97496959395724
8410,140.322,182.64066666666668,151.45466666666667,183.10480814247268
8420,140.368,182.76933333333332,151.51533333333333,183.2346466909881
8430,140.414,182.898,151.576,183.36448523950352
8440,140.46,183.02666666666667,151.63666666666666,183.49432378801896
8450,140.506,183.15533333333332,151.69733333333332,183.62416233653437
8460,140.552,183.284,151.758,183.7540008850498
8470,140.59799999999998,183.41266666666667,151.81866666666667,183.88383943356524
8480,140.644,183.5413333333333,151.87933333333334,184.01367798208065
8490,140.69,183.67,151.94,184.1435165305961
8500,140.73666666666665,183.62199999999999,151.98733333333334,184.08926871536633
8510,140.78333333333333,183.57399999999998,152.03466666666665,184.03502090013654
8520,140.82999999999998,183.52599999999998,152.082,183.9807730849068
8530,140.87666666666667,183.47799999999998,152.12933333333334,183.926525269677
8540,140.92333333333332,183.42999999999998,152.17666666666668,183.87227745444724
8550,140.97,183.38199999999998,152.224,183.81802963921746
8560,141.01666666666665,183.33399999999997,152.27133333333333,183.7637818239877
8570,141.06333333333333,183.286,152.31866666666667,183.7095340087579
8580,141.10999999999999,183.238,152.366,183.65528619352816
8590,141.15666666666667,183.19,152.41333333333333,183.60103837829837
8600,141.20333333333332,183.142,152.46066666666667,183.5467905630686
8610,141.25,183.094,152.508,183.49254274783883
8620,141.29666666666665,183.046,152.55533333333335,183.43829493260907
8630,141.34333333333333,182.998,152.60266666666666,183.38404711737928
8640,141.39,182.95,152.65,183.32979930214952
8650,141.43733333333333,183.164,152.71333333333334,183.5512425217504
8660,141.48466666666664,183.378,152.77666666666667,183.77268574135127
8670,141.53199999999998,183.59199999999998,152.84,183.9941289609521
8680,141.57933333333332,183.80599999999998,152.90333333333334,184.21557218055298
8690,141.62666666666667,184.01999999999998,152.96666666666667,184.43701540015385
8700,141.67399999999998,184.23399999999998,153.03,184.65845861975473
8710,141.72133333333332,184.44799999999998,153.09333333333333,184.8799018393556
8720,141.76866666666666,184.662,153.15666666666667,185.10134505895644
8730,141.816,184.876,153.22,185.3227882785573
8740,141.86333333333332,185.09,153.28333333333333,185.54423149815818
8750,141.91066666666666,185.304,153.34666666666666,185.76567471775905
8760,141.958,185.518,153.41,185.98711793735993
8770,142.00533333333334,185.732,153.47333333333333,186.20856115696077
8780,142.05266666666665,185.946,153.53666666666666,186.43000437656164
8790,142.1,186.16,153.6,186.6514475961625
8800,142.148,186.14533333333333,153.652,186.6342670389295
8810,142.196,186.13066666666666,153.704,186.61708648169648
8820,142.244,186.11599999999999,153.756,186.59990592446343
8830,142.292,186.10133333333334,153.808,186.5827253672304
8840,142.34,186.08666666666667,153.85999999999999,186.5655448099974
8850,142.388,186.072,153.912,186.54836425276437
8860,142.436,186.05733333333333,153.964,186.53118369553135
8870,142.48399999999998,186.04266666666666,154.016,186.5140031382983
8880,142.53199999999998,186.028,154.06799999999998,186.4968225810653
8890,142.57999999999998,186.01333333333332,154.12,186.47964202383227
8900,142.628,185.99866666666665,154.172,186.46246146659925
8910,142.676,185.984,154.224,186.44528090936623
8920,142.724,185.96933333333334,154.27599999999998,186.42810035213319
8930,142.772,185.95466666666667,154.328,186.41091979490017
8940,142.82,185.94,154.38,186.39373923766715
8950,142.86866666666666,186.10333333333332,154.442,186.5601206737196
8960,142.91733333333332,186.26666666666665,154.504,186.72650210977207
8970,142.966,186.43,154.566,186.89288354582456
8980,143.01466666666667,186.59333333333333,154.628,187.05926498187702
8990,143.06333333333333,186.75666666666666,154.69,187.22564641792948
9000,143.112,186.92,154.752,187.39202785398194
9010,143.16066666666666,187.08333333333331,154.814,187.5584092900344
9020,143.20933333333335,187.24666666666667,154.876,187.7247907260869
9030,143.258,187.41,154.938,187.89117216213936
9040,143.30666666666667,187.57333333333332,155.0,188.05755359819182
9050,143.35533333333333,187.73666666666665,155.062,188.22393503424428
9060,143.404,187.89999999999998,155.124,188.39031647029674
9070,143.4526666666667,188.06333333333333,155.186,188.55669790634923
9080,143.50133333333335,188.22666666666666,155.248,188.7230793424017
9090,143.55,188.39,155.31,188.88946077845415
9100,143.59866666666667,188.50466666666665,155.37466666666666,189.00337272000704
9110,143.64733333333334,188.61933333333332,155.43933333333334,189.1172846615599
9120,143.696,188.73399999999998,155.504,189.23119660311278
9130,143.7446666666667,188.84866666666667,155.56866666666667,189.34510854466566
9140,143.79333333333335,188.96333333333334,155.63333333333333,189.45902048621852
9150,143.842,189.078,155.698,189.5729324277714
9160,143.89066666666668,189.19266666666667,155.76266666666666,189.6868443693243
9170,143.93933333333334,189.30733333333333,155.82733333333334,189.80075631087715
9180,143.988,189.422,155.892,189.91466825243003
9190,144.03666666666666,189.53666666666666,155.95666666666668,190.02858019398292
9200,144.08533333333332,189.65133333333333,156.02133333333333,190.14249213553578
9210,144.13400000000001,189.76600000000002,156.086,190.25640407708866
9220,144.18266666666668,189.88066666666668,156.15066666666667,190.37031601864155
9230,144.23133333333334,189.99533333333335,156.21533333333335,190.4842279601944
9240,144.28,190.11,156.28,190.5981399017473
9250,144.33,190.1846666666667,156.34066666666666,190.6738953163462
9260,144.38,190.25933333333333,156.40133333333333,190.74965073094515
9270,144.43,190.334,156.462,190.82540614554406
9280,144.48,190.40866666666668,156.52266666666668,190.901161560143
9290,144.53,190.48333333333335,156.58333333333334,190.97691697474193
9300,144.58,190.558,156.644,191.05267238934084
9310,144.63,190.63266666666667,156.70466666666667,191.1284278039398
9320,144.68,190.70733333333334,156.76533333333333,191.2041832185387
9330,144.73,190.782,156.826,191.27993863313765
9340,144.78,190.85666666666665,156.88666666666666,191.35569404773656
9350,144.83,190.93133333333333,156.94733333333332,191.43144946233548
9360,144.88,191.006,157.008,191.50720487693442
9370,144.93,191.08066666666667,157.06866666666667,191.58296029153334
9380,144.98,191.15533333333332,157.12933333333334,191.65871570613228
9390,145.03,191.23,157.19,191.7344711207312
9400,145.08,191.352,157.25533333333334,191.85640600640795
9410,145.13,191.474,157.32066666666665,191.97834089208467
9420,145.18,191.596,157.386,192.10027577776142
9430,145.23,191.718,157.45133333333334,192.22221066343818
9440,145.28,191.84,157.51666666666665,192.3441455491149
9450,145.33,191.962,157.582,192.46608043479165
9460,145.38,192.084,157.64733333333334,192.5880153204684
9470,145.43,192.206,157.71266666666665,192.70995020614512
9480,145.48,192.328,157.778,192.83188509182187
9490,145.53,192.45,157.84333333333333,192.95381997749863
9500,145.58,192.572,157.90866666666665,193.07575486317535
9510,145.63,192.694,157.974,193.1976897488521
9520,145.68,192.816,158.03933333333333,193.31962463452885
9530,145.73,192.938,158.10466666666665,193.44155952020557
9540,145.78,193.06,158.17,193.56349440588232
9550,145.83133333333333,193.11,158.2313333333333,193.61078076973388
9560,145.88266666666667,193.16,158.29266666666666,193.65806713358546
9570,145.934,193.21,158.35399999999998,193.70535349743702
9580,145.98533333333333,193.26,158.41533333333334,193.7526398612886
9590,146.03666666666666,193.31,158.47666666666666,193.79992622514015
9600,146.088,193.36,158.53799999999998,193.84721258899174
9610,146.13933333333333,193.41,158.59933333333333,193.8944989528433
9620,146.1906666666667,193.46,158.66066666666666,193.94178531669488
9630,146.24200000000002,193.51,158.722,193.98907168054643
9640,146.29333333333335,193.56,158.78333333333333,194.036358044398
9650,146.34466666666668,193.61,158.84466666666665,194.08364440824957
9660,146.39600000000002,193.66,158.906,194.13093077210115
9670,146.44733333333335,193.71,158.96733333333333,194.1782171359527
9680,146.49866666666668,193.76,159.02866666666668,194.2255034998043
9690,146.55,193.81,159.09,194.27278986365585
9700,146.60133333333334,193.83333333333334,159.14333333333335,194.29805366572853
9710,146.65266666666668,193.85666666666665,159.19666666666666,194.32331746780122
9720,146.704,193.88,159.25,194.3485812698739
9730,146.75533333333334,193.90333333333334,159.30333333333334,194.3738450719466
9740,146.80666666666667,193.92666666666668,159.35666666666665,194.39910887401928
9750,146.858,193.95,159.41,194.42437267609196
9760,146.90933333333334,193.97333333333333,159.46333333333334,194.44963647816465
9770,146.96066666666667,193.99666666666667,159.51666666666665,194.4749002802373
9780,147.012,194.02,159.57,194.50016408231
9790,147.06333333333333,194.04333333333332,159.62333333333333,194.52542788438268
9800,147.11466666666666,194.06666666666666,159.67666666666665,194.55069168645537
9810,147.166,194.09,159.73,194.57595548852805
9820,147.21733333333333,194.11333333333334,159.78333333333333,194.60121929060074
9830,147.26866666666666,194.13666666666666,159.83666666666664,194.62648309267342
9840,147.32,194.16,159.89,194.6517468947461
9850,147.37266666666667,194.25466666666665,159.952,194.74539832982936
9860,147.42533333333333,194.34933333333333,160.01399999999998,194.83904976491257
9870,147.478,194.444,160.076,194.93270119999582
9880,147.53066666666666,194.53866666666667,160.13799999999998,195.02635263507906
9890,147.58333333333334,194.63333333333333,160.2,195.12000407016228
9900,147.636,194.728,160.262,195.21365550524553
9910,147.68866666666668,194.82266666666666,160.32399999999998,195.30730694032877
9920,147.74133333333333,194.91733333333335,160.386,195.400958375412
9930,147.794,195.012,160.44799999999998,195.49460981049523
9940,147.84666666666666,195.10666666666668,160.51,195.58826124557848
9950,147.89933333333335,195.20133333333334,160.572,195.6819126806617
9960,147.952,195.29600000000002,160.634,195.77556411574494
9970,148.00466666666668,195.39066666666668,160.696,195.8692155508282
9980,148.05733333333333,195.48533333333336,160.75799999999998,195.9628669859114
9990,148.11,195.58,160.82,196.05651842099465
10000,148.16400000000002,195.60333333333335,160.874,196.07930837486282
10010,148.21800000000002,195.62666666666667,160.928,196.10209832873102
10020,148.27200000000002,195.65,160.982,196.1248882825992
10030,148.326,195.67333333333335,161.036,196.14767823646736
10040,148.38,195.6966666666667,161.09,196.17046819033553
10050,148.434,195.72,161.144,196.19325814420372
10060,148.488,195.74333333333334,161.198,196.2160480980719
10070,148.542,195.76666666666668,161.25199999999998,196.23883805194006
10080,148.596,195.79000000000002,161.30599999999998,196.26162800580823
10090,148.65,195.81333333333333,161.35999999999999,196.28441795967643
10100,148.704,195.83666666666667,161.414,196.3072079135446
10110,148.75799999999998,195.86,161.468,196.32999786741277
10120,148.81199999999998,195.88333333333335,161.522,196.35278782128094
10130,148.86599999999999,195.90666666666667,161.576,196.37557777514914
10140,148.92,195.93,161.63,196.3983677290173
10150,148.974,196.062,161.69066666666666,196.53567053177818
10160,149.028,196.19400000000002,161.75133333333332,196.67297333453905
10170,149.082,196.326,161.81199999999998,196.81027613729992
10180,149.136,196.458,161.87266666666667,196.94757894006077
10190,149.19,196.59,161.93333333333334,197.08488174282164
10200,149.244,196.722,161.994,197.2221845455825
10210,149.298,196.854,162.05466666666666,197.35948734834338
10220,149.35199999999998,196.986,162.11533333333333,197.49679015110425
10230,149.40599999999998,197.118,162.176,197.63409295386512
10240,149.45999999999998,197.25,162.23666666666665,197.771395756626
10250,149.51399999999998,197.382,162.2973333333333,197.90869855938686
10260,149.56799999999998,197.514,162.358,198.0460013621477
10270,149.62199999999999,197.646,162.41866666666667,198.18330416490858
10280,149.676,197.778,162.47933333333333,198.32060696766945
10290,149.73,197.91,162.54,198.45790977043032
10300,149.784,198.046,162.61133333333333,198.59154497848726
10310,149.838,198.182,162.68266666666665,198.7251801865442
10320,149.892,198.31799999999998,162.754,198.85881539460115
10330,149.946,198.454,162.82533333333333,198.9924506026581
10340,150.0,198.59,162.89666666666668,199.12608581071504
10350,150.054,198.726,162.968,199.25972101877198
10360,150.108,198.862,163.03933333333333,199.39335622682893
10370,150.16199999999998,198.998,163.11066666666667,199.52699143488587
10380,150.21599999999998,199.134,163.18200000000002,199.66062664294282
10390,150.26999999999998,199.26999999999998,163.25333333333333,199.79426185099976
10400,150.32399999999998,199.40599999999998,163.32466666666667,199.9278970590567
10410,150.378,199.542,163.39600000000002,200.06153226711365
10420,150.432,199.678,163.46733333333336,200.1951674751706
10430,150.486,199.814,163.53866666666667,200.32880268322754
10440,150.54,199.95,163.61,200.46243789128448
10450,150.59533333333331,200.00066666666666,163.67066666666668,200.51296037200413
10460,150.65066666666667,200.05133333333333,163.73133333333334,200.5634828527238
10470,150.706,200.102,163.792,200.61400533344346
10480,150.76133333333334,200.15266666666665,163.8526666666667,200.66452781416314
10490,150.81666666666666,200.20333333333332,163.91333333333336,200.7150502948828
10500,150.87199999999999,200.254,163.97400000000002,200.76557277560244
10510,150.92733333333334,200.30466666666666,164.03466666666668,200.81609525632211
10520,150.98266666666666,200.35533333333333,164.09533333333334,200.86661773704176
10530,151.038,200.406,164.156,200.91714021776144
10540,151.09333333333333,200.45666666666668,164.21666666666667,200.9676626984811
10550,151.14866666666666,200.50733333333335,164.27733333333333,201.01818517920074
10560,151.204,200.558,164.33800000000002,201.06870765992042
10570,151.25933333333333,200.60866666666666,164.39866666666668,201.11923014064007
10580,151.31466666666668,200.65933333333334,164.45933333333335,201.16975262135975
10590,151.37,200.71,164.52,201.2202751020794
10600,151.42533333333333,200.82666666666668,164.586,201.33949729686594
10610,151.48066666666668,200.94333333333333,164.65200000000002,201.4587194916525
10620,151.536,201.06,164.71800000000002,201.577941686439
10630,151.59133333333332,201.17666666666668,164.784,201.69716388122555
10640,151.64666666666668,201.29333333333335,164.85,201.8163860760121
10650,151.702,201.41,164.916,201.93560827079864
10660,151.75733333333332,201.52666666666667,164.982,202.05483046558518
10670,151.81266666666667,201.64333333333335,165.048,202.1740526603717
10680,151.868,201.76000000000002,165.114,202.29327485515824
10690,151.92333333333332,201.87666666666667,165.18,202.4124970499448
10700,151.97866666666667,201.99333333333334,165.246,202.53171924473133
10710,152.034,202.11,165.31199999999998,202.65094143951788
10720,152.08933333333331,202.2266666666667,165.378,202.7701636343044
10730,152.14466666666667,202.34333333333333,165.444,202.88938582909094
10740,152.2,202.46,165.51,203.00860802387749
10750,152.2553333333333,202.55866666666668,165.578,203.1055866579857
10760,152.31066666666666,202.65733333333333,165.646,203.20256529209394
10770,152.36599999999999,202.756,165.714,203.29954392620215
10780,152.42133333333334,202.85466666666667,165.78199999999998,203.3965225603104
10790,152.47666666666666,202.95333333333335,165.85,203.4935011944186
10800,152.53199999999998,203.052,165.918,203.59047982852684
10810,152.58733333333333,203.15066666666667,165.986,203.68745846263505
10820,152.64266666666666,203.24933333333334,166.054,203.7844370967433
10830,152.698,203.348,166.12199999999999,203.8814157308515
10840,152.75333333333333,203.44666666666666,166.19,203.97839436495974
10850,152.80866666666665,203.54533333333333,166.258,204.07537299906795
10860,152.864,203.644,166.326,204.1723516331762
10870,152.91933333333333,203.74266666666668,166.394,204.2693302672844
10880,152.97466666666668,203.84133333333332,166.462,204.36630890139264
10890,153.03,203.94,166.53,204.46328753550085
10900,153.08666666666667,204.00466666666665,166.594,204.52784583413765
10910,153.14333333333335,204.06933333333333,166.65800000000002,204.59240413277442
10920,153.2,204.134,166.722,204.65696243141122
10930,153.25666666666666,204.19866666666667,166.786,204.721520730048
10940,153.31333333333333,204.26333333333332,166.85,204.7860790286848
10950,153.37,204.328,166.91400000000002,204.85063732732158
10960,153.42666666666668,204.39266666666666,166.978,204.91519562595838
10970,153.48333333333332,204.45733333333334,167.042,204.97975392459517
10980,153.54,204.522,167.106,205.04431222323197
10990,153.59666666666666,204.58666666666667,167.17000000000002,205.10887052186874
11000,153.65333333333334,204.65133333333333,167.234,205.17342882050553
11010,153.71,204.716,167.298,205.23798711914233
11020,153.76666666666665,204.78066666666666,167.362,205.30254541777913
11030,153.82333333333332,204.84533333333334,167.42600000000002,205.3671037164159
11040,153.88,204.91,167.49,205.4316620150527
11050,153.93733333333333,205.028,167.55733333333333,205.55206698932224
11060,153.99466666666666,205.146,167.62466666666668,205.67247196359182
11070,154.052,205.264,167.692,205.79287693786137
11080,154.10933333333332,205.382,167.75933333333333,205.91328191213094
11090,154.16666666666666,205.5,167.82666666666668,206.0336868864005
11100,154.224,205.618,167.894,206.15409186067006
11110,154.28133333333332,205.736,167.96133333333333,206.2744968349396
11120,154.33866666666668,205.854,168.02866666666668,206.3949018092092
11130,154.39600000000002,205.972,168.096,206.51530678347874
11140,154.45333333333335,206.09,168.16333333333333,206.6357117577483
11150,154.51066666666668,206.208,168.23066666666668,206.75611673201786
11160,154.568,206.326,168.298,206.87652170628743
11170,154.62533333333334,206.44400000000002,168.36533333333333,206.99692668055698
11180,154.68266666666668,206.562,168.43266666666668,207.11733165482656
11190,154.74,206.68,168.5,207.2377366290961
11200,154.79733333333334,206.76600000000002,168.56866666666667,207.32254784722267
11210,154.85466666666667,206.852,168.63733333333334,207.40735906534923
11220,154.912,206.93800000000002,168.706,207.4921702834758
11230,154.96933333333334,207.024,168.77466666666666,207.57698150160235
11240,155.02666666666667,207.11,168.84333333333333,207.6617927197289
11250,155.084,207.196,168.912,207.74660393785547
11260,155.14133333333334,207.282,168.98066666666668,207.83141515598203
11270,155.19866666666667,207.368,169.04933333333332,207.9162263741086
11280,155.256,207.454,169.118,208.00103759223515
11290,155.31333333333333,207.54,169.18666666666667,208.0858488103617
11300,155.37066666666666,207.626,169.25533333333334,208.17066002848827
11310,155.428,207.712,169.324,208.25547124661483
11320,155.48533333333333,207.798,169.39266666666666,208.3402824647414
11330,155.54266666666666,207.884,169.46133333333333,208.42509368286795
11340,155.6,207.97,169.53,208.5099049009945
11350,155.65866666666665,208.01266666666666,169.59333333333333,208.5514791553085
11360,155.71733333333333,208.05533333333332,169.65666666666667,208.59305340962248
11370,155.77599999999998,208.098,169.72,208.63462766393644
11380,155.83466666666666,208.14066666666668,169.78333333333333,208.67620191825043
11390,155.89333333333332,208.18333333333334,169.84666666666666,208.7177761725644
11400,155.952,208.226,169.91,208.7593504268784
11410,156.01066666666665,208.26866666666666,169.97333333333333,208.80092468119238
11420,156.06933333333333,208.31133333333335,170.03666666666666,208.84249893550634
11430,156.128,208.354,170.1,208.88407318982033
11440,156.18666666666667,208.39666666666668,170.16333333333333,208.9256474441343
11450,156.24533333333332,208.43933333333334,170.22666666666666,208.9672216984483
11460,156.304,208.482,170.29,209.00879595276228
11470,156.36266666666666,208.5246666666667,170.35333333333332,209.05037020707624
11480,156.42133333333334,208.56733333333335,170.41666666666666,209.09194446139023
11490,156.48,208.61,170.48,209.1335187157042
11500,156.53866666666667,208.63333333333335,170.53933333333333,209.15559477622952
11510,156.59733333333332,208.65666666666667,170.59866666666665,209.1776708367548
11520,156.656,208.68,170.658,209.1997468972801
11530,156.71466666666666,208.70333333333335,170.71733333333333,209.22182295780541
11540,156.77333333333334,208.7266666666667,170.77666666666667,209.24389901833072
11550,156.832,208.75,170.83599999999998,209.265975078856
11560,156.89066666666668,208.77333333333334,170.89533333333333,209.2880511393813
11570,156.94933333333333,208.79666666666668,170.95466666666667,209.31012719990662
11580,157.008,208.82000000000002,171.014,209.33220326043192
11590,157.06666666666666,208.84333333333333,171.07333333333332,209.3542793209572
11600,157.12533333333334,208.86666666666667,171.13266666666667,209.3763553814825
11610,157.184,208.89000000000001,171.192,209.39843144200782
11620,157.24266666666668,208.91333333333336,171.25133333333335,209.42050750253313
11630,157.30133333333333,208.93666666666667,171.31066666666666,209.4425835630584
11640,157.36,208.96,171.37,209.4646596235837
11650,157.42000000000002,209.03400000000002,171.43066666666667,209.53992201038344
11660,157.48000000000002,209.108,171.49133333333333,209.61518439718316
11670,157.54000000000002,209.18200000000002,171.552,209.69044678398288
11680,157.6,209.256,171.61266666666668,209.76570917078263
11690,157.66,209.33,171.67333333333335,209.84097155758235
11700,157.72,209.404,171.734,209.91623394438207
11710,157.78,209.478,171.79466666666667,209.9914963311818
11720,157.84,209.552,171.85533333333333,210.06675871798151
11730,157.9,209.626,171.916,210.14202110478124
11740,157.96,209.7,171.97666666666666,210.21728349158096
11750,158.02,209.774,172.03733333333332,210.29254587838068
11760,158.07999999999998,209.84799999999998,172.098,210.36780826518043
11770,158.14,209.922,172.15866666666668,210.44307065198015
11780,158.2,209.99599999999998,172.21933333333334,210.51833303877987
11790,158.26,210.07,172.28,210.5935954255796
11800,158.32,210.26066666666665,172.35333333333332,210.78991999128593
11810,158.38,210.45133333333334,172.42666666666668,210.98624455699223
11820,158.44,210.642,172.5,211.18256912269857
11830,158.5,210.83266666666665,172.57333333333332,211.3788936884049
11840,158.56,211.02333333333334,172.64666666666668,211.57521825411123
11850,158.62,211.214,172.72,211.77154281981754
11860,158.68,211.40466666666666,172.79333333333332,211.96786738552387
11870,158.73999999999998,211.59533333333334,172.86666666666667,212.1641919512302
11880,158.79999999999998,211.786,172.94,212.36051651693654
11890,158.85999999999999,211.97666666666666,173.01333333333332,212.55684108264285
11900,158.92,212.16733333333335,173.08666666666667,212.75316564834918
11910,158.98,212.358,173.16,212.94949021405552
11920,159.04,212.54866666666666,173.23333333333332,213.14581477976185
11930,159.1,212.73933333333335,173.30666666666667,213.34213934546815
11940,159.16,212.93,173.38,213.5384639111745
11950,159.22066666666666,212.85466666666667,173.438,213.45289965857103
11960,159.28133333333332,212.77933333333334,173.496,213.36733540596757
11970,159.34199999999998,212.704,173.554,213.2817711533641
11980,159.40266666666668,212.62866666666667,173.612,213.19620690076064
11990,159.46333333333334,212.55333333333334,173.67,213.11064264815718
12000,159.524,212.478,173.728,213.02507839555372
12010,159.58466666666666,212.40266666666668,173.786,212.93951414295026
12020,159.64533333333333,212.32733333333334,173.844,212.8539498903468
12030,159.706,212.252,173.902,212.76838563774334
12040,159.76666666666665,212.17666666666668,173.96,212.68282138513987
12050,159.8273333333333,212.10133333333334,174.018,212.5972571325364
12060,159.888,212.026,174.076,212.51169287993295
12070,159.94866666666667,211.95066666666668,174.134,212.4261286273295
12080,160.00933333333333,211.87533333333334,174.192,212.34056437472603
12090,160.07,211.8,174.25,212.25500012212257
12100,160.13,211.97400000000002,174.316,212.43636931820532
12110,160.19,212.148,174.382,212.6177385142881
12120,160.25,212.322,174.448,212.79910771037086
12130,160.31,212.496,174.514,212.98047690645365
12140,160.37,212.67000000000002,174.58,213.1618461025364
12150,160.43,212.844,174.64600000000002,213.34321529861916
12160,160.49,213.018,174.71200000000002,213.52458449470194
12170,160.54999999999998,213.192,174.778,213.7059536907847
12180,160.60999999999999,213.366,174.844,213.88732288686748
12190,160.67,213.54,174.91,214.06869208295024
12200,160.73,213.714,174.976,214.250061279033
12210,160.79,213.888,175.042,214.43143047511577
12220,160.85,214.062,175.108,214.61279967119853
12230,160.91,214.236,175.174,214.79416886728131
12240,160.97,214.41,175.24,214.97553806336407
12250,161.028,214.37733333333333,175.29466666666667,214.93882722843364
12260,161.086,214.34466666666665,175.34933333333333,214.90211639350318
12270,161.144,214.31199999999998,175.404,214.86540555857275
12280,161.202,214.27933333333334,175.4586666666667,214.8286947236423
12290,161.26,214.24666666666667,175.51333333333335,214.79198388871185
12300,161.318,214.214,175.568,214.7552730537814
12310,161.376,214.18133333333333,175.62266666666667,214.71856221885096
12320,161.434,214.14866666666666,175.67733333333334,214.6818513839205
12330,161.492,214.11599999999999,175.732,214.64514054899007
12340,161.55,214.08333333333331,175.78666666666666,214.6084297140596
12350,161.608,214.05066666666664,175.84133333333332,214.57171887912918
12360,161.666,214.018,175.89600000000002,214.53500804419872
12370,161.724,213.98533333333333,175.95066666666668,214.4982972092683
12380,161.782,213.95266666666666,176.00533333333334,214.46158637433783
12390,161.84,213.92,176.06,214.4248755394074
12400,161.89866666666666,214.18599999999998,176.13533333333334,214.6970349171212
12410,161.95733333333334,214.452,176.21066666666667,214.969194294835
12420,162.016,214.718,176.286,215.2413536725488
12430,162.07466666666667,214.98399999999998,176.36133333333333,215.5135130502626
12440,162.13333333333333,215.25,176.43666666666667,215.7856724279764
12450,162.192,215.516,176.512,216.0578318056902
12460,162.25066666666666,215.78199999999998,176.58733333333333,216.329991183404
12470,162.30933333333334,216.048,176.66266666666667,216.6021505611178
12480,162.368,216.314,176.738,216.8743099388316
12490,162.42666666666668,216.57999999999998,176.81333333333333,217.1464693165454
12500,162.48533333333333,216.846,176.88866666666667,217.4186286942592
12510,162.544,217.112,176.964,217.690788071973
12520,162.60266666666666,217.378,177.03933333333333,217.9629474496868
12530,162.66133333333335,217.644,177.11466666666666,218.2351068274006
12540,162.72,217.91,177.19,218.5072662051144
12550,162.778,217.97933333333333,177.25933333333333,218.57372492644208
12560,162.836,218.04866666666666,177.32866666666666,218.6401836477698
12570,162.894,218.118,177.398,218.70664236909747
12580,162.952,218.18733333333333,177.46733333333333,218.77310109042514
12590,163.01,218.25666666666666,177.53666666666666,218.83955981175282
12600,163.068,218.326,177.606,218.90601853308053
12610,163.126,218.39533333333333,177.67533333333333,218.9724772544082
12620,163.184,218.46466666666666,177.74466666666666,219.03893597573588
12630,163.242,218.534,177.814,219.10539469706356
12640,163.3,218.60333333333332,177.88333333333333,219.17185341839127
12650,163.358,218.67266666666666,177.95266666666666,219.23831213971894
12660,163.416,218.742,178.022,219.30477086104662
12670,163.474,218.81133333333332,178.09133333333332,219.3712295823743
12680,163.532,218.88066666666666,178.16066666666666,219.437688303702
12690,163.59,218.95,178.23,219.50414702502968
12700,163.64866666666666,218.98266666666666,178.29266666666666,219.536481370075
12710,163.70733333333334,219.01533333333333,178.35533333333333,219.56881571512034
12720,163.766,219.048,178.41799999999998,219.60115006016565
12730,163.82466666666667,219.08066666666664,178.48066666666665,219.633484405211
12740,163.88333333333333,219.11333333333332,178.54333333333332,219.6658187502563
12750,163.942,219.146,178.606,219.69815309530162
12760,164.00066666666666,219.17866666666666,178.66866666666667,219.73048744034696
12770,164.05933333333334,219.21133333333333,178.7313333333333,219.76282178539228
12780,164.118,219.244,178.79399999999998,219.79515613043762
12790,164.17666666666668,219.27666666666667,178.85666666666665,219.82749047548293
12800,164.23533333333333,219.30933333333334,178.91933333333333,219.85982482052825
12810,164.294,219.34199999999998,178.982,219.8921591655736
12820,164.35266666666666,219.37466666666666,179.04466666666664,219.9244935106189
12830,164.41133333333335,219.40733333333333,179.10733333333332,219.95682785566424
12840,164.47,219.44,179.17,219.98916220070956
12850,164.52933333333334,219.48866666666666,179.23266666666666,220.03494770218012
12860,164.58866666666665,219.53733333333332,179.29533333333333,220.0807332036507
12870,164.648,219.58599999999998,179.358,220.12651870512127
12880,164.70733333333334,219.63466666666667,179.42066666666665,220.17230420659183
12890,164.76666666666668,219.68333333333334,179.48333333333332,220.2180897080624
12900,164.826,219.732,179.546,220.26387520953298
12910,164.88533333333334,219.78066666666666,179.60866666666666,220.30966071100354
12920,164.94466666666668,219.82933333333332,179.67133333333334,220.3554462124741
12930,165.00400000000002,219.878,179.734,220.40123171394467
12940,165.06333333333333,219.92666666666665,179.79666666666668,220.44701721541526
12950,165.12266666666667,219.9753333333333,179.85933333333335,220.49280271688582
12960,165.18200000000002,220.024,179.922,220.53858821835638
12970,165.24133333333336,220.07266666666666,179.98466666666667,220.58437371982694
12980,165.30066666666667,220.12133333333333,180.04733333333334,220.63015922129753
12990,165.36,220.17,180.11,220.6759447227681
13000,165.41933333333336,220.17266666666666,180.16333333333336,220.68292041725965
13010,165.47866666666667,220.17533333333333,180.21666666666667,220.6898961117512
13020,165.538,220.178,180.27,220.69687180624277
13030,165.59733333333335,220.18066666666667,180.32333333333335,220.70384750073435
13040,165.65666666666667,220.18333333333334,180.37666666666667,220.7108231952259
13050,165.716,220.186,180.43,220.71779888971747
13060,165.77533333333335,220.18866666666668,180.48333333333335,220.72477458420903
13070,165.83466666666666,220.19133333333332,180.53666666666666,220.7317502787006
13080,165.894,220.194,180.59,220.73872597319215
13090,165.95333333333335,220.19666666666666,180.64333333333335,220.7457016676837
13100,166.01266666666666,220.19933333333333,180.69666666666666,220.75267736217526
13110,166.072,220.202,180.75,220.75965305666685
13120,166.13133333333334,220.20466666666667,180.80333333333334,220.7666287511584
13130,166.19066666666666,220.20733333333334,180.85666666666665,220.77360444564997
13140,166.25,220.21,180.91,220.78058014014152
13150,166.30933333333334,220.39600000000002,180.984,220.96335503370355
13160,166.36866666666666,220.582,181.058,221.1461299272656
13170,166.428,220.768,181.132,221.32890482082763
13180,166.48733333333334,220.954,181.206,221.5116797143897
13190,166.54666666666665,221.14000000000001,181.28,221.6944546079517
13200,166.606,221.326,181.354,221.87722950151374
13210,166.66533333333334,221.512,181.428,222.0600043950758
13220,166.72466666666665,221.698,181.502,222.24277928863782
13230,166.784,221.88400000000001,181.576,222.42555418219987
13240,166.84333333333333,222.07,181.65,222.6083290757619
13250,166.90266666666665,222.256,181.72400000000002,222.79110396932393
13260,166.962,222.442,181.798,222.97387886288598
13270,167.02133333333333,222.62800000000001,181.872,223.156653756448
13280,167.08066666666664,222.814,181.946,223.33942865001006
13290,167.14,223.0,182.02,223.5222035435721
13300,167.20066666666665,222.95,182.07333333333335,223.47174219296562
13310,167.2613333333333,222.9,182.12666666666667,223.42128084235912
13320,167.322,222.85,182.18,223.37081949175266
13330,167.38266666666667,222.8,182.23333333333335,223.3203581411462
13340,167.44333333333333,222.75,182.28666666666666,223.26989679053972
13350,167.504,222.7,182.34,223.21943543993322
13360,167.56466666666665,222.65,182.39333333333335,223.16897408932675
13370,167.62533333333334,222.6,182.44666666666666,223.11851273872028
13380,167.686,222.55,182.5,223.06805138811382
13390,167.74666666666667,222.5,182.55333333333334,223.01759003750732
13400,167.80733333333333,222.45,182.60666666666665,222.96712868690085
13410,167.868,222.4,182.66,222.91666733629438
13420,167.9286666666667,222.35,182.71333333333334,222.8662059856879
13430,167.98933333333335,222.3,182.76666666666665,222.81574463508142
13440,168.05,222.25,182.82,222.76528328447495
13450,168.11,222.382,182.88333333333333,222.9029593954906
13460,168.17000000000002,222.514,182.94666666666666,223.04063550650628
13470,168.23000000000002,222.646,183.01,223.17831161752193
13480,168.29,222.778,183.07333333333332,223.31598772853758
13490,168.35,222.91,183.13666666666666,223.45366383955326
13500,168.41,223.042,183.2,223.5913399505689
13510,168.47,223.174,183.26333333333332,223.72901606158456
13520,168.53,223.30599999999998,183.32666666666668,223.86669217260024
13530,168.59,223.438,183.39000000000001,224.0043682836159
13540,168.65,223.57,183.45333333333335,224.14204439463154
13550,168.71,223.702,183.51666666666668,224.27972050564722
13560,168.76999999999998,223.834,183.58,224.41739661666287
13570,168.82999999999998,223.96599999999998,183.64333333333335,224.55507272767852
13580,168.89,224.09799999999998,183.70666666666668,224.6927488386942
13590,168.95,224.23,183.77,224.83042494970985
13600,169.01066666666665,224.38733333333332,183.846,224.9851584589194
13610,169.0713333333333,224.54466666666667,183.922,225.13989196812895
13620,169.132,224.702,183.99800000000002,225.29462547733849
13630,169.19266666666667,224.85933333333332,184.074,225.44935898654805
13640,169.25333333333333,225.01666666666665,184.15,225.60409249575758
13650,169.314,225.174,184.226,225.75882600496712
13660,169.37466666666666,225.33133333333333,184.302,225.91355951417668
13670,169.43533333333335,225.48866666666666,184.37800000000001,226.06829302338622
13680,169.496,225.646,184.454,226.22302653259578
13690,169.55666666666667,225.80333333333334,184.53,226.37776004180532
13700,169.61733333333333,225.96066666666667,184.606,226.53249355101485
13710,169.678,226.118,184.682,226.68722706022442
13720,169.7386666666667,226.27533333333332,184.758,226.84196056943395
13730,169.79933333333335,226.43266666666668,184.834,226.99669407864351
13740,169.86,226.59,184.91,227.15142758785305
13750,169.92066666666668,226.672,184.97666666666666,227.2363217043552
13760,169.98133333333334,226.754,185.04333333333332,227.3212158208573
13770,170.042,226.836,185.10999999999999,227.40610993735945
13780,170.1026666666667,226.918,185.17666666666668,227.49100405386156
13790,170.16333333333336,227.0,185.24333333333334,227.5758981703637
13800,170.22400000000002,227.082,185.31,227.66079228686584
13810,170.28466666666668,227.164,185.37666666666667,227.74568640336796
13820,170.34533333333334,227.246,185.44333333333333,227.8305805198701
13830,170.406,227.328,185.51,227.9154746363722
13840,170.46666666666667,227.41,185.57666666666665,228.00036875287435
13850,170.52733333333333,227.492,185.64333333333332,228.0852628693765
13860,170.58800000000002,227.57399999999998,185.71,228.1701569858786
13870,170.64866666666668,227.656,185.77666666666667,228.25505110238075
13880,170.70933333333335,227.738,185.84333333333333,228.33994521888286
13890,170.77,227.82,185.91,228.424839335385
13900,170.83133333333333,227.96133333333333,185.98533333333333,228.56613232726292
13910,170.89266666666668,228.10266666666666,186.06066666666666,228.70742531914084
13920,170.954,228.244,186.136,228.84871831101873
13930,171.01533333333333,228.38533333333334,186.21133333333333,228.99001130289665
13940,171.07666666666668,228.52666666666667,186.28666666666666,229.13130429477457
13950,171.138,228.668,186.362,229.27259728665248
13960,171.19933333333333,228.80933333333334,186.43733333333333,229.4138902785304
13970,171.26066666666668,228.95066666666665,186.51266666666666,229.5551832704083
13980,171.322,229.09199999999998,186.588,229.6964762622862
13990,171.38333333333333,229.23333333333332,186.66333333333333,229.83776925416413
14000,171.44466666666668,229.37466666666666,186.73866666666666,229.97906224604205
14010,171.506,229.516,186.814,230.12035523791997
14020,171.56733333333332,229.65733333333333,186.88933333333333,230.26164822979786
14030,171.62866666666667,229.79866666666666,186.96466666666666,230.40294122167577
14040,171.69,229.94,187.04,230.5442342135537
14050,171.75133333333332,230.03866666666667,187.11333333333332,230.64294437417843
14060,171.81266666666667,230.13733333333332,187.18666666666667,230.74165453480316
14070,171.874,230.236,187.26,230.8403646954279
14080,171.93533333333335,230.33466666666666,187.33333333333331,230.93907485605266
14090,171.99666666666667,230.43333333333334,187.40666666666667,231.0377850166774
14100,172.058,230.53199999999998,187.48,231.13649517730212
14110,172.11933333333334,230.63066666666666,187.5533333333333,231.23520533792686
14120,172.18066666666667,230.72933333333333,187.62666666666667,231.3339154985516
14130,172.24200000000002,230.828,187.7,231.43262565917632
14140,172.30333333333334,230.92666666666665,187.7733333333333,231.53133581980106
14150,172.36466666666666,231.02533333333332,187.84666666666666,231.6300459804258
14160,172.42600000000002,231.124,187.92,231.72875614105055
14170,172.48733333333334,231.22266666666667,187.9933333333333,231.8274663016753
14180,172.5486666666667,231.3213333333333,188.06666666666666,231.92617646230002
14190,172.61,231.42,188.14,232.02488662292475
14200,172.67133333333334,231.452,188.208,232.05350834166504
14210,172.7326666666667,231.48399999999998,188.27599999999998,232.0821300604053
14220,172.794,231.516,188.344,232.11075177914557
14230,172.85533333333333,231.548,188.41199999999998,232.13937349788583
14240,172.91666666666669,231.57999999999998,188.48,232.1679952166261
14250,172.978,231.612,188.548,232.19661693536636
14260,173.03933333333333,231.644,188.61599999999999,232.22523865410665
14270,173.10066666666668,231.676,188.684,232.2538603728469
14280,173.162,231.708,188.75199999999998,232.28248209158718
14290,173.22333333333333,231.74,188.82,232.31110381032744
14300,173.28466666666668,231.772,188.888,232.33972552906772
14310,173.346,231.804,188.956,232.36834724780798
14320,173.40733333333333,231.836,189.024,232.39696896654826
14330,173.46866666666668,231.868,189.09199999999998,232.4255906852885
14340,173.53,231.9,189.16,232.4542124040288
14350,173.59266666666667,231.984,189.22533333333334,232.5420433332576
14360,173.65533333333335,232.068,189.29066666666665,232.62987426248637
14370,173.718,232.15200000000002,189.356,232.71770519171517
14380,173.78066666666666,232.236,189.42133333333334,232.80553612094394
14390,173.84333333333333,232.32,189.48666666666665,232.89336705017274
14400,173.906,232.404,189.552,232.98119797940154
14410,173.96866666666668,232.488,189.61733333333333,233.06902890863032
14420,174.03133333333332,232.572,189.68266666666665,233.15685983785912
14430,174.094,232.656,189.748,233.2446907670879
14440,174.15666666666667,232.74,189.81333333333333,233.3325216963167
14450,174.21933333333334,232.824,189.87866666666665,233.4203526255455
14460,174.282,232.908,189.944,233.50818355477426
14470,174.34466666666665,232.992,190.00933333333333,233.59601448400306
14480,174.40733333333333,233.076,190.07466666666664,233.68384541323184
14490,174.47,233.16,190.14,233.77167634246064
14500,174.53266666666667,233.258,190.212,233.86802334904763
14510,174.59533333333334,233.356,190.284,233.96437035563463
14520,174.658,233.454,190.356,234.06071736222162
14530,174.72066666666666,233.552,190.428,234.15706436880865
14540,174.78333333333333,233.65,190.5,234.25341137539564
14550,174.846,233.748,190.572,234.34975838198264
14560,174.90866666666668,233.846,190.644,234.44610538856963
14570,174.97133333333332,233.944,190.71599999999998,234.54245239515663
14580,175.034,234.042,190.78799999999998,234.63879940174363
14590,175.09666666666666,234.14,190.85999999999999,234.73514640833062
14600,175.15933333333334,234.238,190.932,234.83149341491762
14610,175.222,234.33599999999998,191.004,234.92784042150464
14620,175.28466666666665,234.434,191.076,235.02418742809164
14630,175.34733333333332,234.53199999999998,191.148,235.12053443467863
14640,175.41,234.63,191.22,235.21688144126563
14650,175.47333333333333,234.738,191.29133333333334,235.32672163247625
14660,175.53666666666666,234.846,191.36266666666666,235.43656182368684
14670,175.6,234.954,191.434,235.54640201489747
14680,175.66333333333333,235.06199999999998,191.50533333333334,235.65624220610806
14690,175.72666666666666,235.17,191.57666666666665,235.76608239731868
14700,175.79,235.278,191.648,235.87592258852928
14710,175.85333333333332,235.386,191.71933333333334,235.9857627797399
14720,175.91666666666669,235.494,191.79066666666665,236.0956029709505
14730,175.98000000000002,235.602,191.862,236.20544316216112
14740,176.04333333333335,235.71,191.93333333333334,236.3152833533717
14750,176.10666666666668,235.818,192.00466666666665,236.42512354458233
14760,176.17000000000002,235.926,192.076,236.53496373579293
14770,176.23333333333335,236.034,192.14733333333334,236.64480392700355
14780,176.29666666666668,236.142,192.21866666666665,236.75464411821415
14790,176.36,236.25,192.29,236.86448430942477
14800,176.424,236.334,192.36266666666666,236.94742770943392
14810,176.488,236.418,192.43533333333332,237.03037110944305
14820,176.55200000000002,236.502,192.50799999999998,237.1133145094522
14830,176.616,236.58599999999998,192.58066666666667,237.19625790946134
14840,176.68,236.67,192.65333333333334,237.2792013094705
14850,176.744,236.754,192.726,237.36214470947962
14860,176.808,236.838,192.79866666666666,237.44508810948878
14870,176.872,236.922,192.87133333333333,237.5280315094979
14880,176.936,237.006,192.944,237.61097490950706
14890,177.0,237.09,193.01666666666665,237.6939183095162
14900,177.064,237.174,193.08933333333331,237.77686170952535
14910,177.128,237.25799999999998,193.162,237.85980510953448
14920,177.192,237.34199999999998,193.23466666666667,237.94274850954363
14930,177.256,237.426,193.30733333333333,238.02569190955276
14940,177.32,237.51,193.38,238.10863530956192
14950,177.38466666666665,237.60666666666665,193.45133333333334,238.2062281375171
14960,177.44933333333333,237.70333333333332,193.52266666666665,238.30382096547226
14970,177.51399999999998,237.79999999999998,193.594,238.40141379342742
14980,177.57866666666666,237.89666666666668,193.66533333333334,238.4990066213826
14990,177.64333333333332,237.99333333333334,193.73666666666665,238.59659944933776
15000,177.708,238.09,193.808,238.69419227729293
15010,177.77266666666665,238.18666666666667,193.87933333333334,238.7917851052481
15020,177.83733333333333,238.28333333333333,193.95066666666665,238.88937793320326
15030,177.902,238.38,194.022,238.98697076115843
15040,177.96666666666667,238.47666666666666,194.09333333333333,239.0845635891136
15050,178.03133333333332,238.57333333333332,194.16466666666665,239.18215641706877
15060,178.096,238.67000000000002,194.236,239.27974924502394
15070,178.16066666666666,238.76666666666668,194.30733333333333,239.3773420729791
15080,178.22533333333334,238.86333333333334,194.37866666666665,239.47493490093427
15090,178.29,238.96,194.45,239.57252772888944
15100,178.35466666666665,238.994,194.51866666666666,239.60367253681196
15110,178.41933333333333,239.02800000000002,194.58733333333333,239.63481734473444
15120,178.48399999999998,239.062,194.65599999999998,239.66596215265696
15130,178.54866666666666,239.096,194.72466666666665,239.69710696057945
15140,178.61333333333332,239.13,194.79333333333332,239.72825176850196
15150,178.678,239.16400000000002,194.862,239.75939657642448
15160,178.74266666666665,239.198,194.93066666666667,239.79054138434697
15170,178.80733333333333,239.232,194.9993333333333,239.82168619226948
15180,178.87199999999999,239.266,195.06799999999998,239.85283100019197
15190,178.93666666666667,239.3,195.13666666666666,239.88397580811449
15200,179.00133333333332,239.334,195.20533333333333,239.915120616037
15210,179.066,239.368,195.274,239.9462654239595
15220,179.13066666666666,239.402,195.34266666666664,239.977410231882
15230,179.19533333333334,239.436,195.41133333333332,240.0085550398045
15240,179.26,239.47,195.48,240.039699847727
15250,179.32533333333333,239.53933333333333,195.54666666666665,240.11070029070368
15260,179.39066666666665,239.60866666666666,195.61333333333332,240.18170073368034
15270,179.456,239.678,195.67999999999998,240.252701176657
15280,179.52133333333333,239.74733333333333,195.74666666666667,240.32370161963368
15290,179.58666666666667,239.81666666666666,195.81333333333333,240.39470206261035
15300,179.652,239.886,195.88,240.46570250558702
15310,179.71733333333333,239.95533333333333,195.94666666666666,240.5367029485637
15320,179.78266666666667,240.02466666666666,196.01333333333332,240.60770339154035
15330,179.848,240.094,196.07999999999998,240.67870383451702
15340,179.91333333333333,240.16333333333333,196.14666666666665,240.7497042774937
15350,179.97866666666667,240.23266666666666,196.2133333333333,240.82070472047036
15360,180.044,240.302,196.28,240.89170516344703
15370,180.10933333333335,240.37133333333333,196.34666666666666,240.9627056064237
15380,180.17466666666667,240.44066666666666,196.41333333333333,241.03370604940037
15390,180.24,240.51,196.48,241.10470649237703
15400,180.306,240.66066666666666,196.55533333333332,241.25849442623084
15410,180.372,240.81133333333332,196.63066666666666,241.41228236008465
15420,180.43800000000002,240.962,196.706,241.56607029393842
15430,180.504,241.11266666666666,196.78133333333332,241.71985822779223
15440,180.57,241.26333333333332,196.85666666666665,241.87364616164604
15450,180.636,241.414,196.932,242.02743409549984
15460,180.702,241.56466666666665,197.00733333333332,242.18122202935365
15470,180.768,241.71533333333335,197.08266666666668,242.33500996320743
15480,180.834,241.866,197.15800000000002,242.48879789706123
15490,180.9,242.01666666666668,197.23333333333335,242.64258583091504
15500,180.966,242.16733333333335,197.30866666666668,242.79637376476884
15510,181.03199999999998,242.318,197.38400000000001,242.95016169862265
15520,181.09799999999998,242.46866666666668,197.45933333333335,243.10394963247643
15530,181.164,242.61933333333334,197.53466666666668,243.25773756633023
15540,181.23,242.77,197.61,243.41152550018404
15550,181.296,242.66933333333336,197.668,243.30121184953217
15560,181.362,242.56866666666667,197.726,243.1908981988803
15570,181.428,242.46800000000002,197.78400000000002,243.08058454822844
15580,181.494,242.36733333333333,197.842,242.97027089757657
15590,181.56,242.26666666666668,197.9,242.8599572469247
15600,181.626,242.166,197.958,242.74964359627282
15610,181.692,242.06533333333334,198.016,242.63932994562094
15620,181.75799999999998,241.96466666666666,198.074,242.5290162949691
15630,181.82399999999998,241.864,198.132,242.41870264431722
15640,181.89,241.76333333333332,198.19,242.30838899366535
15650,181.956,241.66266666666667,198.248,242.19807534301347
15660,182.022,241.56199999999998,198.30599999999998,242.0877616923616
15670,182.088,241.46133333333333,198.364,241.97744804170975
15680,182.154,241.36066666666665,198.422,241.86713439105787
15690,182.22,241.26,198.48,241.756820740406
15700,182.28666666666666,241.43333333333334,198.54999999999998,241.93939359734466
15710,182.35333333333332,241.60666666666665,198.62,242.12196645428332
15720,182.42,241.78,198.69,242.304539311222
15730,182.48666666666668,241.95333333333332,198.76,242.48711216816068
15740,182.55333333333334,242.12666666666667,198.82999999999998,242.66968502509934
15750,182.62,242.3,198.9,242.852257882038
15760,182.68666666666667,242.47333333333333,198.97,243.03483073897667
15770,182.75333333333333,242.64666666666668,199.04,243.21740359591533
15780,182.82,242.82,199.10999999999999,243.399976452854
15790,182.88666666666666,242.99333333333334,199.18,243.58254930979265
15800,182.95333333333332,243.16666666666669,199.25,243.76512216673132
15810,183.02,243.34,199.32,243.94769502367
15820,183.08666666666667,243.51333333333335,199.39,244.13026788060867
15830,183.15333333333334,243.68666666666667,199.46,244.31284073754733
15840,183.22,243.86,199.53,244.495413594486
