Time (s),T_outer (C),T_inner (C),T_avg (C),Input Temperature (C)
0,171.18821665057402,171.18821665057402,171.18821665057402,171.18821665057402
10,171.18821665057402,171.18821665057402,171.18821665057402,171.18821665057402
20,171.18821665057402,171.18821665057402,171.18821665057402,171.18821665057402
30,171.18821665057402,171.18821665057402,171.18821665057402,171.18821665057402
40,171.18821665057402,171.18821665057402,171.18821665057402,171.18821665057402
50,171.18821665057402,171.18821665057402,171.18821665057402,171.18821665057402
60,171.18821665057402,171.18821665057402,171.18821665057402,171.18821665057402
70,171.18821665057402,171.18821665057402,171.18821665057402,171.18821665057402
80,171.18821665057402,171.18821665057402,171.18821665057402,171.18821665057402
90,171.18821665057402,171.18821665057402,171.18821665057402,171.18821665057402
100,171.18821665057402,171.18821665057402,171.18821665057402,171.18821665057402
110,171.18821665057402,171.18821665057402,171.18821665057402,171.18821665057402
120,171.18821665057402,171.18821665057402,171.18821665057402,171.18821665057402
130,171.18821665057402,171.18821665057402,171.18821665057402,171.18821665057402
140,171.18821665057402,171.18821665057402,171.18821665057402,171.18821665057402
150,171.18821665057402,171.18821665057402,171.18821665057402,171.18821665057402
160,171.18821665057402,171.18821665057402,171.18821665057402,171.18821665057402
170,171.18821665057402,171.18821665057402,171.18821665057402,171.18821665057402
180,171.18821665057402,171.18821665057402,171.18821665057402,171.18821665057402
190,171.18821665057402,171.18821665057402,171.18821665057402,171.18821665057402
200,171.18821665057402,171.18821665057402,171.18821665057402,171.18821665057402
210,171.18821665057402,171.18821665057402,171.18821665057402,171.18821665057402
220,171.18821665057402,171.18821665057402,171.18821665057402,171.18821665057402
230,171.18821665057402,171.18821665057402,171.18821665057402,171.18821665057402
240,171.18821665057402,171.18821665057402,171.18821665057402,171.18821665057402
250,171.18821665057402,171.18821665057402,171.18821665057402,171.18821665057402
260,171.18821665057402,171.18821665057402,171.18821665057402,171.18821665057402
270,171.18821665057402,171.18821665057402,171.18821665057402,171.18821665057402
280,171.18821665057402,171.18821665057402,171.18821665057402,171.18821665057402
290,171.18821665057402,171.18821665057402,171.18821665057402,171.18821665057402
300,171.18821665057402,171.18821665057402,171.18821665057402,171.18821665057402
310,171.18821665057402,171.18821665057402,171.18821665057402,171.18821665057402
320,171.18821665057402,171.18821665057402,171.18821665057402,171.18821665057402
330,171.18821665057402,171.18821665057402,171.18821665057402,171.18821665057402
340,171.18821665057402,171.18821665057402,171.18821665057402,171.18821665057402
350,171.18821665057402,171.18821665057402,171.18821665057402,171.18821665057402
360,171.18821665057402,171.18821665057402,171.18821665057402,171.18821665057402
370,171.18821665057402,171.18821665057402,171.18821665057402,171.18821665057402
380,171.18821665057402,171.18821665057402,171.18821665057402,171.18821665057402
390,171.18821665057402,171.18821665057402,171.18821665057402,171.18821665057402
400,171.18821665057402,171.18821665057402,171.18821665057402,171.18821665057402
410,171.18821665057402,171.18821665057402,171.18821665057402,171.18821665057402
420,171.18821665057402,171.18821665057402,171.18821665057402,171.18821665057402
430,171.18821665057402,171.18821665057402,171.18821665057402,171.18821665057402
440,171.18821665057402,171.18821665057402,171.18821665057402,171.18821665057402
450,171.18821665057402,171.18821665057402,171.18821665057402,171.18821665057402
460,171.18821665057402,171.18821665057402,171.18821665057402,171.18821665057402
470,171.18821665057402,171.18821665057402,171.18821665057402,171.18821665057402
480,171.18821665057402,171.18821665057402,171.18821665057402,171.18821665057402
490,171.18821665057402,171.18821665057402,171.18821665057402,171.18821665057402
500,171.18821665057402,171.18821665057402,171.18821665057402,171.18821665057402
510,171.18821665057402,171.18821665057402,171.18821665057402,171.18821665057402
520,171.18821665057402,171.18821665057402,171.18821665057402,171.18821665057402
530,171.18821665057402,171.18821665057402,171.18821665057402,171.18821665057402
540,171.18821665057402,171.18821665057402,171.18821665057402,171.18821665057402
550,171.18821665057402,171.18821665057402,171.18821665057402,171.18821665057402
560,171.18821665057402,171.18821665057402,171.18821665057402,171.18821665057402
570,171.18821665057402,171.18821665057402,171.18821665057402,171.18821665057402
580,171.18821665057402,171.18821665057402,171.18821665057402,171.18821665057402
590,171.18821665057402,171.18821665057402,171.18821665057402,171.18821665057402
600,171.18821665057402,171.18821665057402,171.18821665057402,171.18821665057402
610,171.18821665057402,171.18821665057402,171.18821665057402,171.18821665057402
620,171.18821665057402,171.18821665057402,171.18821665057402,171.18821665057402
630,171.18821665057402,171.18821665057402,171.18821665057402,171.18821665057402
640,171.18821665057402,171.18821665057402,171.18821665057402,171.18821665057402
650,171.18821665057402,171.18821665057402,171.18821665057402,171.18821665057402
660,171.18821665057402,171.18821665057402,171.18821665057402,171.18821665057402
670,171.18821665057402,171.18821665057402,171.18821665057402,171.18821665057402
680,171.18821665057402,171.18821665057402,171.18821665057402,171.18821665057402
690,171.18821665057402,171.18821665057402,171.18821665057402,171.18821665057402
700,171.18821665057402,171.18821665057402,171.18821665057402,171.18821665057402
710,171.18821665057402,171.18821665057402,171.18821665057402,171.18821665057402
720,171.18821665057402,171.18821665057402,171.18821665057402,171.18821665057402
730,171.18821665057402,171.18821665057402,171.18821665057402,171.18821665057402
740,171.18821665057402,171.18821665057402,171.18821665057402,171.18821665057402
750,171.18821665057402,171.18821665057402,171.18821665057402,171.18821665057402
760,171.18821665057402,171.18821665057402,171.18821665057402,171.18821665057402
770,171.18821665057402,171.18821665057402,171.18821665057402,171.18821665057402
780,171.18821665057402,171.18821665057402,171.18821665057402,171.18821665057402
790,171.18821665057402,171.18821665057402,171.18821665057402,171.18821665057402
800,171.18821665057402,171.18821665057402,171.18821665057402,171.18821665057402
810,171.18821665057402,171.18821665057402,171.18821665057402,171.18821665057402
820,171.18821665057402,171.18821665057402,171.18821665057402,171.18821665057402
830,171.18821665057402,171.18821665057402,171.18821665057402,171.18821665057402
840,171.18821665057402,171.18821665057402,171.18821665057402,171.18821665057402
850,171.18821665057402,171.18821665057402,171.18821665057402,171.18821665057402
860,171.18821665057402,171.18821665057402,171.18821665057402,171.18821665057402
870,171.18821665057402,171.18821665057402,171.18821665057402,171.18821665057402
880,171.18821665057402,171.18821665057402,171.18821665057402,171.18821665057402
890,171.18821665057402,171.18821665057402,171.18821665057402,171.18821665057402
900,171.18821665057402,171.18821665057402,171.18821665057402,171.18821665057402
910,171.18821665057402,171.18821665057402,171.18821665057402,171.18821665057402
920,171.18821665057402,171.18821665057402,171.18821665057402,171.18821665057402
930,171.18821665057402,171.18821665057402,171.18821665057402,171.18821665057402
940,171.18821665057402,171.18821665057402,171.18821665057402,171.18821665057402
950,171.18821665057402,171.18821665057402,171.18821665057402,171.18821665057402
960,171.18821665057402,171.18821665057402,171.18821665057402,171.18821665057402
970,171.18821665057402,171.18821665057402,171.18821665057402,171.18821665057402
980,171.18821665057402,171.18821665057402,171.18821665057402,171.18821665057402
990,171.18821665057402,171.18821665057402,171.18821665057402,171.18821665057402
1000,171.18821665057402,171.18821665057402,171.18821665057402,171.18821665057402
1010,171.18821665057402,171.18821665057402,171.18821665057402,171.18821665057402
1020,171.18821665057402,171.18821665057402,171.18821665057402,171.18821665057402
1030,171.18821665057402,171.18821665057402,171.18821665057402,171.18821665057402
1040,171.18821665057402,171.18821665057402,171.18821665057402,171.18821665057402
1050,171.18821665057402,171.18821665057402,171.18821665057402,171.18821665057402
1060,171.18821665057402,171.18821665057402,171.18821665057402,171.18821665057402
1070,171.18821665057402,171.18821665057402,171.18821665057402,171.18821665057402
1080,171.18821665057402,171.18821665057402,171.18821665057402,171.18821665057402
1090,171.18821665057402,171.18821665057402,171.18821665057402,171.18821665057402
1100,171.18821665057402,171.18821665057402,171.18821665057402,171.18821665057402
1110,171.18821665057402,171.18821665057402,171.18821665057402,171.18821665057402
1120,171.18821665057402,171.18821665057402,171.18821665057402,171.18821665057402
1130,171.18821665057402,171.18821665057402,171.18821665057402,171.18821665057402
1140,171.18821665057402,171.18821665057402,171.18821665057402,171.18821665057402
1150,171.18821665057402,171.18821665057402,171.18821665057402,171.18821665057402
1160,171.18821665057402,171.18821665057402,171.18821665057402,171.18821665057402
1170,171.18821665057402,171.18821665057402,171.18821665057402,171.18821665057402
1180,171.18821665057402,171.18821665057402,171.18821665057402,171.18821665057402
1190,171.18821665057402,171.18821665057402,171.18821665057402,171.18821665057402
1200,171.18821665057402,171.18821665057402,171.18821665057402,171.18821665057402
1210,171.18821665057402,171.18821665057402,171.18821665057402,171.18821665057402
1220,171.18821665057402,171.18821665057402,171.18821665057402,171.18821665057402
1230,171.18821665057402,171.18821665057402,171.18821665057402,171.18821665057402
1240,171.18821665057402,171.18821665057402,171.18821665057402,171.18821665057402
1250,171.18821665057402,171.18821665057402,171.18821665057402,171.18821665057402
1260,171.18821665057402,171.18821665057402,171.18821665057402,171.18821665057402
1270,171.18821665057402,171.18821665057402,171.18821665057402,171.18821665057402
1280,171.18821665057402,171.18821665057402,171.18821665057402,171.18821665057402
1290,171.18821665057402,171.18821665057402,171.18821665057402,171.18821665057402
1300,171.18821665057402,171.18821665057402,171.18821665057402,171.18821665057402
1310,171.18821665057402,171.18821665057402,171.18821665057402,171.18821665057402
1320,171.18821665057402,171.18821665057402,171.18821665057402,171.18821665057402
1330,171.18821665057402,171.18821665057402,171.18821665057402,171.18821665057402
1340,171.18821665057402,171.18821665057402,171.18821665057402,171.18821665057402
1350,171.18821665057402,171.18821665057402,171.18821665057402,171.18821665057402
1360,171.18821665057402,171.18821665057402,171.18821665057402,171.18821665057402
1370,171.18821665057402,171.18821665057402,171.18821665057402,171.18821665057402
1380,171.18821665057402,171.18821665057402,171.18821665057402,171.18821665057402
1390,171.18821665057402,171.18821665057402,171.18821665057402,171.18821665057402
1400,171.18821665057402,171.18821665057402,171.18821665057402,171.18821665057402
1410,171.18821665057402,171.18821665057402,171.18821665057402,171.18821665057402
1420,171.18821665057402,171.18821665057402,171.18821665057402,171.18821665057402
1430,171.18821665057402,171.18821665057402,171.18821665057402,171.18821665057402
1440,171.18821665057402,171.18821665057402,171.18821665057402,171.18821665057402
1440,171.18821665057402,171.18821665057402,171.18821665057402,171.18821665057402
1450,171.18833554053575,171.46033554053577,171.2130022072024,171.47163466942274
1460,171.18845443049747,171.73245443049748,171.23778776383082,171.75505268827146
1470,171.18857332045923,172.00457332045923,171.2625733204592,172.0384707071202
1480,171.18869221042095,172.27669221042095,171.28735887708763,172.32188872596893
1490,171.18881110038268,172.5488111003827,171.312144433716,172.60530674481765
1500,171.1889299903444,172.8209299903444,171.3369299903444,172.88872476366637
1510,171.18904888030613,173.09304888030616,171.36171554697282,173.1721427825151
1520,171.1891677702679,173.36516777026787,171.3865011036012,173.45556080136384
1530,171.1892866602296,173.63728666022962,171.41128666022962,173.73897882021257
1540,171.18940555019134,173.90940555019134,171.436072216858,174.0223968390613
1550,171.18952444015306,174.18152444015308,171.4608577734864,174.30581485791
1560,171.1896433301148,174.4536433301148,171.4856433301148,174.58923287675873
1570,171.18976222007655,174.72576222007655,171.5104288867432,174.87265089560748
1580,171.18988111003827,174.99788111003826,171.53521444337161,175.1560689144562
1590,171.19,175.27,171.56,175.43948693330492
1600,171.19,175.56466666666668,171.60333333333332,175.737318899392
1610,171.19,175.85933333333335,171.64666666666668,176.03515086547904
1620,171.19,176.154,171.69,176.3329828315661
1630,171.19,176.44866666666667,171.73333333333335,176.63081479765316
1640,171.19,176.74333333333334,171.77666666666667,176.92864676374023
1650,171.19,177.038,171.82,177.22647872982728
1660,171.19,177.33266666666668,171.86333333333334,177.52431069591435
1670,171.19,177.62733333333333,171.90666666666667,177.8221426620014
1680,171.19,177.922,171.95000000000002,178.11997462808847
1690,171.19,178.21666666666667,171.99333333333334,178.41780659417552
1700,171.19,178.51133333333334,172.03666666666666,178.7156385602626
1710,171.19,178.806,172.08,179.01347052634964
1720,171.19,179.10066666666665,172.12333333333333,179.3113024924367
1730,171.19,179.39533333333333,172.16666666666669,179.60913445852376
1740,171.19,179.69,172.21,179.90696642461083
1750,171.19,179.78133333333332,172.246,179.99063065635374
1760,171.19,179.87266666666667,172.282,180.07429488809666
1770,171.19,179.964,172.318,180.15795911983957
1780,171.19,180.05533333333332,172.354,180.2416233515825
1790,171.19,180.14666666666668,172.39000000000001,180.3252875833254
1800,171.19,180.238,172.42600000000002,180.40895181506832
1810,171.19,180.32933333333332,172.46200000000002,180.49261604681124
1820,171.19,180.42066666666668,172.498,180.57628027855415
1830,171.19,180.512,172.534,180.65994451029707
1840,171.19,180.60333333333332,172.57,180.74360874203998
1850,171.19,180.69466666666668,172.606,180.8272729737829
1860,171.19,180.786,172.642,180.9109372055258
1870,171.19,180.87733333333333,172.678,180.99460143726873
1880,171.19,180.96866666666668,172.714,181.07826566901164
1890,171.19,181.06,172.75,181.16192990075456
1900,171.19066666666666,180.854,172.75,180.9551638587237
1910,171.19133333333332,180.648,172.75,180.7483978166928
1920,171.192,180.442,172.75,180.54163177466194
1930,171.19266666666667,180.236,172.75,180.33486573263104
1940,171.19333333333333,180.03,172.75,180.12809969060018
1950,171.194,179.824,172.75,179.9213336485693
1960,171.19466666666665,179.618,172.75,179.71456760653842
1970,171.19533333333334,179.412,172.75,179.50780156450753
1980,171.196,179.206,172.75,179.30103552247667
1990,171.19666666666666,179.0,172.75,179.09426948044577
2000,171.19733333333332,178.794,172.75,178.8875034384149
2010,171.19799999999998,178.588,172.75,178.68073739638402
2020,171.19866666666667,178.382,172.75,178.47397135435315
2030,171.19933333333333,178.176,172.75,178.26720531232226
2040,171.2,177.97,172.75,178.0604392702914
2050,171.202,178.176,172.776,178.27364439696368
2060,171.20399999999998,178.382,172.802,178.48684952363593
2070,171.206,178.588,172.828,178.7000546503082
2080,171.208,178.794,172.85399999999998,178.91325977698048
2090,171.20999999999998,179.0,172.88,179.12646490365273
2100,171.212,179.206,172.906,179.339670030325
2110,171.214,179.412,172.932,179.5528751569973
2120,171.21599999999998,179.618,172.958,179.76608028366954
2130,171.218,179.824,172.98399999999998,179.97928541034182
2140,171.22,180.03,173.01,180.1924905370141
2150,171.22199999999998,180.236,173.036,180.40569566368634
2160,171.224,180.442,173.06199999999998,180.61890079035862
2170,171.226,180.648,173.088,180.8321059170309
2180,171.22799999999998,180.854,173.11399999999998,181.04531104370315
2190,171.23,181.06,173.14,181.25851617037543
2200,171.23333333333332,181.23333333333335,173.17666666666665,181.43057565468223
2210,171.23666666666665,181.40666666666667,173.2133333333333,181.60263513898903
2220,171.23999999999998,181.58,173.25,181.77469462329583
2230,171.24333333333334,181.75333333333333,173.28666666666666,181.94675410760263
2240,171.24666666666667,181.92666666666668,173.32333333333332,182.11881359190943
2250,171.25,182.1,173.35999999999999,182.29087307621623
2260,171.25333333333333,182.27333333333334,173.39666666666665,182.46293256052303
2270,171.25666666666666,182.44666666666666,173.43333333333334,182.63499204482983
2280,171.26,182.62,173.47,182.80705152913663
2290,171.26333333333332,182.79333333333332,173.50666666666666,182.97911101344343
2300,171.26666666666665,182.96666666666667,173.54333333333332,183.15117049775023
2310,171.27,183.14,173.57999999999998,183.32322998205703
2320,171.27333333333334,183.31333333333333,173.61666666666667,183.49528946636383
2330,171.27666666666667,183.48666666666665,173.65333333333334,183.66734895067063
2340,171.28,183.66,173.69,183.83940843497743
2350,171.28466666666668,183.72466666666665,173.71733333333333,183.90692886569295
2360,171.28933333333333,183.78933333333333,173.74466666666666,183.9744492964085
2370,171.294,183.85399999999998,173.772,184.041969727124
2380,171.29866666666666,183.91866666666667,173.79933333333332,184.10949015783956
2390,171.30333333333334,183.98333333333332,173.82666666666665,184.17701058855508
2400,171.308,184.048,173.85399999999998,184.24453101927062
2410,171.31266666666667,184.11266666666666,173.88133333333332,184.31205144998614
2420,171.31733333333332,184.17733333333334,173.90866666666668,184.3795718807017
2430,171.322,184.242,173.936,184.4470923114172
2440,171.32666666666665,184.30666666666667,173.96333333333334,184.51461274213275
2450,171.33133333333333,184.37133333333333,173.99066666666667,184.58213317284827
2460,171.33599999999998,184.436,174.018,184.64965360356382
2470,171.34066666666666,184.50066666666666,174.04533333333333,184.71717403427934
2480,171.34533333333331,184.56533333333334,174.07266666666666,184.78469446499489
2490,171.35,184.63,174.1,184.8522148957104
2500,171.35666666666665,184.81666666666666,174.14133333333334,185.040082884006
2510,171.36333333333332,185.00333333333333,174.18266666666665,185.22795087230162
2520,171.37,185.19,174.224,185.41581886059723
2530,171.37666666666667,185.37666666666667,174.26533333333333,185.60368684889283
2540,171.38333333333333,185.56333333333333,174.30666666666667,185.79155483718844
2550,171.39,185.75,174.34799999999998,185.97942282548405
2560,171.39666666666665,185.93666666666667,174.38933333333333,186.16729081377966
2570,171.40333333333334,186.12333333333333,174.43066666666667,186.35515880207524
2580,171.41,186.31,174.472,186.54302679037085
2590,171.41666666666666,186.49666666666667,174.51333333333332,186.73089477866645
2600,171.42333333333332,186.68333333333334,174.55466666666666,186.91876276696206
2610,171.42999999999998,186.87,174.596,187.10663075525767
2620,171.43666666666667,187.05666666666667,174.63733333333334,187.29449874355328
2630,171.44333333333333,187.24333333333334,174.67866666666666,187.48236673184888
2640,171.45,187.43,174.72,187.6702347201445
2650,171.4573333333333,187.44733333333335,174.75333333333333,187.68079665641716
2660,171.46466666666666,187.46466666666666,174.78666666666666,187.69135859268982
2670,171.47199999999998,187.482,174.82,187.7019205289625
2680,171.47933333333333,187.49933333333334,174.85333333333332,187.71248246523515
2690,171.48666666666665,187.51666666666668,174.88666666666666,187.72304440150782
2700,171.494,187.534,174.92,187.7336063377805
2710,171.50133333333332,187.55133333333333,174.95333333333332,187.74416827405315
2720,171.50866666666667,187.56866666666667,174.98666666666668,187.75473021032582
2730,171.516,187.586,175.02,187.76529214659848
2740,171.52333333333334,187.60333333333332,175.05333333333334,187.77585408287115
2750,171.53066666666666,187.62066666666666,175.08666666666667,187.78641601914381
2760,171.538,187.638,175.12,187.79697795541648
2770,171.54533333333333,187.65533333333335,175.15333333333334,187.80753989168915
2780,171.55266666666668,187.67266666666666,175.18666666666667,187.8181018279618
2790,171.56,187.69,175.22,187.82866376423448
2800,171.56933333333333,187.67733333333334,175.23666666666668,187.82241036480394
2810,171.57866666666666,187.66466666666668,175.25333333333333,187.8161569653734
2820,171.588,187.652,175.27,187.8099035659429
2830,171.59733333333332,187.63933333333333,175.28666666666666,187.80365016651237
2840,171.60666666666665,187.62666666666667,175.30333333333334,187.79739676708184
2850,171.61599999999999,187.614,175.32,187.7911433676513
2860,171.62533333333332,187.60133333333334,175.33666666666667,187.78488996822077
2870,171.63466666666667,187.58866666666665,175.35333333333332,187.77863656879026
2880,171.644,187.576,175.37,187.77238316935973
2890,171.65333333333334,187.56333333333333,175.38666666666666,187.7661297699292
2900,171.66266666666667,187.55066666666667,175.40333333333334,187.75987637049866
2910,171.672,187.538,175.42,187.75362297106813
2920,171.68133333333333,187.52533333333332,175.43666666666667,187.74736957163762
2930,171.69066666666666,187.51266666666666,175.45333333333332,187.7411161722071
2940,171.7,187.5,175.47,187.73486277277655
2950,171.71066666666667,187.516,175.49866666666668,187.74071774863708
2960,171.72133333333332,187.532,175.52733333333333,187.7465727244976
2970,171.732,187.548,175.556,187.75242770035814
2980,171.74266666666665,187.564,175.58466666666666,187.7582826762187
2990,171.75333333333333,187.58,175.61333333333334,187.76413765207923
3000,171.764,187.596,175.642,187.76999262793976
3010,171.77466666666666,187.612,175.67066666666668,187.7758476038003
3020,171.78533333333334,187.62800000000001,175.69933333333333,187.78170257966082
3030,171.796,187.644,175.728,187.78755755552135
3040,171.80666666666667,187.66,175.75666666666666,187.79341253138188
3050,171.81733333333335,187.67600000000002,175.78533333333334,187.7992675072424
3060,171.828,187.692,175.814,187.80512248310296
3070,171.83866666666668,187.708,175.84266666666667,187.8109774589635
3080,171.84933333333333,187.72400000000002,175.87133333333333,187.81683243482402
3090,171.86,187.74,175.9,187.82268741068455
3100,171.87266666666667,187.93,175.9226666666667,188.03583496110795
3110,171.88533333333334,188.12,175.94533333333334,188.24898251153132
3120,171.89800000000002,188.31,175.96800000000002,188.46213006195472
3130,171.91066666666669,188.5,175.99066666666667,188.67527761237812
3140,171.92333333333335,188.69,176.01333333333335,188.88842516280152
3150,171.936,188.88,176.036,189.1015727132249
3160,171.94866666666667,189.07,176.05866666666668,189.3147202636483
3170,171.96133333333336,189.26000000000002,176.08133333333333,189.5278678140717
3180,171.97400000000002,189.45000000000002,176.104,189.7410153644951
3190,171.98666666666668,189.64000000000001,176.12666666666667,189.95416291491847
3200,171.99933333333334,189.83,176.14933333333335,190.16731046534187
3210,172.012,190.02,176.172,190.38045801576527
3220,172.0246666666667,190.21,176.19466666666668,190.59360556618867
3230,172.03733333333335,190.4,176.21733333333333,190.80675311661204
3240,172.05,190.59,176.24,191.01990066703544
3250,172.06400000000002,190.838,176.306,191.25263616914512
3260,172.078,191.086,176.372,191.48537167125482
3270,172.092,191.334,176.43800000000002,191.7181071733645
3280,172.106,191.582,176.504,191.95084267547418
3290,172.12,191.83,176.57,192.18357817758385
3300,172.13400000000001,192.078,176.636,192.41631367969356
3310,172.148,192.326,176.702,192.64904918180324
3320,172.162,192.574,176.768,192.8817846839129
3330,172.176,192.822,176.834,193.1145201860226
3340,172.19,193.07,176.9,193.3472556881323
3350,172.204,193.318,176.966,193.57999119024197
3360,172.218,193.566,177.03199999999998,193.81272669235165
3370,172.232,193.814,177.09799999999998,194.04546219446132
3380,172.24599999999998,194.062,177.164,194.27819769657103
3390,172.26,194.31,177.23,194.5109331986807
3400,172.27466666666666,194.178,177.24866666666665,194.37844203616334
3410,172.28933333333333,194.046,177.2673333333333,194.24595087364597
3420,172.304,193.91400000000002,177.286,194.11345971112857
3430,172.31866666666664,193.782,177.30466666666666,193.9809685486112
3440,172.33333333333331,193.65,177.32333333333332,193.84847738609383
3450,172.34799999999998,193.518,177.34199999999998,193.71598622357646
3460,172.36266666666666,193.386,177.36066666666665,193.5834950610591
3470,172.37733333333333,193.25400000000002,177.37933333333334,193.4510038985417
3480,172.392,193.122,177.398,193.31851273602433
3490,172.40666666666667,192.99,177.41666666666666,193.18602157350696
3500,172.42133333333334,192.858,177.43533333333332,193.0535304109896
3510,172.43599999999998,192.726,177.45399999999998,192.92103924847223
3520,172.45066666666665,192.59400000000002,177.47266666666667,192.78854808595483
3530,172.46533333333332,192.46200000000002,177.49133333333333,192.65605692343746
3540,172.48,192.33,177.51,192.5235657609201
3550,172.49666666666667,192.48933333333335,177.54333333333332,192.69162954338074
3560,172.51333333333332,192.64866666666668,177.57666666666665,192.85969332584136
3570,172.53,192.80800000000002,177.60999999999999,193.027757108302
3580,172.54666666666665,192.96733333333333,177.64333333333332,193.19582089076266
3590,172.56333333333333,193.12666666666667,177.67666666666665,193.3638846732233
3600,172.57999999999998,193.286,177.70999999999998,193.53194845568393
3610,172.59666666666666,193.44533333333334,177.7433333333333,193.70001223814458
3620,172.61333333333332,193.60466666666667,177.77666666666667,193.86807602060523
3630,172.63,193.764,177.81,194.03613980306588
3640,172.64666666666665,193.92333333333335,177.84333333333333,194.2042035855265
3650,172.66333333333333,194.08266666666668,177.87666666666667,194.37226736798715
3660,172.67999999999998,194.242,177.91,194.5403311504478
3670,172.69666666666666,194.40133333333333,177.94333333333333,194.70839493290845
3680,172.7133333333333,194.56066666666666,177.97666666666666,194.87645871536907
3690,172.73,194.72,178.01,195.04452249782972
3700,172.74733333333333,194.74066666666667,178.0473333333333,195.05636065935082
3710,172.76466666666667,194.76133333333334,178.08466666666666,195.06819882087194
3720,172.78199999999998,194.782,178.12199999999999,195.08003698239304
3730,172.79933333333332,194.80266666666665,178.15933333333334,195.09187514391417
3740,172.81666666666666,194.82333333333332,178.19666666666666,195.10371330543526
3750,172.834,194.844,178.23399999999998,195.11555146695636
3760,172.85133333333334,194.86466666666666,178.27133333333333,195.1273896284775
3770,172.86866666666666,194.88533333333334,178.30866666666665,195.13922778999859
3780,172.886,194.906,178.346,195.1510659515197
3790,172.90333333333334,194.92666666666668,178.38333333333333,195.1629041130408
3800,172.92066666666668,194.94733333333335,178.42066666666665,195.1747422745619
3810,172.93800000000002,194.968,178.458,195.18658043608303
3820,172.95533333333333,194.98866666666666,178.49533333333332,195.19841859760413
3830,172.97266666666667,195.00933333333333,178.53266666666667,195.21025675912526
3840,172.99,195.03,178.57,195.22209492064636
3850,173.00933333333333,195.23533333333333,178.60933333333332,195.4404404741031
3860,173.02866666666668,195.44066666666666,178.64866666666666,195.65878602755987
3870,173.048,195.64600000000002,178.688,195.8771315810166
3880,173.06733333333335,195.85133333333334,178.72733333333332,196.09547713447338
3890,173.08666666666667,196.05666666666667,178.76666666666665,196.31382268793013
3900,173.106,196.262,178.80599999999998,196.53216824138687
3910,173.12533333333334,196.46733333333333,178.84533333333331,196.75051379484364
3920,173.14466666666667,196.6726666666667,178.88466666666667,196.96885934830038
3930,173.16400000000002,196.87800000000001,178.924,197.18720490175716
3940,173.18333333333334,197.08333333333334,178.96333333333334,197.4055504552139
3950,173.20266666666666,197.28866666666667,179.00266666666667,197.62389600867064
3960,173.222,197.494,179.042,197.8422415621274
3970,173.24133333333333,197.69933333333336,179.08133333333333,198.06058711558416
3980,173.26066666666668,197.90466666666669,179.12066666666666,198.27893266904093
3990,173.28,198.11,179.16,198.49727822249767
4000,173.3,198.21533333333335,179.21066666666667,198.5956503773002
4010,173.32,198.32066666666668,179.26133333333334,198.6940225321027
4020,173.34,198.42600000000002,179.31199999999998,198.7923946869052
4030,173.36,198.53133333333335,179.36266666666666,198.89076684170772
4040,173.38,198.63666666666668,179.41333333333333,198.98913899651023
4050,173.4,198.74200000000002,179.464,199.08751115131275
4060,173.42000000000002,198.84733333333335,179.51466666666667,199.18588330611527
4070,173.44,198.95266666666666,179.5653333333333,199.28425546091776
4080,173.46,199.058,179.61599999999999,199.38262761572028
4090,173.48000000000002,199.16333333333333,179.66666666666666,199.4809997705228
4100,173.5,199.26866666666666,179.71733333333333,199.57937192532532
4110,173.52,199.374,179.768,199.67774408012784
4120,173.54000000000002,199.47933333333333,179.81866666666664,199.77611623493033
4130,173.56,199.58466666666666,179.86933333333332,199.87448838973285
4140,173.58,199.69,179.92,199.97286054453537
4150,173.60133333333334,200.172,179.994,200.47667931788737
4160,173.62266666666667,200.654,180.06799999999998,200.9804980912394
4170,173.644,201.136,180.142,201.48431686459142
4180,173.66533333333334,201.618,180.21599999999998,201.98813563794343
4190,173.68666666666667,202.1,180.29,202.49195441129544
4200,173.708,202.582,180.364,202.99577318464748
4210,173.72933333333333,203.064,180.438,203.49959195799948
4220,173.7506666666667,203.546,180.512,204.0034107313515
4230,173.77200000000002,204.028,180.58599999999998,204.5072295047035
4240,173.79333333333335,204.51,180.66,205.01104827805554
4250,173.81466666666668,204.992,180.734,205.51486705140755
4260,173.836,205.474,180.808,206.01868582475956
4270,173.85733333333334,205.956,180.882,206.52250459811157
4280,173.87866666666667,206.438,180.956,207.0263233714636
4290,173.9,206.92,181.03,207.5301421448156
4300,173.9226666666667,206.9753333333333,181.1,207.56824730113343
4310,173.94533333333334,207.03066666666666,181.17000000000002,207.60635245745124
4320,173.96800000000002,207.08599999999998,181.24,207.64445761376905
4330,173.99066666666667,207.14133333333334,181.31,207.68256277008686
4340,174.01333333333335,207.19666666666666,181.38,207.72066792640467
4350,174.036,207.25199999999998,181.45000000000002,207.75877308272248
4360,174.05866666666668,207.30733333333333,181.52,207.7968782390403
4370,174.08133333333333,207.36266666666666,181.59,207.8349833953581
4380,174.104,207.418,181.66,207.87308855167592
4390,174.12666666666667,207.47333333333333,181.73000000000002,207.91119370799373
4400,174.14933333333335,207.52866666666665,181.8,207.94929886431154
4410,174.172,207.584,181.87,207.98740402062936
4420,174.19466666666668,207.63933333333333,181.94,208.02550917694717
4430,174.21733333333333,207.69466666666668,182.01000000000002,208.06361433326498
4440,174.24,207.75,182.08,208.1017194895828
4450,174.264,207.20066666666668,182.0786666666667,207.5281113535699
4460,174.288,206.65133333333333,182.07733333333334,206.954503217557
4470,174.312,206.102,182.07600000000002,206.38089508154408
4480,174.336,205.55266666666665,182.07466666666667,205.8072869455312
4490,174.36,205.00333333333333,182.07333333333335,205.2336788095183
4500,174.38400000000001,204.454,182.072,204.6600706735054
4510,174.40800000000002,203.90466666666666,182.07066666666668,204.0864625374925
4520,174.432,203.35533333333333,182.06933333333333,203.5128544014796
4530,174.456,202.80599999999998,182.068,202.9392462654667
4540,174.48,202.25666666666666,182.06666666666666,202.3656381294538
4550,174.504,201.70733333333334,182.06533333333334,201.7920299934409
4560,174.528,201.158,182.064,201.218421857428
4570,174.552,200.60866666666666,182.06266666666667,200.6448137214151
4580,174.576,200.0593333333333,182.06133333333332,200.0712055854022
4590,174.6,199.51,182.06,199.4975974493893
4600,174.626,200.0173333333333,182.108,200.04260833741588
4610,174.652,200.52466666666666,182.156,200.58761922544247
4620,174.678,201.03199999999998,182.204,201.13263011346908
4630,174.704,201.53933333333333,182.252,201.67764100149566
4640,174.73,202.04666666666665,182.3,202.22265188952224
4650,174.756,202.554,182.348,202.76766277754882
4660,174.782,203.06133333333332,182.39600000000002,203.3126736655754
4670,174.808,203.56866666666667,182.444,203.857684553602
4680,174.834,204.076,182.492,204.4026954416286
4690,174.86,204.58333333333334,182.54,204.94770632965518
4700,174.886,205.09066666666666,182.588,205.49271721768176
4710,174.912,205.598,182.636,206.03772810570834
4720,174.93800000000002,206.10533333333333,182.684,206.58273899373495
4730,174.964,206.61266666666668,182.732,207.12774988176153
4740,174.99,207.12,182.78,207.6727607697881
4750,175.018,206.93800000000002,182.816,207.46638912781395
4760,175.04600000000002,206.756,182.852,207.2600174858398
4770,175.074,206.574,182.888,207.05364584386564
4780,175.102,206.392,182.924,206.84727420189148
4790,175.13,206.21,182.96,206.64090255991732
4800,175.15800000000002,206.028,182.996,206.43453091794316
4810,175.186,205.846,183.032,206.228159275969
4820,175.214,205.664,183.06799999999998,206.02178763399488
4830,175.242,205.482,183.10399999999998,205.81541599202072
4840,175.27,205.29999999999998,183.14,205.60904435004656
4850,175.298,205.118,183.176,205.4026727080724
4860,175.326,204.93599999999998,183.212,205.19630106609824
4870,175.35399999999998,204.754,183.248,204.98992942412409
4880,175.382,204.57199999999997,183.284,204.78355778214993
4890,175.41,204.39,183.32,204.57718614017577
4900,175.43933333333334,204.6833333333333,183.37133333333333,204.8876960281879
4910,175.46866666666665,204.97666666666666,183.42266666666666,205.1982059162
4920,175.498,205.26999999999998,183.474,205.50871580421213
4930,175.52733333333333,205.56333333333333,183.52533333333332,205.81922569222425
4940,175.55666666666667,205.85666666666665,183.57666666666665,206.12973558023637
4950,175.58599999999998,206.14999999999998,183.628,206.4402454682485
4960,175.61533333333333,206.44333333333333,183.67933333333332,206.7507553562606
4970,175.64466666666667,206.73666666666665,183.73066666666668,207.06126524427276
4980,175.674,207.03,183.782,207.37177513228488
4990,175.70333333333332,207.32333333333332,183.83333333333334,207.682285020297
5000,175.73266666666666,207.61666666666665,183.88466666666667,207.99279490830912
5010,175.762,207.91,183.936,208.30330479632124
5020,175.79133333333334,208.20333333333332,183.98733333333334,208.61381468433336
5030,175.82066666666665,208.49666666666667,184.03866666666667,208.92432457234548
5040,175.85,208.79,184.09,209.2348344603576
5050,175.88066666666666,208.976,184.15133333333333,209.42080961618214
5060,175.91133333333332,209.162,184.21266666666668,209.60678477200668
5070,175.942,209.34799999999998,184.274,209.7927599278312
5080,175.97266666666667,209.534,184.33533333333332,209.97873508365575
5090,176.00333333333333,209.72,184.39666666666668,210.16471023948029
5100,176.034,209.906,184.458,210.35068539530482
5110,176.06466666666665,210.092,184.51933333333332,210.53666055112936
5120,176.09533333333334,210.278,184.58066666666667,210.72263570695392
5130,176.126,210.464,184.642,210.90861086277846
5140,176.15666666666667,210.65,184.70333333333332,211.094586018603
5150,176.18733333333333,210.836,184.76466666666667,211.28056117442753
5160,176.218,211.02200000000002,184.826,211.46653633025207
5170,176.24866666666668,211.208,184.88733333333332,211.6525114860766
5180,176.27933333333334,211.394,184.94866666666667,211.83848664190114
5190,176.31,211.58,185.01,212.02446179772568
5200,176.342,211.774,185.07666666666665,212.21647591177984
5210,176.374,211.96800000000002,185.14333333333332,212.40849002583403
5220,176.406,212.162,185.20999999999998,212.6005041398882
5230,176.438,212.35600000000002,185.27666666666667,212.79251825394238
5240,176.47,212.55,185.34333333333333,212.98453236799654
5250,176.502,212.744,185.41,213.17654648205072
5260,176.534,212.93800000000002,185.47666666666666,213.36856059610489
5270,176.566,213.132,185.54333333333332,213.56057471015907
5280,176.59799999999998,213.32600000000002,185.60999999999999,213.75258882421323
5290,176.63,213.52,185.67666666666665,213.94460293826742
5300,176.662,213.714,185.7433333333333,214.13661705232158
5310,176.694,213.90800000000002,185.81,214.32863116637577
5320,176.726,214.102,185.87666666666667,214.52064528042993
5330,176.75799999999998,214.29600000000002,185.94333333333333,214.71265939448412
5340,176.79,214.49,186.01,214.90467350853828
5350,176.82266666666666,214.44333333333333,186.054,214.86098622882054
5360,176.85533333333333,214.39666666666668,186.09799999999998,214.8172989491028
5370,176.888,214.35,186.142,214.77361166938505
5380,176.92066666666665,214.30333333333334,186.18599999999998,214.7299243896673
5390,176.95333333333332,214.25666666666666,186.23,214.68623710994956
5400,176.986,214.21,186.274,214.64254983023181
5410,177.01866666666666,214.16333333333333,186.31799999999998,214.59886255051407
5420,177.05133333333333,214.11666666666667,186.362,214.55517527079633
5430,177.084,214.07,186.40599999999998,214.51148799107858
5440,177.11666666666667,214.02333333333334,186.45,214.46780071136084
5450,177.14933333333335,213.97666666666666,186.494,214.4241134316431
5460,177.182,213.93,186.53799999999998,214.38042615192535
5470,177.21466666666666,213.88333333333333,186.582,214.3367388722076
5480,177.24733333333333,213.83666666666667,186.62599999999998,214.29305159248986
5490,177.28,213.79,186.67,214.24936431277212
5500,177.31333333333333,214.14533333333333,186.74733333333333,214.6016477001746
5510,177.34666666666666,214.50066666666666,186.82466666666664,214.95393108757705
5520,177.38,214.856,186.902,215.30621447497953
5530,177.41333333333333,215.21133333333333,186.97933333333333,215.65849786238198
5540,177.44666666666666,215.56666666666666,187.05666666666667,216.01078124978446
5550,177.48,215.922,187.134,216.3630646371869
5560,177.51333333333332,216.27733333333333,187.21133333333333,216.7153480245894
5570,177.54666666666668,216.63266666666667,187.28866666666667,217.06763141199184
5580,177.58,216.988,187.366,217.41991479939432
5590,177.61333333333334,217.34333333333333,187.44333333333333,217.77219818679677
5600,177.64666666666668,217.69866666666667,187.52066666666667,218.12448157419925
5610,177.68,218.054,187.598,218.4767649616017
5620,177.71333333333334,218.40933333333334,187.67533333333336,218.82904834900418
5630,177.74666666666667,218.76466666666667,187.75266666666667,219.18133173640663
5640,177.78,219.12,187.83,219.5336151238091
5650,177.81466666666668,218.90933333333334,187.86133333333333,219.32164984933587
5660,177.84933333333333,218.69866666666667,187.89266666666668,219.10968457486263
5670,177.88400000000001,218.488,187.924,218.89771930038938
5680,177.91866666666667,218.27733333333333,187.95533333333336,218.68575402591614
5690,177.95333333333335,218.06666666666666,187.98666666666668,218.4737887514429
5700,177.988,217.856,188.018,218.26182347696965
5710,178.02266666666668,217.64533333333333,188.04933333333335,218.0498582024964
5720,178.05733333333333,217.4346666666667,188.08066666666667,217.8378929280232
5730,178.092,217.22400000000002,188.11200000000002,217.62592765354995
5740,178.12666666666667,217.01333333333335,188.14333333333335,217.4139623790767
5750,178.16133333333335,216.80266666666668,188.17466666666667,217.20199710460346
5760,178.196,216.592,188.20600000000002,216.99003183013022
5770,178.23066666666668,216.38133333333334,188.23733333333334,216.77806655565698
5780,178.26533333333333,216.17066666666668,188.2686666666667,216.56610128118373
5790,178.3,215.96,188.3,216.3541360067105
5800,178.336,216.19733333333335,188.35866666666666,216.59622379708563
5810,178.372,216.4346666666667,188.41733333333335,216.83831158746077
5820,178.40800000000002,216.672,188.476,217.0803993778359
5830,178.44400000000002,216.90933333333334,188.53466666666668,217.32248716821104
5840,178.48000000000002,217.14666666666668,188.59333333333333,217.56457495858618
5850,178.51600000000002,217.38400000000001,188.65200000000002,217.80666274896132
5860,178.55200000000002,217.62133333333335,188.71066666666667,218.04875053933645
5870,178.588,217.85866666666666,188.76933333333335,218.29083832971156
5880,178.624,218.096,188.828,218.5329261200867
5890,178.66,218.33333333333334,188.88666666666668,218.77501391046184
5900,178.696,218.57066666666668,188.94533333333334,219.01710170083697
5910,178.732,218.80800000000002,189.00400000000002,219.2591894912121
5920,178.768,219.04533333333333,189.06266666666667,219.50127728158725
5930,178.804,219.28266666666667,189.12133333333335,219.7433650719624
5940,178.84,219.52,189.18,219.98545286233752
5950,178.87800000000001,219.63666666666668,189.24133333333333,220.09945156206823
5960,178.916,219.75333333333333,189.30266666666668,220.21345026179893
5970,178.954,219.87,189.364,220.32744896152963
5980,178.992,219.98666666666668,189.42533333333333,220.44144766126033
5990,179.03,220.10333333333335,189.48666666666668,220.55544636099103
6000,179.068,220.22,189.548,220.66944506072173
6010,179.106,220.33666666666667,189.60933333333332,220.78344376045243
6020,179.144,220.45333333333335,189.67066666666668,220.8974424601831
6030,179.182,220.57000000000002,189.732,221.0114411599138
6040,179.22,220.68666666666667,189.79333333333332,221.1254398596445
6050,179.258,220.80333333333334,189.85466666666667,221.2394385593752
6060,179.296,220.92000000000002,189.916,221.3534372591059
6070,179.334,221.0366666666667,189.97733333333332,221.4674359588366
6080,179.37199999999999,221.15333333333334,190.03866666666667,221.5814346585673
6090,179.41,221.27,190.1,221.695433358298
6100,179.44866666666667,221.334,190.15133333333333,221.76360424357748
6110,179.48733333333334,221.398,190.20266666666666,221.83177512885695
6120,179.526,221.46200000000002,190.254,221.8999460141364
6130,179.56466666666665,221.526,190.30533333333332,221.96811689941586
6140,179.60333333333332,221.59,190.35666666666665,222.03628778469533
6150,179.642,221.654,190.408,222.1044586699748
6160,179.68066666666667,221.718,190.45933333333332,222.17262955525428
6170,179.71933333333334,221.782,190.51066666666668,222.24080044053372
6180,179.758,221.846,190.562,222.3089713258132
6190,179.79666666666668,221.91,190.61333333333334,222.37714221109266
6200,179.83533333333335,221.974,190.66466666666668,222.44531309637213
6210,179.874,222.03799999999998,190.716,222.5134839816516
6220,179.91266666666667,222.102,190.76733333333334,222.58165486693105
6230,179.95133333333334,222.166,190.81866666666667,222.64982575221052
6240,179.99,222.23,190.87,222.71799663749
6250,180.03,222.39399999999998,190.93533333333335,222.87949027850186
6260,180.07000000000002,222.558,191.00066666666666,223.04098391951374
6270,180.11,222.72199999999998,191.066,223.20247756052558
6280,180.15,222.886,191.13133333333334,223.36397120153745
6290,180.19,223.04999999999998,191.19666666666666,223.52546484254933
6300,180.23000000000002,223.214,191.262,223.6869584835612
6310,180.27,223.378,191.32733333333334,223.84845212457307
6320,180.31,223.542,191.39266666666666,224.00994576558492
6330,180.35,223.706,191.458,224.1714394065968
6340,180.39000000000001,223.87,191.52333333333334,224.33293304760866
6350,180.43,224.034,191.58866666666665,224.49442668862054
6360,180.47,224.198,191.654,224.6559203296324
6370,180.51,224.362,191.71933333333334,224.81741397064425
6380,180.55,224.526,191.78466666666665,224.97890761165613
6390,180.59,224.69,191.85,225.140401252668
6400,180.63133333333334,224.63066666666666,191.89733333333334,225.07562607548923
6410,180.67266666666666,224.57133333333334,191.94466666666665,225.01085089831048
6420,180.714,224.512,191.992,224.9460757211317
6430,180.75533333333334,224.45266666666666,192.03933333333333,224.88130054395293
6440,180.79666666666668,224.39333333333335,192.08666666666667,224.8165253667742
6450,180.838,224.334,192.134,224.7517501895954
6460,180.87933333333334,224.27466666666666,192.18133333333333,224.68697501241664
6470,180.92066666666668,224.21533333333335,192.22866666666667,224.6221998352379
6480,180.96200000000002,224.156,192.276,224.55742465805912
6490,181.00333333333333,224.09666666666666,192.32333333333332,224.49264948088035
6500,181.04466666666667,224.03733333333335,192.37066666666666,224.4278743037016
6510,181.086,223.978,192.418,224.36309912652283
6520,181.12733333333335,223.91866666666667,192.46533333333335,224.29832394934405
6530,181.16866666666667,223.85933333333335,192.51266666666666,224.2335487721653
6540,181.21,223.8,192.56,224.16877359498653
6550,181.252,223.678,192.59066666666666,224.0431914059912
6560,181.294,223.556,192.62133333333333,223.91760921699588
6570,181.336,223.434,192.65200000000002,223.79202702800055
6580,181.37800000000001,223.312,192.68266666666668,223.66644483900524
6590,181.42000000000002,223.19,192.71333333333334,223.5408626500099
6600,181.46200000000002,223.068,192.744,223.41528046101456
6610,181.50400000000002,222.946,192.77466666666666,223.28969827201925
6620,181.546,222.824,192.80533333333335,223.1641160830239
6630,181.588,222.702,192.836,223.0385338940286
6640,181.63,222.58,192.86666666666667,222.91295170503327
6650,181.672,222.458,192.89733333333334,222.78736951603793
6660,181.714,222.336,192.928,222.66178732704262
6670,181.756,222.214,192.9586666666667,222.53620513804728
6680,181.798,222.092,192.98933333333335,222.41062294905197
6690,181.84,221.97,193.02,222.28504076005663
6700,181.88333333333333,222.298,193.07333333333335,222.63802666910314
6710,181.92666666666668,222.626,193.12666666666667,222.99101257814968
6720,181.97,222.954,193.18,223.3439984871962
6730,182.01333333333335,223.28199999999998,193.23333333333335,223.6969843962427
6740,182.05666666666667,223.60999999999999,193.28666666666666,224.0499703052892
6750,182.1,223.938,193.34,224.40295621433575
6760,182.14333333333335,224.266,193.39333333333335,224.75594212338225
6770,182.18666666666667,224.594,193.44666666666666,225.10892803242876
6780,182.23000000000002,224.922,193.5,225.46191394147527
6790,182.27333333333334,225.25,193.55333333333334,225.8148998505218
6800,182.31666666666666,225.578,193.60666666666665,226.16788575956832
6810,182.36,225.90599999999998,193.66,226.52087166861483
6820,182.40333333333334,226.23399999999998,193.71333333333334,226.87385757766134
6830,182.4466666666667,226.56199999999998,193.76666666666665,227.22684348670788
6840,182.49,226.89,193.82,227.5798293957544
6850,182.53400000000002,227.10733333333332,193.91,227.77660991892668
6860,182.578,227.32466666666664,194.0,227.973390442099
6870,182.622,227.542,194.09,228.1701709652713
6880,182.666,227.75933333333333,194.17999999999998,228.3669514884436
6890,182.71,227.97666666666666,194.26999999999998,228.5637320116159
6900,182.75400000000002,228.194,194.35999999999999,228.7605125347882
6910,182.798,228.41133333333332,194.45,228.9572930579605
6920,182.842,228.62866666666667,194.54,229.15407358113282
6930,182.886,228.846,194.63,229.3508541043051
6940,182.93,229.06333333333333,194.72,229.5476346274774
6950,182.97400000000002,229.28066666666666,194.81,229.74441515064973
6960,183.018,229.498,194.89999999999998,229.94119567382202
6970,183.062,229.71533333333335,194.98999999999998,230.13797619699432
6980,183.106,229.93266666666668,195.07999999999998,230.33475672016664
6990,183.15,230.15,195.17,230.53153724333893
7000,183.19533333333334,230.096,195.212,230.4855603317658
7010,183.24066666666667,230.042,195.254,230.43958342019272
7020,183.286,229.988,195.296,230.3936065086196
7030,183.33133333333333,229.934,195.338,230.34762959704648
7040,183.37666666666667,229.88,195.38,230.30165268547336
7050,183.422,229.826,195.422,230.25567577390026
7060,183.46733333333333,229.772,195.464,230.20969886232714
7070,183.5126666666667,229.71800000000002,195.506,230.16372195075402
7080,183.55800000000002,229.66400000000002,195.548,230.1177450391809
7090,183.60333333333335,229.61,195.59,230.0717681276078
7100,183.64866666666668,229.556,195.632,230.0257912160347
7110,183.69400000000002,229.502,195.674,229.97981430446157
7120,183.73933333333335,229.448,195.716,229.93383739288845
7130,183.78466666666668,229.394,195.758,229.88786048131536
7140,183.83,229.34,195.8,229.84188356974224
7150,183.87533333333334,229.55066666666667,195.86866666666668,230.0555725136593
7160,183.92066666666668,229.76133333333334,195.93733333333336,230.26926145757636
7170,183.966,229.972,196.006,230.48295040149344
7180,184.01133333333334,230.18266666666668,196.07466666666667,230.6966393454105
7190,184.05666666666667,230.39333333333335,196.14333333333335,230.91032828932757
7200,184.102,230.604,196.21200000000002,231.12401723324461
7210,184.14733333333334,230.81466666666668,196.2806666666667,231.3377061771617
7220,184.19266666666667,231.02533333333332,196.34933333333333,231.55139512107874
7230,184.238,231.236,196.418,231.76508406499582
7240,184.28333333333333,231.44666666666666,196.48666666666668,231.97877300891287
7250,184.32866666666666,231.65733333333333,196.55533333333335,232.19246195282994
7260,184.374,231.868,196.62400000000002,232.406150896747
7270,184.41933333333333,232.07866666666666,196.69266666666667,232.61983984066407
7280,184.46466666666666,232.28933333333333,196.76133333333334,232.83352878458112
7290,184.51,232.5,196.83,233.0472177284982
7300,184.55599999999998,232.576,196.89466666666667,233.11898283206148
7310,184.602,232.652,196.95933333333335,233.19074793562476
7320,184.648,232.728,197.024,233.262513039188
7330,184.694,232.804,197.08866666666668,233.3342781427513
7340,184.73999999999998,232.88,197.15333333333334,233.40604324631457
7350,184.786,232.956,197.21800000000002,233.47780834987785
7360,184.832,233.03199999999998,197.28266666666667,233.54957345344113
7370,184.878,233.108,197.34733333333335,233.62133855700438
7380,184.92399999999998,233.184,197.412,233.69310366056766
7390,184.97,233.26,197.4766666666667,233.76486876413094
7400,185.016,233.33599999999998,197.54133333333334,233.83663386769422
7410,185.06199999999998,233.41199999999998,197.60600000000002,233.9083989712575
7420,185.10799999999998,233.488,197.67066666666668,233.98016407482075
7430,185.154,233.564,197.73533333333336,234.05192917838403
7440,185.2,233.64,197.8,234.1236942819473
7450,185.24666666666667,233.56866666666664,197.84733333333335,234.04668271892504
7460,185.29333333333332,233.49733333333333,197.89466666666667,233.96967115590274
7470,185.34,233.426,197.942,233.89265959288048
7480,185.38666666666666,233.35466666666665,197.98933333333335,233.81564802985818
7490,185.43333333333334,233.28333333333333,198.03666666666666,233.7386364668359
7500,185.48,233.212,198.084,233.66162490381362
7510,185.52666666666667,233.14066666666665,198.13133333333334,233.58461334079135
7520,185.57333333333332,233.06933333333333,198.17866666666666,233.50760177776905
7530,185.62,232.998,198.226,233.4305902147468
7540,185.66666666666666,232.92666666666665,198.27333333333334,233.3535786517245
7550,185.71333333333334,232.85533333333333,198.32066666666665,233.27656708870222
7560,185.76,232.784,198.368,233.19955552567993
7570,185.80666666666667,232.71266666666665,198.41533333333334,233.12254396265766
7580,185.85333333333332,232.64133333333334,198.46266666666665,233.04553239963536
7590,185.9,232.57,198.51,232.9685208366131
7600,185.948,232.666,198.56066666666666,233.07189261616455
7610,185.996,232.762,198.61133333333333,233.175264395716
7620,186.044,232.858,198.662,233.27863617526742
7630,186.092,232.95399999999998,198.71266666666665,233.38200795481887
7640,186.14000000000001,233.04999999999998,198.76333333333332,233.48537973437033
7650,186.18800000000002,233.146,198.814,233.58875151392178
7660,186.23600000000002,233.242,198.86466666666666,233.69212329347323
7670,186.284,233.338,198.91533333333334,233.79549507302465
7680,186.332,233.434,198.966,233.8988668525761
7690,186.38,233.53,199.01666666666668,234.00223863212756
7700,186.428,233.626,199.06733333333335,234.105610411679
7710,186.476,233.72199999999998,199.118,234.20898219123046
7720,186.524,233.81799999999998,199.16866666666667,234.31235397078188
7730,186.572,233.914,199.21933333333334,234.41572575033334
7740,186.62,234.01,199.27,234.5190975298848
7750,186.66933333333333,234.18133333333333,199.33533333333335,234.69245090086886
7760,186.71866666666668,234.35266666666666,199.40066666666667,234.86580427185297
7770,186.768,234.524,199.466,235.03915764283704
7780,186.81733333333335,234.69533333333334,199.53133333333335,235.2125110138211
7790,186.86666666666667,234.86666666666667,199.59666666666666,235.38586438480522
7800,186.916,235.038,199.662,235.5592177557893
7810,186.96533333333335,235.20933333333335,199.72733333333335,235.73257112677337
7820,187.01466666666667,235.38066666666666,199.79266666666666,235.90592449775747
7830,187.06400000000002,235.552,199.858,236.07927786874154
7840,187.11333333333334,235.72333333333333,199.92333333333335,236.25263123972562
7850,187.16266666666667,235.89466666666667,199.98866666666666,236.42598461070972
7860,187.21200000000002,236.066,200.054,236.5993379816938
7870,187.26133333333334,236.23733333333334,200.11933333333334,236.77269135267787
7880,187.3106666666667,236.40866666666668,200.18466666666666,236.94604472366197
7890,187.36,236.58,200.25,237.11939809464604
7900,187.40933333333334,236.948,200.33666666666667,237.49821274979067
7910,187.4586666666667,237.316,200.42333333333335,237.87702740493526
7920,187.508,237.684,200.51,238.25584206007989
7930,187.55733333333333,238.05200000000002,200.59666666666666,238.63465671522448
7940,187.60666666666668,238.42000000000002,200.68333333333334,239.0134713703691
7950,187.656,238.788,200.77,239.3922860255137
7960,187.70533333333333,239.156,200.85666666666668,239.77110068065832
7970,187.75466666666668,239.524,200.94333333333333,240.14991533580292
7980,187.804,239.892,201.03,240.52872999094754
7990,187.85333333333332,240.26,201.11666666666667,240.90754464609213
8000,187.90266666666668,240.628,201.20333333333335,241.28635930123676
8010,187.952,240.996,201.29000000000002,241.66517395638135
8020,188.00133333333332,241.364,201.37666666666667,242.04398861152598
8030,188.05066666666667,241.732,201.46333333333334,242.42280326667057
8040,188.1,242.1,201.55,242.8016179218152
8050,188.15066666666667,241.86466666666666,201.604,242.54284127689724
8060,188.20133333333334,241.62933333333334,201.65800000000002,242.28406463197928
8070,188.252,241.394,201.71200000000002,242.0252879870613
8080,188.30266666666665,241.15866666666665,201.76600000000002,241.76651134214333
8090,188.35333333333332,240.92333333333332,201.82000000000002,241.50773469722537
8100,188.404,240.688,201.87400000000002,241.24895805230742
8110,188.45466666666667,240.45266666666666,201.92800000000003,240.99018140738946
8120,188.50533333333334,240.21733333333333,201.982,240.73140476247147
8130,188.556,239.982,202.036,240.4726281175535
8140,188.60666666666668,239.74666666666667,202.09,240.21385147263555
8150,188.65733333333336,239.51133333333334,202.144,239.9550748277176
8160,188.708,239.27599999999998,202.198,239.69629818279964
8170,188.75866666666667,239.04066666666665,202.252,239.43752153788165
8180,188.80933333333334,238.80533333333332,202.306,239.1787448929637
8190,188.86,238.57,202.36,238.91996824804573
8200,188.91066666666669,238.88933333333333,202.4286666666667,239.26036821123424
8210,188.96133333333336,239.20866666666666,202.49733333333333,239.6007681744227
8220,189.012,239.528,202.566,239.9411681376112
8230,189.06266666666667,239.84733333333332,202.63466666666667,240.2815681007997
8240,189.11333333333334,240.16666666666666,202.70333333333335,240.6219680639882
8250,189.16400000000002,240.486,202.772,240.9623680271767
8260,189.2146666666667,240.80533333333332,202.84066666666666,241.30276799036517
8270,189.26533333333333,241.12466666666668,202.90933333333334,241.64316795355367
8280,189.316,241.44400000000002,202.978,241.98356791674215
8290,189.36666666666667,241.76333333333335,203.04666666666665,242.32396787993065
8300,189.41733333333335,242.08266666666668,203.11533333333333,242.66436784311915
8310,189.46800000000002,242.40200000000002,203.184,243.00476780630763
8320,189.51866666666666,242.72133333333335,203.25266666666667,243.34516776949613
8330,189.56933333333333,243.04066666666668,203.3213333333333,243.6855677326846
8340,189.62,243.36,203.39,244.0259676958731
8350,189.672,243.40266666666668,203.46066666666664,244.05937263297687
8360,189.72400000000002,243.44533333333334,203.53133333333332,244.09277757008064
8370,189.776,243.488,203.60199999999998,244.1261825071844
8380,189.828,243.5306666666667,203.67266666666666,244.15958744428818
8390,189.88,243.57333333333335,203.7433333333333,244.19299238139195
8400,189.93200000000002,243.616,203.814,244.2263973184957
8410,189.984,243.65866666666668,203.88466666666665,244.25980225559948
8420,190.036,243.70133333333334,203.95533333333333,244.29320719270328
8430,190.088,243.744,204.02599999999998,244.32661212980705
8440,190.14000000000001,243.78666666666666,204.09666666666666,244.3600170669108
8450,190.192,243.82933333333332,204.16733333333332,244.39342200401458
8460,190.244,243.872,204.238,244.42682694111835
8470,190.296,243.91466666666668,204.30866666666665,244.46023187822212
8480,190.348,243.95733333333334,204.37933333333334,244.49363681532589
8490,190.4,244.0,204.45,244.52704175242965
8500,190.45333333333335,243.98733333333334,204.50666666666666,244.51180029384184
8510,190.50666666666666,243.97466666666668,204.56333333333333,244.49655883525404
8520,190.56,243.962,204.62,244.48131737666623
8530,190.61333333333334,243.94933333333333,204.67666666666665,244.46607591807842
8540,190.66666666666666,243.93666666666667,204.73333333333332,244.4508344594906
8550,190.72,243.924,204.79,244.4355930009028
8560,190.77333333333334,243.91133333333335,204.84666666666666,244.420351542315
8570,190.82666666666665,243.89866666666666,204.90333333333334,244.40511008372718
8580,190.88,243.886,204.96,244.38986862513937
8590,190.93333333333334,243.87333333333333,205.01666666666668,244.37462716655156
8600,190.98666666666665,243.86066666666667,205.07333333333335,244.35938570796375
8610,191.04,243.848,205.13,244.34414424937594
8620,191.09333333333333,243.83533333333332,205.18666666666667,244.32890279078813
8630,191.14666666666665,243.82266666666666,205.24333333333334,244.31366133220033
8640,191.2,243.81,205.3,244.29841987361252
8650,191.25333333333333,243.75,205.34666666666666,244.23745981999633
8660,191.30666666666664,243.69,205.39333333333335,244.17649976638015
8670,191.35999999999999,243.63,205.44,244.11553971276396
8680,191.41333333333333,243.57,205.48666666666668,244.05457965914775
8690,191.46666666666667,243.51,205.53333333333333,243.99361960553156
8700,191.51999999999998,243.45,205.58,243.93265955191538
8710,191.57333333333332,243.39,205.62666666666667,243.8716994982992
8720,191.62666666666667,243.33,205.67333333333335,243.810739444683
8730,191.68,243.27,205.72,243.74977939106682
8740,191.73333333333332,243.21,205.76666666666668,243.68881933745064
8750,191.78666666666666,243.15,205.81333333333333,243.62785928383445
8760,191.84,243.09,205.86,243.56689923021824
8770,191.89333333333335,243.03,205.90666666666667,243.50593917660206
8780,191.94666666666666,242.97,205.95333333333335,243.44497912298587
8790,192.0,242.91,206.0,243.38401906936969
8800,192.05533333333332,243.15133333333333,206.06866666666667,243.63265822946704
8810,192.11066666666667,243.39266666666666,206.13733333333334,243.88129738956437
8820,192.166,243.634,206.206,244.12993654966172
8830,192.22133333333335,243.87533333333334,206.27466666666666,244.37857570975908
8840,192.27666666666667,244.11666666666667,206.34333333333333,244.62721486985643
8850,192.332,244.358,206.412,244.87585402995376
8860,192.38733333333334,244.59933333333333,206.48066666666668,245.1244931900511
8870,192.44266666666667,244.84066666666666,206.54933333333332,245.37313235014847
8880,192.49800000000002,245.082,206.618,245.62177151024582
8890,192.55333333333334,245.32333333333332,206.68666666666667,245.87041067034315
8900,192.60866666666666,245.56466666666665,206.75533333333334,246.1190498304405
8910,192.66400000000002,245.806,206.824,246.36768899053786
8920,192.71933333333334,246.04733333333334,206.89266666666666,246.6163281506352
8930,192.7746666666667,246.28866666666667,206.96133333333333,246.86496731073254
8940,192.83,246.53,207.03,247.1136064708299
8950,192.88533333333334,246.63400000000001,207.1,247.2124603631487
8960,192.9406666666667,246.738,207.17000000000002,247.3113142554675
8970,192.996,246.842,207.24,247.4101681477863
8980,193.05133333333333,246.946,207.31,247.50902204010512
8990,193.10666666666668,247.05,207.38,247.60787593242392
9000,193.162,247.154,207.45000000000002,247.70672982474272
9010,193.21733333333333,247.258,207.52,247.80558371706152
9020,193.27266666666668,247.362,207.59,247.90443760938032
9030,193.328,247.466,207.66,248.00329150169912
9040,193.38333333333333,247.57,207.73000000000002,248.10214539401792
9050,193.43866666666668,247.674,207.8,248.20099928633672
9060,193.494,247.778,207.87,248.29985317865555
9070,193.54933333333332,247.882,207.94,248.39870707097435
9080,193.60466666666667,247.986,208.01000000000002,248.49756096329315
9090,193.66,248.09,208.08,248.59641485561195
9100,193.716,247.99666666666667,208.126,248.5070496498747
9110,193.772,247.90333333333334,208.17200000000003,248.4176844441374
9120,193.828,247.81,208.21800000000002,248.32831923840013
9130,193.884,247.71666666666667,208.264,248.23895403266283
9140,193.94,247.62333333333333,208.31,248.14958882692557
9150,193.996,247.53,208.35600000000002,248.0602236211883
9160,194.052,247.43666666666667,208.40200000000002,247.970858415451
9170,194.108,247.34333333333333,208.448,247.88149320971374
9180,194.164,247.25,208.494,247.79212800397644
9190,194.22,247.15666666666667,208.54000000000002,247.70276279823918
9200,194.276,247.06333333333333,208.586,247.6133975925019
9210,194.332,246.97,208.632,247.52403238676462
9220,194.388,246.87666666666667,208.678,247.43466718102735
9230,194.444,246.78333333333333,208.72400000000002,247.34530197529006
9240,194.5,246.69,208.77,247.2559367695528
9250,194.55666666666667,247.022,208.85333333333335,247.5878187316195
9260,194.61333333333334,247.35399999999998,208.93666666666667,247.9197006936862
9270,194.67,247.686,209.02,248.2515826557529
9280,194.72666666666666,248.018,209.10333333333335,248.58346461781963
9290,194.78333333333333,248.35,209.18666666666667,248.91534657988635
9300,194.84,248.682,209.27,249.24722854195304
9310,194.89666666666668,249.01399999999998,209.35333333333335,249.57911050401975
9320,194.95333333333332,249.346,209.43666666666667,249.91099246608647
9330,195.01,249.678,209.52,250.2428744281532
9340,195.06666666666666,250.01,209.60333333333335,250.57475639021987
9350,195.12333333333333,250.34199999999998,209.68666666666667,250.9066383522866
9360,195.18,250.67399999999998,209.77,251.2385203143533
9370,195.23666666666665,251.006,209.85333333333335,251.57040227642003
9380,195.29333333333332,251.338,209.93666666666667,251.90228423848671
9390,195.35,251.67,210.02,252.23416620055343
9400,195.40733333333333,251.642,210.07933333333335,252.2071657663417
9410,195.46466666666666,251.61399999999998,210.13866666666667,252.18016533212995
9420,195.522,251.58599999999998,210.198,252.1531648979182
9430,195.57933333333332,251.558,210.25733333333335,252.12616446370646
9440,195.63666666666666,251.53,210.31666666666666,252.09916402949472
9450,195.694,251.50199999999998,210.376,252.07216359528297
9460,195.75133333333332,251.474,210.43533333333335,252.04516316107123
9470,195.80866666666668,251.446,210.49466666666666,252.01816272685952
9480,195.866,251.418,210.554,251.99116229264777
9490,195.92333333333335,251.39,210.61333333333334,251.96416185843603
9500,195.98066666666668,251.362,210.67266666666666,251.93716142422429
9510,196.038,251.334,210.732,251.91016099001254
9520,196.09533333333334,251.306,210.79133333333334,251.8831605558008
9530,196.15266666666668,251.278,210.85066666666665,251.85616012158906
9540,196.21,251.25,210.91,251.8291596873773
9550,196.26666666666668,251.478,210.988,252.0606996253691
9560,196.32333333333335,251.706,211.066,252.29223956336085
9570,196.38,251.934,211.144,252.52377950135264
9580,196.43666666666667,252.162,211.222,252.7553194393444
9590,196.49333333333334,252.39,211.3,252.98685937733617
9600,196.55,252.618,211.37800000000001,253.21839931532793
9610,196.60666666666668,252.846,211.45600000000002,253.4499392533197
9620,196.66333333333333,253.07399999999998,211.534,253.68147919131147
9630,196.72,253.302,211.612,253.91301912930325
9640,196.77666666666667,253.53,211.69,254.144559067295
9650,196.83333333333334,253.75799999999998,211.768,254.3760990052868
9660,196.89000000000001,253.986,211.846,254.60763894327854
9670,196.94666666666666,254.214,211.924,254.83917888127033
9680,197.00333333333333,254.44199999999998,212.002,255.07071881926208
9690,197.06,254.67,212.08,255.30225875725387
9700,197.118,254.75199999999998,212.156,255.37773745939216
9710,197.17600000000002,254.834,212.232,255.45321616153046
9720,197.234,254.916,212.30800000000002,255.52869486366876
9730,197.292,254.998,212.38400000000001,255.60417356580706
9740,197.35,255.07999999999998,212.46,255.67965226794536
9750,197.40800000000002,255.162,212.536,255.75513097008366
9760,197.466,255.244,212.612,255.83060967222195
9770,197.524,255.326,212.68800000000002,255.90608837436025
9780,197.582,255.408,212.764,255.98156707649855
9790,197.64000000000001,255.49,212.84,256.05704577863685
9800,197.698,255.572,212.916,256.13252448077515
9810,197.756,255.654,212.992,256.20800318291344
9820,197.814,255.736,213.068,256.28348188505174
9830,197.872,255.818,213.144,256.35896058719004
9840,197.93,255.9,213.22,256.43443928932834
9850,197.98866666666666,255.87466666666668,213.27466666666666,256.4124423522102
9860,198.04733333333334,255.84933333333333,213.32933333333332,256.390445415092
9870,198.106,255.824,213.384,256.3684484779738
9880,198.16466666666668,255.79866666666666,213.43866666666668,256.34645154085564
9890,198.22333333333333,255.77333333333334,213.49333333333334,256.3244546037375
9900,198.282,255.74800000000002,213.548,256.3024576666193
9910,198.34066666666666,255.72266666666667,213.60266666666666,256.28046072950116
9920,198.39933333333335,255.69733333333335,213.65733333333333,256.25846379238294
9930,198.458,255.672,213.712,256.2364668552648
9940,198.51666666666668,255.64666666666668,213.76666666666665,256.2144699181466
9950,198.57533333333333,255.62133333333335,213.8213333333333,256.19247298102846
9960,198.63400000000001,255.596,213.876,256.1704760439103
9970,198.69266666666667,255.57066666666668,213.93066666666667,256.1484791067921
9980,198.75133333333335,255.54533333333333,213.98533333333333,256.1264821696739
9990,198.81,255.52,214.04,256.10448523255576
10000,198.86866666666666,255.74333333333334,214.11733333333333,256.33195042692813
10010,198.92733333333334,255.96666666666667,214.19466666666665,256.55941562130045
10020,198.986,256.19,214.272,256.7868808156728
10030,199.04466666666667,256.41333333333336,214.34933333333333,257.0143460100452
10040,199.10333333333332,256.63666666666666,214.42666666666665,257.24181120441756
10050,199.162,256.86,214.504,257.4692763987899
10060,199.22066666666666,257.0833333333333,214.58133333333333,257.69674159316224
10070,199.27933333333334,257.3066666666667,214.65866666666665,257.9242067875346
10080,199.338,257.53000000000003,214.736,258.151671981907
10090,199.39666666666668,257.75333333333333,214.81333333333333,258.3791371762793
10100,199.45533333333333,257.9766666666667,214.89066666666665,258.6066023706517
10110,199.514,258.2,214.968,258.83406756502404
10120,199.57266666666666,258.42333333333335,215.04533333333333,259.0615327593964
10130,199.63133333333334,258.64666666666665,215.12266666666665,259.2889979537687
10140,199.69,258.87,215.2,259.5164631481411
10150,199.74933333333334,258.85533333333336,215.26933333333332,259.4877797600461
10160,199.80866666666665,258.84066666666666,215.33866666666665,259.45909637195115
10170,199.868,258.826,215.408,259.4304129838561
10180,199.92733333333334,258.8113333333333,215.47733333333332,259.40172959576114
10190,199.98666666666668,258.7966666666667,215.54666666666665,259.37304620766616
10200,200.046,258.782,215.61599999999999,259.3443628195712
10210,200.10533333333333,258.76733333333334,215.68533333333332,259.3156794314762
10220,200.16466666666668,258.75266666666664,215.75466666666668,259.2869960433812
10230,200.22400000000002,258.738,215.824,259.2583126552862
10240,200.28333333333333,258.7233333333333,215.89333333333335,259.2296292671912
10250,200.34266666666667,258.70866666666666,215.96266666666668,259.20094587909625
10260,200.40200000000002,258.69399999999996,216.032,259.1722624910013
10270,200.46133333333336,258.6793333333333,216.10133333333334,259.14357910290624
10280,200.52066666666667,258.6646666666666,216.17066666666668,259.11489571481127
10290,200.58,258.65,216.24,259.0862123267163
10300,200.638,258.77733333333333,216.29333333333335,259.233809848176
10310,200.696,258.9046666666666,216.34666666666666,259.38140736963567
10320,200.75400000000002,259.032,216.4,259.5290048910954
10330,200.812,259.15933333333334,216.45333333333335,259.6766024125551
10340,200.87,259.28666666666663,216.50666666666666,259.82419993401476
10350,200.928,259.414,216.56,259.9717974554745
10360,200.986,259.54133333333334,216.61333333333334,260.1193949769342
10370,201.044,259.66866666666664,216.66666666666666,260.26699249839385
10380,201.102,259.796,216.72,260.41459001985356
10390,201.16,259.92333333333335,216.77333333333334,260.5621875413133
10400,201.218,260.05066666666664,216.82666666666665,260.70978506277294
10410,201.27599999999998,260.178,216.88,260.85738258423265
10420,201.334,260.30533333333335,216.93333333333334,261.00498010569237
10430,201.392,260.43266666666665,216.98666666666665,261.152577627152
10440,201.45,260.56,217.04,261.30017514861174
10450,201.50866666666667,261.09,217.15333333333334,261.8350001098841
10460,201.56733333333332,261.62,217.26666666666665,262.36982507115647
10470,201.626,262.15,217.38,262.90465003242883
10480,201.68466666666666,262.68,217.49333333333334,263.43947499370125
10490,201.74333333333334,263.21,217.60666666666665,263.9742999549736
10500,201.802,263.74,217.72,264.509124916246
10510,201.86066666666667,264.27,217.83333333333334,265.04394987751834
10520,201.91933333333333,264.8,217.94666666666666,265.5787748387907
10530,201.978,265.33,218.06,266.11359980006307
10540,202.03666666666666,265.86,218.17333333333335,266.64842476133543
10550,202.09533333333334,266.39,218.28666666666666,267.1832497226078
10560,202.154,266.92,218.4,267.7180746838802
10570,202.21266666666668,267.45,218.51333333333335,268.2528996451526
10580,202.27133333333333,267.98,218.62666666666667,268.78772460642494
10590,202.33,268.51,218.74,269.3225495676973
10600,202.38933333333335,268.57733333333334,218.83466666666666,269.37612586247116
10610,202.44866666666667,268.64466666666664,218.92933333333335,269.429702157245
10620,202.508,268.712,219.024,269.4832784520188
10630,202.56733333333335,268.77933333333334,219.11866666666668,269.53685474679264
10640,202.62666666666667,268.84666666666664,219.21333333333334,269.5904310415665
10650,202.686,268.914,219.308,269.64400733634034
10660,202.74533333333335,268.98133333333334,219.40266666666668,269.6975836311142
10670,202.80466666666666,269.04866666666663,219.49733333333333,269.751159925888
10680,202.864,269.116,219.592,269.8047362206618
10690,202.92333333333335,269.18333333333334,219.68666666666667,269.85831251543567
10700,202.98266666666666,269.25066666666663,219.78133333333332,269.9118888102095
10710,203.042,269.318,219.876,269.96546510498337
10720,203.10133333333334,269.38533333333334,219.97066666666666,270.01904139975716
10730,203.16066666666666,269.45266666666663,220.06533333333334,270.072617694531
10740,203.22,269.52,220.16,270.12619398930485
10750,203.28,269.342,220.21533333333332,269.9419312621806
10760,203.34,269.164,220.27066666666667,269.7576685350564
10770,203.4,268.986,220.326,269.57340580793215
10780,203.46,268.808,220.38133333333334,269.3891430808079
10790,203.52,268.63,220.43666666666667,269.2048803536837
10800,203.58,268.452,220.492,269.02061762655944
10810,203.64000000000001,268.274,220.54733333333334,268.8363548994352
10820,203.7,268.096,220.60266666666666,268.652092172311
10830,203.76,267.918,220.65800000000002,268.46782944518674
10840,203.82,267.74,220.71333333333334,268.2835667180625
10850,203.88,267.562,220.76866666666666,268.09930399093827
10860,203.94,267.384,220.824,267.91504126381403
10870,204.0,267.206,220.87933333333334,267.7307785366898
10880,204.06,267.028,220.9346666666667,267.54651580956556
10890,204.12,266.85,220.99,267.3622530824413
10900,204.18066666666667,266.9413333333334,221.05066666666667,267.4630899901481
10910,204.24133333333333,267.03266666666667,221.11133333333333,267.56392689785486
10920,204.302,267.124,221.172,267.6647638055616
10930,204.36266666666668,267.2153333333334,221.2326666666667,267.7656007132684
10940,204.42333333333335,267.3066666666667,221.29333333333335,267.86643762097515
10950,204.484,267.398,221.354,267.9672745286819
10960,204.54466666666667,267.4893333333334,221.41466666666668,268.0681114363887
10970,204.60533333333333,267.5806666666667,221.47533333333334,268.1689483440954
10980,204.666,267.672,221.536,268.26978525180215
10990,204.72666666666666,267.7633333333334,221.59666666666666,268.3706221595089
11000,204.78733333333332,267.8546666666667,221.65733333333333,268.4714590672157
11010,204.848,267.946,221.71800000000002,268.57229597492244
11020,204.90866666666668,268.0373333333334,221.77866666666668,268.6731328826292
11030,204.96933333333334,268.1286666666667,221.83933333333334,268.77396979033597
11040,205.03,268.22,221.9,268.87480669804273
11050,205.092,268.1706666666667,221.96200000000002,268.81416917532005
11060,205.154,268.1213333333334,222.024,268.7535316525974
11070,205.216,268.072,222.086,268.69289412987473
11080,205.278,268.0226666666667,222.148,268.63225660715204
11090,205.34,267.97333333333336,222.21,268.57161908442936
11100,205.40200000000002,267.92400000000004,222.27200000000002,268.5109815617067
11110,205.464,267.8746666666667,222.334,268.45034403898404
11120,205.526,267.82533333333333,222.39600000000002,268.38970651626136
11130,205.588,267.776,222.458,268.32906899353867
11140,205.65,267.7266666666667,222.52,268.26843147081604
11150,205.71200000000002,267.67733333333337,222.58200000000002,268.20779394809335
11160,205.774,267.62800000000004,222.644,268.14715642537067
11170,205.836,267.57866666666666,222.70600000000002,268.086518902648
11180,205.898,267.52933333333334,222.768,268.02588137992535
11190,205.96,267.48,222.83,267.96524385720267
11200,206.02333333333334,267.90333333333336,222.91333333333336,268.41410818020455
11210,206.08666666666667,268.32666666666665,222.99666666666667,268.8629725032064
11220,206.15,268.75,223.08,269.31183682620826
11230,206.21333333333334,269.17333333333335,223.16333333333336,269.76070114921015
11240,206.27666666666667,269.5966666666667,223.24666666666667,270.209565472212
11250,206.34,270.02,223.33,270.65842979521386
11260,206.40333333333334,270.4433333333333,223.41333333333336,271.10729411821575
11270,206.46666666666667,270.8666666666667,223.49666666666667,271.5561584412176
11280,206.53,271.29,223.58,272.00502276421946
11290,206.59333333333333,271.7133333333333,223.66333333333336,272.45388708722135
11300,206.65666666666667,272.13666666666666,223.74666666666667,272.9027514102232
11310,206.72,272.56,223.83,273.35161573322506
11320,206.78333333333333,272.98333333333335,223.91333333333336,273.80048005622695
11330,206.84666666666666,273.40666666666664,223.99666666666667,274.2493443792288
11340,206.91,273.83,224.08,274.69820870223066
11350,206.974,273.94,224.174,274.7927396023556
11360,207.038,274.05,224.268,274.88727050248053
11370,207.102,274.15999999999997,224.36200000000002,274.9818014026054
11380,207.166,274.27,224.45600000000002,275.07633230273035
11390,207.23,274.38,224.55,275.1708632028553
11400,207.294,274.49,224.644,275.2653941029802
11410,207.358,274.6,224.738,275.35992500310516
11420,207.422,274.71,224.83200000000002,275.45445590323004
11430,207.486,274.82,224.92600000000002,275.548986803355
11440,207.55,274.93,225.02,275.6435177034799
11450,207.614,275.04,225.114,275.73804860360485
11460,207.678,275.15000000000003,225.208,275.8325795037298
11470,207.742,275.26,225.30200000000002,275.92711040385467
11480,207.806,275.37,225.39600000000002,276.0216413039796
11490,207.87,275.48,225.49,276.11617220410454
11500,207.93466666666666,275.512,225.56266666666667,276.1487862783763
11510,207.99933333333334,275.54400000000004,225.63533333333334,276.18140035264804
11520,208.064,275.576,225.708,276.2140144269198
11530,208.12866666666667,275.608,225.7806666666667,276.24662850119154
11540,208.19333333333333,275.64,225.85333333333335,276.2792425754633
11550,208.258,275.672,225.92600000000002,276.31185664973503
11560,208.32266666666666,275.704,225.99866666666668,276.3444707240068
11570,208.38733333333334,275.736,226.07133333333334,276.3770847982786
11580,208.452,275.768,226.144,276.40969887255034
11590,208.51666666666668,275.8,226.21666666666667,276.4423129468221
11600,208.58133333333333,275.832,226.28933333333333,276.47492702109383
11610,208.64600000000002,275.864,226.36200000000002,276.5075410953656
11620,208.71066666666667,275.89599999999996,226.4346666666667,276.54015516963733
11630,208.77533333333335,275.928,226.50733333333335,276.5727692439091
11640,208.84,275.96,226.58,276.6053833181808
11650,208.90533333333335,275.772,226.632,276.40643007895807
11660,208.97066666666666,275.584,226.68400000000003,276.2074768397353
11670,209.036,275.39599999999996,226.73600000000002,276.00852360051255
11680,209.10133333333334,275.20799999999997,226.788,275.8095703612898
11690,209.16666666666666,275.02,226.84,275.610617122067
11700,209.232,274.832,226.89200000000002,275.41166388284427
11710,209.29733333333334,274.644,226.94400000000002,275.2127106436215
11720,209.36266666666666,274.45599999999996,226.996,275.0137574043988
11730,209.428,274.268,227.048,274.81480416517604
11740,209.49333333333334,274.08,227.10000000000002,274.6158509259533
11750,209.55866666666665,273.892,227.15200000000002,274.4168976867305
11760,209.624,273.704,227.204,274.21794444750776
11770,209.68933333333334,273.51599999999996,227.256,274.018991208285
11780,209.75466666666665,273.328,227.30800000000002,273.82003796906224
11790,209.82,273.14,227.36,273.6210847298395
11800,209.886,273.39866666666666,227.43200000000002,273.89596074034324
11810,209.952,273.6573333333333,227.50400000000002,274.17083675084695
11820,210.018,273.916,227.57600000000002,274.4457127613507
11830,210.084,274.17466666666667,227.648,274.7205887718544
11840,210.15,274.43333333333334,227.72,274.99546478235817
11850,210.216,274.692,227.792,275.27034079286193
11860,210.282,274.9506666666667,227.864,275.54521680336563
11870,210.34799999999998,275.2093333333333,227.936,275.8200928138694
11880,210.414,275.46799999999996,228.008,276.0949688243731
11890,210.48,275.72666666666663,228.08,276.36984483487686
11900,210.546,275.9853333333333,228.15200000000002,276.6447208453806
11910,210.612,276.24399999999997,228.224,276.9195968558843
11920,210.678,276.50266666666664,228.296,277.1944728663881
11930,210.744,276.7613333333333,228.368,277.4693488768918
11940,210.81,277.02,228.44,277.74422488739555
11950,210.87666666666667,276.97999999999996,228.506,277.6930475108704
11960,210.94333333333333,276.94,228.572,277.6418701343452
11970,211.01,276.9,228.638,277.5906927578201
11980,211.07666666666668,276.86,228.704,277.5395153812949
11990,211.14333333333335,276.82,228.77,277.48833800476973
12000,211.21,276.78,228.836,277.43716062824456
12010,211.27666666666667,276.74,228.90200000000002,277.3859832517194
12020,211.34333333333333,276.7,228.968,277.33480587519426
12030,211.41,276.66,229.034,277.2836284986691
12040,211.47666666666666,276.62,229.1,277.2324511221439
12050,211.54333333333332,276.58,229.166,277.18127374561874
12060,211.61,276.54,229.232,277.13009636909356
12070,211.67666666666668,276.5,229.298,277.07891899256845
12080,211.74333333333334,276.46000000000004,229.364,277.0277416160433
12090,211.81,276.42,229.43,276.9765642395181
12100,211.87733333333333,276.55333333333334,229.5,277.11584073984085
12110,211.94466666666668,276.68666666666667,229.57,277.2551172401636
12120,212.012,276.82,229.64000000000001,277.39439374048635
12130,212.07933333333332,276.9533333333334,229.71,277.5336702408091
12140,212.14666666666668,277.0866666666667,229.78,277.67294674113185
12150,212.214,277.22,229.85,277.8122232414546
12160,212.28133333333332,277.35333333333335,229.92,277.95149974177735
12170,212.34866666666667,277.4866666666667,229.99,278.09077624210005
12180,212.416,277.62,230.06,278.2300527424228
12190,212.48333333333332,277.75333333333333,230.13,278.36932924274555
12200,212.55066666666667,277.88666666666666,230.2,278.5086057430683
12210,212.618,278.02000000000004,230.26999999999998,278.64788224339105
12220,212.68533333333332,278.15333333333336,230.34,278.7871587437138
12230,212.75266666666667,278.2866666666667,230.41,278.92643524403655
12240,212.82,278.42,230.48,279.0657117443593
12250,212.88733333333332,278.4646666666667,230.548,279.1074201694709
12260,212.95466666666667,278.50933333333336,230.61599999999999,279.1491285945825
12270,213.022,278.55400000000003,230.684,279.19083701969413
12280,213.08933333333334,278.59866666666665,230.75199999999998,279.23254544480574
12290,213.15666666666667,278.6433333333333,230.82,279.27425386991735
12300,213.224,278.688,230.888,279.31596229502895
12310,213.29133333333334,278.73266666666666,230.956,279.35767072014056
12320,213.35866666666666,278.77733333333333,231.024,279.39937914525217
12330,213.42600000000002,278.822,231.09199999999998,279.4410875703638
12340,213.49333333333334,278.8666666666667,231.16,279.4827959954754
12350,213.56066666666666,278.91133333333335,231.228,279.524504420587
12360,213.62800000000001,278.95599999999996,231.296,279.5662128456986
12370,213.69533333333334,279.00066666666663,231.364,279.6079212708102
12380,213.7626666666667,279.0453333333333,231.432,279.6496296959218
12390,213.83,279.09,231.5,279.6913381210334
12400,213.89800000000002,279.102,231.56266666666667,279.70316310142914
12410,213.966,279.114,231.62533333333334,279.71498808182486
12420,214.03400000000002,279.126,231.688,279.7268130622206
12430,214.102,279.138,231.75066666666666,279.7386380426163
12440,214.17000000000002,279.15,231.81333333333333,279.750463023012
12450,214.238,279.162,231.876,279.7622880034077
12460,214.306,279.174,231.93866666666668,279.77411298380343
12470,214.374,279.186,232.00133333333332,279.7859379641992
12480,214.442,279.198,232.064,279.7977629445949
12490,214.51,279.21,232.12666666666667,279.80958792499064
12500,214.578,279.222,232.18933333333334,279.82141290538635
12510,214.646,279.234,232.252,279.83323788578207
12520,214.714,279.246,232.31466666666665,279.8450628661778
12530,214.78199999999998,279.258,232.37733333333333,279.8568878465735
12540,214.85,279.27,232.44,279.8687128269692
12550,214.918,279.402,232.51,280.00485406078354
12560,214.986,279.534,232.58,280.1409952945979
12570,215.054,279.666,232.65,280.2771365284122
12580,215.12199999999999,279.798,232.72,280.4132777622265
12590,215.19,279.93,232.79,280.54941899604086
12600,215.258,280.062,232.86,280.6855602298552
12610,215.326,280.194,232.93,280.8217014636695
12620,215.394,280.32599999999996,233.0,280.9578426974838
12630,215.462,280.45799999999997,233.07,281.0939839312981
12640,215.53,280.59,233.14000000000001,281.23012516511244
12650,215.598,280.722,233.21,281.36626639892677
12660,215.666,280.854,233.28,281.5024076327411
12670,215.734,280.986,233.35,281.6385488665554
12680,215.802,281.118,233.42000000000002,281.77469010036975
12690,215.87,281.25,233.49,281.9108313341841
12700,215.93800000000002,281.424,233.572,282.08071977564566
12710,216.006,281.598,233.654,282.2506082171073
12720,216.074,281.772,233.73600000000002,282.4204966585689
12730,216.142,281.946,233.818,282.59038510003046
12740,216.21,282.12,233.9,282.7602735414921
12750,216.278,282.294,233.982,282.9301619829537
12760,216.346,282.468,234.064,283.10005042441526
12770,216.414,282.642,234.14600000000002,283.2699388658769
12780,216.482,282.81600000000003,234.228,283.4398273073385
12790,216.54999999999998,282.99,234.31,283.60971574880006
12800,216.618,283.164,234.392,283.7796041902617
12810,216.68599999999998,283.338,234.474,283.9494926317233
12820,216.754,283.512,234.556,284.11938107318485
12830,216.82199999999997,283.68600000000004,234.638,284.2892695146465
12840,216.89,283.86,234.72,284.4591579561081
12850,216.9573333333333,283.798,234.77666666666667,284.4043217474782
12860,217.02466666666666,283.736,234.83333333333334,284.3494855388484
12870,217.09199999999998,283.67400000000004,234.89,284.29464933021853
12880,217.15933333333334,283.612,234.94666666666666,284.2398131215887
12890,217.22666666666666,283.55,235.00333333333333,284.18497691295886
12900,217.29399999999998,283.488,235.06,284.13014070432905
12910,217.36133333333333,283.426,235.11666666666667,284.0753044956992
12920,217.42866666666666,283.36400000000003,235.17333333333332,284.0204682870694
12930,217.496,283.302,235.23,283.9656320784395
12940,217.56333333333333,283.24,235.28666666666666,283.9107958698097
12950,217.63066666666666,283.178,235.34333333333333,283.85595966117984
12960,217.698,283.116,235.4,283.80112345255003
12970,217.76533333333333,283.05400000000003,235.45666666666665,283.74628724392016
12980,217.83266666666668,282.992,235.51333333333332,283.69145103529036
12990,217.9,282.93,235.57,283.6366148266605
13000,217.96800000000002,283.356,235.67333333333332,284.0627573434633
13010,218.036,283.782,235.77666666666667,284.48889986026614
13020,218.104,284.208,235.88,284.9150423770689
13030,218.172,284.634,235.98333333333332,285.34118489387174
13040,218.24,285.06,236.08666666666667,285.76732741067457
13050,218.308,285.486,236.19,286.1934699274774
13060,218.376,285.912,236.29333333333332,286.6196124442802
13070,218.444,286.338,236.39666666666668,287.045754961083
13080,218.512,286.764,236.5,287.4718974778858
13090,218.57999999999998,287.19,236.60333333333332,287.89803999468865
13100,218.648,287.616,236.70666666666668,288.3241825114915
13110,218.71599999999998,288.042,236.81,288.7503250282943
13120,218.784,288.468,236.91333333333333,289.17646754509707
13130,218.85199999999998,288.894,237.01666666666668,289.6026100618999
13140,218.92,289.32,237.12,290.0287525787027
13150,218.988,289.3546666666667,237.19866666666667,290.0648208908277
13160,219.05599999999998,289.3893333333333,237.27733333333333,290.1008892029527
13170,219.124,289.424,237.356,290.1369575150777
13180,219.19199999999998,289.45866666666666,237.4346666666667,290.17302582720265
13190,219.26,289.49333333333334,237.51333333333335,290.20909413932765
13200,219.328,289.52799999999996,237.592,290.24516245145264
13210,219.396,289.56266666666664,237.67066666666668,290.28123076357764
13220,219.464,289.5973333333333,237.74933333333334,290.31729907570264
13230,219.53199999999998,289.632,237.828,290.35336738782763
13240,219.6,289.66666666666663,237.90666666666667,290.3894356999526
13250,219.668,289.7013333333333,237.98533333333333,290.4255040120776
13260,219.736,289.736,238.06400000000002,290.46157232420256
13270,219.804,289.77066666666667,238.14266666666668,290.49764063632756
13280,219.87199999999999,289.8053333333333,238.22133333333335,290.53370894845256
13290,219.94,289.84,238.3,290.56977726057755
13300,220.00866666666667,290.02599999999995,238.39133333333334,290.75410117491714
13310,220.07733333333334,290.212,238.4826666666667,290.9384250892568
13320,220.146,290.39799999999997,238.574,291.12274900359637
13330,220.21466666666666,290.584,238.66533333333334,291.30707291793595
13340,220.28333333333333,290.77,238.75666666666666,291.49139683227554
13350,220.352,290.95599999999996,238.848,291.6757207466152
13360,220.42066666666668,291.142,238.93933333333334,291.86004466095477
13370,220.48933333333332,291.328,239.03066666666666,292.04436857529436
13380,220.558,291.514,239.12199999999999,292.22869248963394
13390,220.62666666666667,291.7,239.21333333333334,292.4130164039736
13400,220.69533333333334,291.88599999999997,239.30466666666666,292.5973403183132
13410,220.764,292.072,239.396,292.78166423265276
13420,220.83266666666665,292.258,239.4873333333333,292.96598814699234
13430,220.90133333333333,292.444,239.57866666666666,293.150312061332
13440,220.97,292.63,239.67,293.3346359756716
13450,221.038,292.686,239.74866666666665,293.39143785332817
13460,221.106,292.742,239.8273333333333,293.44823973098477
13470,221.174,292.798,239.90599999999998,293.50504160864136
13480,221.242,292.854,239.98466666666667,293.56184348629796
13490,221.31,292.91,240.06333333333333,293.61864536395456
13500,221.37800000000001,292.966,240.142,293.67544724161115
13510,221.446,293.022,240.22066666666666,293.73224911926775
13520,221.514,293.07800000000003,240.29933333333332,293.7890509969243
13530,221.582,293.134,240.378,293.8458528745809
13540,221.65,293.19,240.45666666666665,293.9026547522375
13550,221.71800000000002,293.24600000000004,240.5353333333333,293.9594566298941
13560,221.786,293.302,240.614,294.0162585075507
13570,221.854,293.358,240.69266666666667,294.07306038520727
13580,221.922,293.41400000000004,240.77133333333333,294.12986226286387
13590,221.99,293.47,240.85,294.18666414052046
13600,222.05933333333334,293.4413333333334,240.92466666666667,294.14718215795926
13610,222.12866666666667,293.41266666666667,240.99933333333334,294.10770017539807
13620,222.198,293.384,241.07399999999998,294.06821819283687
13630,222.26733333333334,293.35533333333336,241.14866666666666,294.02873621027567
13640,222.33666666666667,293.3266666666667,241.22333333333333,293.98925422771447
13650,222.406,293.298,241.298,293.94977224515327
13660,222.47533333333334,293.26933333333335,241.37266666666667,293.91029026259207
13670,222.54466666666667,293.2406666666667,241.44733333333332,293.8708082800308
13680,222.614,293.21200000000005,241.522,293.8313262974696
13690,222.68333333333334,293.18333333333334,241.59666666666666,293.7918443149084
13700,222.75266666666667,293.1546666666667,241.67133333333334,293.7523623323472
13710,222.822,293.12600000000003,241.746,293.712880349786
13720,222.89133333333334,293.0973333333334,241.82066666666665,293.6733983672248
13730,222.96066666666667,293.0686666666667,241.89533333333333,293.6339163846636
13740,223.03,293.04,241.97,293.5944344021024
13750,223.10066666666665,292.9433333333333,242.01933333333332,293.5033875402799
13760,223.17133333333334,292.8466666666667,242.06866666666667,293.4123406784573
13770,223.242,292.75,242.118,293.3212938166348
13780,223.31266666666667,292.65333333333336,242.16733333333335,293.23024695481223
13790,223.38333333333333,292.5566666666667,242.21666666666667,293.1392000929897
13800,223.454,292.46,242.266,293.04815323116713
13810,223.52466666666666,292.36333333333334,242.31533333333334,292.9571063693446
13820,223.59533333333334,292.26666666666665,242.36466666666666,292.86605950752204
13830,223.666,292.17,242.41400000000002,292.7750126456995
13840,223.73666666666668,292.0733333333333,242.46333333333334,292.68396578387694
13850,223.80733333333333,291.97666666666663,242.51266666666666,292.5929189220544
13860,223.87800000000001,291.88,242.562,292.50187206023185
13870,223.94866666666667,291.7833333333333,242.61133333333333,292.4108251984093
13880,224.01933333333335,291.68666666666667,242.66066666666669,292.31977833658675
13890,224.09,291.59,242.71,292.22873147476423
13900,224.16066666666666,291.78999999999996,242.78666666666666,292.4334234368039
13910,224.23133333333334,291.98999999999995,242.86333333333334,292.6381153988435
13920,224.302,292.19,242.94,292.84280736088317
13930,224.37266666666667,292.39,243.01666666666668,293.04749932292276
13940,224.44333333333333,292.59,243.09333333333333,293.2521912849624
13950,224.514,292.78999999999996,243.17000000000002,293.45688324700205
13960,224.58466666666666,292.98999999999995,243.24666666666667,293.6615752090417
13970,224.65533333333335,293.19,243.32333333333335,293.86626717108135
13980,224.726,293.39,243.4,294.070959133121
13990,224.79666666666668,293.59,243.4766666666667,294.27565109516064
14000,224.86733333333333,293.78999999999996,243.55333333333334,294.4803430572003
14010,224.93800000000002,293.98999999999995,243.63000000000002,294.6850350192399
14020,225.00866666666667,294.19,243.70666666666668,294.8897269812795
14030,225.07933333333335,294.39,243.78333333333336,295.09441894331917
14040,225.15,294.59,243.86,295.2991109053588
14050,225.222,294.80266666666665,243.94733333333335,295.5139642052994
14060,225.294,295.01533333333333,244.03466666666668,295.7288175052399
14070,225.366,295.22799999999995,244.122,295.94367080518043
14080,225.438,295.44066666666663,244.20933333333335,296.158524105121
14090,225.51,295.6533333333333,244.29666666666668,296.3733774050615
14100,225.582,295.866,244.38400000000001,296.58823070500205
14110,225.654,296.07866666666666,244.47133333333335,296.8030840049426
14120,225.726,296.2913333333333,244.55866666666665,297.0179373048831
14130,225.798,296.50399999999996,244.646,297.23279060482366
14140,225.87,296.71666666666664,244.73333333333332,297.4476439047642
14150,225.942,296.9293333333333,244.82066666666665,297.6624972047047
14160,226.01399999999998,297.142,244.908,297.8773505046453
14170,226.08599999999998,297.3546666666666,244.99533333333332,298.09220380458584
14180,226.158,297.5673333333333,245.08266666666665,298.30705710452634
14190,226.23,297.78,245.17,298.5219104044669
14200,226.302,298.042,245.26666666666665,298.7890516239608
14210,226.374,298.304,245.36333333333332,299.0561928434547
14220,226.446,298.566,245.45999999999998,299.3233340629487
14230,226.518,298.828,245.55666666666667,299.5904752824426
14240,226.59,299.09,245.65333333333334,299.8576165019365
14250,226.662,299.352,245.75,300.1247577214304
14260,226.734,299.614,245.84666666666666,300.3918989409243
14270,226.80599999999998,299.876,245.94333333333333,300.6590401604183
14280,226.878,300.138,246.04,300.9261813799122
14290,226.95,300.4,246.13666666666666,301.1933225994061
14300,227.022,300.662,246.23333333333332,301.4604638189
14310,227.094,300.924,246.33,301.7276050383939
14320,227.166,301.186,246.42666666666668,301.99474625788787
14330,227.238,301.448,246.52333333333334,302.2618874773818
14340,227.31,301.71,246.62,302.5290286968757
14350,227.382,301.72666666666663,246.708,302.5338366375528
14360,227.454,301.74333333333334,246.796,302.5386445782298
14370,227.526,301.76,246.88400000000001,302.5434525189069
14380,227.59799999999998,301.77666666666664,246.972,302.54826045958396
14390,227.67,301.7933333333333,247.06,302.55306840026105
14400,227.742,301.81,247.148,302.5578763409381
14410,227.814,301.82666666666665,247.236,302.5626842816152
14420,227.886,301.8433333333333,247.324,302.56749222229223
14430,227.958,301.85999999999996,247.412,302.5723001629693
14440,228.03,301.87666666666667,247.5,302.57710810364637
14450,228.102,301.8933333333333,247.588,302.58191604432346
14460,228.17399999999998,301.90999999999997,247.676,302.5867239850005
14470,228.24599999999998,301.9266666666666,247.764,302.5915319256776
14480,228.31799999999998,301.9433333333333,247.852,302.59633986635464
14490,228.39,301.96,247.94,302.60114780703174
14500,228.46266666666665,302.14466666666664,248.022,302.798836068484
14510,228.5353333333333,302.3293333333333,248.10399999999998,302.9965243299363
14520,228.60799999999998,302.514,248.186,303.1942125913885
14530,228.68066666666667,302.69866666666667,248.268,303.39190085284076
14540,228.75333333333333,302.8833333333333,248.35,303.589589114293
14550,228.826,303.068,248.432,303.7872773757453
14560,228.89866666666666,303.25266666666664,248.51399999999998,303.98496563719755
14570,228.97133333333332,303.43733333333336,248.596,304.1826538986498
14580,229.04399999999998,303.622,248.678,304.38034216010203
14590,229.11666666666665,303.8066666666667,248.76,304.57803042155433
14600,229.1893333333333,303.99133333333333,248.84199999999998,304.7757186830066
14610,229.262,304.176,248.92399999999998,304.9734069444588
14620,229.33466666666666,304.3606666666667,249.006,305.17109520591106
14630,229.40733333333333,304.54533333333336,249.088,305.36878346736336
14640,229.48,304.73,249.17,305.5664717288156
14650,229.55066666666664,304.83000000000004,249.25933333333333,305.6557603648891
14660,229.62133333333333,304.93,249.34866666666665,305.7450490009626
14670,229.69199999999998,305.03000000000003,249.438,305.8343376370361
14680,229.76266666666666,305.13,249.52733333333333,305.9236262731096
14690,229.83333333333331,305.23,249.61666666666665,306.0129149091831
14700,229.904,305.33000000000004,249.706,306.1022035452566
14710,229.97466666666665,305.43,249.79533333333333,306.1914921813301
14720,230.04533333333333,305.53000000000003,249.88466666666665,306.28078081740364
14730,230.11599999999999,305.63,249.974,306.37006945347713
14740,230.18666666666667,305.73,250.06333333333333,306.4593580895506
14750,230.25733333333332,305.83000000000004,250.15266666666665,306.5486467256241
14760,230.328,305.93,250.242,306.6379353616976
14770,230.39866666666666,306.03000000000003,250.33133333333333,306.72722399777115
14780,230.46933333333334,306.13,250.42066666666665,306.81651263384464
14790,230.54,306.23,250.51,306.90580126991813
14800,230.61066666666665,306.37933333333336,250.59333333333333,307.06196993856634
14810,230.68133333333333,306.5286666666667,250.67666666666665,307.21813860721454
14820,230.75199999999998,306.678,250.76,307.37430727586275
14830,230.82266666666666,306.82733333333334,250.84333333333333,307.530475944511
14840,230.89333333333332,306.9766666666667,250.92666666666665,307.6866446131592
14850,230.964,307.12600000000003,251.01,307.8428132818074
14860,231.03466666666665,307.2753333333334,251.09333333333333,307.99898195045563
14870,231.10533333333333,307.42466666666667,251.17666666666665,308.15515061910384
14880,231.176,307.574,251.26,308.31131928775204
14890,231.24666666666667,307.72333333333336,251.34333333333333,308.46748795640025
14900,231.31733333333332,307.8726666666667,251.42666666666665,308.62365662504845
14910,231.388,308.02200000000005,251.51,308.7798252936967
14920,231.45866666666666,308.17133333333334,251.59333333333333,308.9359939623449
14930,231.52933333333334,308.3206666666667,251.67666666666665,309.09216263099313
14940,231.6,308.47,251.76,309.24833129964134
14950,231.672,308.44533333333334,251.83666666666664,309.2146862523066
14960,231.744,308.4206666666667,251.91333333333333,309.1810412049719
14970,231.816,308.396,251.98999999999998,309.14739615763716
14980,231.888,308.3713333333334,252.06666666666666,309.1137511103025
14990,231.96,308.3466666666667,252.14333333333332,309.08010606296773
15000,232.032,308.322,252.22,309.04646101563304
15010,232.104,308.29733333333337,252.29666666666665,309.0128159682983
15020,232.176,308.2726666666667,252.37333333333333,308.9791709209636
15030,232.248,308.24800000000005,252.45,308.94552587362887
15040,232.32,308.22333333333336,252.52666666666667,308.9118808262942
15050,232.392,308.19866666666667,252.60333333333332,308.87823577895944
15060,232.464,308.17400000000004,252.68,308.84459073162475
15070,232.536,308.14933333333335,252.75666666666666,308.81094568429
15080,232.608,308.1246666666667,252.83333333333334,308.7773006369553
15090,232.68,308.1,252.91,308.7436555896206
15100,232.752,308.0253333333334,252.97133333333332,308.66661857553373
15110,232.824,307.9506666666667,253.03266666666667,308.58958156144695
15120,232.89600000000002,307.87600000000003,253.094,308.5125445473601
15130,232.968,307.80133333333333,253.15533333333335,308.43550753327327
15140,233.04,307.7266666666667,253.21666666666667,308.3584705191865
15150,233.112,307.65200000000004,253.278,308.28143350509964
15160,233.184,307.57733333333334,253.33933333333334,308.2043964910128
15170,233.256,307.5026666666667,253.40066666666667,308.127359476926
15180,233.328,307.428,253.46200000000002,308.0503224628392
15190,233.4,307.35333333333335,253.52333333333334,307.97328544875234
15200,233.472,307.2786666666667,253.58466666666666,307.89624843466555
15210,233.54399999999998,307.204,253.64600000000002,307.8192114205787
15220,233.61599999999999,307.12933333333336,253.70733333333334,307.74217440649187
15230,233.688,307.05466666666666,253.7686666666667,307.6651373924051
15240,233.76,306.98,253.83,307.58810037831825
15250,233.83333333333331,306.90933333333334,253.88466666666667,307.51489511734707
15260,233.90666666666667,306.8386666666667,253.93933333333334,307.44168985637583
15270,233.98,306.76800000000003,253.994,307.36848459540465
15280,234.05333333333334,306.69733333333335,254.0486666666667,307.2952793344334
15290,234.12666666666667,306.62666666666667,254.10333333333335,307.22207407346224
15300,234.2,306.55600000000004,254.15800000000002,307.148868812491
15310,234.27333333333334,306.48533333333336,254.21266666666668,307.0756635515198
15320,234.34666666666666,306.4146666666667,254.26733333333334,307.0024582905486
15330,234.42000000000002,306.344,254.322,306.9292530295774
15340,234.49333333333334,306.27333333333337,254.37666666666667,306.8560477686062
15350,234.56666666666666,306.2026666666667,254.43133333333333,306.782842507635
15360,234.64000000000001,306.132,254.48600000000002,306.70963724666376
15370,234.71333333333334,306.0613333333333,254.54066666666668,306.6364319856926
15380,234.7866666666667,305.9906666666667,254.59533333333334,306.56322672472135
15390,234.86,305.92,254.65,306.49002146375017
15400,234.93333333333334,306.28000000000003,254.73533333333333,306.8667252531118
15410,235.0066666666667,306.64,254.82066666666668,307.2434290424734
15420,235.08,307.0,254.906,307.620132831835
15430,235.15333333333334,307.36,254.99133333333333,307.9968366211966
15440,235.2266666666667,307.72,255.07666666666668,308.37354041055823
15450,235.3,308.08,255.162,308.75024419991985
15460,235.37333333333333,308.44,255.24733333333333,309.12694798928146
15470,235.4466666666667,308.8,255.33266666666668,309.503651778643
15480,235.52,309.16,255.418,309.88035556800463
15490,235.59333333333333,309.52,255.50333333333333,310.25705935736624
15500,235.66666666666669,309.88,255.58866666666668,310.63376314672786
15510,235.74,310.24,255.674,311.0104669360895
15520,235.81333333333333,310.6,255.75933333333333,311.3871707254511
15530,235.88666666666668,310.96,255.84466666666668,311.7638745148127
15540,235.96,311.32,255.93,312.1405783041743
15550,236.03400000000002,311.57266666666663,256.02933333333334,312.3921689489395
15560,236.108,311.82533333333333,256.1286666666667,312.6437595937048
15570,236.18200000000002,312.078,256.228,312.89535023847
15580,236.256,312.3306666666667,256.32733333333334,313.1469408832352
15590,236.33,312.5833333333333,256.4266666666667,313.3985315280004
15600,236.404,312.836,256.526,313.65012217276563
15610,236.478,313.08866666666665,256.62533333333334,313.90171281753084
15620,236.552,313.34133333333335,256.7246666666667,314.15330346229604
15630,236.626,313.594,256.824,314.40489410706124
15640,236.7,313.8466666666667,256.92333333333335,314.6564847518265
15650,236.774,314.09933333333333,257.0226666666667,314.9080753965917
15660,236.84799999999998,314.35200000000003,257.122,315.1596660413569
15670,236.922,314.6046666666667,257.22133333333335,315.4112566861221
15680,236.99599999999998,314.8573333333334,257.3206666666667,315.66284733088736
15690,237.07,315.11,257.42,315.91443797565256
15700,237.14466666666667,315.002,257.4926666666667,315.7949578177755
15710,237.21933333333334,314.894,257.56533333333334,315.67547765989843
15720,237.29399999999998,314.786,257.63800000000003,315.5559975020214
15730,237.36866666666666,314.678,257.71066666666667,315.43651734414436
15740,237.44333333333333,314.57,257.78333333333336,315.3170371862673
15750,237.518,314.462,257.856,315.19755702839024
15760,237.59266666666667,314.354,257.9286666666667,315.0780768705132
15770,237.66733333333332,314.24600000000004,258.0013333333333,314.95859671263617
15780,237.742,314.13800000000003,258.074,314.83911655475913
15790,237.81666666666666,314.03000000000003,258.14666666666665,314.71963639688204
15800,237.89133333333334,313.922,258.21933333333334,314.600156239005
15810,237.966,313.814,258.292,314.48067608112797
15820,238.04066666666665,313.706,258.36466666666666,314.36119592325093
15830,238.11533333333333,313.598,258.4373333333333,314.24171576537384
15840,238.19,313.49,258.51,314.1222356074968
