Time (s),T_outer (C),T_inner (C),T_avg (C),Input Temperature (C)
0,230.37764075053445,230.37764075053445,230.37764075053445,230.37764075053445
10,230.37764075053445,230.37764075053445,230.37764075053445,230.37764075053445
20,230.37764075053445,230.37764075053445,230.37764075053445,230.37764075053445
30,230.37764075053445,230.37764075053445,230.37764075053445,230.37764075053445
40,230.37764075053445,230.37764075053445,230.37764075053445,230.37764075053445
50,230.37764075053445,230.37764075053445,230.37764075053445,230.37764075053445
60,230.37764075053445,230.37764075053445,230.37764075053445,230.37764075053445
70,230.37764075053445,230.37764075053445,230.37764075053445,230.37764075053445
80,230.37764075053445,230.37764075053445,230.37764075053445,230.37764075053445
90,230.37764075053445,230.37764075053445,230.37764075053445,230.37764075053445
100,230.37764075053445,230.37764075053445,230.37764075053445,230.37764075053445
110,230.37764075053445,230.37764075053445,230.37764075053445,230.37764075053445
120,230.37764075053445,230.37764075053445,230.37764075053445,230.37764075053445
130,230.37764075053445,230.37764075053445,230.37764075053445,230.37764075053445
140,230.37764075053445,230.37764075053445,230.37764075053445,230.37764075053445
150,230.37764075053445,230.37764075053445,230.37764075053445,230.37764075053445
160,230.37764075053445,230.37764075053445,230.37764075053445,230.37764075053445
170,230.37764075053445,230.37764075053445,230.37764075053445,230.37764075053445
180,230.37764075053445,230.37764075053445,230.37764075053445,230.37764075053445
190,230.37764075053445,230.37764075053445,230.37764075053445,230.37764075053445
200,230.37764075053445,230.37764075053445,230.37764075053445,230.37764075053445
210,230.37764075053445,230.37764075053445,230.37764075053445,230.37764075053445
220,230.37764075053445,230.37764075053445,230.37764075053445,230.37764075053445
230,230.37764075053445,230.37764075053445,230.37764075053445,230.37764075053445
240,230.37764075053445,230.37764075053445,230.37764075053445,230.37764075053445
250,230.37764075053445,230.37764075053445,230.37764075053445,230.37764075053445
260,230.37764075053445,230.37764075053445,230.37764075053445,230.37764075053445
270,230.37764075053445,230.37764075053445,230.37764075053445,230.37764075053445
280,230.37764075053445,230.37764075053445,230.37764075053445,230.37764075053445
290,230.37764075053445,230.37764075053445,230.37764075053445,230.37764075053445
300,230.37764075053445,230.37764075053445,230.37764075053445,230.37764075053445
310,230.37764075053445,230.37764075053445,230.37764075053445,230.37764075053445
320,230.37764075053445,230.37764075053445,230.37764075053445,230.37764075053445
330,230.37764075053445,230.37764075053445,230.37764075053445,230.37764075053445
340,230.37764075053445,230.37764075053445,230.37764075053445,230.37764075053445
350,230.37764075053445,230.37764075053445,230.37764075053445,230.37764075053445
360,230.37764075053445,230.37764075053445,230.37764075053445,230.37764075053445
370,230.37764075053445,230.37764075053445,230.37764075053445,230.37764075053445
380,230.37764075053445,230.37764075053445,230.37764075053445,230.37764075053445
390,230.37764075053445,230.37764075053445,230.37764075053445,230.37764075053445
400,230.37764075053445,230.37764075053445,230.37764075053445,230.37764075053445
410,230.37764075053445,230.37764075053445,230.37764075053445,230.37764075053445
420,230.37764075053445,230.37764075053445,230.37764075053445,230.37764075053445
430,230.37764075053445,230.37764075053445,230.37764075053445,230.37764075053445
440,230.37764075053445,230.37764075053445,230.37764075053445,230.37764075053445
450,230.37764075053445,230.37764075053445,230.37764075053445,230.37764075053445
460,230.37764075053445,230.37764075053445,230.37764075053445,230.37764075053445
470,230.37764075053445,230.37764075053445,230.37764075053445,230.37764075053445
480,230.37764075053445,230.37764075053445,230.37764075053445,230.37764075053445
490,230.37764075053445,230.37764075053445,230.37764075053445,230.37764075053445
500,230.37764075053445,230.37764075053445,230.37764075053445,230.37764075053445
510,230.37764075053445,230.37764075053445,230.37764075053445,230.37764075053445
520,230.37764075053445,230.37764075053445,230.37764075053445,230.37764075053445
530,230.37764075053445,230.37764075053445,230.37764075053445,230.37764075053445
540,230.37764075053445,230.37764075053445,230.37764075053445,230.37764075053445
550,230.37764075053445,230.37764075053445,230.37764075053445,230.37764075053445
560,230.37764075053445,230.37764075053445,230.37764075053445,230.37764075053445
570,230.37764075053445,230.37764075053445,230.37764075053445,230.37764075053445
580,230.37764075053445,230.37764075053445,230.37764075053445,230.37764075053445
590,230.37764075053445,230.37764075053445,230.37764075053445,230.37764075053445
600,230.37764075053445,230.37764075053445,230.37764075053445,230.37764075053445
610,230.37764075053445,230.37764075053445,230.37764075053445,230.37764075053445
620,230.37764075053445,230.37764075053445,230.37764075053445,230.37764075053445
630,230.37764075053445,230.37764075053445,230.37764075053445,230.37764075053445
640,230.37764075053445,230.37764075053445,230.37764075053445,230.37764075053445
650,230.37764075053445,230.37764075053445,230.37764075053445,230.37764075053445
660,230.37764075053445,230.37764075053445,230.37764075053445,230.37764075053445
670,230.37764075053445,230.37764075053445,230.37764075053445,230.37764075053445
680,230.37764075053445,230.37764075053445,230.37764075053445,230.37764075053445
690,230.37764075053445,230.37764075053445,230.37764075053445,230.37764075053445
700,230.37764075053445,230.37764075053445,230.37764075053445,230.37764075053445
710,230.37764075053445,230.37764075053445,230.37764075053445,230.37764075053445
720,230.37764075053445,230.37764075053445,230.37764075053445,230.37764075053445
730,230.37764075053445,230.37764075053445,230.37764075053445,230.37764075053445
740,230.37764075053445,230.37764075053445,230.37764075053445,230.37764075053445
750,230.37764075053445,230.37764075053445,230.37764075053445,230.37764075053445
760,230.37764075053445,230.37764075053445,230.37764075053445,230.37764075053445
770,230.37764075053445,230.37764075053445,230.37764075053445,230.37764075053445
780,230.37764075053445,230.37764075053445,230.37764075053445,230.37764075053445
790,230.37764075053445,230.37764075053445,230.37764075053445,230.37764075053445
800,230.37764075053445,230.37764075053445,230.37764075053445,230.37764075053445
810,230.37764075053445,230.37764075053445,230.37764075053445,230.37764075053445
820,230.37764075053445,230.37764075053445,230.37764075053445,230.37764075053445
830,230.37764075053445,230.37764075053445,230.37764075053445,230.37764075053445
840,230.37764075053445,230.37764075053445,230.37764075053445,230.37764075053445
850,230.37764075053445,230.37764075053445,230.37764075053445,230.37764075053445
860,230.37764075053445,230.37764075053445,230.37764075053445,230.37764075053445
870,230.37764075053445,230.37764075053445,230.37764075053445,230.37764075053445
880,230.37764075053445,230.37764075053445,230.37764075053445,230.37764075053445
890,230.37764075053445,230.37764075053445,230.37764075053445,230.37764075053445
900,230.37764075053445,230.37764075053445,230.37764075053445,230.37764075053445
910,230.37764075053445,230.37764075053445,230.37764075053445,230.37764075053445
920,230.37764075053445,230.37764075053445,230.37764075053445,230.37764075053445
930,230.37764075053445,230.37764075053445,230.37764075053445,230.37764075053445
940,230.37764075053445,230.37764075053445,230.37764075053445,230.37764075053445
950,230.37764075053445,230.37764075053445,230.37764075053445,230.37764075053445
960,230.37764075053445,230.37764075053445,230.37764075053445,230.37764075053445
970,230.37764075053445,230.37764075053445,230.37764075053445,230.37764075053445
980,230.37764075053445,230.37764075053445,230.37764075053445,230.37764075053445
990,230.37764075053445,230.37764075053445,230.37764075053445,230.37764075053445
1000,230.37764075053445,230.37764075053445,230.37764075053445,230.37764075053445
1010,230.37764075053445,230.37764075053445,230.37764075053445,230.37764075053445
1020,230.37764075053445,230.37764075053445,230.37764075053445,230.37764075053445
1030,230.37764075053445,230.37764075053445,230.37764075053445,230.37764075053445
1040,230.37764075053445,230.37764075053445,230.37764075053445,230.37764075053445
1050,230.37764075053445,230.37764075053445,230.37764075053445,230.37764075053445
1060,230.37764075053445,230.37764075053445,230.37764075053445,230.37764075053445
1070,230.37764075053445,230.37764075053445,230.37764075053445,230.37764075053445
1080,230.37764075053445,230.37764075053445,230.37764075053445,230.37764075053445
1090,230.37764075053445,230.37764075053445,230.37764075053445,230.37764075053445
1100,230.37764075053445,230.37764075053445,230.37764075053445,230.37764075053445
1110,230.37764075053445,230.37764075053445,230.37764075053445,230.37764075053445
1120,230.37764075053445,230.37764075053445,230.37764075053445,230.37764075053445
1130,230.37764075053445,230.37764075053445,230.37764075053445,230.37764075053445
1140,230.37764075053445,230.37764075053445,230.37764075053445,230.37764075053445
1150,230.37764075053445,230.37764075053445,230.37764075053445,230.37764075053445
1160,230.37764075053445,230.37764075053445,230.37764075053445,230.37764075053445
1170,230.37764075053445,230.37764075053445,230.37764075053445,230.37764075053445
1180,230.37764075053445,230.37764075053445,230.37764075053445,230.37764075053445
1190,230.37764075053445,230.37764075053445,230.37764075053445,230.37764075053445
1200,230.37764075053445,230.37764075053445,230.37764075053445,230.37764075053445
1210,230.37764075053445,230.37764075053445,230.37764075053445,230.37764075053445
1220,230.37764075053445,230.37764075053445,230.37764075053445,230.37764075053445
1230,230.37764075053445,230.37764075053445,230.37764075053445,230.37764075053445
1240,230.37764075053445,230.37764075053445,230.37764075053445,230.37764075053445
1250,230.37764075053445,230.37764075053445,230.37764075053445,230.37764075053445
1260,230.37764075053445,230.37764075053445,230.37764075053445,230.37764075053445
1270,230.37764075053445,230.37764075053445,230.37764075053445,230.37764075053445
1280,230.37764075053445,230.37764075053445,230.37764075053445,230.37764075053445
1290,230.37764075053445,230.37764075053445,230.37764075053445,230.37764075053445
1300,230.37764075053445,230.37764075053445,230.37764075053445,230.37764075053445
1310,230.37764075053445,230.37764075053445,230.37764075053445,230.37764075053445
1320,230.37764075053445,230.37764075053445,230.37764075053445,230.37764075053445
1330,230.37764075053445,230.37764075053445,230.37764075053445,230.37764075053445
1340,230.37764075053445,230.37764075053445,230.37764075053445,230.37764075053445
1350,230.37764075053445,230.37764075053445,230.37764075053445,230.37764075053445
1360,230.37764075053445,230.37764075053445,230.37764075053445,230.37764075053445
1370,230.37764075053445,230.37764075053445,230.37764075053445,230.37764075053445
1380,230.37764075053445,230.37764075053445,230.37764075053445,230.37764075053445
1390,230.37764075053445,230.37764075053445,230.37764075053445,230.37764075053445
1400,230.37764075053445,230.37764075053445,230.37764075053445,230.37764075053445
1410,230.37764075053445,230.37764075053445,230.37764075053445,230.37764075053445
1420,230.37764075053445,230.37764075053445,230.37764075053445,230.37764075053445
1430,230.37764075053445,230.37764075053445,230.37764075053445,230.37764075053445
1440,230.37764075053445,230.37764075053445,230.37764075053445,230.37764075053445
1440,230.37764075053445,230.37764075053445,230.37764075053445,230.37764075053445
1450,230.37779803383216,230.5064647004988,230.3891313671655,230.51055896394632
1460,230.37795531712985,230.6352886504632,230.40062198379653,230.64347717735816
1470,230.37811260042756,230.76411260042755,230.41211260042758,230.77639539077003
1480,230.37826988372527,230.89293655039194,230.4236032170586,230.9093136041819
1490,230.37842716702298,231.0217605003563,230.43509383368965,231.04223181759374
1500,230.37858445032066,231.15058445032068,230.44658445032067,231.17515003100561
1510,230.37874173361837,231.27940840028504,230.45807506695172,231.30806824441748
1520,230.37889901691608,231.40823235024942,230.46956568358274,231.44098645782933
1530,230.3790563002138,231.53705630021378,230.4810563002138,231.5739046712412
1540,230.37921358351147,231.66588025017816,230.49254691684482,231.70682288465306
1550,230.37937086680918,231.79470420014252,230.50403753347587,231.8397410980649
1560,230.3795281501069,231.9235281501069,230.5155281501069,231.97265931147678
1570,230.3796854334046,232.05235210007126,230.52701876673794,232.10557752488864
1580,230.37984271670229,232.18117605003565,230.53850938336896,232.2384957383005
1590,230.38,232.31,230.55,232.37141395171236
1600,230.38,232.26333333333335,230.55200000000002,232.32350519717437
1610,230.38,232.21666666666667,230.554,232.27559644263638
1620,230.38,232.17000000000002,230.556,232.22768768809837
1630,230.38,232.12333333333333,230.55800000000002,232.17977893356039
1640,230.38,232.07666666666668,230.56,232.1318701790224
1650,230.38,232.03,230.562,232.08396142448441
1660,230.38,231.98333333333335,230.56400000000002,232.03605266994643
1670,230.38,231.93666666666667,230.566,231.98814391540841
1680,230.38,231.89000000000001,230.568,231.94023516087043
1690,230.38,231.84333333333333,230.57000000000002,231.89232640633244
1700,230.38,231.79666666666668,230.572,231.84441765179446
1710,230.38,231.75,230.574,231.79650889725647
1720,230.38,231.70333333333335,230.57600000000002,231.74860014271846
1730,230.38,231.65666666666667,230.578,231.70069138818047
1740,230.38,231.61,230.58,231.6527826336425
1750,230.38,231.816,230.60066666666668,231.86430192314222
1760,230.38,232.02200000000002,230.62133333333335,232.07582121264198
1770,230.38,232.228,230.642,232.28734050214172
1780,230.38,232.434,230.66266666666667,232.49885979164148
1790,230.38,232.64000000000001,230.68333333333334,232.7103790811412
1800,230.38,232.846,230.704,232.92189837064097
1810,230.38,233.052,230.72466666666668,233.1334176601407
1820,230.38,233.258,230.74533333333332,233.34493694964047
1830,230.38,233.464,230.766,233.5564562391402
1840,230.38,233.67,230.78666666666666,233.76797552863997
1850,230.38,233.876,230.80733333333333,233.9794948181397
1860,230.38,234.082,230.828,234.19101410763946
1870,230.38,234.28799999999998,230.84866666666665,234.4025333971392
1880,230.38,234.494,230.86933333333332,234.61405268663896
1890,230.38,234.7,230.89,234.8255719761387
1900,230.38,234.85333333333332,230.91666666666666,234.98082754407295
1910,230.38,235.00666666666666,230.94333333333333,235.1360831120072
1920,230.38,235.16,230.97,235.29133867994148
1930,230.38,235.31333333333333,230.99666666666664,235.44659424787574
1940,230.38,235.46666666666667,231.0233333333333,235.60184981581
1950,230.38,235.62,231.04999999999998,235.75710538374426
1960,230.38,235.77333333333334,231.07666666666665,235.91236095167852
1970,230.38,235.92666666666665,231.10333333333332,236.0676165196128
1980,230.38,236.07999999999998,231.13,236.22287208754707
1990,230.38,236.23333333333332,231.15666666666667,236.37812765548134
2000,230.38,236.38666666666666,231.18333333333334,236.5333832234156
2010,230.38,236.54,231.20999999999998,236.68863879134986
2020,230.38,236.69333333333333,231.23666666666665,236.84389435928412
2030,230.38,236.84666666666666,231.26333333333332,236.99914992721838
2040,230.38,237.0,231.29,237.15440549515264
2050,230.38066666666666,237.12666666666667,231.31866666666667,237.28065678499064
2060,230.38133333333332,237.25333333333333,231.34733333333332,237.40690807482866
2070,230.382,237.38,231.376,237.53315936466666
2080,230.38266666666667,237.50666666666666,231.40466666666666,237.65941065450468
2090,230.38333333333333,237.63333333333333,231.43333333333334,237.78566194434268
2100,230.384,237.76,231.462,237.9119132341807
2110,230.38466666666665,237.88666666666666,231.49066666666667,238.0381645240187
2120,230.38533333333334,238.01333333333335,231.51933333333332,238.16441581385672
2130,230.386,238.14000000000001,231.548,238.29066710369472
2140,230.38666666666666,238.26666666666668,231.57666666666665,238.41691839353274
2150,230.38733333333332,238.39333333333335,231.60533333333333,238.54316968337073
2160,230.38799999999998,238.52,231.634,238.66942097320876
2170,230.38866666666667,238.64666666666668,231.66266666666667,238.79567226304675
2180,230.38933333333333,238.77333333333334,231.69133333333332,238.92192355288478
2190,230.39,238.9,231.72,239.04817484272277
2200,230.39066666666665,239.006,231.74666666666667,239.15762914490784
2210,230.39133333333334,239.112,231.77333333333334,239.2670834470929
2220,230.392,239.21800000000002,231.8,239.37653774927796
2230,230.39266666666666,239.324,231.82666666666665,239.485992051463
2240,230.39333333333332,239.43,231.85333333333332,239.59544635364807
2250,230.394,239.536,231.88,239.70490065583314
2260,230.39466666666667,239.642,231.90666666666667,239.81435495801819
2270,230.39533333333333,239.74800000000002,231.93333333333334,239.92380926020326
2280,230.396,239.854,231.96,240.0332635623883
2290,230.39666666666668,239.96,231.98666666666668,240.14271786457337
2300,230.39733333333334,240.066,232.01333333333335,240.25217216675844
2310,230.398,240.172,232.04,240.36162646894348
2320,230.39866666666666,240.27800000000002,232.06666666666666,240.47108077112856
2330,230.39933333333335,240.38400000000001,232.09333333333333,240.5805350733136
2340,230.4,240.49,232.12,240.68998937549867
2350,230.40133333333333,240.65666666666667,232.15733333333333,240.85502832398376
2360,230.40266666666668,240.82333333333335,232.19466666666668,241.02006727246885
2370,230.404,240.99,232.232,241.18510622095394
2380,230.40533333333335,241.15666666666667,232.26933333333335,241.350145169439
2390,230.40666666666667,241.32333333333335,232.30666666666667,241.5151841179241
2400,230.408,241.49,232.344,241.68022306640918
2410,230.40933333333334,241.65666666666667,232.38133333333334,241.84526201489427
2420,230.41066666666666,241.82333333333335,232.41866666666667,242.01030096337936
2430,230.412,241.99,232.45600000000002,242.17533991186446
2440,230.41333333333333,242.15666666666667,232.49333333333334,242.34037886034955
2450,230.41466666666665,242.32333333333335,232.53066666666666,242.50541780883464
2460,230.416,242.49,232.568,242.6704567573197
2470,230.41733333333332,242.65666666666667,232.60533333333333,242.8354957058048
2480,230.41866666666667,242.82333333333335,232.64266666666668,243.00053465428988
2490,230.42,242.99,232.68,243.16557360277497
2500,230.42266666666666,243.11666666666667,232.71066666666667,243.30115652955644
2510,230.42533333333333,243.24333333333334,232.74133333333333,243.43673945633788
2520,230.428,243.37,232.772,243.57232238311934
2530,230.43066666666667,243.49666666666667,232.80266666666668,243.70790530990078
2540,230.43333333333334,243.62333333333333,232.83333333333334,243.84348823668225
2550,230.436,243.75,232.864,243.97907116346371
2560,230.43866666666668,243.87666666666667,232.89466666666667,244.11465409024515
2570,230.44133333333332,244.00333333333333,232.92533333333333,244.25023701702662
2580,230.444,244.13,232.956,244.38581994380806
2590,230.44666666666666,244.25666666666666,232.98666666666665,244.52140287058953
2600,230.44933333333333,244.38333333333333,233.0173333333333,244.656985797371
2610,230.452,244.51,233.048,244.79256872415243
2620,230.45466666666667,244.63666666666666,233.07866666666666,244.9281516509339
2630,230.45733333333334,244.76333333333332,233.10933333333332,245.06373457771534
2640,230.46,244.89,233.14,245.1993175044968
2650,230.464,245.106,233.19333333333333,245.40701672260676
2660,230.46800000000002,245.32199999999997,233.24666666666664,245.6147159407167
2670,230.472,245.53799999999998,233.29999999999998,245.8224151588267
2680,230.476,245.754,233.35333333333332,246.03011437693664
2690,230.48000000000002,245.97,233.40666666666667,246.2378135950466
2700,230.484,246.18599999999998,233.45999999999998,246.44551281315654
2710,230.488,246.402,233.51333333333332,246.6532120312665
2720,230.49200000000002,246.618,233.56666666666666,246.86091124937647
2730,230.496,246.834,233.62,247.06861046748642
2740,230.5,247.04999999999998,233.67333333333332,247.27630968559637
2750,230.50400000000002,247.266,233.72666666666666,247.48400890370633
2760,230.508,247.482,233.78,247.69170812181628
2770,230.512,247.698,233.83333333333334,247.89940733992626
2780,230.51600000000002,247.914,233.88666666666666,248.1071065580362
2790,230.52,248.13,233.94,248.31480577614616
2800,230.526,248.15133333333333,233.96533333333332,248.34448487424075
2810,230.532,248.17266666666666,233.99066666666667,248.3741639723353
2820,230.538,248.194,234.016,248.4038430704299
2830,230.544,248.21533333333332,234.04133333333334,248.43352216852446
2840,230.55,248.23666666666665,234.06666666666666,248.46320126661905
2850,230.556,248.25799999999998,234.09199999999998,248.4928803647136
2860,230.562,248.2793333333333,234.11733333333333,248.5225594628082
2870,230.568,248.30066666666667,234.14266666666666,248.55223856090277
2880,230.574,248.322,234.168,248.58191765899736
2890,230.58,248.34333333333333,234.19333333333333,248.61159675709192
2900,230.586,248.36466666666666,234.21866666666665,248.6412758551865
2910,230.592,248.386,234.244,248.67095495328107
2920,230.598,248.40733333333333,234.26933333333332,248.70063405137566
2930,230.604,248.42866666666666,234.29466666666667,248.73031314947022
2940,230.61,248.45,234.32,248.7599922475648
2950,230.61733333333333,248.5,234.36133333333333,248.79547123181445
2960,230.62466666666668,248.54999999999998,234.40266666666665,248.83095021606405
2970,230.632,248.6,234.444,248.8664292003137
2980,230.63933333333335,248.64999999999998,234.48533333333333,248.9019081845633
2990,230.64666666666668,248.7,234.52666666666667,248.93738716881293
3000,230.654,248.75,234.56799999999998,248.97286615306254
3010,230.66133333333335,248.79999999999998,234.60933333333332,249.00834513731218
3020,230.66866666666667,248.85,234.65066666666667,249.04382412156178
3030,230.67600000000002,248.89999999999998,234.692,249.07930310581142
3040,230.68333333333334,248.95,234.73333333333332,249.11478209006103
3050,230.69066666666666,249.0,234.77466666666666,249.15026107431066
3060,230.698,249.04999999999998,234.816,249.18574005856027
3070,230.70533333333333,249.1,234.85733333333334,249.2212190428099
3080,230.71266666666668,249.14999999999998,234.89866666666666,249.2566980270595
3090,230.72,249.2,234.94,249.29217701130915
3100,230.72866666666667,249.13266666666667,234.948,249.2363744330398
3110,230.73733333333334,249.0653333333333,234.956,249.18057185477042
3120,230.746,248.998,234.964,249.12476927650107
3130,230.75466666666665,248.93066666666667,234.972,249.0689666982317
3140,230.76333333333332,248.86333333333332,234.98,249.01316411996234
3150,230.772,248.796,234.988,248.95736154169296
3160,230.78066666666666,248.72866666666667,234.996,248.9015589634236
3170,230.78933333333333,248.66133333333332,235.004,248.84575638515423
3180,230.798,248.594,235.012,248.78995380688488
3190,230.80666666666667,248.52666666666667,235.02,248.7341512286155
3200,230.81533333333334,248.45933333333332,235.028,248.67834865034615
3210,230.82399999999998,248.392,235.036,248.62254607207677
3220,230.83266666666665,248.32466666666667,235.044,248.56674349380742
3230,230.84133333333332,248.25733333333332,235.052,248.51094091553804
3240,230.85,248.19,235.06,248.4551383372687
3250,230.86133333333333,248.328,235.09733333333332,248.58792430544855
3260,230.87266666666667,248.466,235.13466666666667,248.7207102736284
3270,230.884,248.60399999999998,235.172,248.85349624180824
3280,230.89533333333333,248.742,235.20933333333335,248.9862822099881
3290,230.90666666666667,248.88,235.24666666666667,249.11906817816796
3300,230.918,249.018,235.284,249.25185414634782
3310,230.92933333333335,249.156,235.32133333333334,249.38464011452768
3320,230.94066666666666,249.29399999999998,235.35866666666666,249.51742608270752
3330,230.952,249.432,235.39600000000002,249.65021205088738
3340,230.96333333333334,249.57,235.43333333333334,249.78299801906724
3350,230.97466666666668,249.708,235.47066666666666,249.9157839872471
3360,230.98600000000002,249.846,235.508,250.04856995542696
3370,230.99733333333333,249.98399999999998,235.54533333333333,250.1813559236068
3380,231.00866666666667,250.12199999999999,235.58266666666668,250.31414189178665
3390,231.02,250.26,235.62,250.4469278599665
3400,231.03266666666667,250.37333333333333,235.65066666666667,250.56823950129868
3410,231.04533333333333,250.48666666666665,235.68133333333333,250.68955114263085
3420,231.05800000000002,250.6,235.71200000000002,250.81086278396302
3430,231.07066666666668,250.71333333333334,235.74266666666668,250.93217442529522
3440,231.08333333333334,250.82666666666665,235.77333333333334,251.05348606662739
3450,231.096,250.94,235.804,251.17479770795956
3460,231.10866666666666,251.05333333333334,235.83466666666666,251.29610934929173
3470,231.12133333333335,251.16666666666666,235.86533333333335,251.4174209906239
3480,231.13400000000001,251.28,235.89600000000002,251.53873263195607
3490,231.14666666666668,251.39333333333335,235.92666666666668,251.66004427328824
3500,231.15933333333334,251.50666666666666,235.95733333333334,251.7813559146204
3510,231.172,251.62,235.988,251.9026675559526
3520,231.1846666666667,251.73333333333335,236.0186666666667,252.02397919728477
3530,231.19733333333335,251.84666666666666,236.04933333333335,252.14529083861694
3540,231.21,251.96,236.08,252.2666024799491
3550,231.22400000000002,252.12533333333334,236.12466666666668,252.4305810189026
3560,231.238,252.29066666666668,236.16933333333336,252.59455955785606
3570,231.252,252.45600000000002,236.214,252.7585380968095
3580,231.266,252.62133333333333,236.25866666666667,252.92251663576297
3590,231.28,252.78666666666666,236.30333333333334,253.08649517471645
3600,231.294,252.952,236.348,253.25047371366992
3610,231.308,253.11733333333333,236.39266666666668,253.4144522526234
3620,231.322,253.28266666666667,236.43733333333333,253.57843079157684
3630,231.33599999999998,253.448,236.482,253.7424093305303
3640,231.35,253.61333333333334,236.52666666666667,253.90638786948378
3650,231.364,253.77866666666668,236.57133333333334,254.07036640843725
3660,231.378,253.944,236.616,254.23434494739072
3670,231.392,254.10933333333332,236.66066666666666,254.39832348634417
3680,231.40599999999998,254.27466666666666,236.70533333333333,254.56230202529764
3690,231.42,254.44,236.75,254.7262805642511
3700,231.43533333333332,254.18,236.764,254.44820992020007
3710,231.45066666666665,253.92,236.778,254.17013927614906
3720,231.46599999999998,253.66,236.792,253.89206863209802
3730,231.48133333333334,253.4,236.806,253.61399798804698
3740,231.49666666666667,253.14,236.82,253.33592734399593
3750,231.512,252.88,236.834,253.05785669994492
3760,231.52733333333333,252.62,236.848,252.77978605589388
3770,231.54266666666666,252.35999999999999,236.862,252.50171541184284
3780,231.558,252.1,236.876,252.2236447677918
3790,231.57333333333332,251.84,236.89000000000001,251.94557412374078
3800,231.58866666666665,251.57999999999998,236.904,251.66750347968974
3810,231.604,251.32,236.918,251.3894328356387
3820,231.61933333333334,251.06,236.93200000000002,251.11136219158766
3830,231.63466666666667,250.79999999999998,236.946,250.83329154753665
3840,231.65,250.54,236.96,250.5552209034856
3850,231.66666666666669,250.55466666666666,236.9646666666667,250.58463491410532
3860,231.68333333333334,250.56933333333333,236.96933333333334,250.61404892472504
3870,231.70000000000002,250.584,236.97400000000002,250.64346293534476
3880,231.71666666666667,250.59866666666665,236.97866666666667,250.67287694596445
3890,231.73333333333335,250.61333333333332,236.98333333333335,250.70229095658416
3900,231.75,250.628,236.988,250.73170496720388
3910,231.76666666666668,250.64266666666666,236.99266666666668,250.7611189778236
3920,231.78333333333333,250.65733333333333,236.99733333333333,250.79053298844332
3930,231.8,250.672,237.002,250.81994699906303
3940,231.81666666666666,250.68666666666667,237.00666666666666,250.84936100968275
3950,231.83333333333334,250.70133333333334,237.01133333333334,250.87877502030247
3960,231.85,250.71599999999998,237.016,250.90818903092216
3970,231.86666666666667,250.73066666666665,237.02066666666667,250.93760304154188
3980,231.88333333333333,250.74533333333332,237.02533333333332,250.9670170521616
3990,231.9,250.76,237.03,250.9964310627813
4000,231.91733333333335,250.88666666666666,237.06133333333332,251.1224981281407
4010,231.93466666666666,251.01333333333332,237.09266666666667,251.2485651935001
4020,231.952,251.14,237.124,251.3746322588595
4030,231.96933333333334,251.26666666666665,237.15533333333335,251.50069932421889
4040,231.98666666666668,251.39333333333332,237.18666666666667,251.62676638957828
4050,232.004,251.51999999999998,237.218,251.75283345493767
4060,232.02133333333333,251.64666666666665,237.24933333333334,251.87890052029707
4070,232.03866666666667,251.77333333333334,237.28066666666666,252.00496758565646
4080,232.056,251.9,237.312,252.13103465101585
4090,232.07333333333332,252.02666666666667,237.34333333333333,252.25710171637525
4100,232.09066666666666,252.15333333333334,237.37466666666666,252.38316878173464
4110,232.108,252.28,237.406,252.50923584709403
4120,232.12533333333334,252.40666666666667,237.43733333333333,252.63530291245343
4130,232.14266666666666,252.53333333333333,237.46866666666668,252.76136997781282
4140,232.16,252.66,237.5,252.8874370431722
4150,232.17866666666666,253.02533333333332,237.552,253.26657994131264
4160,232.19733333333332,253.39066666666668,237.604,253.64572283945307
4170,232.216,253.756,237.656,254.02486573759347
4180,232.23466666666667,254.12133333333333,237.708,254.4040086357339
4190,232.25333333333333,254.48666666666665,237.76,254.78315153387433
4200,232.272,254.852,237.812,255.16229443201476
4210,232.29066666666665,255.21733333333333,237.864,255.5414373301552
4220,232.30933333333334,255.58266666666665,237.916,255.9205802282956
4230,232.328,255.94799999999998,237.968,256.29972312643605
4240,232.34666666666666,256.31333333333333,238.02,256.67886602457645
4250,232.36533333333333,256.67866666666663,238.072,257.05800892271685
4260,232.384,257.044,238.124,257.4371518208573
4270,232.40266666666668,257.40933333333334,238.176,257.8162947189977
4280,232.42133333333334,257.77466666666663,238.228,258.19543761713817
4290,232.44,258.14,238.28,258.57458051527857
4300,232.45933333333332,258.486,238.35266666666666,258.9224812887472
4310,232.47866666666667,258.832,238.42533333333333,259.2703820622158
4320,232.498,259.178,238.498,259.61828283568445
4330,232.51733333333334,259.524,238.57066666666668,259.96618360915306
4340,232.53666666666666,259.87,238.64333333333335,260.3140843826217
4350,232.55599999999998,260.216,238.716,260.6619851560903
4360,232.57533333333333,260.562,238.78866666666667,261.0098859295589
4370,232.59466666666665,260.90799999999996,238.86133333333333,261.35778670302756
4380,232.614,261.25399999999996,238.934,261.70568747649617
4390,232.63333333333333,261.59999999999997,239.00666666666666,262.0535882499648
4400,232.65266666666665,261.94599999999997,239.07933333333332,262.4014890234334
4410,232.672,262.292,239.15200000000002,262.749389796902
4420,232.69133333333332,262.638,239.22466666666668,263.09729057037066
4430,232.71066666666667,262.984,239.29733333333334,263.44519134383927
4440,232.73,263.33,239.37,263.7930921173079
4450,232.7493333333333,263.162,239.40800000000002,263.60728185147104
4460,232.76866666666666,262.99399999999997,239.446,263.4214715856342
4470,232.78799999999998,262.82599999999996,239.484,263.2356613197974
4480,232.80733333333333,262.658,239.522,263.0498510539605
4490,232.82666666666665,262.49,239.56,262.86404078812365
4500,232.846,262.322,239.598,262.6782305222868
4510,232.86533333333333,262.154,239.636,262.49242025645
4520,232.88466666666667,261.986,239.674,262.30660999061314
4530,232.904,261.818,239.712,262.1207997247763
4540,232.92333333333335,261.65,239.75,261.93498945893947
4550,232.94266666666667,261.48199999999997,239.788,261.74917919310263
4560,232.96200000000002,261.314,239.826,261.56336892726574
4570,232.98133333333334,261.146,239.864,261.3775586614289
4580,233.0006666666667,260.978,239.902,261.19174839559207
4590,233.02,260.81,239.94,261.00593812975524
4600,233.04066666666668,261.05133333333333,239.98733333333334,261.26291012369813
4610,233.06133333333335,261.29266666666666,240.03466666666665,261.5198821176411
4620,233.08200000000002,261.534,240.082,261.776854111584
4630,233.10266666666666,261.7753333333333,240.12933333333334,262.03382610552694
4640,233.12333333333333,262.01666666666665,240.17666666666668,262.29079809946984
4650,233.144,262.258,240.224,262.54777009341274
4660,233.16466666666668,262.4993333333333,240.27133333333333,262.8047420873557
4670,233.18533333333335,262.7406666666667,240.31866666666667,263.0617140812986
4680,233.20600000000002,262.982,240.366,263.31868607524154
4690,233.2266666666667,263.22333333333336,240.41333333333333,263.57565806918444
4700,233.24733333333336,263.4646666666667,240.46066666666667,263.83263006312734
4710,233.268,263.706,240.508,264.0896020570703
4720,233.28866666666667,263.94733333333335,240.55533333333335,264.3465740510132
4730,233.30933333333334,264.1886666666667,240.60266666666666,264.60354604495615
4740,233.33,264.43,240.65,264.86051803889904
4750,233.35133333333334,264.49666666666667,240.69933333333333,264.9214258256314
4760,233.37266666666667,264.56333333333333,240.74866666666668,264.98233361236373
4770,233.394,264.63,240.798,265.0432413990961
4780,233.41533333333334,264.69666666666666,240.84733333333332,265.1041491858285
4790,233.43666666666667,264.7633333333333,240.89666666666668,265.1650569725608
4800,233.458,264.83,240.946,265.22596475929316
4810,233.47933333333333,264.89666666666665,240.99533333333332,265.2868725460255
4820,233.5006666666667,264.96333333333337,241.04466666666667,265.34778033275785
4830,233.52200000000002,265.03000000000003,241.094,265.4086881194902
4840,233.54333333333335,265.0966666666667,241.14333333333332,265.46959590622254
4850,233.56466666666668,265.16333333333336,241.19266666666667,265.5305036929549
4860,233.586,265.23,241.242,265.5914114796873
4870,233.60733333333334,265.2966666666667,241.2913333333333,265.6523192664196
4880,233.62866666666667,265.36333333333334,241.34066666666666,265.71322705315197
4890,233.65,265.43,241.39,265.7741348398843
4900,233.67333333333335,265.2126666666667,241.4093333333333,265.54553272198785
4910,233.69666666666666,264.99533333333335,241.42866666666666,265.3169306040914
4920,233.72,264.778,241.44799999999998,265.08832848619494
4930,233.74333333333334,264.5606666666667,241.46733333333333,264.8597263682985
4940,233.76666666666668,264.34333333333336,241.48666666666665,264.631124250402
4950,233.79,264.12600000000003,241.506,264.40252213250557
4960,233.81333333333333,263.9086666666667,241.52533333333332,264.1739200146091
4970,233.83666666666667,263.6913333333333,241.54466666666667,263.94531789671265
4980,233.86,263.474,241.564,263.7167157788162
4990,233.88333333333333,263.25666666666666,241.58333333333334,263.48811366091974
5000,233.90666666666667,263.03933333333333,241.60266666666666,263.2595115430233
5010,233.93,262.822,241.622,263.0309094251268
5020,233.95333333333335,262.6046666666667,241.64133333333334,262.80230730723036
5030,233.97666666666666,262.38733333333334,241.66066666666669,262.5737051893339
5040,234.0,262.17,241.68,262.34510307143745
5050,234.02466666666666,262.52733333333333,241.734,262.7184004736023
5060,234.04933333333332,262.8846666666667,241.788,263.09169787576707
5070,234.074,263.242,241.842,263.4649952779319
5080,234.09866666666667,263.59933333333333,241.89600000000002,263.8382926800967
5090,234.12333333333333,263.95666666666665,241.95000000000002,264.2115900822615
5100,234.148,264.314,242.00400000000002,264.5848874844263
5110,234.17266666666666,264.67133333333334,242.05800000000002,264.95818488659114
5120,234.19733333333335,265.02866666666665,242.112,265.3314822887559
5130,234.222,265.38599999999997,242.166,265.70477969092076
5140,234.24666666666667,265.74333333333334,242.22,266.07807709308554
5150,234.27133333333333,266.10066666666665,242.274,266.4513744952504
5160,234.296,266.45799999999997,242.328,266.82467189741516
5170,234.32066666666668,266.8153333333333,242.382,267.19796929958
5180,234.34533333333334,267.17266666666666,242.436,267.5712667017448
5190,234.37,267.53,242.49,267.9445641039096
5200,234.39600000000002,267.44266666666664,242.52333333333334,267.8551280209458
5210,234.422,267.3553333333333,242.55666666666667,267.76569193798207
5220,234.448,267.268,242.59,267.67625585501827
5230,234.474,267.18066666666664,242.62333333333333,267.58681977205447
5240,234.5,267.0933333333333,242.65666666666667,267.4973836890907
5250,234.526,267.006,242.69,267.4079476061269
5260,234.552,266.91866666666664,242.72333333333333,267.3185115231631
5270,234.578,266.83133333333336,242.7566666666667,267.2290754401994
5280,234.60399999999998,266.744,242.79000000000002,267.1396393572356
5290,234.63,266.6566666666667,242.82333333333335,267.0502032742718
5300,234.656,266.56933333333336,242.85666666666668,266.96076719130804
5310,234.682,266.482,242.89000000000001,266.87133110834424
5320,234.708,266.3946666666667,242.92333333333335,266.78189502538044
5330,234.73399999999998,266.30733333333336,242.95666666666668,266.6924589424167
5340,234.76,266.22,242.99,266.6030228594529
5350,234.78799999999998,266.68733333333336,243.06666666666666,267.0731872130059
5360,234.816,267.1546666666667,243.14333333333335,267.54335156655884
5370,234.844,267.622,243.22,268.01351592011184
5380,234.87199999999999,268.08933333333334,243.29666666666668,268.48368027366485
5390,234.9,268.5566666666667,243.37333333333333,268.95384462721785
5400,234.928,269.024,243.45,269.4240089807708
5410,234.956,269.49133333333333,243.52666666666667,269.8941733343238
5420,234.984,269.9586666666667,243.60333333333332,270.3643376878768
5430,235.012,270.42600000000004,243.68,270.8345020414298
5440,235.04,270.8933333333334,243.75666666666666,271.30466639498275
5450,235.068,271.3606666666667,243.83333333333331,271.77483074853575
5460,235.096,271.82800000000003,243.91,272.24499510208875
5470,235.124,272.29533333333336,243.98666666666665,272.71515945564175
5480,235.15200000000002,272.7626666666667,244.06333333333333,273.1853238091947
5490,235.18,273.23,244.14,273.6554881627477
5500,235.2086666666667,273.1073333333334,244.17866666666666,273.53311674449697
5510,235.23733333333334,272.98466666666667,244.21733333333333,273.4107453262462
5520,235.26600000000002,272.862,244.256,273.28837390799544
5530,235.29466666666667,272.7393333333333,244.29466666666664,273.16600248974464
5540,235.32333333333335,272.6166666666667,244.33333333333331,273.0436310714939
5550,235.352,272.494,244.37199999999999,272.92125965324317
5560,235.38066666666668,272.3713333333333,244.41066666666666,272.7988882349924
5570,235.40933333333334,272.2486666666667,244.44933333333333,272.67651681674164
5580,235.43800000000002,272.126,244.488,272.55414539849085
5590,235.46666666666667,272.00333333333333,244.52666666666667,272.4317739802401
5600,235.49533333333335,271.8806666666667,244.56533333333334,272.3094025619894
5610,235.524,271.758,244.60399999999998,272.1870311437386
5620,235.55266666666668,271.63533333333334,244.64266666666666,272.06465972548784
5630,235.58133333333333,271.51266666666663,244.68133333333333,271.94228830723705
5640,235.61,271.39,244.72,271.8199168889863
5650,235.63933333333335,271.68,244.78866666666667,272.105189382792
5660,235.66866666666667,271.96999999999997,244.85733333333334,272.39046187659767
5670,235.698,272.26,244.926,272.6757343704033
5680,235.72733333333335,272.55,244.99466666666666,272.96100686420897
5690,235.7566666666667,272.84,245.06333333333333,273.24627935801465
5700,235.786,273.13,245.132,273.5315518518203
5710,235.81533333333334,273.42,245.20066666666668,273.816824345626
5720,235.84466666666668,273.71,245.26933333333332,274.1020968394316
5730,235.87400000000002,274.0,245.338,274.3873693332373
5740,235.90333333333334,274.29,245.40666666666667,274.672641827043
5750,235.93266666666668,274.58,245.47533333333334,274.95791432084866
5760,235.96200000000002,274.87,245.544,275.24318681465434
5770,235.99133333333336,275.16,245.61266666666666,275.52845930845996
5780,236.02066666666667,275.45,245.68133333333333,275.81373180226564
5790,236.05,275.74,245.75,276.0990042960713
5800,236.08066666666667,275.55533333333335,245.77666666666667,275.9164502377443
5810,236.11133333333333,275.3706666666667,245.80333333333334,275.7338961794173
5820,236.142,275.18600000000004,245.83,275.5513421210903
5830,236.1726666666667,275.0013333333333,245.85666666666665,275.36878806276326
5840,236.20333333333335,274.81666666666666,245.88333333333333,275.18623400443624
5850,236.234,274.632,245.91,275.00367994610923
5860,236.26466666666667,274.44733333333335,245.93666666666667,274.8211258877822
5870,236.29533333333333,274.2626666666667,245.96333333333334,274.6385718294552
5880,236.326,274.07800000000003,245.99,274.4560177711282
5890,236.35666666666665,273.8933333333334,246.01666666666668,274.2734637128012
5900,236.38733333333332,273.7086666666667,246.04333333333335,274.09090965447416
5910,236.418,273.524,246.07,273.90835559614715
5920,236.44866666666667,273.33933333333334,246.09666666666666,273.72580153782013
5930,236.47933333333333,273.1546666666667,246.12333333333333,273.5432474794931
5940,236.51,272.97,246.15,273.3606934211661
5950,236.542,273.178,246.20466666666667,273.5678763207621
5960,236.57399999999998,273.386,246.25933333333333,273.7750592203581
5970,236.606,273.594,246.314,273.9822421199541
5980,236.638,273.802,246.36866666666668,274.1894250195501
5990,236.67,274.01,246.42333333333335,274.39660791914605
6000,236.702,274.218,246.478,274.6037908187421
6010,236.734,274.426,246.53266666666667,274.81097371833806
6020,236.766,274.634,246.58733333333333,275.01815661793404
6030,236.798,274.842,246.642,275.22533951753
6040,236.83,275.05,246.69666666666666,275.43252241712605
6050,236.862,275.258,246.75133333333332,275.63970531672203
6060,236.894,275.466,246.806,275.846888216318
6070,236.92600000000002,275.674,246.86066666666667,276.054071115914
6080,236.958,275.882,246.91533333333334,276.26125401551
6090,236.99,276.09,246.97,276.468436915106
6100,237.02266666666668,275.9693333333333,247.004,276.3384828064441
6110,237.05533333333335,275.84866666666665,247.038,276.2085286977823
6120,237.088,275.72799999999995,247.072,276.0785745891204
6130,237.12066666666666,275.6073333333333,247.106,275.9486204804586
6140,237.15333333333334,275.4866666666666,247.14,275.8186663717967
6150,237.186,275.366,247.174,275.6887122631349
6160,237.21866666666668,275.2453333333333,247.208,275.558758154473
6170,237.25133333333332,275.12466666666666,247.242,275.4288040458112
6180,237.284,275.00399999999996,247.27599999999998,275.2988499371493
6190,237.31666666666666,274.8833333333333,247.31,275.1688958284875
6200,237.34933333333333,274.76266666666663,247.344,275.03894171982563
6210,237.382,274.642,247.378,274.9089876111638
6220,237.41466666666665,274.5213333333333,247.41199999999998,274.77903350250193
6230,237.44733333333332,274.40066666666667,247.446,274.6490793938401
6240,237.48,274.28,247.48,274.51912528517823
6250,237.51466666666667,274.1813333333333,247.49599999999998,274.42894553547643
6260,237.54933333333332,274.0826666666666,247.512,274.3387657857747
6270,237.584,273.984,247.528,274.2485860360729
6280,237.61866666666666,273.88533333333334,247.54399999999998,274.1584062863711
6290,237.65333333333334,273.78666666666663,247.56,274.06822653666933
6300,237.688,273.688,247.576,273.9780467869675
6310,237.72266666666667,273.58933333333334,247.59199999999998,273.8878670372657
6320,237.75733333333332,273.49066666666664,247.608,273.797687287564
6330,237.792,273.392,247.624,273.70750753786217
6340,237.82666666666665,273.29333333333335,247.64,273.61732778816037
6350,237.86133333333333,273.19466666666665,247.656,273.5271480384586
6360,237.896,273.096,247.672,273.4369682887568
6370,237.93066666666667,272.99733333333336,247.688,273.346788539055
6380,237.96533333333332,272.89866666666666,247.704,273.25660878935327
6390,238.0,272.8,247.72,273.16642903965146
6400,238.03466666666668,273.146,247.77733333333333,273.5223499227366
6410,238.06933333333333,273.492,247.83466666666666,273.8782708058218
6420,238.104,273.838,247.892,274.2341916889069
6430,238.13866666666667,274.184,247.94933333333333,274.59011257199205
6440,238.17333333333335,274.53000000000003,248.00666666666666,274.9460334550772
6450,238.208,274.87600000000003,248.064,275.3019543381624
6460,238.24266666666668,275.22200000000004,248.12133333333333,275.65787522124754
6470,238.27733333333333,275.568,248.1786666666667,276.01379610433264
6480,238.312,275.914,248.23600000000002,276.3697169874178
6490,238.34666666666666,276.26,248.29333333333335,276.72563787050296
6500,238.38133333333334,276.606,248.35066666666668,277.0815587535881
6510,238.416,276.952,248.40800000000002,277.4374796366733
6520,238.45066666666668,277.298,248.46533333333335,277.7934005197584
6530,238.48533333333333,277.644,248.52266666666668,278.14932140284355
6540,238.52,277.99,248.58,278.5052422859287
6550,238.556,278.214,248.65133333333335,278.72316140669705
6560,238.592,278.438,248.72266666666667,278.9410805274654
6570,238.62800000000001,278.66200000000003,248.794,279.1589996482337
6580,238.66400000000002,278.886,248.86533333333335,279.376918769002
6590,238.70000000000002,279.11,248.93666666666667,279.5948378897703
6600,238.73600000000002,279.334,249.008,279.81275701053863
6610,238.77200000000002,279.558,249.07933333333335,280.03067613130696
6620,238.808,279.78200000000004,249.15066666666667,280.2485952520753
6630,238.844,280.00600000000003,249.222,280.4665143728436
6640,238.88,280.23,249.29333333333335,280.68443349361195
6650,238.916,280.454,249.36466666666666,280.9023526143803
6660,238.952,280.678,249.436,281.12027173514855
6670,238.988,280.90200000000004,249.50733333333335,281.3381908559169
6680,239.024,281.12600000000003,249.57866666666666,281.5561099766852
6690,239.06,281.35,249.65,281.77402909745354
6700,239.09666666666666,281.27000000000004,249.69266666666667,281.6883986777125
6710,239.13333333333333,281.19,249.73533333333333,281.60276825797143
6720,239.17000000000002,281.11,249.778,281.5171378382304
6730,239.20666666666668,281.03000000000003,249.82066666666668,281.4315074184894
6740,239.24333333333334,280.95,249.86333333333334,281.34587699874834
6750,239.28,280.87,249.906,281.2602465790073
6760,239.31666666666666,280.79,249.94866666666667,281.17461615926624
6770,239.35333333333335,280.71,249.99133333333333,281.0889857395252
6780,239.39000000000001,280.63,250.034,281.00335531978413
6790,239.42666666666668,280.55,250.07666666666665,280.9177249000431
6800,239.46333333333334,280.46999999999997,250.11933333333332,280.83209448030203
6810,239.5,280.39,250.162,280.74646406056104
6820,239.5366666666667,280.31,250.20466666666667,280.66083364082
6830,239.57333333333335,280.22999999999996,250.24733333333333,280.57520322107894
6840,239.61,280.15,250.29,280.4895728013379
6850,239.64666666666668,280.18399999999997,250.328,280.52958206153545
6860,239.68333333333334,280.21799999999996,250.36599999999999,280.56959132173307
6870,239.72,280.252,250.404,280.60960058193064
6880,239.7566666666667,280.286,250.442,280.64960984212826
6890,239.79333333333335,280.32,250.48,280.6896191023258
6900,239.83,280.354,250.518,280.7296283625234
6910,239.86666666666667,280.388,250.556,280.769637622721
6920,239.90333333333334,280.422,250.594,280.80964688291857
6930,239.94,280.456,250.632,280.8496561431162
6940,239.97666666666666,280.49,250.67000000000002,280.88966540331376
6950,240.01333333333332,280.524,250.708,280.9296746635113
6960,240.05,280.558,250.746,280.96968392370894
6970,240.08666666666667,280.59200000000004,250.78400000000002,281.0096931839065
6980,240.12333333333333,280.62600000000003,250.822,281.0497024441041
6990,240.16,280.66,250.86,281.0897117043017
7000,240.19733333333332,280.8953333333334,250.92000000000002,281.33008755995274
7010,240.23466666666667,281.1306666666667,250.98000000000002,281.5704634156038
7020,240.272,281.36600000000004,251.04000000000002,281.8108392712549
7030,240.30933333333334,281.60133333333334,251.1,282.05121512690596
7040,240.34666666666666,281.8366666666667,251.16,282.291590982557
7050,240.384,282.072,251.22,282.53196683820806
7060,240.42133333333334,282.30733333333336,251.28,282.7723426938591
7070,240.45866666666666,282.54266666666666,251.34,283.0127185495102
7080,240.496,282.778,251.4,283.2530944051613
7090,240.53333333333333,283.0133333333333,251.46,283.49347026081233
7100,240.57066666666665,283.2486666666667,251.52,283.7338461164634
7110,240.608,283.484,251.57999999999998,283.97422197211444
7120,240.64533333333333,283.71933333333334,251.64,284.21459782776554
7130,240.68266666666668,283.95466666666664,251.7,284.4549736834166
7140,240.72,284.19,251.76,284.69534953906765
7150,240.758,284.21,251.8153333333333,284.7060793578533
7160,240.796,284.23,251.87066666666666,284.716809176639
7170,240.834,284.25,251.926,284.72753899542465
7180,240.87199999999999,284.27,251.98133333333334,284.7382688142103
7190,240.91,284.29,252.03666666666666,284.748998632996
7200,240.948,284.31,252.09199999999998,284.75972845178165
7210,240.986,284.33,252.14733333333334,284.7704582705673
7220,241.024,284.35,252.20266666666666,284.781188089353
7230,241.06199999999998,284.37,252.258,284.79191790813866
7240,241.1,284.39,252.31333333333333,284.8026477269243
7250,241.138,284.41,252.36866666666666,284.81337754571
7260,241.176,284.43,252.424,284.82410736449566
7270,241.214,284.45,252.47933333333333,284.8348371832813
7280,241.25199999999998,284.47,252.53466666666668,284.845567002067
7290,241.29,284.49,252.59,284.85629682085266
7300,241.32866666666666,284.736,252.648,285.1185580178896
7310,241.36733333333333,284.982,252.70600000000002,285.3808192149265
7320,241.406,285.228,252.764,285.6430804119634
7330,241.44466666666665,285.474,252.822,285.9053416090003
7340,241.48333333333332,285.72,252.88,286.1676028060372
7350,241.522,285.966,252.93800000000002,286.42986400307416
7360,241.56066666666666,286.212,252.996,286.69212520011104
7370,241.59933333333333,286.458,253.054,286.95438639714797
7380,241.638,286.704,253.112,287.21664759418485
7390,241.67666666666668,286.95,253.17000000000002,287.4789087912218
7400,241.71533333333335,287.196,253.228,287.7411699882587
7410,241.754,287.442,253.286,288.0034311852956
7420,241.79266666666666,287.688,253.344,288.26569238233253
7430,241.83133333333333,287.934,253.40200000000002,288.5279535793694
7440,241.87,288.18,253.46,288.79021477640634
7450,241.90933333333334,288.1913333333333,253.52266666666668,288.7855831520848
7460,241.94866666666667,288.2026666666667,253.58533333333335,288.7809515277633
7470,241.988,288.214,253.648,288.7763199034418
7480,242.02733333333333,288.22533333333337,253.71066666666667,288.7716882791203
7490,242.06666666666666,288.2366666666667,253.77333333333334,288.7670566547988
7500,242.106,288.248,253.836,288.7624250304773
7510,242.14533333333333,288.25933333333336,253.89866666666668,288.75779340615577
7520,242.1846666666667,288.27066666666667,253.96133333333333,288.75316178183425
7530,242.22400000000002,288.28200000000004,254.024,288.74853015751273
7540,242.26333333333335,288.29333333333335,254.08666666666667,288.7438985331912
7550,242.30266666666668,288.30466666666666,254.14933333333335,288.7392669088697
7560,242.342,288.31600000000003,254.21200000000002,288.73463528454823
7570,242.38133333333334,288.32733333333334,254.27466666666666,288.7300036602267
7580,242.42066666666668,288.3386666666667,254.33733333333333,288.7253720359052
7590,242.46,288.35,254.4,288.7207404115837
7600,242.5,288.6946666666667,254.46800000000002,289.086984968553
7610,242.54000000000002,289.03933333333333,254.536,289.4532295255224
7620,242.58,289.384,254.604,289.8194740824917
7630,242.62,289.7286666666667,254.672,290.185718639461
7640,242.66,290.0733333333333,254.74,290.5519631964304
7650,242.70000000000002,290.418,254.808,290.9182077533997
7660,242.74,290.7626666666667,254.876,291.28445231036903
7670,242.78,291.1073333333333,254.944,291.6506968673384
7680,242.82,291.452,255.012,292.01694142430773
7690,242.86,291.7966666666667,255.07999999999998,292.38318598127705
7700,242.9,292.1413333333333,255.148,292.74943053824643
7710,242.94,292.486,255.21599999999998,293.11567509521575
7720,242.98,292.8306666666667,255.284,293.48191965218507
7730,243.02,293.1753333333333,255.35199999999998,293.84816420915445
7740,243.06,293.52,255.42,294.21440876612377
7750,243.10133333333334,293.306,255.47333333333333,293.97256085675906
7760,243.14266666666666,293.092,255.52666666666667,293.73071294739435
7770,243.184,292.878,255.57999999999998,293.48886503802964
7780,243.22533333333334,292.664,255.63333333333333,293.24701712866494
7790,243.26666666666668,292.45,255.68666666666667,293.0051692193002
7800,243.308,292.236,255.74,292.7633213099355
7810,243.34933333333333,292.022,255.79333333333335,292.5214734005708
7820,243.39066666666668,291.808,255.84666666666666,292.2796254912061
7830,243.43200000000002,291.594,255.9,292.0377775818414
7840,243.47333333333333,291.38,255.95333333333335,291.7959296724767
7850,243.51466666666667,291.166,256.00666666666666,291.554081763112
7860,243.556,290.952,256.06,291.3122338537473
7870,243.59733333333335,290.738,256.11333333333334,291.07038594438256
7880,243.63866666666667,290.524,256.1666666666667,290.82853803501786
7890,243.68,290.31,256.22,290.58669012565315
7900,243.72266666666667,290.4773333333333,256.26733333333334,290.7725579273753
7910,243.76533333333333,290.6446666666667,256.3146666666667,290.9584257290974
7920,243.808,290.812,256.362,291.1442935308196
7930,243.85066666666668,290.97933333333333,256.40933333333334,291.33016133254176
7940,243.89333333333335,291.14666666666665,256.4566666666667,291.51602913426393
7950,243.936,291.314,256.504,291.70189693598604
7960,243.97866666666667,291.48133333333334,256.55133333333333,291.8877647377082
7970,244.02133333333333,291.64866666666666,256.5986666666667,292.0736325394304
7980,244.064,291.816,256.646,292.25950034115255
7990,244.10666666666665,291.98333333333335,256.6933333333333,292.44536814287466
8000,244.14933333333332,292.15066666666667,256.7406666666667,292.6312359445968
8010,244.192,292.318,256.788,292.817103746319
8020,244.23466666666667,292.4853333333333,256.8353333333333,293.00297154804116
8030,244.27733333333333,292.6526666666667,256.8826666666667,293.18883934976327
8040,244.32,292.82,256.93,293.37470715148544
8050,244.36333333333332,292.67066666666665,256.972,293.2093600958454
8060,244.40666666666667,292.5213333333333,257.014,293.04401304020536
8070,244.45,292.372,257.056,292.8786659845653
8080,244.49333333333334,292.22266666666667,257.098,292.7133189289253
8090,244.53666666666666,292.0733333333333,257.14,292.54797187328523
8100,244.57999999999998,291.924,257.182,292.3826248176452
8110,244.62333333333333,291.77466666666663,257.224,292.21727776200515
8120,244.66666666666666,291.62533333333334,257.266,292.0519307063651
8130,244.71,291.476,257.308,291.8865836507251
8140,244.75333333333333,291.32666666666665,257.35,291.72123659508503
8150,244.79666666666665,291.1773333333333,257.392,291.555889539445
8160,244.84,291.02799999999996,257.434,291.39054248380495
8170,244.88333333333333,290.8786666666667,257.476,291.2251954281649
8180,244.92666666666668,290.72933333333333,257.51800000000003,291.05984837252487
8190,244.97,290.58,257.56,290.8945013168848
8200,245.014,290.76266666666663,257.6093333333333,291.0907406356489
8210,245.058,290.94533333333334,257.65866666666665,291.286979954413
8220,245.102,291.128,257.708,291.4832192731771
8230,245.146,291.31066666666663,257.75733333333335,291.67945859194117
8240,245.19,291.49333333333334,257.8066666666667,291.8756979107053
8250,245.234,291.676,257.856,292.07193722946937
8260,245.278,291.85866666666664,257.9053333333333,292.26817654823344
8270,245.322,292.04133333333334,257.9546666666667,292.46441586699757
8280,245.36599999999999,292.224,258.004,292.66065518576164
8290,245.41,292.40666666666664,258.05333333333334,292.8568945045257
8300,245.454,292.58933333333334,258.10266666666666,293.05313382328984
8310,245.498,292.772,258.152,293.2493731420539
8320,245.542,292.95466666666664,258.20133333333337,293.445612460818
8330,245.58599999999998,293.13733333333334,258.2506666666667,293.6418517795821
8340,245.63,293.32,258.3,293.8380910983462
8350,245.67533333333333,293.4526666666667,258.36,293.9694262331464
8360,245.72066666666666,293.5853333333333,258.42,294.10076136794663
8370,245.766,293.718,258.48,294.23209650274686
8380,245.81133333333332,293.85066666666665,258.54,294.3634316375471
8390,245.85666666666665,293.98333333333335,258.6,294.4947667723473
8400,245.902,294.116,258.66,294.62610190714753
8410,245.94733333333332,294.2486666666667,258.72,294.75743704194775
8420,245.99266666666668,294.3813333333333,258.78,294.8887721767479
8430,246.038,294.514,258.84,295.02010731154814
8440,246.08333333333334,294.64666666666665,258.9,295.15144244634837
8450,246.12866666666667,294.77933333333334,258.96,295.2827775811486
8460,246.174,294.912,259.02,295.4141127159488
8470,246.21933333333334,295.04466666666667,259.08,295.54544785074904
8480,246.26466666666667,295.1773333333333,259.14,295.67678298554927
8490,246.31,295.31,259.2,295.8081181203495
8500,246.356,295.5953333333333,259.27466666666663,296.10117751362327
8510,246.40200000000002,295.8806666666667,259.34933333333333,296.3942369068971
8520,246.448,296.166,259.424,296.6872963001709
8530,246.494,296.4513333333333,259.4986666666667,296.98035569344466
8540,246.54,296.7366666666667,259.5733333333333,297.27341508671844
8550,246.586,297.022,259.64799999999997,297.5664744799923
8560,246.632,297.3073333333333,259.72266666666667,297.85953387326606
8570,246.678,297.5926666666667,259.7973333333333,298.15259326653984
8580,246.724,297.878,259.872,298.4456526598136
8590,246.77,298.1633333333333,259.94666666666666,298.73871205308745
8600,246.816,298.44866666666667,260.0213333333333,299.03177144636123
8610,246.862,298.734,260.096,299.324830839635
8620,246.908,299.0193333333333,260.17066666666665,299.6178902329088
8630,246.954,299.30466666666666,260.24533333333335,299.9109496261826
8640,247.0,299.59,260.32,300.2040090194564
8650,247.04666666666665,299.78799999999995,260.39866666666666,300.3998769096319
8660,247.09333333333333,299.986,260.4773333333333,300.5957447998074
8670,247.14,300.18399999999997,260.556,300.7916126899829
8680,247.18666666666667,300.382,260.63466666666665,300.98748058015843
8690,247.23333333333332,300.58,260.7133333333333,301.18334847033395
8700,247.28,300.77799999999996,260.792,301.3792163605094
8710,247.32666666666665,300.976,260.87066666666664,301.57508425068494
8720,247.37333333333333,301.174,260.94933333333336,301.77095214086046
8730,247.42,301.372,261.028,301.966820031036
8740,247.46666666666667,301.57,261.1066666666667,302.16268792121144
8750,247.51333333333332,301.768,261.18533333333335,302.35855581138696
8760,247.56,301.966,261.264,302.5544237015625
8770,247.60666666666665,302.164,261.3426666666667,302.750291591738
8780,247.65333333333334,302.362,261.42133333333334,302.94615948191347
8790,247.7,302.56,261.5,303.142027372089
8800,247.74733333333333,302.5246666666667,261.56,303.10087457480955
8810,247.79466666666664,302.4893333333333,261.62,303.05972177753006
8820,247.84199999999998,302.454,261.68,303.0185689802506
8830,247.88933333333333,302.41866666666664,261.74,302.9774161829712
8840,247.93666666666667,302.3833333333333,261.8,302.9362633856917
8850,247.98399999999998,302.348,261.86,302.89511058841225
8860,248.03133333333332,302.31266666666664,261.92,302.8539577911328
8870,248.07866666666666,302.27733333333333,261.97999999999996,302.8128049938533
8880,248.126,302.24199999999996,262.03999999999996,302.7716521965739
8890,248.17333333333332,302.20666666666665,262.09999999999997,302.73049939929444
8900,248.22066666666666,302.17133333333334,262.15999999999997,302.68934660201495
8910,248.268,302.13599999999997,262.21999999999997,302.6481938047355
8920,248.31533333333334,302.10066666666665,262.28,302.6070410074561
8930,248.36266666666666,302.0653333333333,262.34,302.5658882101766
8940,248.41,302.03,262.4,302.52473541289714
8950,248.45733333333334,302.02599999999995,262.4506666666666,302.5240195661459
8960,248.50466666666665,302.022,262.5013333333333,302.5233037193946
8970,248.552,302.018,262.55199999999996,302.5225878726434
8980,248.59933333333333,302.014,262.60266666666666,302.5218720258921
8990,248.64666666666668,302.01,262.6533333333333,302.52115617914086
9000,248.694,302.006,262.704,302.5204403323896
9010,248.74133333333333,302.002,262.75466666666665,302.51972448563833
9020,248.78866666666667,301.998,262.80533333333335,302.5190086388871
9030,248.836,301.994,262.856,302.5182927921358
9040,248.88333333333333,301.99,262.9066666666667,302.5175769453846
9050,248.93066666666667,301.986,262.95733333333334,302.51686109863334
9060,248.978,301.982,263.00800000000004,302.51614525188205
9070,249.02533333333335,301.978,263.0586666666667,302.5154294051308
9080,249.07266666666666,301.97400000000005,263.1093333333334,302.5147135583795
9090,249.12,301.97,263.16,302.5139977116283
9100,249.16866666666667,302.2666666666667,263.23733333333337,302.8144977374959
9110,249.21733333333333,302.56333333333333,263.3146666666667,303.1149977633636
9120,249.266,302.86,263.392,303.4154977892312
9130,249.31466666666668,303.1566666666667,263.46933333333334,303.7159978150989
9140,249.36333333333334,303.4533333333334,263.5466666666667,304.0164978409665
9150,249.412,303.75,263.624,304.31699786683413
9160,249.46066666666667,304.0466666666667,263.70133333333337,304.6174978927018
9170,249.50933333333333,304.34333333333336,263.77866666666665,304.9179979185694
9180,249.558,304.64000000000004,263.856,305.2184979444371
9190,249.60666666666665,304.93666666666667,263.93333333333334,305.5189979703047
9200,249.65533333333332,305.23333333333335,264.0106666666667,305.81949799617234
9210,249.704,305.53000000000003,264.088,306.11999802204
9220,249.75266666666667,305.8266666666667,264.1653333333333,306.42049804790764
9230,249.80133333333333,306.12333333333333,264.24266666666665,306.7209980737753
9240,249.85,306.42,264.32,307.02149809964294
9250,249.89933333333332,306.4866666666667,264.38933333333335,307.0835083312842
9260,249.94866666666667,306.55333333333334,264.45866666666666,307.1455185629254
9270,249.998,306.62,264.528,307.20752879456666
9280,250.04733333333334,306.68666666666667,264.5973333333333,307.2695390262079
9290,250.09666666666666,306.75333333333333,264.6666666666667,307.33154925784913
9300,250.146,306.82,264.736,307.39355948949037
9310,250.19533333333334,306.88666666666666,264.80533333333335,307.4555697211316
9320,250.24466666666666,306.9533333333334,264.87466666666666,307.5175799527729
9330,250.294,307.02000000000004,264.944,307.57959018441414
9340,250.34333333333333,307.0866666666667,265.0133333333333,307.6416004160554
9350,250.39266666666666,307.15333333333336,265.0826666666667,307.7036106476966
9360,250.442,307.22,265.152,307.76562087933786
9370,250.49133333333333,307.2866666666667,265.22133333333335,307.8276311109791
9380,250.54066666666668,307.35333333333335,265.29066666666665,307.88964134262034
9390,250.59,307.42,265.36,307.9516515742616
9400,250.64066666666668,307.426,265.4166666666667,307.95980130975664
9410,250.69133333333335,307.432,265.47333333333336,307.9679510452517
9420,250.742,307.438,265.53000000000003,307.9761007807468
9430,250.79266666666666,307.444,265.58666666666664,307.98425051624184
9440,250.84333333333333,307.45,265.6433333333333,307.9924002517369
9450,250.894,307.456,265.7,308.000549987232
9460,250.94466666666668,307.462,265.75666666666666,308.00869972272704
9470,250.99533333333332,307.468,265.81333333333333,308.01684945822217
9480,251.046,307.474,265.87,308.02499919371724
9490,251.09666666666666,307.48,265.9266666666667,308.0331489292123
9500,251.14733333333334,307.486,265.98333333333335,308.04129866470737
9510,251.198,307.492,266.03999999999996,308.04944840020244
9520,251.24866666666665,307.498,266.09666666666664,308.0575981356975
9530,251.29933333333332,307.504,266.1533333333333,308.06574787119257
9540,251.35,307.51,266.21,308.07389760668764
9550,251.402,307.66133333333335,266.27933333333334,308.22536650327504
9560,251.454,307.81266666666664,266.34866666666665,308.3768353998625
9570,251.506,307.964,266.418,308.5283042964499
9580,251.558,308.1153333333333,266.4873333333333,308.67977319303736
9590,251.60999999999999,308.26666666666665,266.5566666666667,308.83124208962477
9600,251.662,308.418,266.626,308.9827109862122
9610,251.714,308.5693333333333,266.69533333333334,309.13417988279963
9620,251.766,308.72066666666666,266.76466666666664,309.2856487793871
9630,251.81799999999998,308.87199999999996,266.834,309.4371176759745
9640,251.87,309.0233333333333,266.9033333333333,309.58858657256195
9650,251.922,309.17466666666667,266.97266666666667,309.74005546914935
9660,251.974,309.32599999999996,267.042,309.8915243657368
9670,252.02599999999998,309.4773333333333,267.11133333333333,310.0429932623242
9680,252.078,309.6286666666666,267.18066666666664,310.1944621589117
9690,252.13,309.78,267.25,310.3459310554991
9700,252.18266666666665,309.76399999999995,267.3093333333333,310.323222105395
9710,252.23533333333333,309.748,267.3686666666667,310.3005131552909
9720,252.28799999999998,309.73199999999997,267.428,310.27780420518684
9730,252.34066666666666,309.716,267.4873333333333,310.2550952550828
9740,252.39333333333332,309.7,267.5466666666667,310.2323863049787
9750,252.446,309.68399999999997,267.606,310.2096773548746
9760,252.49866666666665,309.668,267.6653333333333,310.18696840477054
9770,252.55133333333333,309.652,267.7246666666667,310.1642594546665
9780,252.60399999999998,309.636,267.784,310.1415505045624
9790,252.65666666666667,309.62,267.8433333333333,310.1188415544583
9800,252.70933333333332,309.604,267.9026666666667,310.09613260435424
9810,252.762,309.588,267.962,310.0734236542502
9820,252.81466666666665,309.572,268.0213333333333,310.0507147041461
9830,252.86733333333333,309.55600000000004,268.0806666666667,310.028005754042
9840,252.92,309.54,268.14,310.00529680393794
9850,252.974,309.56733333333335,268.1873333333333,310.04270773936673
9860,253.028,309.5946666666667,268.23466666666667,310.08011867479553
9870,253.082,309.622,268.282,310.1175296102243
9880,253.136,309.64933333333335,268.32933333333335,310.1549405456532
9890,253.19,309.6766666666667,268.37666666666667,310.19235148108197
9900,253.244,309.704,268.424,310.22976241651077
9910,253.298,309.73133333333334,268.47133333333335,310.26717335193956
9920,253.35199999999998,309.75866666666667,268.51866666666666,310.30458428736836
9930,253.40599999999998,309.786,268.56600000000003,310.34199522279715
9940,253.45999999999998,309.81333333333333,268.61333333333334,310.37940615822595
9950,253.51399999999998,309.84066666666666,268.66066666666666,310.41681709365474
9960,253.56799999999998,309.868,268.708,310.4542280290836
9970,253.62199999999999,309.8953333333333,268.75533333333334,310.4916389645124
9980,253.676,309.92266666666666,268.8026666666667,310.5290498999412
9990,253.73,309.95,268.85,310.56646083537
10000,253.784,310.15066666666667,268.928,310.75976853166605
10010,253.838,310.35133333333334,269.00600000000003,310.95307622796213
10020,253.892,310.55199999999996,269.084,311.14638392425826
10030,253.946,310.75266666666664,269.16200000000003,311.33969162055433
10040,254.0,310.9533333333333,269.24,311.5329993168504
10050,254.054,311.154,269.318,311.7263070131465
10060,254.108,311.3546666666667,269.396,311.91961470944256
10070,254.16199999999998,311.5553333333333,269.474,312.1129224057387
10080,254.21599999999998,311.756,269.552,312.30623010203476
10090,254.26999999999998,311.95666666666665,269.63,312.49953779833083
10100,254.32399999999998,312.1573333333333,269.70799999999997,312.6928454946269
10110,254.378,312.358,269.786,312.886153190923
10120,254.432,312.5586666666666,269.864,313.0794608872191
10130,254.486,312.7593333333333,269.942,313.2727685835152
10140,254.54,312.96,270.02,313.46607627981126
10150,254.59533333333331,312.8913333333333,270.068,313.39872630407314
10160,254.65066666666667,312.82266666666663,270.116,313.33137632833507
10170,254.706,312.75399999999996,270.164,313.26402635259694
10180,254.76133333333334,312.68533333333335,270.212,313.1966763768588
10190,254.81666666666666,312.6166666666667,270.26,313.1293264011207
10200,254.87199999999999,312.548,270.308,313.0619764253826
10210,254.92733333333334,312.47933333333333,270.356,312.9946264496445
10220,254.98266666666666,312.41066666666666,270.404,312.9272764739064
10230,255.038,312.342,270.452,312.85992649816825
10240,255.09333333333333,312.2733333333333,270.5,312.7925765224302
10250,255.14866666666666,312.20466666666664,270.548,312.72522654669206
10260,255.204,312.136,270.596,312.65787657095393
10270,255.25933333333333,312.06733333333335,270.644,312.5905265952158
10280,255.31466666666668,311.9986666666667,270.692,312.52317661947774
10290,255.37,311.93,270.74,312.4558266437396
10300,255.42600000000002,312.10133333333334,270.80466666666666,312.632741034919
10310,255.482,312.2726666666667,270.8693333333333,312.8096554260983
10320,255.538,312.444,270.934,312.98656981727765
10330,255.594,312.61533333333335,270.9986666666667,313.163484208457
10340,255.65,312.7866666666667,271.06333333333333,313.34039859963633
10350,255.706,312.958,271.128,313.5173129908157
10360,255.762,313.12933333333336,271.19266666666664,313.69422738199506
10370,255.81799999999998,313.30066666666664,271.25733333333335,313.8711417731744
10380,255.874,313.472,271.322,314.04805616435374
10390,255.92999999999998,313.6433333333333,271.38666666666666,314.2249705555331
10400,255.986,313.81466666666665,271.4513333333333,314.4018849467124
10410,256.042,313.986,271.51599999999996,314.5787993378918
10420,256.09799999999996,314.1573333333333,271.5806666666667,314.75571372907115
10430,256.154,314.32866666666666,271.6453333333333,314.93262812025046
10440,256.21,314.5,271.71,315.1095425114298
10450,256.26599999999996,314.622,271.7813333333333,315.22820248236843
10460,256.322,314.74399999999997,271.85266666666666,315.3468624533071
10470,256.378,314.866,271.924,315.4655224242457
10480,256.43399999999997,314.988,271.9953333333333,315.58418239518437
10490,256.49,315.11,272.06666666666666,315.702842366123
10500,256.546,315.23199999999997,272.138,315.8215023370616
10510,256.602,315.354,272.2093333333333,315.94016230800025
10520,256.658,315.476,272.28066666666666,316.05882227893886
10530,256.714,315.598,272.352,316.1774822498775
10540,256.77,315.71999999999997,272.4233333333333,316.29614222081614
10550,256.826,315.842,272.49466666666666,316.41480219175475
10560,256.882,315.964,272.566,316.5334621626934
10570,256.938,316.086,272.6373333333333,316.652122133632
10580,256.994,316.20799999999997,272.70866666666666,316.7707821045707
10590,257.05,316.33,272.78,316.8894420755093
10600,257.1066666666667,316.39733333333334,272.8426666666666,316.9585860512577
10610,257.16333333333336,316.46466666666663,272.9053333333333,317.0277300270061
10620,257.22,316.532,272.96799999999996,317.09687400275453
10630,257.27666666666664,316.59933333333333,273.03066666666666,317.1660179785029
10640,257.3333333333333,316.66666666666663,273.0933333333333,317.23516195425134
10650,257.39,316.734,273.156,317.30430592999977
10660,257.44666666666666,316.80133333333333,273.21866666666665,317.37344990574815
10670,257.50333333333333,316.8686666666666,273.28133333333335,317.4425938814966
10680,257.56,316.936,273.344,317.51173785724495
10690,257.6166666666667,317.00333333333333,273.4066666666667,317.5808818329934
10700,257.67333333333335,317.0706666666666,273.46933333333334,317.6500258087418
10710,257.72999999999996,317.138,273.53200000000004,317.7191697844902
10720,257.78666666666663,317.20533333333333,273.5946666666667,317.7883137602386
10730,257.8433333333333,317.2726666666666,273.6573333333334,317.857457735987
10740,257.9,317.34,273.72,317.92660171173543
10750,257.95666666666665,317.5353333333333,273.79400000000004,318.12519478038655
10760,258.0133333333333,317.73066666666665,273.868,318.32378784903767
10770,258.07,317.926,273.942,318.52238091768885
10780,258.12666666666667,318.1213333333333,274.016,318.72097398633997
10790,258.18333333333334,318.31666666666666,274.09000000000003,318.9195670549911
10800,258.24,318.512,274.164,319.1181601236422
10810,258.2966666666667,318.70733333333334,274.238,319.31675319229333
10820,258.3533333333333,318.9026666666666,274.312,319.5153462609445
10830,258.40999999999997,319.09799999999996,274.386,319.71393932959563
10840,258.46666666666664,319.2933333333333,274.46,319.91253239824675
10850,258.5233333333333,319.48866666666663,274.534,320.1111254668979
10860,258.58,319.68399999999997,274.608,320.309718535549
10870,258.63666666666666,319.8793333333333,274.682,320.5083116042002
10880,258.6933333333333,320.07466666666664,274.756,320.7069046728513
10890,258.75,320.27,274.83,320.9054977415024
10900,258.80533333333335,320.47666666666663,274.90933333333334,321.11328833045746
10910,258.86066666666665,320.68333333333334,274.98866666666663,321.32107891941246
10920,258.916,320.89,275.068,321.5288695083675
10930,258.97133333333335,321.09666666666664,275.14733333333334,321.73666009732256
10940,259.02666666666664,321.30333333333334,275.22666666666663,321.94445068627755
10950,259.082,321.51,275.306,322.1522412752326
10960,259.13733333333334,321.71666666666664,275.38533333333334,322.36003186418765
10970,259.19266666666664,321.92333333333335,275.46466666666663,322.56782245314264
10980,259.248,322.13,275.544,322.7756130420977
10990,259.30333333333334,322.33666666666664,275.62333333333333,322.98340363105274
11000,259.35866666666664,322.54333333333335,275.70266666666663,323.19119422000773
11010,259.414,322.75,275.782,323.3989848089628
11020,259.46933333333334,322.95666666666665,275.86133333333333,323.60677539791783
11030,259.52466666666663,323.16333333333336,275.94066666666663,323.8145659868728
11040,259.58,323.37,276.02,324.02235657582787
11050,259.63599999999997,323.32666666666665,276.0853333333333,323.96916502134826
11060,259.692,323.28333333333336,276.15066666666667,323.91597346686865
11070,259.748,323.24,276.216,323.86278191238904
11080,259.804,323.19666666666666,276.2813333333333,323.80959035790937
11090,259.86,323.15333333333336,276.34666666666664,323.75639880342976
11100,259.916,323.11,276.412,323.70320724895015
11110,259.972,323.06666666666666,276.4773333333333,323.65001569447054
11120,260.028,323.02333333333337,276.54266666666666,323.59682413999093
11130,260.084,322.98,276.608,323.5436325855113
11140,260.14,322.93666666666667,276.67333333333335,323.4904410310317
11150,260.196,322.8933333333334,276.7386666666667,323.4372494765521
11160,260.252,322.85,276.804,323.38405792207243
11170,260.308,322.8066666666667,276.8693333333333,323.3308663675928
11180,260.36400000000003,322.7633333333334,276.93466666666666,323.2776748131132
11190,260.42,322.72,277.0,323.2244832586336
11200,260.4766666666667,322.8113333333334,277.06,323.3237715010135
11210,260.53333333333336,322.9026666666667,277.12,323.4230597433934
11220,260.59000000000003,322.994,277.18,323.5223479857733
11230,260.64666666666665,323.0853333333333,277.24,323.62163622815325
11240,260.7033333333333,323.1766666666667,277.3,323.72092447053313
11250,260.76,323.26800000000003,277.36,323.8202127129131
11260,260.81666666666666,323.3593333333333,277.42,323.91950095529296
11270,260.87333333333333,323.4506666666667,277.47999999999996,324.0187891976729
11280,260.93,323.542,277.53999999999996,324.1180774400528
11290,260.9866666666667,323.6333333333333,277.59999999999997,324.2173656824327
11300,261.04333333333335,323.7246666666667,277.65999999999997,324.3166539248126
11310,261.09999999999997,323.816,277.71999999999997,324.41594216719255
11320,261.15666666666664,323.9073333333333,277.78,324.51523040957244
11330,261.2133333333333,323.9986666666666,277.84,324.6145186519524
11340,261.27,324.09,277.9,324.71380689433227
11350,261.32733333333334,324.12466666666666,277.964,324.7435308422018
11360,261.38466666666665,324.15933333333334,278.02799999999996,324.77325479007123
11370,261.442,324.19399999999996,278.092,324.80297873794075
11380,261.4993333333333,324.22866666666664,278.156,324.83270268581026
11390,261.5566666666667,324.2633333333333,278.21999999999997,324.8624266336797
11400,261.614,324.298,278.284,324.89215058154923
11410,261.67133333333334,324.3326666666667,278.348,324.92187452941874
11420,261.72866666666664,324.3673333333333,278.412,324.9515984772882
11430,261.786,324.402,278.476,324.9813224251577
11440,261.8433333333333,324.43666666666667,278.54,325.0110463730272
11450,261.90066666666667,324.47133333333335,278.604,325.0407703208967
11460,261.95799999999997,324.50600000000003,278.668,325.0704942687662
11470,262.01533333333333,324.54066666666665,278.732,325.1002182166357
11480,262.07266666666663,324.57533333333333,278.796,325.12994216450517
11490,262.13,324.61,278.86,325.1596661123747
11500,262.18733333333336,324.752,278.9266666666667,325.30712224804455
11510,262.24466666666666,324.894,278.99333333333334,325.4545783837144
11520,262.302,325.036,279.06,325.60203451938423
11530,262.3593333333333,325.178,279.12666666666667,325.7494906550541
11540,262.4166666666667,325.32,279.1933333333333,325.896946790724
11550,262.474,325.462,279.26,326.04440292639384
11560,262.53133333333335,325.604,279.32666666666665,326.1918590620637
11570,262.58866666666665,325.74600000000004,279.3933333333334,326.3393151977335
11580,262.646,325.88800000000003,279.46000000000004,326.4867713334034
11590,262.7033333333333,326.03000000000003,279.5266666666667,326.63422746907327
11600,262.7606666666667,326.172,279.59333333333336,326.78168360474314
11610,262.818,326.314,279.66,326.929139740413
11620,262.87533333333334,326.456,279.7266666666667,327.0765958760828
11630,262.93266666666665,326.598,279.79333333333335,327.2240520117527
11640,262.99,326.74,279.86,327.37150814742256
11650,263.0486666666667,326.88533333333334,279.93333333333334,327.5169804932689
11660,263.1073333333333,327.03066666666666,280.00666666666666,327.66245283911513
11670,263.166,327.176,280.08,327.80792518496145
11680,263.2246666666667,327.32133333333337,280.15333333333336,327.95339753080776
11690,263.28333333333336,327.4666666666667,280.2266666666667,328.0988698766541
11700,263.342,327.612,280.3,328.24434222250034
11710,263.40066666666667,327.75733333333335,280.37333333333333,328.38981456834665
11720,263.45933333333335,327.9026666666667,280.44666666666666,328.53528691419297
11730,263.51800000000003,328.048,280.52,328.6807592600393
11740,263.57666666666665,328.1933333333333,280.5933333333333,328.82623160588554
11750,263.63533333333334,328.33866666666665,280.66666666666663,328.97170395173185
11760,263.694,328.48400000000004,280.74,329.11717629757817
11770,263.7526666666667,328.62933333333336,280.81333333333333,329.2626486434245
11780,263.8113333333333,328.7746666666667,280.88666666666666,329.40812098927074
11790,263.87,328.92,280.96,329.55359333511706
11800,263.9293333333333,328.83333333333337,281.01733333333334,329.45815054644885
11810,263.9886666666667,328.74666666666667,281.07466666666664,329.3627077577806
11820,264.048,328.66,281.132,329.2672649691124
11830,264.1073333333333,328.5733333333333,281.1893333333333,329.17182218044417
11840,264.1666666666667,328.4866666666667,281.24666666666667,329.0763793917759
11850,264.226,328.40000000000003,281.304,328.9809366031077
11860,264.2853333333333,328.31333333333333,281.36133333333333,328.8854938144395
11870,264.3446666666667,328.2266666666667,281.41866666666664,328.7900510257712
11880,264.404,328.14,281.476,328.694608237103
11890,264.4633333333333,328.05333333333334,281.5333333333333,328.5991654484348
11900,264.5226666666667,327.9666666666667,281.59066666666666,328.50372265976654
11910,264.582,327.88,281.64799999999997,328.40827987109833
11920,264.6413333333333,327.79333333333335,281.70533333333333,328.3128370824301
11930,264.7006666666667,327.70666666666665,281.76266666666663,328.21739429376186
11940,264.76,327.62,281.82,328.12195150509365
11950,264.8193333333333,327.8546666666667,281.8913333333333,328.36830235061586
11960,264.8786666666667,328.08933333333334,281.9626666666667,328.614653196138
11970,264.938,328.324,282.034,328.86100404166024
11980,264.9973333333333,328.5586666666667,282.1053333333333,329.1073548871824
11990,265.0566666666667,328.79333333333335,282.1766666666667,329.3537057327046
12000,265.116,329.028,282.248,329.6000565782268
12010,265.1753333333333,329.2626666666667,282.3193333333333,329.846407423749
12020,265.23466666666667,329.4973333333333,282.3906666666667,330.0927582692712
12030,265.294,329.73199999999997,282.462,330.33910911479336
12040,265.3533333333333,329.96666666666664,282.5333333333333,330.5854599603156
12050,265.41266666666667,330.2013333333333,282.6046666666667,330.8318108058378
12060,265.472,330.436,282.676,331.07816165135995
12070,265.5313333333333,330.67066666666665,282.7473333333333,331.32451249688216
12080,265.59066666666666,330.9053333333333,282.8186666666667,331.5708633424043
12090,265.65,331.14,282.89,331.81721418792654
12100,265.71,331.3066666666667,282.96866666666665,331.9829536485584
12110,265.77,331.4733333333333,283.0473333333333,332.14869310919033
12120,265.83,331.64,283.126,332.3144325698222
12130,265.89,331.8066666666667,283.20466666666664,332.48017203045407
12140,265.95,331.9733333333333,283.2833333333333,332.645911491086
12150,266.01,332.14,283.36199999999997,332.81165095171787
12160,266.07,332.3066666666667,283.44066666666663,332.97739041234973
12170,266.13,332.4733333333333,283.51933333333335,333.14312987298166
12180,266.19,332.64,283.598,333.30886933361353
12190,266.25,332.8066666666667,283.6766666666667,333.4746087942454
12200,266.31,332.9733333333333,283.75533333333334,333.6403482548773
12210,266.37,333.14,283.834,333.8060877155092
12220,266.43,333.3066666666667,283.91266666666667,333.97182717614106
12230,266.49,333.4733333333333,283.99133333333333,334.137566636773
12240,266.55,333.64,284.07,334.30330609740486
12250,266.6106666666667,333.64666666666665,284.13666666666666,334.30824894871733
12260,266.67133333333334,333.6533333333333,284.2033333333333,334.3131918000298
12270,266.732,333.65999999999997,284.27,334.31813465134223
12280,266.79266666666666,333.6666666666667,284.33666666666664,334.3230775026547
12290,266.85333333333335,333.67333333333335,284.4033333333333,334.3280203539672
12300,266.914,333.68,284.46999999999997,334.33296320527967
12310,266.9746666666667,333.68666666666667,284.53666666666663,334.33790605659215
12320,267.0353333333333,333.6933333333333,284.60333333333335,334.34284890790457
12330,267.096,333.7,284.67,334.34779175921705
12340,267.15666666666664,333.70666666666665,284.7366666666667,334.3527346105295
12350,267.21733333333333,333.7133333333333,284.80333333333334,334.357677461842
12360,267.27799999999996,333.72,284.87,334.3626203131545
12370,267.33866666666665,333.7266666666667,284.93666666666667,334.3675631644669
12380,267.3993333333333,333.73333333333335,285.00333333333333,334.3725060157794
12390,267.46,333.74,285.07,334.37744886709186
12400,267.52066666666667,334.1066666666667,285.1646666666667,334.7453916847728
12410,267.5813333333333,334.47333333333336,285.2593333333333,335.11333450245377
12420,267.642,334.84000000000003,285.354,335.4812773201347
12430,267.70266666666663,335.20666666666665,285.44866666666667,335.8492201378156
12440,267.7633333333333,335.5733333333333,285.54333333333335,336.2171629554966
12450,267.824,335.94,285.638,336.58510577317753
12460,267.88466666666665,336.3066666666667,285.73266666666666,336.9530485908585
12470,267.94533333333334,336.67333333333335,285.82733333333334,337.32099140853944
12480,268.006,337.04,285.922,337.6889342262204
12490,268.06666666666666,337.4066666666667,286.01666666666665,338.05687704390135
12500,268.12733333333335,337.77333333333337,286.11133333333333,338.4248198615823
12510,268.188,338.14,286.206,338.7927626792632
12520,268.2486666666667,338.50666666666666,286.3006666666667,339.16070549694416
12530,268.3093333333333,338.87333333333333,286.3953333333333,339.5286483146251
12540,268.37,339.24,286.49,339.89659113230607
12550,268.4313333333333,338.91,286.53533333333337,339.55772767636404
12560,268.49266666666665,338.58,286.5806666666667,339.21886422042195
12570,268.55400000000003,338.25,286.62600000000003,338.8800007644799
12580,268.61533333333335,337.92,286.67133333333334,338.5411373085378
12590,268.6766666666667,337.59000000000003,286.7166666666667,338.2022738525958
12600,268.738,337.26,286.762,337.8634103966537
12610,268.7993333333333,336.93,286.80733333333336,337.5245469407117
12620,268.8606666666667,336.6,286.85266666666666,337.1856834847696
12630,268.922,336.27000000000004,286.898,336.84682002882755
12640,268.98333333333335,335.94,286.9433333333333,336.50795657288546
12650,269.04466666666667,335.61,286.9886666666667,336.16909311694343
12660,269.106,335.28000000000003,287.034,335.83022966100134
12670,269.1673333333334,334.95000000000005,287.07933333333335,335.4913662050593
12680,269.2286666666667,334.62,287.12466666666666,335.1525027491172
12690,269.29,334.29,287.17,334.8136392931752
12700,269.35200000000003,334.3266666666667,287.224,334.8504462903565
12710,269.41400000000004,334.36333333333334,287.278,334.8872532875378
12720,269.476,334.40000000000003,287.332,334.92406028471913
12730,269.538,334.43666666666667,287.386,334.96086728190045
12740,269.6,334.47333333333336,287.44,334.99767427908176
12750,269.66200000000003,334.51,287.494,335.0344812762631
12760,269.72400000000005,334.5466666666667,287.548,335.0712882734444
12770,269.786,334.5833333333333,287.60200000000003,335.10809527062577
12780,269.848,334.62,287.656,335.1449022678071
12790,269.91,334.65666666666664,287.71000000000004,335.1817092649884
12800,269.97200000000004,334.6933333333333,287.764,335.2185162621697
12810,270.03400000000005,334.72999999999996,287.81800000000004,335.25532325935103
12820,270.096,334.76666666666665,287.872,335.29213025653235
12830,270.158,334.8033333333333,287.92600000000004,335.32893725371366
12840,270.22,334.84,287.98,335.365744250895
12850,270.28266666666667,334.864,288.03000000000003,335.40084496258703
12860,270.3453333333334,334.888,288.08000000000004,335.435945674279
12870,270.408,334.912,288.13,335.4710463859711
12880,270.4706666666667,334.936,288.18,335.50614709766313
12890,270.53333333333336,334.96,288.23,335.5412478093551
12900,270.596,334.984,288.28000000000003,335.5763485210472
12910,270.6586666666667,335.008,288.33000000000004,335.61144923273923
12920,270.72133333333335,335.032,288.38,335.64654994443123
12930,270.78400000000005,335.056,288.43,335.6816506561233
12940,270.8466666666667,335.08,288.48,335.71675136781533
12950,270.90933333333334,335.104,288.53000000000003,335.75185207950733
12960,270.97200000000004,335.128,288.58000000000004,335.7869527911994
12970,271.0346666666667,335.152,288.63,335.82205350289144
12980,271.0973333333334,335.176,288.68,335.85715421458343
12990,271.16,335.2,288.73,335.8922549262755
13000,271.22333333333336,335.70933333333335,288.8326666666667,336.4043644457849
13010,271.2866666666667,336.21866666666665,288.93533333333335,336.9164739652943
13020,271.35,336.728,289.038,337.42858348480365
13030,271.41333333333336,337.2373333333333,289.1406666666667,337.94069300431306
13040,271.4766666666667,337.74666666666667,289.24333333333334,338.45280252382247
13050,271.54,338.256,289.346,338.9649120433319
13060,271.60333333333335,338.76533333333333,289.44866666666667,339.4770215628413
13070,271.6666666666667,339.27466666666663,289.55133333333333,339.98913108235064
13080,271.73,339.784,289.654,340.50124060186005
13090,271.79333333333335,340.2933333333333,289.75666666666666,341.01335012136946
13100,271.8566666666667,340.80266666666665,289.8593333333333,341.52545964087886
13110,271.92,341.31199999999995,289.962,342.0375691603883
13120,271.98333333333335,341.8213333333333,290.06466666666665,342.5496786798976
13130,272.0466666666667,342.3306666666666,290.1673333333333,343.06178819940703
13140,272.11,342.84,290.27,343.57389771891644
13150,272.17333333333335,342.8786666666666,290.352,343.6052030392667
13160,272.2366666666667,342.9173333333333,290.43399999999997,343.636508359617
13170,272.3,342.95599999999996,290.51599999999996,343.66781367996725
13180,272.36333333333334,342.99466666666666,290.598,343.6991190003176
13190,272.4266666666667,343.0333333333333,290.68,343.73042432066785
13200,272.49,343.072,290.762,343.7617296410181
13210,272.55333333333334,343.11066666666665,290.844,343.7930349613684
13220,272.6166666666667,343.14933333333335,290.926,343.82434028171866
13230,272.68,343.188,291.008,343.85564560206893
13240,272.74333333333334,343.2266666666667,291.09,343.8869509224192
13250,272.8066666666667,343.26533333333333,291.17199999999997,343.9182562427695
13260,272.87,343.30400000000003,291.254,343.9495615631198
13270,272.93333333333334,343.3426666666667,291.336,343.98086688347007
13280,272.99666666666667,343.3813333333334,291.418,344.01217220382034
13290,273.06,343.42,291.5,344.0434775241706
13300,273.124,343.43933333333337,291.56533333333334,344.06760282108775
13310,273.188,343.45866666666666,291.6306666666667,344.0917281180049
13320,273.252,343.478,291.696,344.115853414922
13330,273.316,343.49733333333336,291.7613333333333,344.13997871183915
13340,273.38,343.51666666666665,291.82666666666665,344.1641040087563
13350,273.444,343.536,291.892,344.1882293056734
13360,273.508,343.55533333333335,291.95733333333334,344.21235460259055
13370,273.572,343.57466666666664,292.0226666666667,344.23647989950774
13380,273.63599999999997,343.594,292.088,344.2606051964249
13390,273.7,343.61333333333334,292.15333333333336,344.284730493342
13400,273.764,343.63266666666664,292.2186666666667,344.30885579025914
13410,273.828,343.652,292.284,344.3329810871763
13420,273.892,343.67133333333334,292.34933333333333,344.3571063840934
13430,273.95599999999996,343.69066666666663,292.4146666666667,344.38123168101055
13440,274.02,343.71,292.48,344.4053569779277
13450,274.084,343.8833333333333,292.56333333333333,344.57525376813646
13460,274.14799999999997,344.0566666666667,292.6466666666667,344.7451505583453
13470,274.212,344.22999999999996,292.73,344.9150473485541
13480,274.276,344.4033333333333,292.81333333333333,345.0849441387629
13490,274.34,344.57666666666665,292.8966666666667,345.2548409289717
13500,274.404,344.75,292.98,345.42473771918054
13510,274.468,344.92333333333335,293.06333333333333,345.5946345093893
13520,274.532,345.09666666666664,293.1466666666667,345.76453129959816
13530,274.596,345.27,293.23,345.93442808980694
13540,274.66,345.4433333333333,293.31333333333333,346.1043248800158
13550,274.724,345.6166666666667,293.3966666666667,346.27422167022456
13560,274.788,345.79,293.48,346.4441184604334
13570,274.85200000000003,345.9633333333333,293.56333333333333,346.6140152506422
13580,274.916,346.13666666666666,293.6466666666667,346.783912040851
13590,274.98,346.31,293.73,346.9538088310598
13600,275.04400000000004,346.322,293.798,346.96644170847907
13610,275.108,346.334,293.86600000000004,346.97907458589833
13620,275.172,346.346,293.934,346.99170746331754
13630,275.236,346.358,294.002,347.0043403407368
13640,275.3,346.37,294.07,347.01697321815607
13650,275.36400000000003,346.382,294.13800000000003,347.02960609557533
13660,275.428,346.394,294.206,347.0422389729946
13670,275.492,346.406,294.274,347.0548718504138
13680,275.556,346.418,294.342,347.06750472783307
13690,275.62,346.43,294.41,347.08013760525233
13700,275.684,346.442,294.478,347.0927704826716
13710,275.748,346.454,294.546,347.10540336009086
13720,275.812,346.466,294.614,347.11803623751007
13730,275.876,346.478,294.682,347.13066911492933
13740,275.94,346.49,294.75,347.1433019923486
13750,276.00466666666665,346.57933333333335,294.822,347.2325485009759
13760,276.06933333333336,346.6686666666667,294.894,347.32179500960314
13770,276.134,346.758,294.966,347.41104151823043
13780,276.19866666666667,346.8473333333333,295.038,347.50028802685773
13790,276.2633333333333,346.93666666666667,295.11,347.58953453548503
13800,276.32800000000003,347.026,295.182,347.67878104411227
13810,276.3926666666667,347.11533333333335,295.254,347.76802755273957
13820,276.45733333333334,347.20466666666664,295.32599999999996,347.85727406136687
13830,276.522,347.294,295.39799999999997,347.94652056999416
13840,276.5866666666667,347.3833333333333,295.46999999999997,348.0357670786214
13850,276.65133333333335,347.47266666666667,295.542,348.1250135872487
13860,276.716,347.562,295.614,348.214260095876
13870,276.78066666666666,347.6513333333333,295.686,348.3035066045033
13880,276.8453333333334,347.74066666666664,295.758,348.39275311313054
13890,276.91,347.83,295.83,348.48199962175784
13900,276.976,347.93399999999997,295.9033333333333,348.5884893375633
13910,277.04200000000003,348.038,295.97666666666663,348.6949790533688
13920,277.108,348.142,296.05,348.80146876917433
13930,277.17400000000004,348.246,296.12333333333333,348.9079584849798
13940,277.24,348.34999999999997,296.19666666666666,349.0144482007853
13950,277.306,348.454,296.27,349.1209379165908
13960,277.372,348.558,296.3433333333333,349.22742763239626
13970,277.438,348.662,296.4166666666667,349.3339173482018
13980,277.504,348.76599999999996,296.49,349.4404070640073
13990,277.57,348.87,296.56333333333333,349.54689677981276
14000,277.63599999999997,348.974,296.63666666666666,349.65338649561824
14010,277.702,349.078,296.71,349.7598762114237
14020,277.768,349.18199999999996,296.78333333333336,349.86636592722925
14030,277.834,349.286,296.8566666666667,349.97285564303473
14040,277.9,349.39,296.93,350.0793453588402
14050,277.96599999999995,349.48199999999997,297.00533333333334,350.1684536058539
14060,278.032,349.574,297.0806666666667,350.25756185286764
14070,278.09799999999996,349.666,297.156,350.34667009988135
14080,278.164,349.758,297.23133333333334,350.43577834689506
14090,278.22999999999996,349.84999999999997,297.3066666666667,350.5248865939088
14100,278.296,349.942,297.382,350.6139948409225
14110,278.36199999999997,350.034,297.45733333333334,350.7031030879362
14120,278.428,350.126,297.53266666666667,350.79221133494997
14130,278.49399999999997,350.21799999999996,297.608,350.8813195819637
14140,278.56,350.31,297.68333333333334,350.9704278289774
14150,278.626,350.402,297.75866666666667,351.0595360759911
14160,278.692,350.49399999999997,297.834,351.1486443230048
14170,278.758,350.58599999999996,297.90933333333334,351.23775257001853
14180,278.824,350.678,297.98466666666667,351.32686081703224
14190,278.89,350.77,298.06,351.41596906404595
14200,278.95666666666665,351.128,298.15066666666667,351.79134321777394
14210,279.0233333333333,351.486,298.24133333333333,352.16671737150193
14220,279.09,351.844,298.332,352.54209152522986
14230,279.15666666666664,352.202,298.42266666666666,352.91746567895785
14240,279.2233333333333,352.56,298.5133333333333,353.29283983268584
14250,279.28999999999996,352.918,298.604,353.66821398641383
14260,279.3566666666666,353.276,298.69466666666665,354.0435881401418
14270,279.42333333333335,353.63399999999996,298.78533333333337,354.41896229386975
14280,279.49,353.99199999999996,298.87600000000003,354.79433644759774
14290,279.5566666666667,354.34999999999997,298.9666666666667,355.16971060132573
14300,279.62333333333333,354.70799999999997,299.05733333333336,355.5450847550537
14310,279.69,355.066,299.148,355.9204589087817
14320,279.75666666666666,355.424,299.2386666666667,356.29583306250964
14330,279.8233333333333,355.782,299.32933333333335,356.67120721623763
14340,279.89,356.14,299.42,357.0465813699656
14350,279.95733333333334,355.99399999999997,299.50333333333333,356.8691929586129
14360,280.02466666666663,355.848,299.5866666666667,356.69180454726023
14370,280.092,355.702,299.67,356.51441613590754
14380,280.15933333333334,355.556,299.75333333333333,356.33702772455484
14390,280.22666666666663,355.40999999999997,299.8366666666667,356.15963931320215
14400,280.294,355.264,299.92,355.98225090184945
14410,280.36133333333333,355.118,300.00333333333333,355.80486249049676
14420,280.42866666666663,354.972,300.0866666666667,355.627474079144
14430,280.496,354.82599999999996,300.17,355.4500856677913
14440,280.56333333333333,354.68,300.25333333333333,355.2726972564386
14450,280.6306666666666,354.534,300.3366666666667,355.0953088450859
14460,280.698,354.388,300.42,354.91792043373323
14470,280.76533333333333,354.24199999999996,300.50333333333333,354.74053202238053
14480,280.8326666666666,354.096,300.5866666666667,354.56314361102784
14490,280.9,353.95,300.67,354.38575519967515
14500,280.96799999999996,353.65,300.69666666666666,354.09057619554744
14510,281.036,353.34999999999997,300.72333333333336,353.7953971914197
14520,281.104,353.05,300.75,353.500218187292
14530,281.17199999999997,352.75,300.7766666666667,353.2050391831643
14540,281.24,352.45,300.80333333333334,352.9098601790365
14550,281.308,352.15,300.83,352.6146811749088
14560,281.376,351.84999999999997,300.8566666666667,352.3195021707811
14570,281.444,351.55,300.8833333333333,352.02432316665335
14580,281.512,351.25,300.91,351.72914416252564
14590,281.58,350.95,300.93666666666667,351.43396515839794
14600,281.648,350.65,300.9633333333333,351.1387861542702
14610,281.716,350.34999999999997,300.99,350.8436071501425
14620,281.784,350.05,301.01666666666665,350.54842814601477
14630,281.85200000000003,349.75,301.04333333333335,350.253249141887
14640,281.92,349.45,301.07,349.9580701377593
14650,281.988,349.58933333333334,301.12666666666667,350.1063792977014
14660,282.05600000000004,349.72866666666664,301.18333333333334,350.2546884576434
14670,282.124,349.868,301.24,350.40299761758547
14680,282.192,350.00733333333335,301.2966666666667,350.55130677752754
14690,282.26,350.14666666666665,301.35333333333335,350.6996159374696
14700,282.32800000000003,350.286,301.41,350.84792509741163
14710,282.396,350.42533333333336,301.4666666666667,350.9962342573537
14720,282.464,350.56466666666665,301.5233333333333,351.1445434172958
14730,282.532,350.704,301.58,351.29285257723785
14740,282.6,350.84333333333336,301.63666666666666,351.44116173717987
14750,282.668,350.98266666666666,301.6933333333333,351.58947089712194
14760,282.736,351.122,301.75,351.737780057064
14770,282.804,351.26133333333337,301.8066666666667,351.8860892170061
14780,282.872,351.40066666666667,301.86333333333334,352.0343983769481
14790,282.94,351.54,301.92,352.1827075368902
14800,283.00933333333336,351.682,301.9906666666667,352.32449145876143
14810,283.07866666666666,351.824,302.0613333333333,352.4662753806326
14820,283.148,351.966,302.132,352.6080593025039
14830,283.21733333333333,352.108,302.2026666666667,352.7498432243751
14840,283.2866666666667,352.25,302.27333333333337,352.8916271462463
14850,283.356,352.392,302.344,353.0334110681176
14860,283.42533333333336,352.534,302.4146666666667,353.1751949899888
14870,283.49466666666666,352.67600000000004,302.48533333333336,353.31697891186
14880,283.564,352.81800000000004,302.55600000000004,353.45876283373127
14890,283.6333333333333,352.96000000000004,302.62666666666667,353.6005467556025
14900,283.7026666666667,353.10200000000003,302.69733333333335,353.7423306774737
14910,283.772,353.244,302.76800000000003,353.88411459934497
14920,283.84133333333335,353.386,302.8386666666667,354.0258985212162
14930,283.91066666666666,353.528,302.90933333333334,354.1676824430874
14940,283.98,353.67,302.98,354.30946636495867
14950,284.0493333333333,353.86533333333335,303.05733333333336,354.50934671356515
14960,284.1186666666667,354.0606666666667,303.1346666666667,354.70922706217164
14970,284.188,354.25600000000003,303.212,354.9091074107781
14980,284.25733333333335,354.45133333333337,303.28933333333333,355.10898775938455
14990,284.32666666666665,354.6466666666667,303.3666666666667,355.30886810799103
15000,284.396,354.84200000000004,303.444,355.5087484565975
15010,284.4653333333333,355.0373333333334,303.52133333333336,355.708628805204
15020,284.5346666666667,355.23266666666666,303.59866666666665,355.9085091538105
15030,284.604,355.428,303.676,356.10838950241697
15040,284.67333333333335,355.62333333333333,303.75333333333333,356.30826985102345
15050,284.74266666666665,355.8186666666667,303.8306666666667,356.50815019962994
15060,284.812,356.014,303.908,356.70803054823637
15070,284.8813333333333,356.20933333333335,303.9853333333333,356.90791089684285
15080,284.9506666666667,356.4046666666667,304.06266666666664,357.10779124544933
15090,285.02,356.6,304.14,357.3076715940558
15100,285.08866666666665,356.7646666666667,304.2233333333333,357.4724059759681
15110,285.1573333333333,356.9293333333334,304.3066666666667,357.63714035788047
15120,285.226,357.094,304.39,357.80187473979277
15130,285.29466666666667,357.25866666666667,304.4733333333333,357.9666091217051
15140,285.36333333333334,357.42333333333335,304.5566666666667,358.1313435036174
15150,285.432,357.588,304.64,358.29607788552977
15160,285.5006666666667,357.7526666666667,304.7233333333333,358.46081226744207
15170,285.5693333333333,357.9173333333333,304.8066666666667,358.6255466493544
15180,285.638,358.082,304.89,358.7902810312667
15190,285.70666666666665,358.24666666666667,304.9733333333333,358.95501541317907
15200,285.7753333333333,358.41133333333335,305.0566666666667,359.11974979509137
15210,285.844,358.576,305.14,359.2844841770037
15220,285.91266666666667,358.74066666666664,305.2233333333333,359.449218558916
15230,285.98133333333334,358.9053333333333,305.3066666666667,359.61395294082837
15240,286.05,359.07,305.39,359.77868732274067
15250,286.1193333333333,359.1646666666667,305.46866666666665,359.8718197145964
15260,286.1886666666667,359.2593333333333,305.5473333333333,359.9649521064522
15270,286.258,359.354,305.626,360.05808449830795
15280,286.32733333333334,359.44866666666667,305.70466666666664,360.15121689016365
15290,286.39666666666665,359.54333333333335,305.7833333333333,360.2443492820194
15300,286.466,359.638,305.86199999999997,360.3374816738752
15310,286.5353333333333,359.73266666666666,305.94066666666663,360.43061406573094
15320,286.6046666666667,359.82733333333334,306.01933333333335,360.5237464575867
15330,286.674,359.922,306.098,360.61687884944246
15340,286.74333333333334,360.01666666666665,306.1766666666667,360.7100112412982
15350,286.81266666666664,360.11133333333333,306.25533333333334,360.803143633154
15360,286.882,360.206,306.334,360.8962760250097
15370,286.9513333333333,360.3006666666667,306.41266666666667,360.98940841686544
15380,287.02066666666667,360.3953333333333,306.49133333333333,361.0825408087212
15390,287.09,360.49,306.57,361.17567320057697
15400,287.15799999999996,360.7153333333333,306.6573333333333,361.40678629664217
15410,287.226,360.9406666666667,306.74466666666666,361.63789939270737
15420,287.294,361.166,306.832,361.86901248877257
15430,287.36199999999997,361.39133333333336,306.9193333333333,362.10012558483777
15440,287.43,361.6166666666667,307.00666666666666,362.33123868090297
15450,287.498,361.842,307.094,362.56235177696817
15460,287.566,362.06733333333335,307.1813333333333,362.7934648730334
15470,287.634,362.29266666666666,307.26866666666666,363.0245779690986
15480,287.702,362.51800000000003,307.356,363.2556910651638
15490,287.77,362.74333333333334,307.4433333333333,363.486804161229
15500,287.838,362.96866666666665,307.53066666666666,363.7179172572942
15510,287.906,363.194,307.618,363.9490303533594
15520,287.974,363.4193333333333,307.70533333333333,364.1801434494246
15530,288.04200000000003,363.6446666666667,307.79266666666666,364.4112565454898
15540,288.11,363.87,307.88,364.642369641555
15550,288.1786666666667,363.9506666666667,307.9633333333333,364.7189432525967
15560,288.24733333333336,364.03133333333335,308.0466666666667,364.79551686363845
15570,288.31600000000003,364.112,308.13,364.87209047468014
15580,288.38466666666665,364.19266666666664,308.2133333333333,364.9486640857219
15590,288.4533333333333,364.2733333333333,308.2966666666667,365.0252376967636
15600,288.522,364.354,308.38,365.10181130780535
15610,288.59066666666666,364.43466666666666,308.4633333333333,365.1783849188471
15620,288.65933333333334,364.51533333333333,308.5466666666667,365.25495852988877
15630,288.728,364.596,308.63,365.3315321409305
15640,288.7966666666667,364.6766666666667,308.7133333333333,365.40810575197224
15650,288.86533333333335,364.75733333333335,308.7966666666667,365.484679363014
15660,288.93399999999997,364.83799999999997,308.88,365.5612529740557
15670,289.00266666666664,364.91866666666664,308.9633333333333,365.6378265850974
15680,289.0713333333333,364.9993333333333,309.0466666666667,365.71440019613914
15690,289.14,365.08,309.13,365.7909738071809
15700,289.20666666666665,365.24266666666665,309.2126666666667,365.9551546836398
15710,289.2733333333333,365.4053333333333,309.2953333333333,366.11933556009876
15720,289.34,365.568,309.378,366.2835164365577
15730,289.40666666666664,365.73066666666665,309.46066666666667,366.44769731301665
15740,289.4733333333333,365.8933333333333,309.54333333333335,366.6118781894756
15750,289.53999999999996,366.056,309.626,366.77605906593453
15760,289.6066666666666,366.21866666666665,309.70866666666666,366.9402399423935
15770,289.67333333333335,366.3813333333333,309.79133333333334,367.1044208188524
15780,289.74,366.544,309.874,367.26860169531136
15790,289.8066666666667,366.70666666666665,309.95666666666665,367.4327825717703
15800,289.87333333333333,366.8693333333333,310.03933333333333,367.59696344822925
15810,289.94,367.032,310.122,367.7611443246882
15820,290.00666666666666,367.19466666666665,310.2046666666667,367.92532520114713
15830,290.0733333333333,367.3573333333333,310.2873333333333,368.0895060776061
15840,290.14,367.52,310.37,368.253686954065
