Time (s),T_outer (C),T_inner (C),T_avg (C),Input Temperature (C)
0,104.788189350054,104.788189350054,104.788189350054,104.788189350054
10,104.788189350054,104.788189350054,104.788189350054,104.788189350054
20,104.788189350054,104.788189350054,104.788189350054,104.788189350054
30,104.788189350054,104.788189350054,104.788189350054,104.788189350054
40,104.788189350054,104.788189350054,104.788189350054,104.788189350054
50,104.788189350054,104.788189350054,104.788189350054,104.788189350054
60,104.788189350054,104.788189350054,104.788189350054,104.788189350054
70,104.788189350054,104.788189350054,104.788189350054,104.788189350054
80,104.788189350054,104.788189350054,104.788189350054,104.788189350054
90,104.788189350054,104.788189350054,104.788189350054,104.788189350054
100,104.788189350054,104.788189350054,104.788189350054,104.788189350054
110,104.788189350054,104.788189350054,104.788189350054,104.788189350054
120,104.788189350054,104.788189350054,104.788189350054,104.788189350054
130,104.788189350054,104.788189350054,104.788189350054,104.788189350054
140,104.788189350054,104.788189350054,104.788189350054,104.788189350054
150,104.788189350054,104.788189350054,104.788189350054,104.788189350054
160,104.788189350054,104.788189350054,104.788189350054,104.788189350054
170,104.788189350054,104.788189350054,104.788189350054,104.788189350054
180,104.788189350054,104.788189350054,104.788189350054,104.788189350054
190,104.788189350054,104.788189350054,104.788189350054,104.788189350054
200,104.788189350054,104.788189350054,104.788189350054,104.788189350054
210,104.788189350054,104.788189350054,104.788189350054,104.788189350054
220,104.788189350054,104.788189350054,104.788189350054,104.788189350054
230,104.788189350054,104.788189350054,104.788189350054,104.788189350054
240,104.788189350054,104.788189350054,104.788189350054,104.788189350054
250,104.788189350054,104.788189350054,104.788189350054,104.788189350054
260,104.788189350054,104.788189350054,104.788189350054,104.788189350054
270,104.788189350054,104.788189350054,104.788189350054,104.788189350054
280,104.788189350054,104.788189350054,104.788189350054,104.788189350054
290,104.788189350054,104.788189350054,104.788189350054,104.788189350054
300,104.788189350054,104.788189350054,104.788189350054,104.788189350054
310,104.788189350054,104.788189350054,104.788189350054,104.788189350054
320,104.788189350054,104.788189350054,104.788189350054,104.788189350054
330,104.788189350054,104.788189350054,104.788189350054,104.788189350054
340,104.788189350054,104.788189350054,104.788189350054,104.788189350054
350,104.788189350054,104.788189350054,104.788189350054,104.788189350054
360,104.788189350054,104.788189350054,104.788189350054,104.788189350054
370,104.788189350054,104.788189350054,104.788189350054,104.788189350054
380,104.788189350054,104.788189350054,104.788189350054,104.788189350054
390,104.788189350054,104.788189350054,104.788189350054,104.788189350054
400,104.788189350054,104.788189350054,104.788189350054,104.788189350054
410,104.788189350054,104.788189350054,104.788189350054,104.788189350054
420,104.788189350054,104.788189350054,104.788189350054,104.788189350054
430,104.788189350054,104.788189350054,104.788189350054,104.788189350054
440,104.788189350054,104.788189350054,104.788189350054,104.788189350054
450,104.788189350054,104.788189350054,104.788189350054,104.788189350054
460,104.788189350054,104.788189350054,104.788189350054,104.788189350054
470,104.788189350054,104.788189350054,104.788189350054,104.788189350054
480,104.788189350054,104.788189350054,104.788189350054,104.788189350054
490,104.788189350054,104.788189350054,104.788189350054,104.788189350054
500,104.788189350054,104.788189350054,104.788189350054,104.788189350054
510,104.788189350054,104.788189350054,104.788189350054,104.788189350054
520,104.788189350054,104.788189350054,104.788189350054,104.788189350054
530,104.788189350054,104.788189350054,104.788189350054,104.788189350054
540,104.788189350054,104.788189350054,104.788189350054,104.788189350054
550,104.788189350054,104.788189350054,104.788189350054,104.788189350054
560,104.788189350054,104.788189350054,104.788189350054,104.788189350054
570,104.788189350054,104.788189350054,104.788189350054,104.788189350054
580,104.788189350054,104.788189350054,104.788189350054,104.788189350054
590,104.788189350054,104.788189350054,104.788189350054,104.788189350054
600,104.788189350054,104.788189350054,104.788189350054,104.788189350054
610,104.788189350054,104.788189350054,104.788189350054,104.788189350054
620,104.788189350054,104.788189350054,104.788189350054,104.788189350054
630,104.788189350054,104.788189350054,104.788189350054,104.788189350054
640,104.788189350054,104.788189350054,104.788189350054,104.788189350054
650,104.788189350054,104.788189350054,104.788189350054,104.788189350054
660,104.788189350054,104.788189350054,104.788189350054,104.788189350054
670,104.788189350054,104.788189350054,104.788189350054,104.788189350054
680,104.788189350054,104.788189350054,104.788189350054,104.788189350054
690,104.788189350054,104.788189350054,104.788189350054,104.788189350054
700,104.788189350054,104.788189350054,104.788189350054,104.788189350054
710,104.788189350054,104.788189350054,104.788189350054,104.788189350054
720,104.788189350054,104.788189350054,104.788189350054,104.788189350054
730,104.788189350054,104.788189350054,104.788189350054,104.788189350054
740,104.788189350054,104.788189350054,104.788189350054,104.788189350054
750,104.788189350054,104.788189350054,104.788189350054,104.788189350054
760,104.788189350054,104.788189350054,104.788189350054,104.788189350054
770,104.788189350054,104.788189350054,104.788189350054,104.788189350054
780,104.788189350054,104.788189350054,104.788189350054,104.788189350054
790,104.788189350054,104.788189350054,104.788189350054,104.788189350054
800,104.788189350054,104.788189350054,104.788189350054,104.788189350054
810,104.788189350054,104.788189350054,104.788189350054,104.788189350054
820,104.788189350054,104.788189350054,104.788189350054,104.788189350054
830,104.788189350054,104.788189350054,104.788189350054,104.788189350054
840,104.788189350054,104.788189350054,104.788189350054,104.788189350054
850,104.788189350054,104.788189350054,104.788189350054,104.788189350054
860,104.788189350054,104.788189350054,104.788189350054,104.788189350054
870,104.788189350054,104.788189350054,104.788189350054,104.788189350054
880,104.788189350054,104.788189350054,104.788189350054,104.788189350054
890,104.788189350054,104.788189350054,104.788189350054,104.788189350054
900,104.788189350054,104.788189350054,104.788189350054,104.788189350054
910,104.788189350054,104.788189350054,104.788189350054,104.788189350054
920,104.788189350054,104.788189350054,104.788189350054,104.788189350054
930,104.788189350054,104.788189350054,104.788189350054,104.788189350054
940,104.788189350054,104.788189350054,104.788189350054,104.788189350054
950,104.788189350054,104.788189350054,104.788189350054,104.788189350054
960,104.788189350054,104.788189350054,104.788189350054,104.788189350054
970,104.788189350054,104.788189350054,104.788189350054,104.788189350054
980,104.788189350054,104.788189350054,104.788189350054,104.788189350054
990,104.788189350054,104.788189350054,104.788189350054,104.788189350054
1000,104.788189350054,104.788189350054,104.788189350054,104.788189350054
1010,104.788189350054,104.788189350054,104.788189350054,104.788189350054
1020,104.788189350054,104.788189350054,104.788189350054,104.788189350054
1030,104.788189350054,104.788189350054,104.788189350054,104.788189350054
1040,104.788189350054,104.788189350054,104.788189350054,104.788189350054
1050,104.788189350054,104.788189350054,104.788189350054,104.788189350054
1060,104.788189350054,104.788189350054,104.788189350054,104.788189350054
1070,104.788189350054,104.788189350054,104.788189350054,104.788189350054
1080,104.788189350054,104.788189350054,104.788189350054,104.788189350054
1090,104.788189350054,104.788189350054,104.788189350054,104.788189350054
1100,104.788189350054,104.788189350054,104.788189350054,104.788189350054
1110,104.788189350054,104.788189350054,104.788189350054,104.788189350054
1120,104.788189350054,104.788189350054,104.788189350054,104.788189350054
1130,104.788189350054,104.788189350054,104.788189350054,104.788189350054
1140,104.788189350054,104.788189350054,104.788189350054,104.788189350054
1150,104.788189350054,104.788189350054,104.788189350054,104.788189350054
1160,104.788189350054,104.788189350054,104.788189350054,104.788189350054
1170,104.788189350054,104.788189350054,104.788189350054,104.788189350054
1180,104.788189350054,104.788189350054,104.788189350054,104.788189350054
1190,104.788189350054,104.788189350054,104.788189350054,104.788189350054
1200,104.788189350054,104.788189350054,104.788189350054,104.788189350054
1210,104.788189350054,104.788189350054,104.788189350054,104.788189350054
1220,104.788189350054,104.788189350054,104.788189350054,104.788189350054
1230,104.788189350054,104.788189350054,104.788189350054,104.788189350054
1240,104.788189350054,104.788189350054,104.788189350054,104.788189350054
1250,104.788189350054,104.788189350054,104.788189350054,104.788189350054
1260,104.788189350054,104.788189350054,104.788189350054,104.788189350054
1270,104.788189350054,104.788189350054,104.788189350054,104.788189350054
1280,104.788189350054,104.788189350054,104.788189350054,104.788189350054
1290,104.788189350054,104.788189350054,104.788189350054,104.788189350054
1300,104.788189350054,104.788189350054,104.788189350054,104.788189350054
1310,104.788189350054,104.788189350054,104.788189350054,104.788189350054
1320,104.788189350054,104.788189350054,104.788189350054,104.788189350054
1330,104.788189350054,104.788189350054,104.788189350054,104.788189350054
1340,104.788189350054,104.788189350054,104.788189350054,104.788189350054
1350,104.788189350054,104.788189350054,104.788189350054,104.788189350054
1360,104.788189350054,104.788189350054,104.788189350054,104.788189350054
1370,104.788189350054,104.788189350054,104.788189350054,104.788189350054
1380,104.788189350054,104.788189350054,104.788189350054,104.788189350054
1390,104.788189350054,104.788189350054,104.788189350054,104.788189350054
1400,104.788189350054,104.788189350054,104.788189350054,104.788189350054
1410,104.788189350054,104.788189350054,104.788189350054,104.788189350054
1420,104.788189350054,104.788189350054,104.788189350054,104.788189350054
1430,104.788189350054,104.788189350054,104.788189350054,104.788189350054
1440,104.788189350054,104.788189350054,104.788189350054,104.788189350054
1440,104.788189350054,104.788189350054,104.788189350054,104.788189350054
1450,104.78831006005039,105.94097672671707,104.89764339338373,105.98714958509464
1460,104.7884307700468,107.09376410338012,105.00709743671347,107.1861098201353
1470,104.7885514800432,108.2465514800432,105.1165514800432,108.38507005517594
1480,104.7886721900396,109.39933885670627,105.22600552337293,109.5840302902166
1490,104.788792900036,110.55212623336934,105.33545956670267,110.78299052525725
1500,104.7889136100324,111.70491361003239,105.4449136100324,111.9819507602979
1510,104.7890343200288,112.85770098669546,105.55436765336214,113.18091099533855
1520,104.7891550300252,114.01048836335853,105.66382169669187,114.37987123037921
1530,104.78927574002161,115.1632757400216,105.7732757400216,115.57883146541985
1540,104.789396450018,116.31606311668466,105.88272978335134,116.77779170046051
1550,104.7895171600144,117.46885049334773,105.99218382668107,117.97675193550116
1560,104.78963787001081,118.6216378700108,106.1016378700108,119.17571217054181
1570,104.7897585800072,119.77442524667387,106.21109191334054,120.37467240558246
1580,104.78987929000361,120.92721262333693,106.32054595667027,121.57363264062312
1590,104.79,122.08,106.43,122.77259287566376
1600,104.79,123.34933333333333,106.61933333333334,124.06558630252884
1610,104.79,124.61866666666667,106.80866666666667,125.35857972939392
1620,104.79,125.888,106.998,126.651573156259
1630,104.79,127.15733333333333,107.18733333333334,127.94456658312409
1640,104.79,128.42666666666668,107.37666666666667,129.23756000998918
1650,104.79,129.696,107.566,130.53055343685426
1660,104.79,130.96533333333335,107.75533333333334,131.82354686371934
1670,104.79,132.23466666666667,107.94466666666666,133.11654029058442
1680,104.79,133.504,108.134,134.4095337174495
1690,104.79,134.77333333333334,108.32333333333334,135.7025271443146
1700,104.79,136.04266666666666,108.51266666666666,136.99552057117967
1710,104.79,137.312,108.702,138.28851399804475
1720,104.79,138.58133333333333,108.89133333333334,139.58150742490983
1730,104.79,139.85066666666668,109.08066666666666,140.8745008517749
1740,104.79,141.12,109.27,142.16749427864
1750,104.79066666666667,142.41400000000002,109.50999999999999,143.4780260987084
1760,104.79133333333334,143.708,109.75,144.78855791877683
1770,104.792,145.002,109.99,146.09908973884524
1780,104.79266666666668,146.296,110.23,147.40962155891367
1790,104.79333333333334,147.59,110.47,148.72015337898208
1800,104.794,148.88400000000001,110.71,150.03068519905048
1810,104.79466666666667,150.178,110.95,151.34121701911891
1820,104.79533333333333,151.472,111.19,152.65174883918732
1830,104.796,152.766,111.43,153.96228065925575
1840,104.79666666666667,154.06,111.67,155.27281247932416
1850,104.79733333333333,155.354,111.91,156.58334429939256
1860,104.798,156.648,112.15,157.893876119461
1870,104.79866666666666,157.942,112.39,159.2044079395294
1880,104.79933333333334,159.236,112.63000000000001,160.51493975959784
1890,104.8,160.53,112.87,161.82547157966624
1900,104.80466666666666,161.76733333333334,113.14066666666668,163.0770469943169
1910,104.80933333333333,163.00466666666668,113.41133333333333,164.32862240896753
1920,104.814,164.242,113.682,165.5801978236182
1930,104.81866666666667,165.47933333333333,113.95266666666667,166.83177323826885
1940,104.82333333333334,166.71666666666667,114.22333333333334,168.08334865291948
1950,104.828,167.954,114.494,169.33492406757014
1960,104.83266666666667,169.19133333333335,114.76466666666667,170.5864994822208
1970,104.83733333333333,170.42866666666666,115.03533333333334,171.83807489687143
1980,104.842,171.666,115.30600000000001,173.0896503115221
1990,104.84666666666666,172.90333333333334,115.57666666666667,174.34122572617275
2000,104.85133333333333,174.14066666666668,115.84733333333334,175.59280114082338
2010,104.85600000000001,175.37800000000001,116.11800000000001,176.84437655547404
2020,104.86066666666667,176.61533333333333,116.38866666666668,178.0959519701247
2030,104.86533333333334,177.85266666666666,116.65933333333334,179.34752738477533
2040,104.87,179.09,116.93,180.599102799426
2050,104.88266666666667,180.304,117.22466666666668,181.82455996276343
2060,104.89533333333334,181.518,117.51933333333334,183.0500171261009
2070,104.908,182.732,117.81400000000001,184.27547428943834
2080,104.92066666666668,183.946,118.10866666666666,185.5009314527758
2090,104.93333333333334,185.16,118.40333333333334,186.72638861611324
2100,104.946,186.374,118.69800000000001,187.9518457794507
2110,104.95866666666667,187.58800000000002,118.99266666666666,189.17730294278815
2120,104.97133333333333,188.80200000000002,119.28733333333334,190.4027601061256
2130,104.98400000000001,190.01600000000002,119.582,191.62821726946305
2140,104.99666666666667,191.23000000000002,119.87666666666667,192.85367443280052
2150,105.00933333333333,192.44400000000002,120.17133333333334,194.07913159613796
2160,105.022,193.65800000000002,120.466,195.30458875947542
2170,105.03466666666667,194.872,120.76066666666667,196.53004592281286
2180,105.04733333333334,196.086,121.05533333333332,197.75550308615033
2190,105.06,197.3,121.35,198.98096024948777
2200,105.08466666666666,198.37466666666668,121.65266666666666,200.06146545801212
2210,105.10933333333334,199.44933333333333,121.95533333333333,201.14197066653645
2220,105.134,200.524,122.258,202.2224758750608
2230,105.15866666666668,201.59866666666667,122.56066666666666,203.30298108358517
2240,105.18333333333334,202.67333333333335,122.86333333333333,204.38348629210952
2250,105.208,203.748,123.166,205.46399150063385
2260,105.23266666666667,204.82266666666666,123.46866666666666,206.5444967091582
2270,105.25733333333334,205.89733333333334,123.77133333333333,207.62500191768257
2280,105.28200000000001,206.972,124.074,208.70550712620692
2290,105.30666666666667,208.04666666666665,124.37666666666667,209.78601233473125
2300,105.33133333333333,209.12133333333333,124.67933333333333,210.8665175432556
2310,105.35600000000001,210.196,124.982,211.94702275177997
2320,105.38066666666667,211.27066666666667,125.28466666666667,213.02752796030433
2330,105.40533333333335,212.34533333333331,125.58733333333333,214.10803316882865
2340,105.43,213.42,125.89,215.188538377353
2350,105.46866666666668,214.49866666666665,126.20333333333333,216.2819181665051
2360,105.50733333333334,215.5773333333333,126.51666666666667,217.37529795565717
2370,105.546,216.65599999999998,126.83,218.46867774480927
2380,105.58466666666668,217.73466666666667,127.14333333333333,219.56205753396134
2390,105.62333333333333,218.81333333333333,127.45666666666666,220.65543732311343
2400,105.662,219.892,127.77,221.7488171122655
2410,105.70066666666668,220.97066666666666,128.08333333333334,222.8421969014176
2420,105.73933333333333,222.04933333333332,128.39666666666668,223.93557669056966
2430,105.778,223.128,128.71,225.02895647972176
2440,105.81666666666668,224.20666666666665,129.02333333333334,226.12233626887382
2450,105.85533333333333,225.2853333333333,129.33666666666667,227.21571605802592
2460,105.894,226.364,129.65,228.30909584717799
2470,105.93266666666668,227.44266666666667,129.96333333333334,229.40247563633008
2480,105.97133333333333,228.52133333333333,130.27666666666667,230.49585542548215
2490,106.01,229.6,130.59,231.58923521463424
2500,106.06666666666668,230.85266666666666,130.93266666666668,232.8533161198549
2510,106.12333333333333,232.10533333333333,131.27533333333332,234.11739702507555
2520,106.18,233.358,131.618,235.3814779302962
2530,106.23666666666666,234.61066666666665,131.96066666666667,236.64555883551685
2540,106.29333333333334,235.86333333333332,132.30333333333334,237.9096397407375
2550,106.35000000000001,237.11599999999999,132.646,239.17372064595816
2560,106.40666666666667,238.36866666666666,132.98866666666666,240.4378015511788
2570,106.46333333333334,239.62133333333333,133.33133333333333,241.70188245639943
2580,106.52,240.874,133.674,242.96596336162008
2590,106.57666666666667,242.12666666666667,134.01666666666665,244.23004426684074
2600,106.63333333333334,243.3793333333333,134.35933333333332,245.4941251720614
2610,106.69,244.63199999999998,134.702,246.75820607728204
2620,106.74666666666667,245.88466666666665,135.04466666666667,248.0222869825027
2630,106.80333333333333,247.13733333333332,135.38733333333332,249.28636788772334
2640,106.86,248.39,135.73,250.550448792944
2650,106.93333333333334,249.724,136.10333333333332,251.900766247369
2660,107.00666666666666,251.058,136.47666666666666,253.251083701794
2670,107.08,252.392,136.85,254.601401156219
2680,107.15333333333334,253.72599999999997,137.22333333333333,255.951718610644
2690,107.22666666666666,255.05999999999997,137.59666666666666,257.302036065069
2700,107.3,256.394,137.97,258.652353519494
2710,107.37333333333333,257.728,138.34333333333333,260.002670973919
2720,107.44666666666666,259.06199999999995,138.71666666666667,261.352988428344
2730,107.52,260.39599999999996,139.09,262.70330588276903
2740,107.59333333333333,261.72999999999996,139.46333333333334,264.05362333719404
2750,107.66666666666666,263.06399999999996,139.83666666666667,265.403940791619
2760,107.74,264.39799999999997,140.21,266.754258246044
2770,107.81333333333333,265.73199999999997,140.58333333333334,268.104575700469
2780,107.88666666666666,267.066,140.95666666666668,269.454893154894
2790,107.96,268.4,141.33,270.80521060931903
2800,108.05199999999999,269.73066666666665,141.72533333333334,272.144986972931
2810,108.14399999999999,271.0613333333333,142.12066666666666,273.484763336543
2820,108.23599999999999,272.392,142.51600000000002,274.8245397001549
2830,108.328,273.72266666666667,142.91133333333335,276.1643160637669
2840,108.42,275.05333333333334,143.30666666666667,277.50409242737885
2850,108.512,276.384,143.702,278.8438687909908
2860,108.604,277.7146666666667,144.09733333333332,280.1836451546028
2870,108.696,279.0453333333333,144.49266666666668,281.5234215182147
2880,108.788,280.376,144.888,282.8631978818267
2890,108.88,281.70666666666665,145.28333333333333,284.20297424543867
2900,108.972,283.0373333333333,145.67866666666666,285.54275060905064
2910,109.06400000000001,284.368,146.07399999999998,286.8825269726626
2920,109.156,285.69866666666667,146.46933333333334,288.22230333627454
2930,109.248,287.02933333333334,146.86466666666666,289.5620796998865
2940,109.34,288.36,147.26,290.9018560634985
2950,109.44933333333334,289.284,147.64733333333334,291.8080041325772
2960,109.55866666666667,290.208,148.03466666666665,292.7141522016559
2970,109.668,291.132,148.422,293.6203002707346
2980,109.77733333333333,292.05600000000004,148.8093333333333,294.52644833981327
2990,109.88666666666667,292.98,149.19666666666666,295.432596408892
3000,109.99600000000001,293.904,149.584,296.3387444779707
3010,110.10533333333333,294.82800000000003,149.97133333333332,297.2448925470494
3020,110.21466666666667,295.752,150.35866666666666,298.1510406161281
3030,110.324,296.67600000000004,150.74599999999998,299.0571886852068
3040,110.43333333333334,297.6,151.13333333333333,299.96333675428554
3050,110.54266666666668,298.524,151.52066666666667,300.86948482336425
3060,110.652,299.44800000000004,151.908,301.7756328924429
3070,110.76133333333334,300.372,152.29533333333333,302.6817809615216
3080,110.87066666666666,301.29600000000005,152.68266666666665,303.5879290306003
3090,110.98,302.22,153.07,304.49407709967903
3100,111.108,302.28333333333336,153.36466666666666,304.54350967050425
3110,111.236,302.3466666666667,153.65933333333334,304.5929422413294
3120,111.364,302.41,153.954,304.6423748121546
3130,111.492,302.47333333333336,154.24866666666665,304.69180738297985
3140,111.62,302.5366666666667,154.54333333333332,304.741239953805
3150,111.748,302.6,154.838,304.7906725246302
3160,111.876,302.66333333333336,155.13266666666667,304.84010509545544
3170,112.004,302.7266666666667,155.42733333333334,304.8895376662806
3180,112.132,302.79,155.722,304.9389702371058
3190,112.26,302.85333333333335,156.01666666666668,304.98840280793104
3200,112.388,302.9166666666667,156.31133333333335,305.0378353787562
3210,112.516,302.98,156.606,305.0872679495814
3220,112.644,303.04333333333335,156.90066666666667,305.13670052040663
3230,112.772,303.1066666666667,157.19533333333334,305.1861330912318
3240,112.9,303.17,157.49,305.235565662057
3250,113.046,303.0846666666667,157.734,305.1368350577706
3260,113.19200000000001,302.99933333333337,157.978,305.0381044534842
3270,113.33800000000001,302.914,158.222,304.9393738491978
3280,113.48400000000001,302.82866666666666,158.466,304.8406432449114
3290,113.63000000000001,302.74333333333334,158.71,304.741912640625
3300,113.77600000000001,302.658,158.954,304.6431820363386
3310,113.92200000000001,302.5726666666667,159.198,304.5444514320522
3320,114.068,302.4873333333333,159.442,304.4457208277658
3330,114.214,302.402,159.686,304.3469902234794
3340,114.36,302.31666666666666,159.93,304.248259619193
3350,114.506,302.23133333333334,160.174,304.1495290149066
3360,114.652,302.146,160.418,304.0507984106202
3370,114.798,302.06066666666663,160.662,303.9520678063338
3380,114.944,301.9753333333333,160.906,303.8533372020474
3390,115.09,301.89,161.15,303.754606597761
3400,115.25466666666667,301.96666666666664,161.37666666666667,303.83165960319644
3410,115.41933333333334,302.04333333333335,161.60333333333335,303.90871260863184
3420,115.584,302.12,161.83,303.9857656140673
3430,115.74866666666667,302.19666666666666,162.05666666666667,304.0628186195027
3440,115.91333333333334,302.2733333333333,162.28333333333333,304.13987162493817
3450,116.078,302.35,162.51000000000002,304.21692463037357
3460,116.24266666666666,302.4266666666667,162.73666666666668,304.29397763580903
3470,116.40733333333334,302.50333333333333,162.96333333333334,304.37103064124443
3480,116.572,302.58,163.19,304.4480836466799
3490,116.73666666666666,302.6566666666667,163.41666666666669,304.5251366521153
3500,116.90133333333334,302.73333333333335,163.64333333333335,304.60218965755075
3510,117.066,302.81,163.87,304.67924266298616
3520,117.23066666666666,302.88666666666666,164.09666666666666,304.7562956684216
3530,117.39533333333334,302.96333333333337,164.32333333333335,304.833348673857
3540,117.56,303.04,164.55,304.9104016792925
3550,117.74000000000001,303.1426666666667,164.77266666666668,305.0068152488799
3560,117.92,303.24533333333335,164.99533333333335,305.1032288184673
3570,118.10000000000001,303.348,165.21800000000002,305.1996423880547
3580,118.28,303.4506666666667,165.44066666666666,305.2960559576422
3590,118.46000000000001,303.55333333333334,165.66333333333333,305.3924695272296
3600,118.64,303.656,165.886,305.488883096817
3610,118.82000000000001,303.75866666666667,166.10866666666666,305.5852966664044
3620,119.0,303.86133333333333,166.33133333333333,305.68171023599183
3630,119.18,303.964,166.554,305.77812380557924
3640,119.36,304.06666666666666,166.77666666666667,305.87453737516665
3650,119.54,304.1693333333333,166.99933333333334,305.97095094475407
3660,119.72,304.272,167.22199999999998,306.06736451434153
3670,119.9,304.37466666666666,167.44466666666665,306.16377808392895
3680,120.08,304.4773333333333,167.66733333333332,306.26019165351636
3690,120.26,304.58,167.89,306.35660522310377
3700,120.45266666666667,304.54466666666667,168.08999999999997,306.31595631127334
3710,120.64533333333334,304.5093333333333,168.29,306.27530739944285
3720,120.83800000000001,304.474,168.48999999999998,306.2346584876124
3730,121.03066666666668,304.4386666666667,168.69,306.194009575782
3740,121.22333333333334,304.4033333333333,168.89,306.1533606639515
3750,121.41600000000001,304.368,169.08999999999997,306.1127117521211
3760,121.60866666666668,304.3326666666667,169.29,306.07206284029064
3770,121.80133333333333,304.2973333333333,169.48999999999998,306.03141392846015
3780,121.994,304.262,169.69,305.9907650166297
3790,122.18666666666667,304.2266666666667,169.89,305.9501161047993
3800,122.37933333333334,304.1913333333333,170.08999999999997,305.9094671929688
3810,122.572,304.156,170.29,305.8688182811384
3820,122.76466666666667,304.1206666666667,170.48999999999998,305.82816936930794
3830,122.95733333333334,304.0853333333333,170.69,305.78752045747746
3840,123.15,304.05,170.89,305.746871545647
3850,123.35000000000001,304.14866666666666,171.088,305.84698770045713
3860,123.55000000000001,304.24733333333336,171.286,305.94710385526724
3870,123.75,304.346,171.48399999999998,306.0472200100773
3880,123.95,304.44466666666665,171.682,306.1473361648874
3890,124.15,304.54333333333335,171.88,306.2474523196975
3900,124.35000000000001,304.642,172.078,306.3475684745076
3910,124.55000000000001,304.74066666666664,172.276,306.44768462931773
3920,124.75,304.83933333333334,172.474,306.5478007841278
3930,124.95,304.938,172.672,306.6479169389379
3940,125.15,305.03666666666663,172.87,306.748033093748
3950,125.35000000000001,305.13533333333334,173.068,306.8481492485581
3960,125.55000000000001,305.234,173.26600000000002,306.9482654033682
3970,125.75,305.3326666666666,173.464,307.0483815581783
3980,125.95,305.4313333333333,173.662,307.1484977129884
3990,126.15,305.53,173.86,307.2486138677985
4000,126.35600000000001,305.4573333333333,174.04333333333335,307.16536847309106
4010,126.56200000000001,305.38466666666665,174.2266666666667,307.08212307838363
4020,126.768,305.31199999999995,174.41000000000003,306.9988776836762
4030,126.974,305.2393333333333,174.59333333333333,306.91563228896877
4040,127.18,305.16666666666663,174.77666666666667,306.83238689426133
4050,127.38600000000001,305.094,174.96,306.7491414995539
4060,127.59200000000001,305.0213333333333,175.14333333333335,306.66589610484647
4070,127.798,304.94866666666667,175.32666666666668,306.58265071013903
4080,128.00400000000002,304.876,175.51000000000002,306.4994053154316
4090,128.21,304.80333333333334,175.69333333333336,306.41615992072417
4100,128.416,304.73066666666665,175.8766666666667,306.33291452601674
4110,128.622,304.658,176.06,306.2496691313093
4120,128.828,304.5853333333333,176.24333333333334,306.16642373660187
4130,129.03400000000002,304.5126666666667,176.42666666666668,306.08317834189444
4140,129.24,304.44,176.61,305.999932947187
4150,129.44933333333333,304.3,176.77,305.8558237375769
4160,129.65866666666668,304.15999999999997,176.93,305.7117145279667
4170,129.868,304.02,177.09,305.5676053183566
4180,130.07733333333334,303.88,177.25,305.4234961087464
4190,130.28666666666666,303.74,177.41,305.2793868991363
4200,130.496,303.59999999999997,177.57,305.1352776895261
4210,130.70533333333333,303.46,177.73,304.991168479916
4220,130.91466666666668,303.32,177.89000000000001,304.8470592703058
4230,131.124,303.18,178.05,304.7029500606957
4240,131.33333333333334,303.03999999999996,178.21,304.5588408510855
4250,131.54266666666666,302.9,178.37,304.4147316414754
4260,131.752,302.76,178.53,304.2706224318652
4270,131.96133333333333,302.62,178.69,304.1265132222551
4280,132.17066666666668,302.47999999999996,178.85,303.9824040126449
4290,132.38,302.34,179.01,303.8382948030348
4300,132.58333333333334,302.26266666666663,179.15866666666665,303.7558195131367
4310,132.78666666666666,302.1853333333333,179.30733333333333,303.6733442232387
4320,132.99,302.108,179.456,303.59086893334063
4330,133.19333333333333,302.03066666666666,179.60466666666667,303.50839364344256
4340,133.39666666666668,301.9533333333333,179.75333333333333,303.42591835354455
4350,133.6,301.876,179.902,303.3434430636465
4360,133.80333333333334,301.79866666666663,180.05066666666667,303.2609677737484
4370,134.00666666666666,301.72133333333335,180.19933333333333,303.1784924838504
4380,134.21,301.644,180.348,303.0960171939523
4390,134.41333333333333,301.56666666666666,180.49666666666667,303.01354190405425
4400,134.61666666666667,301.4893333333333,180.64533333333333,302.93106661415624
4410,134.82,301.412,180.794,302.84859132425817
4420,135.02333333333334,301.3346666666667,180.94266666666667,302.7661160343601
4430,135.22666666666666,301.25733333333335,181.09133333333335,302.6836407444621
4440,135.43,301.18,181.24,302.601165454564
4450,135.63,301.096,181.37866666666667,302.5133588631674
4460,135.83,301.012,181.51733333333334,302.4255522717708
4470,136.03,300.928,181.656,302.3377456803742
4480,136.23000000000002,300.844,181.79466666666667,302.2499390889776
4490,136.43,300.76,181.93333333333334,302.162132497581
4500,136.63,300.676,182.072,302.0743259061844
4510,136.83,300.592,182.21066666666667,301.9865193147878
4520,137.03,300.50800000000004,182.34933333333333,301.8987127233912
4530,137.23000000000002,300.42400000000004,182.488,301.8109061319946
4540,137.43,300.34000000000003,182.62666666666667,301.723099540598
4550,137.63,300.25600000000003,182.76533333333333,301.6352929492014
4560,137.83,300.172,182.904,301.5474863578048
4570,138.03,300.088,183.04266666666666,301.4596797664082
4580,138.23000000000002,300.004,183.18133333333333,301.3718731750116
4590,138.43,299.92,183.32,301.284066583615
4600,138.62866666666667,300.01866666666666,183.46666666666667,301.38955224126073
4610,138.82733333333334,300.11733333333336,183.61333333333332,301.4950378989065
4620,139.026,300.216,183.76,301.6005235565522
4630,139.22466666666668,300.31466666666665,183.90666666666667,301.70600921419793
4640,139.42333333333335,300.41333333333336,184.05333333333334,301.81149487184365
4650,139.622,300.512,184.2,301.9169805294894
4660,139.82066666666668,300.61066666666665,184.34666666666666,302.02246618713514
4670,140.01933333333332,300.70933333333335,184.49333333333334,302.12795184478085
4680,140.218,300.808,184.64000000000001,302.23343750242657
4690,140.41666666666666,300.90666666666664,184.78666666666666,302.33892316007234
4700,140.61533333333333,301.00533333333334,184.93333333333334,302.44440881771806
4710,140.814,301.104,185.08,302.54989447536377
4720,141.01266666666666,301.20266666666663,185.2266666666667,302.6553801330095
4730,141.21133333333333,301.30133333333333,185.37333333333333,302.76086579065526
4740,141.41,301.4,185.52,302.866351448301
4750,141.606,301.5586666666666,185.68133333333336,303.02348511415596
4760,141.802,301.71733333333333,185.84266666666667,303.18061878001095
4770,141.998,301.876,186.00400000000002,303.33775244586593
4780,142.194,302.0346666666666,186.16533333333334,303.4948861117209
4790,142.39,302.1933333333333,186.32666666666668,303.6520197775759
4800,142.58599999999998,302.352,186.488,303.8091534434309
4810,142.78199999999998,302.5106666666666,186.64933333333335,303.9662871092859
4820,142.978,302.6693333333333,186.81066666666666,304.1234207751408
4830,143.174,302.828,186.972,304.2805544409958
4840,143.37,302.9866666666666,187.13333333333333,304.43768810685077
4850,143.566,303.1453333333333,187.29466666666667,304.59482177270576
4860,143.762,303.304,187.456,304.75195543856074
4870,143.958,303.4626666666666,187.61733333333333,304.9090891044157
4880,144.154,303.6213333333333,187.77866666666665,305.0662227702707
4890,144.35,303.78,187.94,305.2233564361257
4900,144.542,303.84799999999996,188.09533333333334,305.29049386935685
4910,144.73399999999998,303.916,188.25066666666666,305.357631302588
4920,144.926,303.984,188.406,305.42476873581916
4930,145.118,304.05199999999996,188.56133333333332,305.4919061690503
4940,145.31,304.12,188.71666666666667,305.55904360228146
4950,145.50199999999998,304.188,188.872,305.6261810355126
4960,145.694,304.256,189.02733333333333,305.69331846874377
4970,145.886,304.324,189.18266666666668,305.7604559019749
4980,146.078,304.392,189.338,305.8275933352061
4990,146.26999999999998,304.46,189.49333333333334,305.8947307684372
5000,146.462,304.528,189.64866666666668,305.9618682016684
5010,146.654,304.596,189.804,306.02900563489953
5020,146.846,304.664,189.95933333333335,306.0961430681307
5030,147.03799999999998,304.732,190.11466666666666,306.16328050136184
5040,147.23,304.8,190.27,306.230417934593
5050,147.41933333333333,304.6673333333333,190.406,306.08827820544843
5060,147.60866666666666,304.5346666666667,190.542,305.94613847630393
5070,147.798,304.402,190.678,305.80399874715937
5080,147.9873333333333,304.26933333333335,190.81400000000002,305.6618590180148
5090,148.17666666666665,304.13666666666666,190.95000000000002,305.51971928887025
5100,148.36599999999999,304.004,191.086,305.37757955972575
5110,148.55533333333332,303.8713333333333,191.222,305.2354398305812
5120,148.74466666666666,303.7386666666667,191.358,305.0933001014366
5130,148.934,303.606,191.494,304.95116037229207
5140,149.12333333333333,303.47333333333336,191.63,304.80902064314756
5150,149.31266666666667,303.34066666666666,191.766,304.666880914003
5160,149.50199999999998,303.208,191.90200000000002,304.52474118485844
5170,149.69133333333332,303.07533333333333,192.038,304.3826014557139
5180,149.88066666666666,302.9426666666667,192.174,304.2404617265694
5190,150.07,302.81,192.31,304.0983219974248
5200,150.25666666666666,302.678,192.43333333333334,303.96224085219654
5210,150.44333333333333,302.546,192.55666666666667,303.8261597069683
5220,150.63,302.414,192.68,303.69007856174005
5230,150.81666666666666,302.282,192.80333333333334,303.5539974165118
5240,151.00333333333333,302.15,192.92666666666668,303.41791627128356
5250,151.19,302.018,193.05,303.2818351260553
5260,151.37666666666667,301.88599999999997,193.17333333333335,303.145753980827
5270,151.56333333333333,301.754,193.29666666666665,303.0096728355988
5280,151.75,301.622,193.42,302.8735916903705
5290,151.93666666666667,301.49,193.54333333333332,302.73751054514224
5300,152.12333333333333,301.358,193.66666666666666,302.601429399914
5310,152.31,301.226,193.79,302.46534825468575
5320,152.49666666666667,301.094,193.91333333333333,302.3292671094575
5330,152.68333333333334,300.962,194.03666666666666,302.19318596422926
5340,152.87,300.83,194.16,302.057104819001
5350,153.05333333333334,300.7633333333333,194.27866666666665,301.99182334415315
5360,153.23666666666668,300.69666666666666,194.39733333333334,301.9265418693053
5370,153.42000000000002,300.63,194.516,301.8612603944574
5380,153.60333333333332,300.56333333333333,194.63466666666667,301.7959789196096
5390,153.78666666666666,300.49666666666667,194.75333333333333,301.73069744476174
5400,153.97,300.43,194.87199999999999,301.6654159699139
5410,154.15333333333334,300.36333333333334,194.99066666666667,301.6001344950661
5420,154.33666666666667,300.2966666666666,195.10933333333332,301.5348530202182
5430,154.52,300.22999999999996,195.228,301.46957154537034
5440,154.70333333333335,300.1633333333333,195.34666666666666,301.4042900705225
5450,154.88666666666668,300.09666666666664,195.46533333333332,301.33900859567467
5460,155.07,300.03,195.584,301.27372712082683
5470,155.25333333333333,299.9633333333333,195.70266666666666,301.20844564597894
5480,155.43666666666667,299.89666666666665,195.82133333333334,301.1431641711311
5490,155.62,299.83,195.94,301.07788269628327
5500,155.80066666666667,299.89933333333335,196.07066666666665,301.1481419782799
5510,155.98133333333334,299.96866666666665,196.20133333333334,301.21840126027655
5520,156.162,300.038,196.332,301.2886605422732
5530,156.34266666666667,300.1073333333333,196.46266666666668,301.3589198242699
5540,156.52333333333334,300.1766666666667,196.59333333333333,301.42917910626653
5550,156.704,300.246,196.724,301.4994383882632
5560,156.88466666666667,300.31533333333334,196.85466666666667,301.5696976702598
5570,157.06533333333334,300.38466666666665,196.98533333333333,301.63995695225645
5580,157.246,300.454,197.116,301.7102162342531
5590,157.42666666666668,300.5233333333333,197.24666666666667,301.78047551624974
5600,157.60733333333334,300.5926666666667,197.37733333333333,301.8507347982464
5610,157.788,300.662,197.508,301.9209940802431
5620,157.96866666666668,300.73133333333334,197.63866666666667,301.9912533622397
5630,158.14933333333335,300.80066666666664,197.76933333333335,302.06151264423636
5640,158.33,300.87,197.9,302.131771926233
5650,158.50733333333335,300.82933333333335,198.024,302.08664601695784
5660,158.6846666666667,300.78866666666664,198.148,302.0415201076827
5670,158.86200000000002,300.748,198.272,301.99639419840753
5680,159.03933333333333,300.70733333333334,198.39600000000002,301.95126828913243
5690,159.21666666666667,300.6666666666667,198.52,301.9061423798573
5700,159.394,300.626,198.644,301.8610164705821
5710,159.57133333333334,300.5853333333333,198.768,301.81589056130696
5720,159.74866666666668,300.54466666666667,198.892,301.7707646520318
5730,159.92600000000002,300.504,199.016,301.72563874275664
5740,160.10333333333335,300.4633333333333,199.14,301.6805128334815
5750,160.2806666666667,300.42266666666666,199.26399999999998,301.63538692420633
5760,160.458,300.382,199.388,301.59026101493123
5770,160.63533333333334,300.34133333333335,199.512,301.5451351056561
5780,160.81266666666667,300.30066666666664,199.636,301.5000091963809
5790,160.99,300.26,199.76,301.45488328710576
5800,161.16333333333336,300.27799999999996,199.88266666666667,301.47380093999874
5810,161.33666666666667,300.296,200.0053333333333,301.4927185928917
5820,161.51000000000002,300.31399999999996,200.128,301.5116362457847
5830,161.68333333333334,300.332,200.25066666666666,301.5305538986777
5840,161.85666666666668,300.34999999999997,200.37333333333333,301.54947155157066
5850,162.03,300.368,200.49599999999998,301.56838920446364
5860,162.20333333333335,300.38599999999997,200.61866666666666,301.5873068573566
5870,162.37666666666667,300.404,200.74133333333333,301.60622451024966
5880,162.55,300.42199999999997,200.864,301.62514216314264
5890,162.72333333333333,300.44,200.98666666666665,301.6440598160356
5900,162.89666666666668,300.45799999999997,201.10933333333332,301.6629774689286
5910,163.07,300.476,201.232,301.6818951218216
5920,163.24333333333334,300.49399999999997,201.35466666666667,301.70081277471456
5930,163.41666666666666,300.512,201.47733333333332,301.71973042760754
5940,163.59,300.53,201.6,301.7386480805005
5950,163.76066666666668,300.5853333333333,201.72666666666666,301.79381834801427
5960,163.93133333333333,300.6406666666666,201.85333333333332,301.848988615528
5970,164.102,300.69599999999997,201.98,301.90415888304176
5980,164.27266666666668,300.7513333333333,202.10666666666665,301.9593291505555
5990,164.44333333333333,300.8066666666667,202.23333333333332,302.01449941806925
6000,164.614,300.86199999999997,202.35999999999999,302.069669685583
6010,164.78466666666668,300.9173333333333,202.48666666666665,302.12483995309674
6020,164.95533333333333,300.97266666666667,202.61333333333334,302.18001022061054
6030,165.126,301.028,202.74,302.2351804881243
6040,165.29666666666668,301.0833333333333,202.86666666666667,302.29035075563803
6050,165.46733333333333,301.13866666666667,202.99333333333334,302.3455210231518
6060,165.638,301.194,203.12,302.4006912906655
6070,165.80866666666668,301.24933333333337,203.24666666666667,302.45586155817927
6080,165.97933333333333,301.30466666666666,203.37333333333333,302.511031825693
6090,166.15,301.36,203.5,302.56620209320675
6100,166.31666666666666,301.42400000000004,203.628,302.6298340277939
6110,166.48333333333335,301.488,203.756,302.6934659623811
6120,166.65,301.552,203.884,302.7570978969682
6130,166.81666666666666,301.616,204.012,302.82072983155535
6140,166.98333333333335,301.68,204.14,302.8843617661425
6150,167.15,301.744,204.268,302.9479937007297
6160,167.31666666666666,301.808,204.396,303.0116256353168
6170,167.48333333333335,301.872,204.524,303.07525756990395
6180,167.65,301.936,204.652,303.1388895044911
6190,167.81666666666666,302.0,204.78,303.2025214390783
6200,167.98333333333335,302.064,204.908,303.2661533736654
6210,168.15,302.128,205.036,303.32978530825255
6220,168.31666666666666,302.192,205.164,303.3934172428397
6230,168.48333333333335,302.256,205.292,303.4570491774269
6240,168.65,302.32,205.42,303.520681112014
6250,168.81333333333333,302.3566666666667,205.546,303.55550415311757
6260,168.97666666666666,302.3933333333333,205.672,303.5903271942211
6270,169.14000000000001,302.43,205.798,303.62515023532467
6280,169.30333333333334,302.46666666666664,205.92399999999998,303.6599732764282
6290,169.46666666666667,302.50333333333333,206.04999999999998,303.69479631753177
6300,169.63,302.54,206.176,303.7296193586353
6310,169.79333333333332,302.57666666666665,206.302,303.76444239973887
6320,169.95666666666668,302.61333333333334,206.428,303.7992654408424
6330,170.12,302.65,206.554,303.83408848194597
6340,170.28333333333333,302.68666666666667,206.68,303.8689115230495
6350,170.44666666666666,302.72333333333336,206.806,303.90373456415307
6360,170.60999999999999,302.76,206.932,303.9385576052566
6370,170.77333333333334,302.7966666666667,207.058,303.97338064636017
6380,170.93666666666667,302.8333333333333,207.184,304.0082036874637
6390,171.1,302.87,207.31,304.04302672856727
6400,171.26066666666665,302.866,207.43133333333333,304.0360428419823
6410,171.42133333333334,302.862,207.55266666666668,304.0290589553974
6420,171.582,302.858,207.674,304.0220750688124
6430,171.74266666666665,302.854,207.79533333333333,304.0150911822275
6440,171.90333333333334,302.85,207.91666666666666,304.0081072956425
6450,172.064,302.846,208.038,304.0011234090575
6460,172.22466666666665,302.842,208.15933333333334,303.9941395224726
6470,172.38533333333334,302.838,208.28066666666666,303.98715563588763
6480,172.546,302.834,208.402,303.9801717493027
6490,172.70666666666665,302.83,208.52333333333334,303.97318786271774
6500,172.86733333333333,302.826,208.64466666666667,303.96620397613276
6510,173.028,302.822,208.766,303.95922008954784
6520,173.18866666666665,302.818,208.88733333333332,303.95223620296287
6530,173.34933333333333,302.814,209.00866666666667,303.94525231637795
6540,173.51,302.81,209.13,303.93826842979297
6550,173.66733333333332,302.8446666666667,209.248,303.9754031605624
6560,173.82466666666667,302.8793333333333,209.36599999999999,304.01253789133176
6570,173.982,302.914,209.484,304.0496726221012
6580,174.13933333333333,302.94866666666667,209.602,304.08680735287055
6590,174.29666666666665,302.98333333333335,209.72,304.12394208364
6600,174.454,303.018,209.838,304.1610768144094
6610,174.61133333333333,303.05266666666665,209.956,304.19821154517876
6620,174.76866666666666,303.08733333333333,210.074,304.2353462759482
6630,174.926,303.122,210.192,304.27248100671756
6640,175.08333333333334,303.15666666666664,210.31,304.309615737487
6650,175.24066666666667,303.1913333333333,210.428,304.3467504682564
6660,175.398,303.226,210.546,304.38388519902577
6670,175.55533333333332,303.2606666666667,210.66400000000002,304.4210199297952
6680,175.71266666666668,303.2953333333333,210.782,304.45815466056456
6690,175.87,303.33,210.9,304.495289391334
6700,176.02466666666666,303.4953333333333,211.03133333333335,304.66246828450056
6710,176.17933333333335,303.66066666666666,211.16266666666667,304.8296471776672
6720,176.334,303.82599999999996,211.294,304.9968260708338
6730,176.48866666666666,303.99133333333333,211.42533333333333,305.1640049640004
6740,176.64333333333335,304.15666666666664,211.55666666666667,305.331183857167
6750,176.798,304.322,211.68800000000002,305.49836275033357
6760,176.95266666666666,304.4873333333333,211.81933333333333,305.6655416435002
6770,177.10733333333334,304.6526666666667,211.95066666666668,305.8327205366668
6780,177.262,304.818,212.082,305.9998994298334
6790,177.41666666666666,304.98333333333335,212.21333333333334,306.167078323
6800,177.57133333333334,305.14866666666666,212.34466666666668,306.3342572161666
6810,177.726,305.314,212.476,306.5014361093332
6820,177.88066666666666,305.47933333333333,212.60733333333334,306.6686150024998
6830,178.03533333333334,305.6446666666667,212.73866666666666,306.8357938956664
6840,178.19,305.81,212.87,307.002972788833
6850,178.332,305.678,212.978,306.8600449927358
6860,178.474,305.546,213.086,306.7171171966386
6870,178.61599999999999,305.414,213.19400000000002,306.5741894005414
6880,178.758,305.282,213.302,306.4312616044442
6890,178.9,305.15,213.41,306.288333808347
6900,179.042,305.018,213.518,306.1454060122498
6910,179.184,304.88599999999997,213.626,306.0024782161526
6920,179.326,304.754,213.734,305.85955042005537
6930,179.468,304.622,213.842,305.7166226239582
6940,179.60999999999999,304.49,213.95000000000002,305.573694827861
6950,179.75199999999998,304.358,214.05800000000002,305.43076703176376
6960,179.894,304.226,214.166,305.2878392356666
6970,180.036,304.094,214.274,305.1449114395694
6980,180.178,303.962,214.382,305.00198364347216
6990,180.32,303.83,214.49,304.859055847375
7000,180.45933333333332,303.89,214.59733333333335,304.92489871965915
7010,180.59866666666667,303.95,214.70466666666667,304.9907415919434
7020,180.738,304.01,214.812,305.05658446422757
7030,180.87733333333333,304.07,214.91933333333333,305.1224273365118
7040,181.01666666666665,304.13,215.02666666666667,305.188270208796
7050,181.156,304.19,215.13400000000001,305.25411308108016
7060,181.29533333333333,304.25,215.24133333333333,305.3199559533644
7070,181.43466666666666,304.31,215.34866666666667,305.3857988256486
7080,181.57399999999998,304.37,215.456,305.4516416979328
7090,181.71333333333334,304.43,215.56333333333333,305.517484570217
7100,181.85266666666666,304.49,215.67066666666668,305.5833274425012
7110,181.992,304.55,215.778,305.6491703147854
7120,182.13133333333332,304.61,215.88533333333334,305.7150131870696
7130,182.27066666666667,304.67,215.99266666666665,305.7808560593538
7140,182.41,304.73,216.1,305.846698931638
7150,182.54733333333334,304.808,216.21733333333333,305.91939593242444
7160,182.68466666666666,304.886,216.33466666666666,305.99209293321087
7170,182.822,304.964,216.452,306.0647899339973
7180,182.95933333333332,305.04200000000003,216.56933333333333,306.13748693478374
7190,183.09666666666666,305.12,216.68666666666667,306.21018393557017
7200,183.234,305.198,216.804,306.2828809363566
7210,183.37133333333333,305.276,216.92133333333334,306.35557793714304
7220,183.50866666666667,305.354,217.03866666666667,306.4282749379295
7230,183.646,305.432,217.156,306.5009719387159
7240,183.78333333333333,305.51,217.27333333333334,306.57366893950234
7250,183.92066666666668,305.58799999999997,217.39066666666668,306.6463659402888
7260,184.058,305.666,217.508,306.7190629410752
7270,184.19533333333334,305.74399999999997,217.62533333333334,306.79175994186164
7280,184.33266666666665,305.822,217.74266666666668,306.8644569426481
7290,184.47,305.9,217.86,306.9371539434345
7300,184.606,305.782,217.95666666666668,306.81478853284403
7310,184.742,305.664,218.05333333333334,306.6924231222535
7320,184.878,305.546,218.15,306.570057711663
7330,185.014,305.428,218.24666666666667,306.4476923010725
7340,185.15,305.31,218.34333333333333,306.325326890482
7350,185.286,305.192,218.44,306.2029614798915
7360,185.422,305.074,218.53666666666666,306.080596069301
7370,185.558,304.95599999999996,218.63333333333335,305.9582306587105
7380,185.694,304.83799999999997,218.73000000000002,305.83586524812
7390,185.82999999999998,304.71999999999997,218.82666666666668,305.71349983752947
7400,185.96599999999998,304.602,218.92333333333335,305.591134426939
7410,186.102,304.484,219.02,305.46876901634846
7420,186.238,304.366,219.11666666666667,305.346403605758
7430,186.374,304.248,219.21333333333334,305.22403819516745
7440,186.51,304.13,219.31,305.101672784577
7450,186.64466666666667,304.252,219.41733333333335,305.2296667212848
7460,186.7793333333333,304.37399999999997,219.52466666666666,305.3576606579926
7470,186.914,304.496,219.632,305.4856545947004
7480,187.04866666666666,304.618,219.73933333333332,305.61364853140816
7490,187.18333333333334,304.74,219.84666666666666,305.74164246811597
7500,187.31799999999998,304.86199999999997,219.954,305.8696364048238
7510,187.45266666666666,304.984,220.06133333333332,305.9976303415316
7520,187.58733333333333,305.106,220.16866666666667,306.1256242782394
7530,187.722,305.228,220.27599999999998,306.2536182149472
7540,187.85666666666665,305.34999999999997,220.38333333333333,306.381612151655
7550,187.99133333333333,305.472,220.49066666666667,306.50960608836283
7560,188.126,305.594,220.59799999999998,306.6376000250706
7570,188.26066666666668,305.716,220.70533333333333,306.7655939617784
7580,188.39533333333333,305.83799999999997,220.81266666666664,306.8935878984862
7590,188.53,305.96,220.92,307.021581835194
7600,188.66333333333333,305.82399999999996,221.01533333333333,306.87304997293353
7610,188.79666666666668,305.688,221.11066666666665,306.7245181106731
7620,188.93,305.55199999999996,221.206,306.5759862484126
7630,189.06333333333333,305.416,221.30133333333333,306.42745438615214
7640,189.19666666666666,305.28,221.39666666666665,306.2789225238917
7650,189.33,305.144,221.492,306.1303906616312
7660,189.46333333333334,305.008,221.58733333333333,305.98185879937074
7670,189.59666666666666,304.872,221.68266666666665,305.8333269371103
7680,189.73,304.736,221.778,305.68479507484983
7690,189.86333333333334,304.6,221.87333333333333,305.53626321258935
7700,189.99666666666667,304.464,221.96866666666665,305.3877313503289
7710,190.13,304.32800000000003,222.064,305.23919948806844
7720,190.26333333333332,304.192,222.15933333333334,305.09066762580795
7730,190.39666666666668,304.05600000000004,222.25466666666665,304.9421357635475
7740,190.53,303.92,222.35,304.79360390128704
7750,190.66133333333335,303.78200000000004,222.42466666666667,304.66046276257515
7760,190.79266666666666,303.644,222.49933333333334,304.5273216238632
7770,190.924,303.50600000000003,222.57399999999998,304.3941804851513
7780,191.05533333333332,303.368,222.64866666666666,304.26103934643936
7790,191.18666666666667,303.23,222.72333333333333,304.12789820772747
7800,191.318,303.09200000000004,222.798,303.9947570690155
7810,191.44933333333333,302.954,222.87266666666667,303.8616159303036
7820,191.58066666666667,302.81600000000003,222.94733333333332,303.7284747915917
7830,191.712,302.678,223.022,303.5953336528798
7840,191.84333333333333,302.54,223.09666666666666,303.46219251416784
7850,191.97466666666668,302.40200000000004,223.17133333333334,303.32905137545595
7860,192.106,302.264,223.246,303.195910236744
7870,192.23733333333334,302.12600000000003,223.32066666666665,303.0627690980321
7880,192.36866666666666,301.988,223.39533333333333,302.92962795932016
7890,192.5,301.85,223.47,302.79648682060827
7900,192.62933333333334,302.02066666666667,223.57133333333334,302.97065292796174
7910,192.75866666666667,302.1913333333334,223.67266666666666,303.14481903531515
7920,192.888,302.362,223.774,303.3189851426686
7930,193.01733333333334,302.53266666666667,223.87533333333334,303.49315125002204
7940,193.14666666666668,302.7033333333334,223.97666666666666,303.6673173573755
7950,193.276,302.874,224.078,303.841483464729
7960,193.40533333333335,303.04466666666667,224.17933333333335,304.0156495720824
7970,193.53466666666665,303.2153333333334,224.28066666666666,304.18981567943587
7980,193.664,303.386,224.382,304.3639817867893
7990,193.79333333333332,303.5566666666667,224.48333333333335,304.53814789414275
8000,193.92266666666666,303.7273333333334,224.58466666666666,304.7123140014962
8010,194.052,303.898,224.686,304.88648010884964
8020,194.18133333333333,304.0686666666667,224.78733333333335,305.0606462162031
8030,194.31066666666666,304.2393333333334,224.88866666666667,305.2348123235565
8040,194.44,304.41,224.99,305.40897843091
8050,194.56733333333332,304.26533333333333,225.074,305.2541553380343
8060,194.69466666666668,304.1206666666667,225.15800000000002,305.0993322451586
8070,194.822,303.976,225.24200000000002,304.9445091522829
8080,194.94933333333333,303.83133333333336,225.326,304.7896860594072
8090,195.07666666666665,303.68666666666667,225.41,304.6348629665315
8100,195.204,303.54200000000003,225.494,304.4800398736558
8110,195.33133333333333,303.39733333333334,225.578,304.3252167807801
8120,195.45866666666666,303.2526666666667,225.662,304.1703936879044
8130,195.58599999999998,303.108,225.746,304.0155705950287
8140,195.71333333333334,302.96333333333337,225.83,303.860747502153
8150,195.84066666666666,302.8186666666667,225.91400000000002,303.7059244092773
8160,195.968,302.67400000000004,225.998,303.5511013164016
8170,196.09533333333331,302.52933333333334,226.082,303.3962782235259
8180,196.22266666666667,302.3846666666667,226.166,303.2414551306502
8190,196.35,302.24,226.25,303.0866320377745
8200,196.476,302.2846666666667,226.33533333333332,303.13708929847985
8210,196.602,302.32933333333335,226.42066666666668,303.18754655918525
8220,196.728,302.374,226.506,303.2380038198906
8230,196.85399999999998,302.4186666666667,226.59133333333332,303.288461080596
8240,196.98,302.46333333333337,226.67666666666668,303.33891834130134
8250,197.106,302.50800000000004,226.762,303.3893756020067
8260,197.232,302.5526666666667,226.84733333333332,303.4398328627121
8270,197.358,302.5973333333333,226.93266666666668,303.4902901234174
8280,197.484,302.642,227.018,303.5407473841228
8290,197.61,302.68666666666667,227.10333333333332,303.59120464482817
8300,197.73600000000002,302.73133333333334,227.18866666666668,303.6416619055335
8310,197.862,302.776,227.274,303.6921191662389
8320,197.988,302.8206666666667,227.35933333333332,303.74257642694425
8330,198.114,302.86533333333335,227.44466666666668,303.79303368764965
8340,198.24,302.91,227.53,303.843490948355
8350,198.36266666666668,303.016,227.62933333333334,303.94866688457057
8360,198.48533333333333,303.122,227.72866666666667,304.0538428207862
8370,198.608,303.228,227.828,304.1590187570018
8380,198.73066666666668,303.334,227.92733333333334,304.2641946932174
8390,198.85333333333335,303.44,228.02666666666667,304.369370629433
8400,198.976,303.546,228.126,304.4745465656486
8410,199.09866666666667,303.652,228.22533333333334,304.5797225018642
8420,199.22133333333335,303.75800000000004,228.32466666666667,304.6848984380798
8430,199.34400000000002,303.86400000000003,228.424,304.7900743742954
8440,199.46666666666667,303.97,228.52333333333334,304.895250310511
8450,199.58933333333334,304.076,228.62266666666667,305.0004262467266
8460,199.71200000000002,304.182,228.722,305.1056021829422
8470,199.8346666666667,304.288,228.82133333333334,305.2107781191578
8480,199.95733333333334,304.394,228.92066666666668,305.3159540553734
8490,200.08,304.5,229.02,305.421129991589
8500,200.20066666666668,304.5113333333333,229.11200000000002,305.430462925244
8510,200.32133333333334,304.5226666666667,229.204,305.439795858899
8520,200.442,304.534,229.29600000000002,305.449128792554
8530,200.56266666666667,304.54533333333336,229.388,305.458461726209
8540,200.68333333333334,304.5566666666667,229.48000000000002,305.467794659864
8550,200.804,304.568,229.572,305.477127593519
8560,200.92466666666667,304.57933333333335,229.66400000000002,305.486460527174
8570,201.04533333333333,304.59066666666666,229.756,305.49579346082896
8580,201.166,304.60200000000003,229.848,305.50512639448397
8590,201.28666666666666,304.61333333333334,229.94,305.51445932813897
8600,201.40733333333333,304.62466666666666,230.032,305.523792261794
8610,201.528,304.636,230.124,305.533125195449
8620,201.64866666666666,304.64733333333334,230.216,305.542458129104
8630,201.76933333333332,304.6586666666667,230.308,305.551791062759
8640,201.89,304.67,230.4,305.561123996414
8650,202.00866666666664,302.36466666666666,230.29266666666666,303.1627616392321
8660,202.12733333333333,300.05933333333337,230.18533333333335,300.7643992820502
8670,202.24599999999998,297.754,230.078,298.3660369248683
8680,202.36466666666666,295.44866666666667,229.97066666666666,295.9676745676864
8690,202.48333333333332,293.1433333333333,229.86333333333334,293.5693122105045
8700,202.60199999999998,290.838,229.756,291.1709498533226
8710,202.72066666666666,288.53266666666667,229.64866666666666,288.77258749614066
8720,202.83933333333331,286.2273333333333,229.54133333333334,286.37422513895876
8730,202.958,283.92199999999997,229.434,283.97586278177687
8740,203.07666666666665,281.6166666666667,229.32666666666665,281.577500424595
8750,203.1953333333333,279.3113333333333,229.21933333333334,279.1791380674131
8760,203.314,277.006,229.112,276.7807757102312
8770,203.43266666666665,274.7006666666666,229.00466666666665,274.3824133530493
8780,203.55133333333333,272.3953333333333,228.89733333333334,271.9840509958674
8790,203.67,270.09,228.79,269.5856886386855
8800,203.78266666666664,268.53933333333333,228.60666666666665,268.0372937427521
8810,203.89533333333333,266.98866666666663,228.42333333333332,266.48889884681876
8820,204.00799999999998,265.438,228.23999999999998,264.9405039508854
8830,204.12066666666666,263.88733333333334,228.05666666666667,263.392109054952
8840,204.23333333333332,262.33666666666664,227.87333333333333,261.84371415901865
8850,204.346,260.786,227.69,260.2953192630853
8860,204.45866666666666,259.2353333333333,227.50666666666666,258.7469243671519
8870,204.57133333333334,257.68466666666666,227.32333333333332,257.1985294712186
8880,204.684,256.134,227.14,255.6501345752852
8890,204.79666666666668,254.58333333333334,226.95666666666665,254.10173967935182
8900,204.90933333333334,253.03266666666667,226.7733333333333,252.55334478341848
8910,205.02200000000002,251.482,226.59,251.0049498874851
8920,205.13466666666667,249.93133333333333,226.40666666666667,249.45655499155174
8930,205.24733333333336,248.38066666666668,226.22333333333333,247.90816009561837
8940,205.36,246.83,226.04,246.359765199685
8950,205.46933333333334,245.776,225.87466666666666,245.2996264123042
8960,205.5786666666667,244.722,225.70933333333332,244.2394876249234
8970,205.68800000000002,243.668,225.54399999999998,243.1793488375426
8980,205.79733333333334,242.614,225.37866666666667,242.1192100501618
8990,205.90666666666667,241.56,225.21333333333334,241.059071262781
9000,206.01600000000002,240.506,225.048,239.9989324754002
9010,206.12533333333334,239.452,224.88266666666667,238.93879368801942
9020,206.23466666666667,238.39800000000002,224.71733333333333,237.8786549006386
9030,206.344,237.34400000000002,224.552,236.8185161132578
9040,206.45333333333335,236.29000000000002,224.38666666666666,235.758377325877
9050,206.56266666666667,235.23600000000002,224.22133333333332,234.6982385384962
9060,206.672,234.18200000000002,224.056,233.63809975111542
9070,206.78133333333332,233.12800000000001,223.89066666666668,232.5779609637346
9080,206.89066666666668,232.074,223.72533333333334,231.5178221763538
9090,207.0,231.02,223.56,230.457683388973
9100,207.10533333333333,230.09466666666668,223.39466666666667,229.52408935744882
9110,207.21066666666667,229.16933333333333,223.22933333333333,228.59049532592462
9120,207.316,228.244,223.064,227.6569012944004
9130,207.42133333333334,227.31866666666667,222.89866666666668,226.7233072628762
9140,207.52666666666667,226.39333333333335,222.73333333333335,225.789713231352
9150,207.632,225.468,222.568,224.85611919982782
9160,207.73733333333334,224.54266666666666,222.40266666666668,223.92252516830362
9170,207.84266666666667,223.61733333333333,222.23733333333334,222.9889311367794
9180,207.948,222.692,222.072,222.0553371052552
9190,208.05333333333334,221.76666666666665,221.90666666666667,221.121743073731
9200,208.15866666666668,220.84133333333332,221.74133333333333,220.18814904220682
9210,208.264,219.916,221.57600000000002,219.25455501068262
9220,208.36933333333334,218.99066666666664,221.41066666666669,218.3209609791584
9230,208.47466666666668,218.0653333333333,221.24533333333335,217.3873669476342
9240,208.58,217.14,221.08,216.45377291611
9250,208.67666666666668,216.112,220.89200000000002,215.41328557791542
9260,208.77333333333334,215.08399999999997,220.704,214.37279823972082
9270,208.87,214.05599999999998,220.51600000000002,213.3323109015262
9280,208.96666666666667,213.028,220.328,212.2918235633316
9290,209.06333333333333,212.0,220.14000000000001,211.251336225137
9300,209.16,210.97199999999998,219.952,210.21084888694241
9310,209.25666666666666,209.944,219.764,209.17036154874782
9320,209.35333333333335,208.916,219.576,208.1298742105532
9330,209.45000000000002,207.888,219.388,207.0893868723586
9340,209.54666666666668,206.85999999999999,219.2,206.048899534164
9350,209.64333333333335,205.832,219.012,205.0084121959694
9360,209.74,204.804,218.82399999999998,203.96792485777482
9370,209.83666666666667,203.776,218.636,202.9274375195802
9380,209.93333333333334,202.748,218.44799999999998,201.8869501813856
9390,210.03,201.72,218.26,200.846462843191
9400,210.116,200.518,218.042,199.62557839173246
9410,210.202,199.316,217.82399999999998,198.40469394027394
9420,210.288,198.114,217.606,197.1838094888154
9430,210.374,196.912,217.388,195.96292503735688
9440,210.46,195.71,217.17,194.74204058589834
9450,210.546,194.508,216.952,193.5211561344398
9460,210.632,193.30599999999998,216.734,192.30027168298128
9470,210.718,192.10399999999998,216.516,191.07938723152273
9480,210.804,190.902,216.298,189.8585027800642
9490,210.89,189.7,216.08,188.63761832860567
9500,210.976,188.498,215.862,187.41673387714712
9510,211.06199999999998,187.296,215.644,186.1958494256886
9520,211.148,186.094,215.42600000000002,184.97496497423006
9530,211.23399999999998,184.892,215.208,183.75408052277155
9540,211.32,183.69,214.99,182.533196071313
9550,211.39266666666666,182.51066666666665,214.73733333333334,181.34691132644338
9560,211.46533333333332,181.33133333333333,214.48466666666667,180.16062658157378
9570,211.53799999999998,180.152,214.232,178.97434183670416
9580,211.61066666666667,178.97266666666667,213.97933333333333,177.78805709183453
9590,211.68333333333334,177.79333333333332,213.72666666666666,176.6017723469649
9600,211.756,176.614,213.474,175.4154876020953
9610,211.82866666666666,175.43466666666666,213.22133333333332,174.2292028572257
9620,211.90133333333333,174.25533333333334,212.96866666666668,173.04291811235606
9630,211.974,173.076,212.716,171.85663336748644
9640,212.04666666666665,171.89666666666668,212.46333333333334,170.67034862261684
9650,212.11933333333332,170.71733333333333,212.21066666666667,169.48406387774722
9660,212.192,169.538,211.958,168.2977791328776
9670,212.26466666666667,168.35866666666666,211.70533333333333,167.11149438800797
9680,212.33733333333333,167.17933333333332,211.45266666666666,165.92520964313837
9690,212.41,166.0,211.2,164.73892489826875
9700,212.46733333333333,165.06933333333333,210.95399999999998,163.8022366798409
9710,212.52466666666666,164.13866666666667,210.708,162.86554846141306
9720,212.582,163.208,210.462,161.9288602429852
9730,212.63933333333333,162.27733333333333,210.21599999999998,160.99217202455736
9740,212.69666666666666,161.34666666666666,209.97,160.0554838061295
9750,212.754,160.416,209.724,159.11879558770164
9760,212.81133333333332,159.48533333333333,209.47799999999998,158.1821073692738
9770,212.86866666666668,158.55466666666666,209.232,157.24541915084595
9780,212.92600000000002,157.624,208.986,156.30873093241811
9790,212.98333333333335,156.69333333333333,208.73999999999998,155.37204271399025
9800,213.04066666666668,155.76266666666666,208.494,154.4353544955624
9810,213.098,154.832,208.248,153.49866627713456
9820,213.15533333333335,153.90133333333333,208.00199999999998,152.5619780587067
9830,213.21266666666668,152.97066666666666,207.756,151.62528984027887
9840,213.27,152.04,207.51,150.688601621851
9850,213.31133333333335,150.90266666666665,207.24066666666667,149.53541547705726
9860,213.35266666666666,149.76533333333333,206.97133333333332,148.3822293322635
9870,213.394,148.628,206.702,147.22904318746976
9880,213.43533333333335,147.49066666666667,206.43266666666665,146.075857042676
9890,213.47666666666666,146.35333333333332,206.16333333333333,144.92267089788226
9900,213.518,145.21599999999998,205.894,143.7694847530885
9910,213.55933333333334,144.07866666666666,205.62466666666666,142.61629860829476
9920,213.60066666666665,142.94133333333332,205.35533333333333,141.463112463501
9930,213.642,141.804,205.08599999999998,140.30992631870726
9940,213.68333333333334,140.66666666666666,204.81666666666666,139.1567401739135
9950,213.72466666666665,139.5293333333333,204.54733333333334,138.00355402911975
9960,213.766,138.392,204.278,136.850367884326
9970,213.80733333333333,137.25466666666665,204.00866666666667,135.69718173953225
9980,213.84866666666665,136.11733333333333,203.73933333333332,134.5439955947385
9990,213.89,134.98,203.47,133.39080944994475
10000,213.9153333333333,133.696,203.16133333333335,132.0873755279659
10010,213.94066666666666,132.41199999999998,202.85266666666666,130.78394160598705
10020,213.96599999999998,131.128,202.544,129.48050768400822
10030,213.99133333333333,129.844,202.23533333333333,128.17707376202935
10040,214.01666666666665,128.56,201.92666666666668,126.8736398400505
10050,214.042,127.276,201.618,125.57020591807165
10060,214.06733333333332,125.99199999999999,201.30933333333334,124.2667719960928
10070,214.09266666666667,124.708,201.00066666666666,122.96333807411395
10080,214.118,123.42399999999999,200.692,121.6599041521351
10090,214.14333333333335,122.14,200.38333333333333,120.35647023015625
10100,214.16866666666667,120.856,200.07466666666667,119.0530363081774
10110,214.19400000000002,119.572,199.766,117.74960238619855
10120,214.21933333333334,118.288,199.45733333333334,116.4461684642197
10130,214.2446666666667,117.00399999999999,199.14866666666666,115.14273454224085
10140,214.27,115.72,198.84,113.839300620262
10150,214.27666666666667,114.856,198.52533333333335,112.99965610298283
10160,214.28333333333333,113.992,198.21066666666667,112.16001158570366
10170,214.29000000000002,113.128,197.89600000000002,111.3203670684245
10180,214.29666666666668,112.264,197.58133333333333,110.48072255114533
10190,214.30333333333334,111.4,197.26666666666668,109.64107803386617
10200,214.31,110.536,196.952,108.801433516587
10210,214.31666666666666,109.672,196.63733333333334,107.96178899930783
10220,214.32333333333335,108.808,196.32266666666666,107.12214448202867
10230,214.33,107.944,196.008,106.2824999647495
10240,214.33666666666667,107.08,195.69333333333333,105.44285544747034
10250,214.34333333333333,106.21600000000001,195.37866666666667,104.60321093019117
10260,214.35,105.352,195.064,103.763566412912
10270,214.35666666666668,104.488,194.74933333333334,102.92392189563284
10280,214.36333333333334,103.62400000000001,194.43466666666666,102.08427737835368
10290,214.37,102.76,194.12,101.2446328610745
10300,214.35933333333332,102.97800000000001,193.93266666666668,101.4828149303798
10310,214.34866666666667,103.196,193.74533333333335,101.72099699968511
10320,214.338,103.414,193.558,101.95917906899041
10330,214.32733333333334,103.632,193.37066666666666,102.1973611382957
10340,214.31666666666666,103.85000000000001,193.18333333333334,102.435543207601
10350,214.306,104.068,192.996,102.67372527690631
10360,214.29533333333333,104.286,192.80866666666668,102.9119073462116
10370,214.28466666666668,104.504,192.62133333333333,103.1500894155169
10380,214.274,104.72200000000001,192.434,103.3882714848222
10390,214.26333333333335,104.94,192.24666666666667,103.62645355412751
10400,214.25266666666667,105.158,192.05933333333334,103.8646356234328
10410,214.24200000000002,105.376,191.872,104.1028176927381
10420,214.23133333333334,105.59400000000001,191.68466666666666,104.3409997620434
10430,214.2206666666667,105.812,191.49733333333333,104.5791818313487
10440,214.21,106.03,191.31,104.817363900654
10450,214.18066666666667,105.94533333333334,191.14600000000002,104.7312041834297
10460,214.15133333333335,105.86066666666667,190.982,104.6450444662054
10470,214.122,105.776,190.818,104.5588847489811
10480,214.09266666666667,105.69133333333333,190.654,104.4727250317568
10490,214.06333333333333,105.60666666666667,190.49,104.3865653145325
10500,214.03400000000002,105.522,190.326,104.3004055973082
10510,214.00466666666668,105.43733333333334,190.162,104.2142458800839
10520,213.97533333333334,105.35266666666666,189.998,104.1280861628596
10530,213.946,105.268,189.834,104.0419264456353
10540,213.91666666666669,105.18333333333334,189.67,103.95576672841099
10550,213.88733333333334,105.09866666666667,189.506,103.8696070111867
10560,213.858,105.01400000000001,189.34199999999998,103.7834472939624
10570,213.82866666666666,104.92933333333333,189.178,103.69728757673809
10580,213.79933333333335,104.84466666666667,189.01399999999998,103.6111278595138
10590,213.77,104.76,188.85,103.5249681422895
10600,213.722,104.86,188.71266666666665,103.63737358311083
10610,213.674,104.96000000000001,188.57533333333333,103.74977902393216
10620,213.626,105.06,188.438,103.8621844647535
10630,213.578,105.16000000000001,188.30066666666667,103.97458990557482
10640,213.53,105.26,188.16333333333333,104.08699534639615
10650,213.482,105.36,188.02599999999998,104.19940078721748
10660,213.434,105.46000000000001,187.88866666666667,104.31180622803882
10670,213.38600000000002,105.56,187.75133333333332,104.42421166886015
10680,213.33800000000002,105.66000000000001,187.614,104.53661710968149
10690,213.29000000000002,105.76,187.47666666666666,104.64902255050282
10700,213.24200000000002,105.86,187.33933333333331,104.76142799132415
10710,213.19400000000002,105.96000000000001,187.202,104.87383343214547
10720,213.14600000000002,106.06,187.06466666666665,104.98623887296681
10730,213.098,106.16000000000001,186.92733333333334,105.09864431378814
10740,213.05,106.26,186.79,105.21104975460948
10750,212.98600000000002,106.28533333333334,186.676,105.23019640957195
10760,212.922,106.31066666666668,186.56199999999998,105.24934306453441
10770,212.858,106.336,186.448,105.26848971949688
10780,212.794,106.36133333333333,186.334,105.28763637445935
10790,212.73000000000002,106.38666666666667,186.22,105.30678302942182
10800,212.666,106.412,186.106,105.32592968438429
10810,212.602,106.43733333333334,185.992,105.34507633934676
10820,212.538,106.46266666666666,185.87800000000001,105.36422299430922
10830,212.47400000000002,106.488,185.764,105.38336964927169
10840,212.41,106.51333333333334,185.65,105.40251630423415
10850,212.346,106.53866666666667,185.536,105.42166295919662
10860,212.282,106.56400000000001,185.422,105.4408096141591
10870,212.21800000000002,106.58933333333333,185.30800000000002,105.45995626912156
10880,212.154,106.61466666666666,185.19400000000002,105.47910292408403
10890,212.09,106.64,185.08,105.4982495790465
10900,212.012,106.28,184.93066666666667,105.1323135042456
10910,211.934,105.92,184.78133333333335,104.7663774294447
10920,211.856,105.56,184.632,104.4004413546438
10930,211.778,105.2,184.4826666666667,104.0345052798429
10940,211.7,104.84,184.33333333333334,103.668569205042
10950,211.62199999999999,104.48,184.184,103.3026331302411
10960,211.54399999999998,104.12,184.03466666666668,102.9366970554402
10970,211.466,103.75999999999999,183.88533333333334,102.57076098063929
10980,211.388,103.39999999999999,183.73600000000002,102.2048249058384
10990,211.31,103.03999999999999,183.58666666666667,101.8388888310375
11000,211.232,102.67999999999999,183.43733333333333,101.4729527562366
11010,211.154,102.32,183.288,101.1070166814357
11020,211.076,101.96,183.13866666666667,100.7410806066348
11030,210.998,101.6,182.98933333333335,100.3751445318339
11040,210.92,101.24,182.84,100.009208457033
11050,210.832,101.40666666666667,182.72733333333335,100.1937276978783
11060,210.744,101.57333333333332,182.61466666666666,100.3782469387236
11070,210.65599999999998,101.74,182.502,100.5627661795689
11080,210.56799999999998,101.90666666666667,182.38933333333333,100.7472854204142
11090,210.48,102.07333333333332,182.27666666666667,100.9318046612595
11100,210.392,102.24,182.16400000000002,101.11632390210481
11110,210.304,102.40666666666667,182.05133333333333,101.30084314295011
11120,210.21599999999998,102.57333333333332,181.93866666666668,101.4853623837954
11130,210.128,102.74,181.826,101.66988162464071
11140,210.04,102.90666666666667,181.71333333333334,101.85440086548601
11150,209.952,103.07333333333332,181.60066666666668,102.03892010633132
11160,209.864,103.24,181.488,102.22343934717662
11170,209.77599999999998,103.40666666666667,181.37533333333334,102.40795858802191
11180,209.688,103.57333333333332,181.26266666666666,102.59247782886722
11190,209.6,103.74,181.15,102.77699706971252
11200,209.504,103.79133333333333,181.05266666666668,102.82834345148042
11210,209.408,103.84266666666666,180.95533333333333,102.87968983324832
11220,209.31199999999998,103.89399999999999,180.858,102.93103621501622
11230,209.216,103.94533333333334,180.76066666666668,102.98238259678412
11240,209.12,103.99666666666667,180.66333333333333,103.03372897855202
11250,209.024,104.048,180.566,103.08507536031992
11260,208.928,104.09933333333333,180.46866666666668,103.13642174208782
11270,208.832,104.15066666666667,180.37133333333333,103.1877681238557
11280,208.736,104.202,180.274,103.2391145056236
11290,208.64,104.25333333333333,180.17666666666668,103.2904608873915
11300,208.54399999999998,104.30466666666666,180.07933333333332,103.3418072691594
11310,208.448,104.35600000000001,179.982,103.3931536509273
11320,208.352,104.40733333333334,179.88466666666667,103.4445000326952
11330,208.256,104.45866666666667,179.78733333333332,103.4958464144631
11340,208.16,104.51,179.69,103.547192796231
11350,208.05866666666665,104.50333333333334,179.59066666666666,103.54190840787895
11360,207.95733333333334,104.49666666666667,179.49133333333333,103.5366240195269
11370,207.856,104.49000000000001,179.392,103.53133963117486
11380,207.75466666666665,104.48333333333333,179.29266666666666,103.5260552428228
11390,207.65333333333334,104.47666666666667,179.19333333333333,103.52077085447075
11400,207.552,104.47,179.094,103.5154864661187
11410,207.45066666666665,104.46333333333334,178.99466666666666,103.51020207776665
11420,207.34933333333333,104.45666666666666,178.89533333333333,103.50491768941461
11430,207.248,104.45,178.796,103.49963330106256
11440,207.14666666666665,104.44333333333333,178.69666666666666,103.4943489127105
11450,207.04533333333333,104.43666666666667,178.59733333333332,103.48906452435845
11460,206.944,104.42999999999999,178.498,103.4837801360064
11470,206.84266666666664,104.42333333333333,178.39866666666666,103.47849574765436
11480,206.74133333333333,104.41666666666666,178.29933333333332,103.47321135930231
11490,206.64,104.41,178.2,103.46792697095026
11500,206.53466666666665,104.42266666666666,178.10666666666665,103.48255390143571
11510,206.42933333333332,104.43533333333333,178.01333333333332,103.49718083192116
11520,206.32399999999998,104.448,177.92,103.5118077624066
11530,206.21866666666665,104.46066666666667,177.82666666666665,103.52643469289205
11540,206.11333333333332,104.47333333333333,177.73333333333332,103.5410616233775
11550,206.00799999999998,104.48599999999999,177.64,103.55568855386295
11560,205.90266666666665,104.49866666666667,177.54666666666665,103.5703154843484
11570,205.79733333333334,104.51133333333333,177.45333333333335,103.58494241483386
11580,205.692,104.524,177.36,103.59956934531931
11590,205.58666666666667,104.53666666666666,177.26666666666668,103.61419627580476
11600,205.48133333333334,104.54933333333332,177.17333333333335,103.6288232062902
11610,205.376,104.562,177.08,103.64345013677566
11620,205.27066666666667,104.57466666666666,176.98666666666668,103.6580770672611
11630,205.16533333333334,104.58733333333333,176.89333333333335,103.67270399774655
11640,205.06,104.6,176.8,103.687330928232
11650,204.95266666666666,104.71733333333333,176.72,103.81102827326386
11660,204.84533333333334,104.83466666666666,176.64000000000001,103.9347256182957
11670,204.738,104.952,176.56,104.05842296332756
11680,204.63066666666666,105.06933333333333,176.48000000000002,104.1821203083594
11690,204.52333333333334,105.18666666666667,176.4,104.30581765339126
11700,204.416,105.304,176.32,104.4295149984231
11710,204.30866666666665,105.42133333333334,176.24,104.55321234345496
11720,204.20133333333334,105.53866666666666,176.16,104.6769096884868
11730,204.094,105.65599999999999,176.08,104.80060703351866
11740,203.98666666666665,105.77333333333333,176.0,104.9243043785505
11750,203.87933333333334,105.89066666666666,175.92,105.04800172358236
11760,203.772,106.008,175.84,105.1716990686142
11770,203.66466666666665,106.12533333333333,175.76,105.29539641364606
11780,203.55733333333333,106.24266666666666,175.68,105.4190937586779
11790,203.45,106.36,175.6,105.54279110370976
11800,203.34133333333332,106.28866666666667,175.51399999999998,105.46464010634121
11810,203.23266666666666,106.21733333333333,175.428,105.38648910897267
11820,203.124,106.146,175.34199999999998,105.30833811160412
11830,203.01533333333333,106.07466666666667,175.256,105.23018711423556
11840,202.90666666666667,106.00333333333333,175.17,105.15203611686701
11850,202.798,105.932,175.084,105.07388511949847
11860,202.68933333333334,105.86066666666667,174.998,104.99573412212992
11870,202.58066666666664,105.78933333333333,174.912,104.91758312476136
11880,202.47199999999998,105.718,174.826,104.83943212739281
11890,202.36333333333332,105.64666666666668,174.74,104.76128113002427
11900,202.25466666666665,105.57533333333333,174.654,104.68313013265572
11910,202.146,105.504,174.568,104.60497913528717
11920,202.03733333333332,105.43266666666668,174.482,104.52682813791861
11930,201.92866666666666,105.36133333333333,174.39600000000002,104.44867714055007
11940,201.82,105.29,174.31,104.37052614318152
11950,201.71066666666667,105.226,174.214,104.31277836247888
11960,201.60133333333332,105.162,174.118,104.25503058177625
11970,201.492,105.098,174.022,104.19728280107361
11980,201.38266666666667,105.034,173.92600000000002,104.13953502037099
11990,201.27333333333334,104.97,173.83,104.08178723966834
12000,201.164,104.906,173.734,104.02403945896572
12010,201.05466666666666,104.842,173.638,103.96629167826308
12020,200.94533333333334,104.778,173.542,103.90854389756045
12030,200.836,104.714,173.446,103.85079611685781
12040,200.72666666666666,104.65,173.35,103.79304833615518
12050,200.61733333333333,104.586,173.254,103.73530055545254
12060,200.508,104.522,173.15800000000002,103.67755277474991
12070,200.39866666666668,104.458,173.062,103.61980499404727
12080,200.28933333333333,104.394,172.966,103.56205721334464
12090,200.18,104.33,172.87,103.504309432642
12100,200.07066666666668,104.50866666666667,172.80133333333333,103.6892164276716
12110,199.96133333333333,104.68733333333333,172.73266666666666,103.8741234227012
12120,199.852,104.866,172.66400000000002,104.0590304177308
12130,199.74266666666668,105.04466666666667,172.59533333333334,104.2439374127604
12140,199.63333333333333,105.22333333333333,172.52666666666667,104.42884440779
12150,199.524,105.402,172.458,104.6137514028196
12160,199.41466666666668,105.58066666666667,172.38933333333333,104.7986583978492
12170,199.30533333333332,105.75933333333333,172.32066666666668,104.9835653928788
12180,199.196,105.938,172.252,105.1684723879084
12190,199.08666666666667,106.11666666666667,172.18333333333334,105.353379382938
12200,198.97733333333332,106.29533333333333,172.11466666666666,105.5382863779676
12210,198.868,106.474,172.046,105.7231933729972
12220,198.75866666666667,106.65266666666668,171.97733333333335,105.9081003680268
12230,198.64933333333332,106.83133333333333,171.90866666666668,106.0930073630564
12240,198.54,107.01,171.84,106.277914358086
12250,198.432,106.89266666666667,171.75666666666666,106.15256150166594
12260,198.32399999999998,106.77533333333334,171.67333333333335,106.02720864524589
12270,198.21599999999998,106.658,171.59,105.90185578882584
12280,198.108,106.54066666666667,171.50666666666666,105.7765029324058
12290,198.0,106.42333333333333,171.42333333333335,105.65115007598575
12300,197.892,106.306,171.34,105.5257972195657
12310,197.784,106.18866666666666,171.25666666666666,105.40044436314565
12320,197.676,106.07133333333334,171.17333333333335,105.2750915067256
12330,197.56799999999998,105.95400000000001,171.09,105.14973865030555
12340,197.45999999999998,105.83666666666667,171.00666666666666,105.0243857938855
12350,197.35199999999998,105.71933333333334,170.92333333333335,104.89903293746545
12360,197.244,105.602,170.84,104.77368008104541
12370,197.136,105.48466666666667,170.75666666666666,104.64832722462536
12380,197.028,105.36733333333333,170.67333333333335,104.52297436820531
12390,196.92,105.25,170.59,104.39762151178526
12400,196.81066666666666,105.09666666666666,170.49133333333333,104.23967871419417
12410,196.7013333333333,104.94333333333333,170.39266666666668,104.0817359166031
12420,196.59199999999998,104.79,170.294,103.923793119012
12430,196.48266666666666,104.63666666666667,170.19533333333334,103.76585032142093
12440,196.37333333333333,104.48333333333333,170.09666666666666,103.60790752382984
12450,196.26399999999998,104.33,169.99800000000002,103.44996472623876
12460,196.15466666666666,104.17666666666666,169.89933333333335,103.29202192864767
12470,196.04533333333333,104.02333333333334,169.80066666666667,103.1340791310566
12480,195.936,103.87,169.702,102.9761363334655
12490,195.82666666666665,103.71666666666667,169.60333333333335,102.81819353587443
12500,195.71733333333333,103.56333333333333,169.50466666666668,102.66025073828334
12510,195.608,103.41,169.406,102.50230794069226
12520,195.49866666666668,103.25666666666667,169.30733333333333,102.34436514310117
12530,195.38933333333333,103.10333333333334,169.2086666666667,102.1864223455101
12540,195.28,102.95,169.11,102.028479547919
12550,195.17066666666668,102.84866666666667,169.00733333333335,101.93100259345653
12560,195.06133333333332,102.74733333333333,168.90466666666669,101.83352563899403
12570,194.952,102.646,168.80200000000002,101.73604868453155
12580,194.84266666666667,102.54466666666667,168.69933333333333,101.63857173006907
12590,194.73333333333332,102.44333333333334,168.59666666666666,101.5410947756066
12600,194.624,102.342,168.494,101.4436178211441
12610,194.51466666666667,102.24066666666667,168.39133333333334,101.34614086668162
12620,194.40533333333332,102.13933333333334,168.28866666666667,101.24866391221914
12630,194.296,102.03800000000001,168.186,101.15118695775666
12640,194.18666666666667,101.93666666666667,168.08333333333334,101.05371000329417
12650,194.0773333333333,101.83533333333334,167.98066666666668,100.95623304883169
12660,193.968,101.73400000000001,167.878,100.85875609436921
12670,193.85866666666666,101.63266666666668,167.77533333333332,100.76127913990673
12680,193.7493333333333,101.53133333333334,167.67266666666666,100.66380218544424
12690,193.64,101.43,167.57,100.56632523098176
12700,193.53199999999998,101.48266666666667,167.48533333333333,100.62236990394752
12710,193.42399999999998,101.53533333333334,167.40066666666667,100.67841457691326
12720,193.316,101.58800000000001,167.316,100.73445924987901
12730,193.208,101.64066666666668,167.23133333333334,100.79050392284476
12740,193.1,101.69333333333334,167.14666666666668,100.8465485958105
12750,192.992,101.74600000000001,167.062,100.90259326877626
12760,192.884,101.79866666666668,166.97733333333335,100.95863794174201
12770,192.776,101.85133333333333,166.89266666666666,101.01468261470775
12780,192.668,101.904,166.808,101.0707272876735
12790,192.56,101.95666666666666,166.72333333333333,101.12677196063926
12800,192.452,102.00933333333333,166.63866666666667,101.182816633605
12810,192.344,102.062,166.554,101.23886130657075
12820,192.23600000000002,102.11466666666666,166.46933333333334,101.29490597953651
12830,192.12800000000001,102.16733333333333,166.38466666666667,101.35095065250225
12840,192.02,102.22,166.3,101.406995325468
12850,191.91333333333336,102.42933333333333,166.23733333333334,101.62534877255105
12860,191.80666666666667,102.63866666666667,166.17466666666667,101.84370221963411
12870,191.70000000000002,102.848,166.11200000000002,102.06205566671716
12880,191.59333333333333,103.05733333333333,166.04933333333335,102.2804091138002
12890,191.48666666666668,103.26666666666667,165.98666666666668,102.49876256088325
12900,191.38,103.476,165.924,102.71711600796631
12910,191.27333333333334,103.68533333333333,165.86133333333333,102.93546945504936
12920,191.16666666666666,103.89466666666667,165.7986666666667,103.1538229021324
12930,191.06,104.104,165.73600000000002,103.37217634921545
12940,190.95333333333332,104.31333333333333,165.67333333333335,103.59052979629851
12950,190.84666666666666,104.52266666666667,165.61066666666667,103.80888324338156
12960,190.73999999999998,104.732,165.548,104.0272366904646
12970,190.63333333333333,104.94133333333333,165.48533333333336,104.24559013754765
12980,190.52666666666664,105.15066666666667,165.4226666666667,104.46394358463071
12990,190.42,105.36,165.36,104.68229703171376
13000,190.314,105.372,165.29600000000002,104.68887563662791
13010,190.208,105.384,165.232,104.69545424154205
13020,190.102,105.396,165.168,104.7020328464562
13030,189.99599999999998,105.408,165.104,104.70861145137036
13040,189.89,105.42,165.04000000000002,104.71519005628451
13050,189.784,105.432,164.976,104.72176866119865
13060,189.678,105.444,164.912,104.7283472661128
13070,189.572,105.456,164.848,104.73492587102696
13080,189.466,105.468,164.78400000000002,104.74150447594111
13090,189.36,105.48,164.72,104.74808308085525
13100,189.25400000000002,105.492,164.656,104.7546616857694
13110,189.148,105.504,164.592,104.76124029068356
13120,189.042,105.516,164.52800000000002,104.76781889559771
13130,188.936,105.528,164.464,104.77439750051185
13140,188.83,105.54,164.4,104.780976105426
13150,188.72533333333334,105.43400000000001,164.31866666666667,104.67200158897552
13160,188.62066666666666,105.328,164.23733333333334,104.56302707252505
13170,188.51600000000002,105.22200000000001,164.156,104.45405255607456
13180,188.41133333333335,105.116,164.07466666666667,104.34507803962407
13190,188.30666666666667,105.01,163.99333333333334,104.2361035231736
13200,188.202,104.90400000000001,163.912,104.12712900672311
13210,188.09733333333332,104.798,163.83066666666667,104.01815449027262
13220,187.99266666666668,104.69200000000001,163.74933333333334,103.90917997382215
13230,187.888,104.586,163.668,103.80020545737166
13240,187.78333333333333,104.48,163.58666666666667,103.69123094092117
13250,187.67866666666666,104.37400000000001,163.50533333333334,103.5822564244707
13260,187.57399999999998,104.268,163.424,103.47328190802021
13270,187.46933333333334,104.162,163.34266666666667,103.36430739156972
13280,187.36466666666666,104.056,163.26133333333334,103.25533287511925
13290,187.26,103.95,163.18,103.14635835866876
13300,187.15666666666667,103.82266666666666,163.09066666666666,103.01805244165791
13310,187.0533333333333,103.69533333333334,163.00133333333335,102.88974652464707
13320,186.95,103.568,162.912,102.76144060763622
13330,186.84666666666666,103.44066666666667,162.82266666666666,102.63313469062535
13340,186.74333333333334,103.31333333333333,162.73333333333335,102.5048287736145
13350,186.64,103.186,162.644,102.37652285660366
13360,186.53666666666666,103.05866666666667,162.55466666666666,102.24821693959281
13370,186.43333333333334,102.93133333333334,162.46533333333335,102.11991102258196
13380,186.33,102.804,162.376,101.99160510557111
13390,186.22666666666666,102.67666666666668,162.28666666666666,101.86329918856026
13400,186.12333333333333,102.54933333333334,162.19733333333335,101.73499327154941
13410,186.02,102.42200000000001,162.108,101.60668735453855
13420,185.91666666666669,102.29466666666667,162.01866666666666,101.4783814375277
13430,185.81333333333333,102.16733333333335,161.92933333333335,101.35007552051685
13440,185.71,102.04,161.84,101.221769603506
13450,185.60866666666666,102.10866666666668,161.76533333333333,101.29713096615035
13460,185.50733333333335,102.17733333333334,161.69066666666666,101.3724923287947
13470,185.406,102.24600000000001,161.616,101.44785369143905
13480,185.30466666666666,102.31466666666667,161.54133333333334,101.5232150540834
13490,185.20333333333335,102.38333333333334,161.46666666666667,101.59857641672775
13500,185.102,102.452,161.392,101.6739377793721
13510,185.00066666666666,102.52066666666667,161.31733333333332,101.74929914201644
13520,184.89933333333335,102.58933333333333,161.24266666666668,101.8246605046608
13530,184.798,102.658,161.168,101.90002186730514
13540,184.69666666666666,102.72666666666666,161.09333333333333,101.97538322994949
13550,184.59533333333334,102.79533333333333,161.01866666666666,102.05074459259384
13560,184.494,102.86399999999999,160.944,102.12610595523819
13570,184.39266666666666,102.93266666666666,160.86933333333334,102.20146731788253
13580,184.29133333333334,103.00133333333332,160.79466666666667,102.27682868052689
13590,184.19,103.07,160.72,102.35219004317123
13600,184.09066666666666,103.16266666666667,160.656,102.44831439251115
13610,183.99133333333333,103.25533333333333,160.59199999999998,102.54443874185107
13620,183.892,103.348,160.528,102.64056309119098
13630,183.79266666666666,103.44066666666666,160.464,102.7366874405309
13640,183.69333333333333,103.53333333333333,160.4,102.83281178987082
13650,183.594,103.62599999999999,160.33599999999998,102.92893613921073
13660,183.49466666666666,103.71866666666666,160.272,103.02506048855065
13670,183.39533333333333,103.81133333333332,160.208,103.12118483789058
13680,183.296,103.904,160.144,103.2173091872305
13690,183.19666666666666,103.99666666666666,160.07999999999998,103.31343353657041
13700,183.09733333333332,104.08933333333333,160.016,103.40955788591033
13710,182.998,104.18199999999999,159.952,103.50568223525025
13720,182.89866666666666,104.27466666666666,159.888,103.60180658459016
13730,182.79933333333332,104.36733333333332,159.82399999999998,103.69793093393008
13740,182.7,104.46,159.76,103.79405528327
13750,182.60199999999998,104.47933333333333,159.69866666666667,103.80963998395426
13760,182.504,104.49866666666667,159.63733333333332,103.8252246846385
13770,182.40599999999998,104.518,159.576,103.84080938532276
13780,182.308,104.53733333333332,159.51466666666667,103.856394086007
13790,182.20999999999998,104.55666666666666,159.45333333333332,103.87197878669126
13800,182.112,104.576,159.392,103.8875634873755
13810,182.01399999999998,104.59533333333333,159.33066666666667,103.90314818805976
13820,181.916,104.61466666666666,159.26933333333332,103.918732888744
13830,181.81799999999998,104.634,159.208,103.93431758942826
13840,181.72,104.65333333333334,159.14666666666668,103.9499022901125
13850,181.62199999999999,104.67266666666667,159.08533333333332,103.96548699079676
13860,181.524,104.692,159.024,103.981071691481
13870,181.426,104.71133333333333,158.96266666666668,103.99665639216526
13880,181.328,104.73066666666666,158.90133333333333,104.01224109284951
13890,181.23,104.75,158.84,104.02782579353376
13900,181.13333333333333,104.58666666666667,158.758,103.86156821021112
13910,181.03666666666666,104.42333333333333,158.67600000000002,103.69531062688846
13920,180.94,104.26,158.594,103.52905304356581
13930,180.84333333333333,104.09666666666666,158.512,103.36279546024316
13940,180.74666666666667,103.93333333333334,158.43,103.19653787692052
13950,180.65,103.77,158.348,103.03028029359785
13960,180.55333333333334,103.60666666666667,158.26600000000002,102.86402271027521
13970,180.45666666666665,103.44333333333333,158.184,102.69776512695256
13980,180.35999999999999,103.28,158.102,102.53150754362991
13990,180.26333333333332,103.11666666666666,158.02,102.36524996030725
14000,180.16666666666666,102.95333333333333,157.93800000000002,102.1989923769846
14010,180.07,102.78999999999999,157.85600000000002,102.03273479366196
14020,179.97333333333333,102.62666666666667,157.774,101.86647721033931
14030,179.87666666666667,102.46333333333332,157.692,101.70021962701665
14040,179.78,102.3,157.61,101.533962043694
14050,179.68533333333335,102.506,157.554,101.7526346775001
14060,179.59066666666666,102.712,157.49800000000002,101.9713073113062
14070,179.496,102.91799999999999,157.442,102.1899799451123
14080,179.40133333333333,103.124,157.38600000000002,102.4086525789184
14090,179.30666666666667,103.33,157.33,102.6273252127245
14100,179.21200000000002,103.536,157.274,102.84599784653061
14110,179.11733333333333,103.742,157.21800000000002,103.0646704803367
14120,179.02266666666668,103.948,157.162,103.28334311414281
14130,178.928,104.154,157.10600000000002,103.5020157479489
14140,178.83333333333334,104.36,157.05,103.72068838175501
14150,178.7386666666667,104.566,156.994,103.9393610155611
14160,178.644,104.772,156.93800000000002,104.15803364936721
14170,178.54933333333335,104.978,156.882,104.3767062831733
14180,178.45466666666667,105.184,156.82600000000002,104.59537891697941
14190,178.36,105.39,156.77,104.8140515507855
14200,178.26733333333334,105.33933333333333,156.71066666666667,104.75478849761184
14210,178.17466666666667,105.28866666666667,156.65133333333335,104.69552544443818
14220,178.08200000000002,105.238,156.592,104.63626239126451
14230,177.98933333333335,105.18733333333333,156.53266666666667,104.57699933809084
14240,177.89666666666668,105.13666666666667,156.47333333333333,104.51773628491718
14250,177.804,105.086,156.41400000000002,104.45847323174351
14260,177.71133333333333,105.03533333333333,156.35466666666667,104.39921017856985
14270,177.61866666666668,104.98466666666667,156.29533333333333,104.33994712539617
14280,177.526,104.934,156.236,104.2806840722225
14290,177.43333333333334,104.88333333333333,156.17666666666668,104.22142101904883
14300,177.34066666666666,104.83266666666667,156.11733333333333,104.16215796587517
14310,177.248,104.782,156.058,104.1028949127015
14320,177.15533333333335,104.73133333333332,155.99866666666665,104.04363185952784
14330,177.06266666666667,104.68066666666667,155.93933333333334,103.98436880635417
14340,176.97,104.63,155.88,103.9251057531805
14350,176.87866666666667,104.58,155.80533333333332,103.88289512123563
14360,176.78733333333332,104.53,155.73066666666665,103.84068448929077
14370,176.696,104.47999999999999,155.656,103.7984738573459
14380,176.60466666666667,104.42999999999999,155.58133333333333,103.75626322540104
14390,176.51333333333332,104.38,155.50666666666666,103.71405259345617
14400,176.422,104.33,155.432,103.6718419615113
14410,176.33066666666667,104.28,155.35733333333332,103.62963132956644
14420,176.23933333333332,104.22999999999999,155.28266666666667,103.58742069762157
14430,176.148,104.17999999999999,155.208,103.5452100656767
14440,176.05666666666667,104.13,155.13333333333333,103.50299943373183
14450,175.96533333333332,104.08,155.05866666666665,103.46078880178696
14460,175.874,104.03,154.98399999999998,103.4185781698421
14470,175.78266666666667,103.97999999999999,154.90933333333334,103.37636753789724
14480,175.69133333333332,103.92999999999999,154.83466666666666,103.33415690595237
14490,175.6,103.88,154.76,103.2919462740075
14500,175.51066666666665,104.14266666666666,154.72199999999998,103.5617761715
14510,175.42133333333334,104.40533333333333,154.684,103.8316060689925
14520,175.332,104.66799999999999,154.646,104.101435966485
14530,175.24266666666665,104.93066666666667,154.608,104.3712658639775
14540,175.15333333333334,105.19333333333333,154.57,104.64109576147
14550,175.064,105.45599999999999,154.53199999999998,104.9109256589625
14560,174.97466666666665,105.71866666666666,154.494,105.180755556455
14570,174.88533333333334,105.98133333333332,154.456,105.4505854539475
14580,174.796,106.244,154.418,105.72041535144
14590,174.70666666666665,106.50666666666666,154.38,105.9902452489325
14600,174.61733333333333,106.76933333333332,154.34199999999998,106.260075146425
14610,174.528,107.032,154.304,106.5299050439175
14620,174.43866666666665,107.29466666666666,154.266,106.79973494141
14630,174.34933333333333,107.55733333333333,154.228,107.0695648389025
14640,174.26,107.82,154.19,107.339394736395
14650,174.172,107.576,154.11933333333334,107.08004963424965
14660,174.084,107.332,154.04866666666666,106.82070453210429
14670,173.99599999999998,107.088,153.978,106.56135942995894
14680,173.908,106.844,153.90733333333333,106.3020143278136
14690,173.82,106.6,153.83666666666667,106.04266922566825
14700,173.732,106.356,153.766,105.78332412352289
14710,173.644,106.112,153.69533333333334,105.52397902137754
14720,173.55599999999998,105.868,153.62466666666666,105.2646339192322
14730,173.468,105.624,153.554,105.00528881708685
14740,173.38,105.38,153.48333333333332,104.74594371494149
14750,173.292,105.136,153.41266666666667,104.48659861279614
14760,173.204,104.892,153.34199999999998,104.2272535106508
14770,173.11599999999999,104.648,153.27133333333333,103.96790840850545
14780,173.028,104.404,153.20066666666665,103.70856330636009
14790,172.94,104.16,153.13,103.44921820421474
14800,172.85466666666667,104.19533333333332,153.06333333333333,103.4951534181491
14810,172.76933333333332,104.23066666666666,152.99666666666667,103.54108863208344
14820,172.684,104.26599999999999,152.93,103.5870238460178
14830,172.59866666666667,104.30133333333333,152.86333333333332,103.63295905995214
14840,172.51333333333332,104.33666666666666,152.79666666666665,103.6788942738865
14850,172.428,104.372,152.73,103.72482948782084
14860,172.34266666666667,104.40733333333333,152.66333333333333,103.7707647017552
14870,172.25733333333332,104.44266666666667,152.59666666666666,103.81669991568954
14880,172.172,104.478,152.53,103.8626351296239
14890,172.08666666666667,104.51333333333334,152.46333333333334,103.90857034355824
14900,172.00133333333332,104.54866666666666,152.39666666666668,103.9545055574926
14910,171.916,104.584,152.32999999999998,104.00044077142694
14920,171.83066666666667,104.61933333333333,152.26333333333332,104.0463759853613
14930,171.74533333333332,104.65466666666667,152.19666666666666,104.09231119929564
14940,171.66,104.69,152.13,104.13824641323
14950,171.576,104.75066666666666,152.082,104.19371825590213
14960,171.492,104.81133333333334,152.034,104.24919009857426
14970,171.408,104.872,151.986,104.3046619412464
14980,171.324,104.93266666666666,151.938,104.36013378391853
14990,171.24,104.99333333333333,151.89,104.41560562659066
15000,171.156,105.054,151.84199999999998,104.4710774692628
15010,171.072,105.11466666666666,151.79399999999998,104.52654931193493
15020,170.988,105.17533333333333,151.746,104.58202115460706
15030,170.904,105.23599999999999,151.698,104.6374929972792
15040,170.82,105.29666666666667,151.65,104.69296483995133
15050,170.736,105.35733333333333,151.602,104.74843668262346
15060,170.65200000000002,105.41799999999999,151.554,104.8039085252956
15070,170.568,105.47866666666665,151.506,104.85938036796773
15080,170.484,105.53933333333333,151.458,104.91485221063986
15090,170.4,105.6,151.41,104.970324053312
15100,170.318,105.374,151.332,104.73958883738
15110,170.236,105.148,151.254,104.508853621448
15120,170.154,104.922,151.176,104.278118405516
15130,170.072,104.696,151.098,104.047383189584
15140,169.99,104.47,151.02,103.816647973652
15150,169.908,104.244,150.942,103.58591275772
15160,169.826,104.018,150.864,103.355177541788
15170,169.744,103.79199999999999,150.786,103.12444232585601
15180,169.662,103.56599999999999,150.708,102.89370710992401
15190,169.57999999999998,103.33999999999999,150.63,102.66297189399201
15200,169.498,103.11399999999999,150.552,102.43223667806001
15210,169.416,102.88799999999999,150.47400000000002,102.20150146212801
15220,169.334,102.66199999999999,150.39600000000002,101.970766246196
15230,169.25199999999998,102.43599999999999,150.318,101.740031030264
15240,169.17,102.21,150.24,101.509295814332
15250,169.08933333333331,102.24266666666666,150.17466666666667,101.54883029284186
15260,169.00866666666667,102.27533333333332,150.10933333333335,101.5883647713517
15270,168.928,102.30799999999999,150.044,101.62789924986156
15280,168.84733333333332,102.34066666666666,149.97866666666667,101.6674337283714
15290,168.76666666666665,102.37333333333333,149.91333333333333,101.70696820688126
15300,168.686,102.40599999999999,149.848,101.7465026853911
15310,168.60533333333333,102.43866666666666,149.78266666666667,101.78603716390096
15320,168.52466666666666,102.47133333333333,149.71733333333333,101.8255716424108
15330,168.444,102.504,149.652,101.86510612092064
15340,168.36333333333334,102.53666666666666,149.58666666666667,101.9046405994305
15350,168.28266666666667,102.56933333333333,149.52133333333333,101.94417507794034
15360,168.202,102.602,149.456,101.9837095564502
15370,168.12133333333333,102.63466666666667,149.39066666666665,102.02324403496004
15380,168.04066666666668,102.66733333333333,149.32533333333333,102.0627785134699
15390,167.96,102.7,149.26,102.10231299197974
15400,167.88066666666668,102.66266666666667,149.19666666666666,102.06312189564846
15410,167.80133333333333,102.62533333333333,149.13333333333333,102.02393079931717
15420,167.722,102.58800000000001,149.07,101.98473970298589
15430,167.64266666666668,102.55066666666667,149.00666666666666,101.94554860665461
15440,167.56333333333333,102.51333333333334,148.94333333333333,101.90635751032333
15450,167.484,102.476,148.88,101.86716641399204
15460,167.40466666666669,102.43866666666666,148.81666666666666,101.82797531766076
15470,167.32533333333333,102.40133333333334,148.75333333333333,101.78878422132948
15480,167.246,102.364,148.69,101.7495931249982
15490,167.16666666666669,102.32666666666667,148.62666666666667,101.7104020286669
15500,167.08733333333333,102.28933333333333,148.56333333333333,101.67121093233563
15510,167.008,102.252,148.5,101.63201983600435
15520,166.9286666666667,102.21466666666667,148.43666666666667,101.59282873967307
15530,166.84933333333333,102.17733333333334,148.37333333333333,101.55363764334177
15540,166.77,102.14,148.31,101.5144465470105
15550,166.69266666666667,102.15733333333334,148.24733333333333,101.53899281484065
15560,166.61533333333335,102.17466666666667,148.18466666666666,101.56353908267083
15570,166.538,102.19200000000001,148.122,101.58808535050099
15580,166.46066666666667,102.20933333333333,148.05933333333334,101.61263161833116
15590,166.38333333333335,102.22666666666667,147.99666666666667,101.63717788616133
15600,166.306,102.244,147.934,101.6617241539915
15610,166.22866666666667,102.26133333333334,147.87133333333333,101.68627042182166
15620,166.15133333333335,102.27866666666667,147.80866666666668,101.71081668965184
15630,166.074,102.296,147.746,101.735362957482
15640,165.99666666666667,102.31333333333333,147.68333333333334,101.75990922531217
15650,165.91933333333336,102.33066666666667,147.62066666666666,101.78445549314233
15660,165.842,102.348,147.558,101.8090017609725
15670,165.76466666666667,102.36533333333334,147.49533333333335,101.83354802880267
15680,165.68733333333336,102.38266666666667,147.43266666666668,101.85809429663284
15690,165.61,102.4,147.37,101.882640564463
15700,165.53333333333336,102.62466666666667,147.33533333333332,102.1133871354572
15710,165.45666666666668,102.84933333333333,147.30066666666667,102.3441337064514
15720,165.38000000000002,103.074,147.266,102.5748802774456
15730,165.30333333333334,103.29866666666668,147.23133333333334,102.8056268484398
15740,165.2266666666667,103.52333333333334,147.19666666666666,103.036373419434
15750,165.15,103.748,147.162,103.2671199904282
15760,165.07333333333335,103.97266666666667,147.12733333333333,103.4978665614224
15770,164.99666666666667,104.19733333333333,147.09266666666667,103.7286131324166
15780,164.92000000000002,104.422,147.058,103.9593597034108
15790,164.84333333333333,104.64666666666666,147.02333333333334,104.190106274405
15800,164.76666666666668,104.87133333333333,146.98866666666666,104.4208528453992
15810,164.69,105.096,146.954,104.6515994163934
15820,164.61333333333334,105.32066666666667,146.91933333333333,104.8823459873876
15830,164.53666666666666,105.54533333333333,146.88466666666667,105.1130925583818
15840,164.46,105.77,146.85,105.343839129376
