Time (s),T_outer (C),T_inner (C),T_avg (C),Input Temperature (C)
0,405.897154727557,405.897154727557,405.897154727557,405.897154727557
10,405.897154727557,405.897154727557,405.897154727557,405.897154727557
20,405.897154727557,405.897154727557,405.897154727557,405.897154727557
30,405.897154727557,405.897154727557,405.897154727557,405.897154727557
40,405.897154727557,405.897154727557,405.897154727557,405.897154727557
50,405.897154727557,405.897154727557,405.897154727557,405.897154727557
60,405.897154727557,405.897154727557,405.897154727557,405.897154727557
70,405.897154727557,405.897154727557,405.897154727557,405.897154727557
80,405.897154727557,405.897154727557,405.897154727557,405.897154727557
90,405.897154727557,405.897154727557,405.897154727557,405.897154727557
100,405.897154727557,405.897154727557,405.897154727557,405.897154727557
110,405.897154727557,405.897154727557,405.897154727557,405.897154727557
120,405.897154727557,405.897154727557,405.897154727557,405.897154727557
130,405.897154727557,405.897154727557,405.897154727557,405.897154727557
140,405.897154727557,405.897154727557,405.897154727557,405.897154727557
150,405.897154727557,405.897154727557,405.897154727557,405.897154727557
160,405.897154727557,405.897154727557,405.897154727557,405.897154727557
170,405.897154727557,405.897154727557,405.897154727557,405.897154727557
180,405.897154727557,405.897154727557,405.897154727557,405.897154727557
190,405.897154727557,405.897154727557,405.897154727557,405.897154727557
200,405.897154727557,405.897154727557,405.897154727557,405.897154727557
210,405.897154727557,405.897154727557,405.897154727557,405.897154727557
220,405.897154727557,405.897154727557,405.897154727557,405.897154727557
230,405.897154727557,405.897154727557,405.897154727557,405.897154727557
240,405.897154727557,405.897154727557,405.897154727557,405.897154727557
250,405.897154727557,405.897154727557,405.897154727557,405.897154727557
260,405.897154727557,405.897154727557,405.897154727557,405.897154727557
270,405.897154727557,405.897154727557,405.897154727557,405.897154727557
280,405.897154727557,405.897154727557,405.897154727557,405.897154727557
290,405.897154727557,405.897154727557,405.897154727557,405.897154727557
300,405.897154727557,405.897154727557,405.897154727557,405.897154727557
310,405.897154727557,405.897154727557,405.897154727557,405.897154727557
320,405.897154727557,405.897154727557,405.897154727557,405.897154727557
330,405.897154727557,405.897154727557,405.897154727557,405.897154727557
340,405.897154727557,405.897154727557,405.897154727557,405.897154727557
350,405.897154727557,405.897154727557,405.897154727557,405.897154727557
360,405.897154727557,405.897154727557,405.897154727557,405.897154727557
370,405.897154727557,405.897154727557,405.897154727557,405.897154727557
380,405.897154727557,405.897154727557,405.897154727557,405.897154727557
390,405.897154727557,405.897154727557,405.897154727557,405.897154727557
400,405.897154727557,405.897154727557,405.897154727557,405.897154727557
410,405.897154727557,405.897154727557,405.897154727557,405.897154727557
420,405.897154727557,405.897154727557,405.897154727557,405.897154727557
430,405.897154727557,405.897154727557,405.897154727557,405.897154727557
440,405.897154727557,405.897154727557,405.897154727557,405.897154727557
450,405.897154727557,405.897154727557,405.897154727557,405.897154727557
460,405.897154727557,405.897154727557,405.897154727557,405.897154727557
470,405.897154727557,405.897154727557,405.897154727557,405.897154727557
480,405.897154727557,405.897154727557,405.897154727557,405.897154727557
490,405.897154727557,405.897154727557,405.897154727557,405.897154727557
500,405.897154727557,405.897154727557,405.897154727557,405.897154727557
510,405.897154727557,405.897154727557,405.897154727557,405.897154727557
520,405.897154727557,405.897154727557,405.897154727557,405.897154727557
530,405.897154727557,405.897154727557,405.897154727557,405.897154727557
540,405.897154727557,405.897154727557,405.897154727557,405.897154727557
550,405.897154727557,405.897154727557,405.897154727557,405.897154727557
560,405.897154727557,405.897154727557,405.897154727557,405.897154727557
570,405.897154727557,405.897154727557,405.897154727557,405.897154727557
580,405.897154727557,405.897154727557,405.897154727557,405.897154727557
590,405.897154727557,405.897154727557,405.897154727557,405.897154727557
600,405.897154727557,405.897154727557,405.897154727557,405.897154727557
610,405.897154727557,405.897154727557,405.897154727557,405.897154727557
620,405.897154727557,405.897154727557,405.897154727557,405.897154727557
630,405.897154727557,405.897154727557,405.897154727557,405.897154727557
640,405.897154727557,405.897154727557,405.897154727557,405.897154727557
650,405.897154727557,405.897154727557,405.897154727557,405.897154727557
660,405.897154727557,405.897154727557,405.897154727557,405.897154727557
670,405.897154727557,405.897154727557,405.897154727557,405.897154727557
680,405.897154727557,405.897154727557,405.897154727557,405.897154727557
690,405.897154727557,405.897154727557,405.897154727557,405.897154727557
700,405.897154727557,405.897154727557,405.897154727557,405.897154727557
710,405.897154727557,405.897154727557,405.897154727557,405.897154727557
720,405.897154727557,405.897154727557,405.897154727557,405.897154727557
730,405.897154727557,405.897154727557,405.897154727557,405.897154727557
740,405.897154727557,405.897154727557,405.897154727557,405.897154727557
750,405.897154727557,405.897154727557,405.897154727557,405.897154727557
760,405.897154727557,405.897154727557,405.897154727557,405.897154727557
770,405.897154727557,405.897154727557,405.897154727557,405.897154727557
780,405.897154727557,405.897154727557,405.897154727557,405.897154727557
790,405.897154727557,405.897154727557,405.897154727557,405.897154727557
800,405.897154727557,405.897154727557,405.897154727557,405.897154727557
810,405.897154727557,405.897154727557,405.897154727557,405.897154727557
820,405.897154727557,405.897154727557,405.897154727557,405.897154727557
830,405.897154727557,405.897154727557,405.897154727557,405.897154727557
840,405.897154727557,405.897154727557,405.897154727557,405.897154727557
850,405.897154727557,405.897154727557,405.897154727557,405.897154727557
860,405.897154727557,405.897154727557,405.897154727557,405.897154727557
870,405.897154727557,405.897154727557,405.897154727557,405.897154727557
880,405.897154727557,405.897154727557,405.897154727557,405.897154727557
890,405.897154727557,405.897154727557,405.897154727557,405.897154727557
900,405.897154727557,405.897154727557,405.897154727557,405.897154727557
910,405.897154727557,405.897154727557,405.897154727557,405.897154727557
920,405.897154727557,405.897154727557,405.897154727557,405.897154727557
930,405.897154727557,405.897154727557,405.897154727557,405.897154727557
940,405.897154727557,405.897154727557,405.897154727557,405.897154727557
950,405.897154727557,405.897154727557,405.897154727557,405.897154727557
960,405.897154727557,405.897154727557,405.897154727557,405.897154727557
970,405.897154727557,405.897154727557,405.897154727557,405.897154727557
980,405.897154727557,405.897154727557,405.897154727557,405.897154727557
990,405.897154727557,405.897154727557,405.897154727557,405.897154727557
1000,405.897154727557,405.897154727557,405.897154727557,405.897154727557
1010,405.897154727557,405.897154727557,405.897154727557,405.897154727557
1020,405.897154727557,405.897154727557,405.897154727557,405.897154727557
1030,405.897154727557,405.897154727557,405.897154727557,405.897154727557
1040,405.897154727557,405.897154727557,405.897154727557,405.897154727557
1050,405.897154727557,405.897154727557,405.897154727557,405.897154727557
1060,405.897154727557,405.897154727557,405.897154727557,405.897154727557
1070,405.897154727557,405.897154727557,405.897154727557,405.897154727557
1080,405.897154727557,405.897154727557,405.897154727557,405.897154727557
1090,405.897154727557,405.897154727557,405.897154727557,405.897154727557
1100,405.897154727557,405.897154727557,405.897154727557,405.897154727557
1110,405.897154727557,405.897154727557,405.897154727557,405.897154727557
1120,405.897154727557,405.897154727557,405.897154727557,405.897154727557
1130,405.897154727557,405.897154727557,405.897154727557,405.897154727557
1140,405.897154727557,405.897154727557,405.897154727557,405.897154727557
1150,405.897154727557,405.897154727557,405.897154727557,405.897154727557
1160,405.897154727557,405.897154727557,405.897154727557,405.897154727557
1170,405.897154727557,405.897154727557,405.897154727557,405.897154727557
1180,405.897154727557,405.897154727557,405.897154727557,405.897154727557
1190,405.897154727557,405.897154727557,405.897154727557,405.897154727557
1200,405.897154727557,405.897154727557,405.897154727557,405.897154727557
1210,405.897154727557,405.897154727557,405.897154727557,405.897154727557
1220,405.897154727557,405.897154727557,405.897154727557,405.897154727557
1230,405.897154727557,405.897154727557,405.897154727557,405.897154727557
1240,405.897154727557,405.897154727557,405.897154727557,405.897154727557
1250,405.897154727557,405.897154727557,405.897154727557,405.897154727557
1260,405.897154727557,405.897154727557,405.897154727557,405.897154727557
1270,405.897154727557,405.897154727557,405.897154727557,405.897154727557
1280,405.897154727557,405.897154727557,405.897154727557,405.897154727557
1290,405.897154727557,405.897154727557,405.897154727557,405.897154727557
1300,405.897154727557,405.897154727557,405.897154727557,405.897154727557
1310,405.897154727557,405.897154727557,405.897154727557,405.897154727557
1320,405.897154727557,405.897154727557,405.897154727557,405.897154727557
1330,405.897154727557,405.897154727557,405.897154727557,405.897154727557
1340,405.897154727557,405.897154727557,405.897154727557,405.897154727557
1350,405.897154727557,405.897154727557,405.897154727557,405.897154727557
1360,405.897154727557,405.897154727557,405.897154727557,405.897154727557
1370,405.897154727557,405.897154727557,405.897154727557,405.897154727557
1380,405.897154727557,405.897154727557,405.897154727557,405.897154727557
1390,405.897154727557,405.897154727557,405.897154727557,405.897154727557
1400,405.897154727557,405.897154727557,405.897154727557,405.897154727557
1410,405.897154727557,405.897154727557,405.897154727557,405.897154727557
1420,405.897154727557,405.897154727557,405.897154727557,405.897154727557
1430,405.897154727557,405.897154727557,405.897154727557,405.897154727557
1440,405.897154727557,405.897154727557,405.897154727557,405.897154727557
1440,405.897154727557,405.897154727557,405.897154727557,405.897154727557
1450,405.89734441238653,406.3593444123865,405.9340110790532,406.37759639337673
1460,405.89753409721607,406.82153409721604,405.9708674305494,406.8580380591965
1470,405.8977237820456,407.28372378204557,406.0077237820456,407.33847972501627
1480,405.89791346687514,407.74591346687515,406.0445801335418,407.818921390836
1490,405.8981031517047,408.2081031517047,406.081436485038,408.29936305665575
1500,405.8982928365342,408.6702928365342,406.1182928365342,408.7798047224755
1510,405.89848252136375,409.1324825213637,406.1551491880304,409.26024638829523
1520,405.8986722061932,409.59467220619325,406.1920055395266,409.740688054115
1530,405.89886189102276,410.0568618910228,406.2288618910228,410.22112971993477
1540,405.8990515758523,410.5190515758523,406.265718242519,410.7015713857545
1550,405.89924126068183,410.9812412606818,406.3025745940152,411.18201305157424
1560,405.89943094551137,411.4434309455114,406.33943094551137,411.662454717394
1570,405.8996206303409,411.90562063034093,406.3762872970076,412.1428963832138
1580,405.89981031517044,412.36781031517046,406.41314364850376,412.6233380490335
1590,405.9,412.83,406.45,413.10377971485326
1600,405.9,412.89733333333334,406.484,413.158118510761
1610,405.9,412.96466666666663,406.518,413.2124573066688
1620,405.9,413.032,406.55199999999996,413.2667961025765
1630,405.9,413.09933333333333,406.586,413.3211348984843
1640,405.9,413.16666666666663,406.62,413.37547369439204
1650,405.9,413.234,406.654,413.4298124902998
1660,405.9,413.30133333333333,406.688,413.4841512862076
1670,405.9,413.3686666666666,406.722,413.5384900821153
1680,405.9,413.436,406.756,413.59282887802306
1690,405.9,413.50333333333333,406.78999999999996,413.6471676739308
1700,405.9,413.5706666666666,406.82399999999996,413.7015064698386
1710,405.9,413.638,406.858,413.75584526574636
1720,405.9,413.70533333333333,406.892,413.81018406165407
1730,405.9,413.7726666666666,406.926,413.86452285756184
1740,405.9,413.84,406.96,413.9188616534696
1750,405.9,413.83799999999997,406.9713333333333,413.9233521308434
1760,405.9,413.83599999999996,406.98266666666666,413.92784260821725
1770,405.9,413.834,406.99399999999997,413.93233308559104
1780,405.9,413.832,407.00533333333334,413.93682356296483
1790,405.9,413.83,407.01666666666665,413.9413140403387
1800,405.9,413.828,407.02799999999996,413.9458045177125
1810,405.9,413.82599999999996,407.03933333333333,413.95029499508627
1820,405.9,413.824,407.05066666666664,413.9547854724601
1830,405.9,413.822,407.062,413.9592759498339
1840,405.9,413.82,407.0733333333333,413.9637664272077
1850,405.9,413.818,407.08466666666664,413.96825690458155
1860,405.9,413.816,407.096,413.97274738195534
1870,405.9,413.814,407.1073333333333,413.97723785932914
1880,405.9,413.812,407.1186666666667,413.981728336703
1890,405.9,413.81,407.13,413.9862188140768
1900,405.9,414.134,407.17066666666665,414.3171155242947
1910,405.9,414.458,407.21133333333336,414.6480122345127
1920,405.9,414.782,407.252,414.9789089447306
1930,405.9,415.106,407.29266666666666,415.30980565494855
1940,405.9,415.43,407.3333333333333,415.64070236516653
1950,405.9,415.754,407.374,415.97159907538446
1960,405.9,416.07800000000003,407.4146666666667,416.3024957856024
1970,405.9,416.402,407.45533333333333,416.6333924958204
1980,405.9,416.726,407.496,416.9642892060383
1990,405.9,417.05,407.5366666666667,417.29518591625623
2000,405.9,417.374,407.57733333333334,417.6260826264742
2010,405.9,417.69800000000004,407.618,417.95697933669214
2020,405.9,418.022,407.65866666666665,418.28787604691007
2030,405.9,418.346,407.69933333333336,418.61877275712806
2040,405.9,418.67,407.74,418.949669467346
2050,405.90066666666667,418.534,407.75666666666666,418.7997710102434
2060,405.9013333333333,418.398,407.77333333333337,418.64987255314077
2070,405.902,418.262,407.79,418.49997409603816
2080,405.9026666666667,418.12600000000003,407.8066666666667,418.3500756389356
2090,405.9033333333333,417.99,407.8233333333333,418.200177181833
2100,405.904,417.854,407.84000000000003,418.0502787247304
2110,405.9046666666667,417.718,407.8566666666667,417.9003802676278
2120,405.9053333333333,417.582,407.87333333333333,417.7504818105252
2130,405.906,417.446,407.89,417.60058335342256
2140,405.9066666666667,417.31,407.9066666666667,417.45068489631996
2150,405.9073333333333,417.174,407.92333333333335,417.30078643921735
2160,405.908,417.038,407.94,417.1508879821148
2170,405.9086666666667,416.902,407.95666666666665,417.0009895250122
2180,405.90933333333334,416.766,407.97333333333336,416.8510910679096
2190,405.91,416.63,407.99,416.70119261080697
2200,405.91133333333335,416.72266666666667,408.00733333333335,416.8025314256811
2210,405.91266666666667,416.81533333333334,408.0246666666667,416.9038702405552
2220,405.91400000000004,416.908,408.04200000000003,417.0052090554293
2230,405.91533333333336,417.00066666666663,408.0593333333333,417.10654787030336
2240,405.9166666666667,417.0933333333333,408.07666666666665,417.20788668517747
2250,405.918,417.186,408.094,417.3092255000516
2260,405.9193333333333,417.27866666666665,408.11133333333333,417.4105643149257
2270,405.9206666666667,417.3713333333333,408.1286666666667,417.5119031297998
2280,405.922,417.464,408.146,417.6132419446739
2290,405.92333333333335,417.5566666666667,408.16333333333336,417.714580759548
2300,405.92466666666667,417.64933333333335,408.1806666666667,417.81591957442214
2310,405.926,417.74199999999996,408.198,417.9172583892962
2320,405.92733333333337,417.83466666666664,408.2153333333333,418.0185972041703
2330,405.9286666666667,417.9273333333333,408.23266666666666,418.1199360190444
2340,405.93,418.02,408.25,418.2212748339185
2350,405.93266666666665,418.012,408.2733333333333,418.1993959017806
2360,405.93533333333335,418.00399999999996,408.2966666666667,418.1775169696427
2370,405.938,417.996,408.32,418.15563803750473
2380,405.9406666666667,417.988,408.34333333333336,418.1337591053668
2390,405.9433333333333,417.97999999999996,408.3666666666667,418.1118801732288
2400,405.946,417.972,408.39,418.09000124109093
2410,405.94866666666667,417.964,408.41333333333336,418.068122308953
2420,405.95133333333337,417.95599999999996,408.43666666666667,418.046243376815
2430,405.954,417.948,408.46000000000004,418.0243644446771
2440,405.9566666666667,417.94,408.48333333333335,418.0024855125392
2450,405.95933333333335,417.93199999999996,408.50666666666666,417.98060658040123
2460,405.96200000000005,417.924,408.53000000000003,417.9587276482633
2470,405.9646666666667,417.916,408.55333333333334,417.9368487161253
2480,405.9673333333334,417.90799999999996,408.5766666666667,417.91496978398743
2490,405.97,417.9,408.6,417.8930908518495
2500,405.97266666666667,417.3926666666666,408.56933333333336,417.3735391537108
2510,405.97533333333337,416.88533333333334,408.5386666666667,416.85398745557205
2520,405.978,416.378,408.50800000000004,416.33443575743337
2530,405.9806666666667,415.87066666666664,408.4773333333333,415.8148840592947
2540,405.98333333333335,415.36333333333334,408.44666666666666,415.295332361156
2550,405.986,414.856,408.416,414.77578066301726
2560,405.9886666666667,414.34866666666665,408.38533333333334,414.2562289648786
2570,405.99133333333333,413.84133333333335,408.3546666666667,413.7366772667399
2580,405.994,413.334,408.324,413.2171255686012
2590,405.99666666666667,412.82666666666665,408.29333333333335,412.69757387046246
2600,405.9993333333333,412.31933333333336,408.2626666666667,412.1780221723238
2610,406.002,411.812,408.23199999999997,411.6584704741851
2620,406.00466666666665,411.30466666666666,408.2013333333333,411.1389187760464
2630,406.00733333333335,410.79733333333337,408.17066666666665,410.61936707790767
2640,406.01,410.29,408.14,410.099815379769
2650,406.01466666666664,410.33000000000004,408.1293333333333,410.1532525768761
2660,406.01933333333335,410.37,408.1186666666667,410.20668977398327
2670,406.024,410.41,408.108,410.2601269710904
2680,406.02866666666665,410.45,408.0973333333333,410.3135641681976
2690,406.0333333333333,410.49,408.08666666666664,410.36700136530476
2700,406.038,410.53000000000003,408.076,410.4204385624119
2710,406.04266666666666,410.57,408.06533333333334,410.47387575951905
2720,406.0473333333333,410.61,408.05466666666666,410.5273129566262
2730,406.05199999999996,410.65,408.044,410.58075015373333
2740,406.0566666666667,410.69,408.03333333333336,410.6341873508405
2750,406.0613333333333,410.73,408.0226666666667,410.6876245479476
2760,406.066,410.77,408.012,410.7410617450548
2770,406.0706666666666,410.81,408.0013333333333,410.79449894216197
2780,406.07533333333333,410.84999999999997,407.9906666666667,410.8479361392691
2790,406.08,410.89,407.98,410.90137333637625
2800,406.0853333333333,411.11,407.9926666666667,411.1316795231723
2810,406.09066666666666,411.33,408.00533333333334,411.36198570996834
2820,406.096,411.55,408.01800000000003,411.5922918967644
2830,406.10133333333334,411.77,408.03066666666666,411.8225980835605
2840,406.1066666666667,411.99,408.04333333333335,412.0529042703565
2850,406.112,412.21,408.05600000000004,412.28321045715256
2860,406.11733333333336,412.43,408.0686666666667,412.5135166439486
2870,406.12266666666665,412.65,408.08133333333336,412.74382283074465
2880,406.128,412.87,408.094,412.9741290175407
2890,406.1333333333333,413.09,408.1066666666667,413.20443520433673
2900,406.13866666666667,413.31,408.1193333333334,413.4347413911328
2910,406.144,413.53,408.132,413.6650475779289
2920,406.14933333333335,413.75,408.1446666666667,413.8953537647249
2930,406.1546666666667,413.96999999999997,408.1573333333333,414.12565995152096
2940,406.16,414.19,408.17,414.355966138317
2950,406.166,414.37066666666664,408.2,414.5323603618862
2960,406.172,414.55133333333333,408.23,414.70875458545544
2970,406.178,414.73199999999997,408.26,414.8851488090247
2980,406.184,414.91266666666667,408.29,415.06154303259393
2990,406.19,415.0933333333333,408.32,415.23793725616315
3000,406.196,415.274,408.35,415.41433147973237
3010,406.202,415.45466666666664,408.38,415.5907257033016
3020,406.208,415.63533333333334,408.41,415.76711992687086
3030,406.214,415.816,408.44,415.9435141504401
3040,406.22,415.99666666666667,408.47,416.1199083740093
3050,406.226,416.1773333333333,408.5,416.2963025975785
3060,406.232,416.358,408.53000000000003,416.47269682114774
3070,406.238,416.53866666666664,408.56,416.649091044717
3080,406.244,416.71933333333334,408.59000000000003,416.82548526828623
3090,406.25,416.9,408.62,417.00187949185545
3100,406.25666666666666,416.7953333333333,408.626,416.8935807992822
3110,406.2633333333333,416.69066666666663,408.632,416.78528210670885
3120,406.27,416.58599999999996,408.638,416.6769834141356
3130,406.2766666666667,416.48133333333334,408.644,416.56868472156225
3140,406.28333333333336,416.37666666666667,408.65,416.460386028989
3150,406.29,416.272,408.656,416.35208733641565
3160,406.2966666666667,416.1673333333333,408.662,416.2437886438424
3170,406.30333333333334,416.06266666666664,408.668,416.13548995126905
3180,406.31,415.95799999999997,408.674,416.0271912586958
3190,406.31666666666666,415.8533333333333,408.68,415.91889256612245
3200,406.3233333333333,415.7486666666666,408.686,415.8105938735492
3210,406.33000000000004,415.644,408.692,415.70229518097585
3220,406.3366666666667,415.53933333333333,408.698,415.5939964884026
3230,406.34333333333336,415.43466666666666,408.704,415.48569779582925
3240,406.35,415.33,408.71,415.377399103256
3250,406.3566666666667,415.45866666666666,408.72666666666663,415.51234743313233
3260,406.36333333333334,415.58733333333333,408.74333333333334,415.6472957630087
3270,406.37,415.716,408.76,415.78224409288504
3280,406.37666666666667,415.8446666666666,408.77666666666664,415.9171924227614
3290,406.3833333333333,415.9733333333333,408.7933333333333,416.05214075263774
3300,406.39,416.102,408.81,416.1870890825141
3310,406.39666666666665,416.23066666666665,408.82666666666665,416.32203741239044
3320,406.40333333333336,416.3593333333333,408.8433333333333,416.4569857422668
3330,406.41,416.488,408.85999999999996,416.59193407214315
3340,406.4166666666667,416.6166666666667,408.87666666666667,416.7268824020195
3350,406.42333333333335,416.74533333333335,408.8933333333333,416.86183073189585
3360,406.43,416.87399999999997,408.90999999999997,416.9967790617722
3370,406.43666666666667,417.00266666666664,408.9266666666666,417.13172739164855
3380,406.4433333333333,417.1313333333333,408.9433333333333,417.2666757215249
3390,406.45,417.26,408.96,417.40162405140126
3400,406.456,417.31,408.978,417.44971616374903
3410,406.462,417.36,408.996,417.4978082760968
3420,406.468,417.40999999999997,409.014,417.5459003884446
3430,406.474,417.46,409.032,417.5939925007924
3440,406.48,417.51,409.05,417.6420846131402
3450,406.486,417.56,409.068,417.69017672548796
3460,406.492,417.61,409.086,417.73826883783573
3470,406.498,417.65999999999997,409.104,417.7863609501835
3480,406.504,417.71,409.122,417.8344530625313
3490,406.51,417.76,409.14,417.88254517487906
3500,406.516,417.81,409.158,417.93063728722683
3510,406.522,417.86,409.176,417.97872939957466
3520,406.528,417.90999999999997,409.194,418.02682151192244
3530,406.534,417.96,409.212,418.0749136242702
3540,406.54,418.01,409.23,418.123005736618
3550,406.5466666666667,418.22933333333333,409.2546666666667,418.3577000672178
3560,406.55333333333334,418.44866666666667,409.27933333333334,418.5923943978176
3570,406.56,418.668,409.30400000000003,418.82708872841744
3580,406.56666666666666,418.88733333333334,409.32866666666666,419.0617830590173
3590,406.5733333333333,419.1066666666667,409.35333333333335,419.2964773896171
3600,406.58,419.326,409.37800000000004,419.5311717202169
3610,406.58666666666664,419.54533333333336,409.4026666666667,419.7658660508167
3620,406.59333333333336,419.76466666666664,409.42733333333337,420.00056038141656
3630,406.6,419.984,409.452,420.2352547120164
3640,406.6066666666667,420.2033333333333,409.4766666666667,420.4699490426162
3650,406.61333333333334,420.42266666666666,409.5013333333334,420.704643373216
3660,406.62,420.642,409.526,420.93933770381585
3670,406.62666666666667,420.86133333333333,409.5506666666667,421.1740320344157
3680,406.6333333333333,421.0806666666667,409.57533333333333,421.40872636501547
3690,406.64,421.3,409.6,421.6434206956153
3700,406.64733333333334,421.98133333333334,409.6806666666667,422.33817568024773
3710,406.6546666666666,422.66266666666667,409.76133333333337,423.0329306648802
3720,406.662,423.344,409.84200000000004,423.72768564951264
3730,406.6693333333333,424.0253333333333,409.92266666666666,424.4224406341451
3740,406.6766666666667,424.70666666666665,410.00333333333333,425.11719561877754
3750,406.68399999999997,425.388,410.084,425.81195060340997
3760,406.6913333333333,426.0693333333333,410.1646666666667,426.50670558804245
3770,406.69866666666667,426.7506666666667,410.24533333333335,427.2014605726749
3780,406.706,427.432,410.326,427.89621555730736
3790,406.7133333333333,428.11333333333334,410.4066666666667,428.5909705419398
3800,406.72066666666666,428.79466666666667,410.48733333333337,429.2857255265722
3810,406.728,429.476,410.568,429.9804805112047
3820,406.73533333333336,430.1573333333333,410.64866666666666,430.6752354958371
3830,406.74266666666665,430.83866666666665,410.72933333333333,431.3699904804696
3840,406.75,431.52,410.81,432.064745465102
3850,406.75666666666666,430.98199999999997,410.8186666666667,431.48846934815043
3860,406.7633333333333,430.44399999999996,410.82733333333334,430.91219323119884
3870,406.77,429.906,410.836,430.3359171142472
3880,406.7766666666667,429.368,410.8446666666667,429.7596409972956
3890,406.78333333333336,428.83,410.85333333333335,429.183364880344
3900,406.79,428.292,410.862,428.6070887633924
3910,406.7966666666667,427.75399999999996,410.8706666666667,428.03081264644084
3920,406.80333333333334,427.216,410.8793333333333,427.4545365294892
3930,406.81,426.678,410.888,426.8782604125376
3940,406.81666666666666,426.14,410.89666666666665,426.301984295586
3950,406.8233333333333,425.602,410.9053333333333,425.7257081786344
3960,406.83000000000004,425.06399999999996,410.914,425.14943206168283
3970,406.8366666666667,424.526,410.92266666666666,424.5731559447312
3980,406.84333333333336,423.988,410.9313333333333,423.9968798277796
3990,406.85,423.45,410.94,423.420603710828
4000,406.858,423.33799999999997,410.934,423.3197753113673
4010,406.86600000000004,423.226,410.928,423.2189469119067
4020,406.874,423.114,410.922,423.118118512446
4030,406.882,423.002,410.916,423.01729011298534
4040,406.89000000000004,422.89,410.91,422.91646171352465
4050,406.898,422.77799999999996,410.904,422.81563331406403
4060,406.906,422.666,410.898,422.71480491460335
4070,406.91400000000004,422.554,410.892,422.61397651514267
4080,406.922,422.442,410.886,422.513148115682
4090,406.93,422.33,410.88,422.41231971622136
4100,406.93800000000005,422.21799999999996,410.874,422.3114913167607
4110,406.946,422.106,410.868,422.2106629173
4120,406.954,421.99399999999997,410.862,422.1098345178393
4130,406.96200000000005,421.882,410.856,422.0090061183787
4140,406.97,421.77,410.85,421.908177718918
4150,406.978,421.9353333333333,410.8726666666667,422.0795861871856
4160,406.98600000000005,422.10066666666665,410.8953333333333,422.25099465545327
4170,406.994,422.26599999999996,410.918,422.42240312372087
4180,407.002,422.4313333333333,410.9406666666667,422.59381159198847
4190,407.01,422.59666666666664,410.96333333333337,422.7652200602561
4200,407.01800000000003,422.762,410.986,422.9366285285237
4210,407.026,422.9273333333333,411.00866666666667,423.1080369967913
4220,407.034,423.0926666666667,411.03133333333335,423.279445465059
4230,407.042,423.258,411.05400000000003,423.4508539333266
4240,407.05,423.42333333333335,411.07666666666665,423.6222624015942
4250,407.058,423.58866666666665,411.09933333333333,423.79367086986184
4260,407.066,423.754,411.122,423.96507933812944
4270,407.07399999999996,423.9193333333333,411.1446666666667,424.13648780639704
4280,407.082,424.0846666666667,411.1673333333333,424.3078962746647
4290,407.09,424.25,411.19,424.4793047429323
4300,407.09933333333333,424.4866666666667,411.22866666666664,424.71973922916555
4310,407.10866666666664,424.72333333333336,411.26733333333334,424.9601737153988
4320,407.118,424.96,411.306,425.20060820163206
4330,407.1273333333333,425.19666666666666,411.3446666666667,425.44104268786526
4340,407.13666666666666,425.43333333333334,411.3833333333333,425.6814771740985
4350,407.146,425.67,411.42199999999997,425.9219116603318
4360,407.1553333333333,425.9066666666667,411.46066666666667,426.162346146565
4370,407.1646666666667,426.1433333333333,411.4993333333333,426.4027806327983
4380,407.174,426.38,411.538,426.64321511903154
4390,407.18333333333334,426.6166666666667,411.57666666666665,426.8836496052648
4400,407.1926666666667,426.85333333333335,411.6153333333333,427.12408409149805
4410,407.202,427.09000000000003,411.654,427.36451857773125
4420,407.21133333333336,427.32666666666665,411.69266666666664,427.6049530639645
4430,407.22066666666666,427.56333333333333,411.73133333333334,427.84538755019776
4440,407.23,427.8,411.77,428.085822036431
4450,407.24,428.0733333333333,411.8193333333333,428.36390563936095
4460,407.25,428.3466666666667,411.8686666666666,428.6419892422909
4470,407.26,428.62,411.918,428.9200728452209
4480,407.27000000000004,428.8933333333333,411.96733333333333,429.1981564481508
4490,407.28000000000003,429.1666666666667,412.01666666666665,429.47624005108077
4500,407.29,429.44,412.066,429.7543236540107
4510,407.3,429.7133333333333,412.1153333333333,430.03240725694064
4520,407.31,429.9866666666667,412.1646666666667,430.31049085987064
4530,407.32,430.26,412.214,430.5885744628006
4540,407.33,430.5333333333333,412.2633333333333,430.8666580657305
4550,407.34,430.8066666666667,412.31266666666664,431.14474166866046
4560,407.35,431.08,412.36199999999997,431.4228252715904
4570,407.36,431.3533333333333,412.41133333333335,431.7009088745204
4580,407.37,431.62666666666667,412.46066666666667,431.97899247745033
4590,407.38,431.9,412.51,432.2570760803803
4600,407.3913333333333,431.972,412.554,432.32197962805475
4610,407.4026666666667,432.044,412.598,432.3868831757292
4620,407.414,432.116,412.642,432.4517867234037
4630,407.42533333333336,432.188,412.686,432.51669027107823
4640,407.43666666666667,432.26,412.73,432.5815938187527
4650,407.448,432.332,412.774,432.6464973664272
4660,407.45933333333335,432.404,412.818,432.71140091410166
4670,407.47066666666666,432.476,412.862,432.77630446177614
4680,407.482,432.548,412.906,432.8412080094506
4690,407.49333333333334,432.62,412.95,432.9061115571251
4700,407.50466666666665,432.692,412.994,432.97101510479956
4710,407.516,432.764,413.038,433.0359186524741
4720,407.52733333333333,432.836,413.082,433.10082220014857
4730,407.5386666666667,432.908,413.12600000000003,433.16572574782305
4740,407.55,432.98,413.17,433.2306292954975
4750,407.5613333333333,432.88,413.1933333333333,433.1238534269166
4760,407.5726666666667,432.78000000000003,413.2166666666667,433.0170775583357
4770,407.584,432.68,413.24,432.91030168975476
4780,407.5953333333334,432.58000000000004,413.2633333333333,432.8035258211739
4790,407.6066666666667,432.48,413.2866666666667,432.69674995259294
4800,407.618,432.38,413.31,432.589974084012
4810,407.62933333333336,432.28000000000003,413.3333333333333,432.4831982154311
4820,407.6406666666667,432.18,413.3566666666667,432.3764223468502
4830,407.65200000000004,432.08000000000004,413.38,432.2696464782693
4840,407.66333333333336,431.98,413.4033333333333,432.16287060968835
4850,407.67466666666667,431.88,413.4266666666667,432.0560947411074
4860,407.68600000000004,431.78000000000003,413.45,431.94931887252653
4870,407.69733333333335,431.68,413.4733333333333,431.8425430039456
4880,407.7086666666667,431.58000000000004,413.49666666666667,431.7357671353647
4890,407.72,431.48,413.52,431.62899126678377
4900,407.7326666666667,431.2486666666667,413.522,431.3920366209475
4910,407.74533333333335,431.01733333333334,413.524,431.1550819751113
4920,407.75800000000004,430.786,413.526,430.918127329275
4930,407.77066666666667,430.55466666666666,413.52799999999996,430.6811726834388
4940,407.78333333333336,430.3233333333333,413.53,430.4442180376025
4950,407.79600000000005,430.092,413.532,430.2072633917663
4960,407.8086666666667,429.86066666666665,413.534,429.97030874593
4970,407.82133333333337,429.62933333333336,413.536,429.7333541000937
4980,407.834,429.398,413.538,429.49639945425747
4990,407.8466666666667,429.1666666666667,413.54,429.2594448084212
5000,407.8593333333334,428.93533333333335,413.54200000000003,429.022490162585
5010,407.872,428.704,413.544,428.7855355167487
5020,407.8846666666667,428.47266666666667,413.546,428.5485808709125
5030,407.89733333333334,428.24133333333333,413.548,428.3116262250762
5040,407.91,428.01,413.55,428.07467157924
5050,407.92333333333335,427.9313333333333,413.552,427.9982088543659
5060,407.93666666666667,427.85266666666666,413.55400000000003,427.9217461294918
5070,407.95000000000005,427.774,413.556,427.8452834046177
5080,407.96333333333337,427.69533333333334,413.558,427.76882067974356
5090,407.9766666666667,427.6166666666667,413.56,427.69235795486946
5100,407.99,427.538,413.562,427.6158952299954
5110,408.00333333333333,427.45933333333335,413.564,427.5394325051213
5120,408.0166666666667,427.3806666666666,413.566,427.4629697802472
5130,408.03000000000003,427.30199999999996,413.568,427.3865070553731
5140,408.04333333333335,427.2233333333333,413.57,427.310044330499
5150,408.0566666666667,427.14466666666664,413.572,427.2335816056249
5160,408.07,427.066,413.574,427.1571188807508
5170,408.08333333333337,426.9873333333333,413.57599999999996,427.0806561558767
5180,408.0966666666667,426.90866666666665,413.578,427.0041934310026
5190,408.11,426.83,413.58,426.9277307061285
5200,408.12466666666666,427.256,413.6166666666667,427.3771537160576
5210,408.13933333333335,427.682,413.6533333333333,427.8265767259866
5220,408.154,428.108,413.69,428.2759997359157
5230,408.1686666666667,428.534,413.72666666666663,428.72542274584475
5240,408.18333333333334,428.96,413.7633333333333,429.17484575577384
5250,408.198,429.386,413.8,429.6242687657029
5260,408.2126666666667,429.812,413.83666666666664,430.07369177563197
5270,408.2273333333333,430.238,413.87333333333333,430.523114785561
5280,408.242,430.664,413.90999999999997,430.9725377954901
5290,408.25666666666666,431.09000000000003,413.94666666666666,431.42196080541913
5300,408.2713333333333,431.516,413.98333333333335,431.8713838153482
5310,408.286,431.942,414.02,432.32080682527726
5320,408.30066666666664,432.368,414.0566666666667,432.77022983520635
5330,408.31533333333334,432.79400000000004,414.0933333333333,433.2196528451354
5340,408.33,433.22,414.13,433.6690758550645
5350,408.346,433.68333333333334,414.20866666666666,434.12671316642457
5360,408.36199999999997,434.1466666666667,414.2873333333333,434.5843504777846
5370,408.378,434.61,414.366,435.0419877891447
5380,408.394,435.0733333333334,414.44466666666665,435.4996251005048
5390,408.40999999999997,435.5366666666667,414.5233333333333,435.9572624118648
5400,408.426,436.0,414.602,436.4148997232249
5410,408.442,436.46333333333337,414.68066666666664,436.872537034585
5420,408.45799999999997,436.9266666666667,414.75933333333336,437.330174345945
5430,408.474,437.39000000000004,414.838,437.7878116573051
5440,408.49,437.85333333333335,414.9166666666667,438.2454489686652
5450,408.506,438.31666666666666,414.99533333333335,438.7030862800252
5460,408.522,438.78000000000003,415.074,439.1607235913853
5470,408.538,439.24333333333334,415.1526666666667,439.6183609027454
5480,408.554,439.7066666666667,415.23133333333334,440.0759982141054
5490,408.57,440.17,415.31,440.5336355254655
5500,408.586,440.12333333333333,415.35066666666665,440.4818157048844
5510,408.602,440.0766666666667,415.39133333333336,440.4299958843033
5520,408.618,440.03000000000003,415.432,440.3781760637222
5530,408.634,439.98333333333335,415.47266666666667,440.3263562431411
5540,408.65,439.93666666666667,415.5133333333333,440.27453642256
5550,408.666,439.89000000000004,415.55400000000003,440.2227166019789
5560,408.682,439.84333333333336,415.5946666666667,440.1708967813978
5570,408.698,439.7966666666667,415.63533333333334,440.1190769608167
5580,408.714,439.75,415.676,440.0672571402356
5590,408.73,439.7033333333334,415.7166666666667,440.0154373196545
5600,408.746,439.6566666666667,415.75733333333335,439.9636174990734
5610,408.762,439.61,415.798,439.9117976784923
5620,408.778,439.56333333333333,415.83866666666665,439.8599778579112
5630,408.794,439.5166666666667,415.87933333333336,439.8081580373301
5640,408.81,439.47,415.92,439.756338216749
5650,408.82666666666665,439.1886666666667,415.9306666666667,439.46317260678404
5660,408.84333333333336,438.9073333333334,415.9413333333333,439.1700069968191
5670,408.86,438.62600000000003,415.952,438.87684138685415
5680,408.87666666666667,438.3446666666667,415.9626666666667,438.58367577688915
5690,408.8933333333333,438.06333333333333,415.97333333333336,438.2905101669242
5700,408.91,437.78200000000004,415.984,437.99734455695926
5710,408.9266666666667,437.5006666666667,415.99466666666666,437.7041789469943
5720,408.9433333333333,437.21933333333334,416.00533333333334,437.4110133370294
5730,408.96,436.938,416.016,437.11784772706443
5740,408.9766666666667,436.6566666666667,416.02666666666664,436.8246821170995
5750,408.99333333333334,436.37533333333334,416.0373333333333,436.53151650713454
5760,409.01,436.094,416.048,436.23835089716954
5770,409.02666666666664,435.81266666666664,416.0586666666667,435.9451852872046
5780,409.04333333333335,435.53133333333335,416.0693333333333,435.65201967723965
5790,409.06,435.25,416.08,435.3588540672747
5800,409.07733333333334,435.1173333333333,416.0826666666666,435.2288935419179
5810,409.0946666666667,434.98466666666667,416.0853333333333,435.09893301656115
5820,409.112,434.852,416.08799999999997,434.96897249120434
5830,409.1293333333333,434.71933333333334,416.09066666666666,434.8390119658476
5840,409.14666666666665,434.58666666666664,416.0933333333333,434.7090514404908
5850,409.164,434.454,416.096,434.57909091513403
5860,409.1813333333333,434.3213333333333,416.09866666666665,434.4491303897772
5870,409.19866666666667,434.1886666666667,416.10133333333334,434.3191698644205
5880,409.216,434.056,416.104,434.18920933906367
5890,409.23333333333335,433.92333333333335,416.1066666666667,434.0592488137069
5900,409.2506666666667,433.79066666666665,416.1093333333333,433.9292882883501
5910,409.268,433.658,416.112,433.79932776299336
5920,409.2853333333333,433.5253333333333,416.11466666666666,433.66936723763655
5930,409.30266666666665,433.3926666666667,416.11733333333336,433.5394067122798
5940,409.32,433.26,416.12,433.409446186923
5950,409.33799999999997,433.34866666666665,416.136,433.5079726520296
5960,409.356,433.4373333333333,416.152,433.60649911713625
5970,409.37399999999997,433.526,416.168,433.70502558224285
5980,409.392,433.61466666666666,416.184,433.80355204734946
5990,409.40999999999997,433.7033333333333,416.2,433.9020785124561
6000,409.428,433.792,416.216,434.0006049775627
6010,409.44599999999997,433.8806666666666,416.232,434.0991314426693
6020,409.464,433.96933333333334,416.248,434.197657907776
6030,409.48199999999997,434.058,416.264,434.2961843728826
6040,409.5,434.14666666666665,416.28000000000003,434.3947108379892
6050,409.518,434.2353333333333,416.296,434.49323730309584
6060,409.536,434.32399999999996,416.312,434.59176376820244
6070,409.554,434.41266666666667,416.32800000000003,434.69029023330904
6080,409.572,434.5013333333333,416.344,434.7888166984157
6090,409.59,434.59,416.36,434.8873431635223
6100,409.6093333333333,434.974,416.41200000000003,435.27963852494753
6110,409.6286666666666,435.358,416.464,435.6719338863728
6120,409.64799999999997,435.74199999999996,416.516,436.06422924779804
6130,409.6673333333333,436.126,416.568,436.45652460922327
6140,409.68666666666667,436.51,416.62,436.84881997064855
6150,409.70599999999996,436.894,416.672,437.2411153320738
6160,409.7253333333333,437.278,416.724,437.633410693499
6170,409.74466666666666,437.662,416.776,438.0257060549243
6180,409.764,438.046,416.828,438.4180014163495
6190,409.7833333333333,438.43,416.88,438.81029677777474
6200,409.80266666666665,438.814,416.932,439.2025921392
6210,409.822,439.19800000000004,416.984,439.59488750062525
6220,409.84133333333335,439.582,417.036,439.9871828620505
6230,409.86066666666665,439.966,417.08799999999997,440.37947822347576
6240,409.88,440.35,417.14,440.771773584901
6250,409.9,440.6586666666667,417.20266666666663,441.08285688710527
6260,409.92,440.96733333333333,417.26533333333333,441.3939401893095
6270,409.94,441.276,417.328,441.70502349151377
6280,409.96,441.5846666666667,417.3906666666667,442.016106793718
6290,409.98,441.8933333333334,417.4533333333333,442.3271900959223
6300,410.0,442.202,417.51599999999996,442.6382733981265
6310,410.02,442.5106666666667,417.57866666666666,442.9493567003308
6320,410.04,442.81933333333336,417.6413333333333,443.260440002535
6330,410.06,443.12800000000004,417.704,443.5715233047393
6340,410.08,443.43666666666667,417.76666666666665,443.8826066069435
6350,410.1,443.74533333333335,417.8293333333333,444.1936899091478
6360,410.12,444.05400000000003,417.892,444.504773211352
6370,410.14,444.3626666666667,417.95466666666664,444.8158565135563
6380,410.16,444.67133333333334,418.01733333333334,445.1269398157605
6390,410.18,444.98,418.08,445.4380231179648
6400,410.2,445.00333333333333,418.13,445.4504863899472
6410,410.22,445.0266666666667,418.18,445.46294966192954
6420,410.24,445.05,418.22999999999996,445.4754129339119
6430,410.26,445.0733333333333,418.28,445.48787620589434
6440,410.28000000000003,445.0966666666667,418.33,445.5003394778767
6450,410.3,445.12,418.38,445.5128027498591
6460,410.32,445.1433333333333,418.43,445.52526602184145
6470,410.34000000000003,445.1666666666667,418.47999999999996,445.5377292938238
6480,410.36,445.19,418.53,445.5501925658062
6490,410.38,445.2133333333333,418.58,445.56265583778855
6500,410.40000000000003,445.2366666666667,418.63,445.5751191097709
6510,410.42,445.26,418.68,445.58758238175335
6520,410.44,445.2833333333333,418.72999999999996,445.6000456537357
6530,410.46000000000004,445.3066666666667,418.78,445.6125089257181
6540,410.48,445.33,418.83,445.62497219770046
6550,410.5013333333334,445.2033333333333,418.8553333333333,445.4947275259628
6560,410.5226666666667,445.07666666666665,418.8806666666666,445.3644828542251
6570,410.54400000000004,444.95,418.906,445.2342381824874
6580,410.56533333333334,444.8233333333333,418.9313333333333,445.1039935107497
6590,410.5866666666667,444.69666666666666,418.95666666666665,444.97374883901205
6600,410.608,444.57,418.98199999999997,444.8435041672744
6610,410.62933333333336,444.4433333333333,419.0073333333333,444.7132594955367
6620,410.65066666666667,444.31666666666666,419.03266666666667,444.583014823799
6630,410.672,444.19,419.058,444.4527701520613
6640,410.6933333333333,444.06333333333333,419.0833333333333,444.32252548032363
6650,410.7146666666667,443.93666666666667,419.10866666666664,444.19228080858596
6660,410.736,443.81,419.13399999999996,444.0620361368483
6670,410.75733333333335,443.68333333333334,419.15933333333334,443.93179146511056
6680,410.77866666666665,443.5566666666667,419.18466666666666,443.8015467933729
6690,410.8,443.43,419.21,443.6713021216352
6700,410.8206666666667,443.31600000000003,419.226,443.55426159267927
6710,410.84133333333335,443.202,419.24199999999996,443.4372210637233
6720,410.862,443.088,419.258,443.32018053476736
6730,410.8826666666667,442.974,419.274,443.20314000581146
6740,410.90333333333336,442.86,419.28999999999996,443.0860994768555
6750,410.92400000000004,442.74600000000004,419.306,442.96905894789955
6760,410.9446666666667,442.632,419.322,442.8520184189436
6770,410.9653333333333,442.51800000000003,419.33799999999997,442.73497788998765
6780,410.986,442.404,419.354,442.6179373610317
6790,411.00666666666666,442.29,419.37,442.50089683207574
6800,411.02733333333333,442.17600000000004,419.38599999999997,442.3838563031198
6810,411.048,442.062,419.402,442.2668157741639
6820,411.0686666666667,441.94800000000004,419.418,442.14977524520793
6830,411.08933333333334,441.834,419.43399999999997,442.032734716252
6840,411.11,441.72,419.45,441.915694187296
6850,411.1326666666667,442.1966666666667,419.50866666666667,442.41358266466716
6860,411.1553333333333,442.67333333333335,419.5673333333333,442.91147114203835
6870,411.178,443.15000000000003,419.626,443.4093596194095
6880,411.2006666666667,443.62666666666667,419.68466666666666,443.9072480967806
6890,411.22333333333336,444.10333333333335,419.74333333333334,444.40513657415175
6900,411.246,444.58000000000004,419.80199999999996,444.90302505152295
6910,411.26866666666666,445.0566666666667,419.86066666666665,445.4009135288941
6920,411.29133333333334,445.53333333333336,419.9193333333333,445.8988020062652
6930,411.314,446.01,419.978,446.39669048363635
6940,411.33666666666664,446.4866666666667,420.03666666666663,446.89457896100754
6950,411.3593333333333,446.96333333333337,420.0953333333333,447.3924674383787
6960,411.382,447.44,420.154,447.8903559157498
6970,411.4046666666667,447.9166666666667,420.2126666666667,448.38824439312094
6980,411.4273333333333,448.3933333333333,420.2713333333333,448.88613287049213
6990,411.45,448.87,420.33,449.38402134786327
7000,411.47266666666667,448.824,420.378,449.3191095962871
7010,411.49533333333335,448.778,420.426,449.2541978447109
7020,411.518,448.732,420.474,449.1892860931347
7030,411.54066666666665,448.686,420.522,449.1243743415585
7040,411.56333333333333,448.64,420.57,449.05946258998233
7050,411.586,448.594,420.618,448.99455083840616
7060,411.6086666666667,448.548,420.666,448.92963908683
7070,411.6313333333333,448.502,420.714,448.86472733525375
7080,411.654,448.456,420.762,448.79981558367757
7090,411.6766666666667,448.41,420.81,448.7349038321014
7100,411.69933333333336,448.36400000000003,420.858,448.6699920805252
7110,411.72200000000004,448.318,420.906,448.60508032894904
7120,411.74466666666666,448.272,420.954,448.5401685773728
7130,411.76733333333334,448.226,421.002,448.47525682579663
7140,411.79,448.18,421.05,448.41034507422046
7150,411.814,448.0566666666667,421.06466666666665,448.2951774945506
7160,411.838,447.93333333333334,421.07933333333335,448.1800099148807
7170,411.862,447.81,421.094,448.06484233521087
7180,411.886,447.68666666666667,421.1086666666667,447.949674755541
7190,411.91,447.56333333333333,421.12333333333333,447.8345071758711
7200,411.934,447.44,421.138,447.7193395962013
7210,411.958,447.31666666666666,421.1526666666667,447.60417201653144
7220,411.98199999999997,447.1933333333333,421.1673333333333,447.48900443686153
7230,412.006,447.07,421.182,447.3738368571917
7240,412.03,446.94666666666666,421.19666666666666,447.25866927752185
7250,412.054,446.8233333333333,421.2113333333333,447.14350169785195
7260,412.078,446.7,421.226,447.0283341181821
7270,412.102,446.57666666666665,421.24066666666664,446.91316653851226
7280,412.126,446.4533333333333,421.25533333333334,446.79799895884236
7290,412.15,446.33,421.27,446.6828313791725
7300,412.17466666666667,446.66999999999996,421.32399999999996,447.0299523722626
7310,412.1993333333333,447.01,421.378,447.3770733653527
7320,412.224,447.34999999999997,421.43199999999996,447.7241943584428
7330,412.2486666666666,447.69,421.486,448.0713153515329
7340,412.2733333333333,448.03,421.53999999999996,448.418436344623
7350,412.298,448.37,421.594,448.7655573377131
7360,412.32266666666663,448.71,421.64799999999997,449.1126783308032
7370,412.3473333333333,449.05,421.702,449.4597993238933
7380,412.37199999999996,449.39,421.756,449.8069203169834
7390,412.39666666666665,449.73,421.81,450.1540413100735
7400,412.42133333333334,450.07,421.864,450.5011623031636
7410,412.44599999999997,450.41,421.918,450.8482832962537
7420,412.47066666666666,450.75,421.972,451.1954042893438
7430,412.4953333333333,451.09000000000003,422.026,451.5425252824339
7440,412.52,451.43,422.08,451.889646275524
7450,412.5453333333333,451.3,422.11199999999997,451.74646527184
7460,412.5706666666666,451.17,422.144,451.603284268156
7470,412.596,451.04,422.176,451.460103264472
7480,412.6213333333333,450.91,422.20799999999997,451.316922260788
7490,412.64666666666665,450.78000000000003,422.24,451.173741257104
7500,412.67199999999997,450.65000000000003,422.272,451.03056025342
7510,412.6973333333333,450.52000000000004,422.304,450.887379249736
7520,412.72266666666667,450.39,422.336,450.744198246052
7530,412.748,450.26,422.368,450.601017242368
7540,412.7733333333333,450.13,422.4,450.457836238684
7550,412.79866666666663,450.0,422.432,450.31465523500003
7560,412.82399999999996,449.87,422.464,450.171474231316
7570,412.84933333333333,449.74,422.496,450.028293227632
7580,412.87466666666666,449.61,422.528,449.885112223948
7590,412.9,449.48,422.56,449.741931220264
7600,412.9266666666666,449.6106666666667,422.596,449.88265594255535
7610,412.9533333333333,449.74133333333333,422.632,450.0233806648467
7620,412.97999999999996,449.872,422.668,450.164105387138
7630,413.00666666666666,450.0026666666667,422.704,450.30483010942936
7640,413.0333333333333,450.1333333333333,422.74,450.4455548317207
7650,413.06,450.264,422.776,450.58627955401204
7660,413.08666666666664,450.3946666666667,422.812,450.7270042763034
7670,413.11333333333334,450.5253333333333,422.848,450.86772899859466
7680,413.14,450.656,422.884,451.008453720886
7690,413.1666666666667,450.7866666666667,422.92,451.14917844317733
7700,413.1933333333333,450.9173333333333,422.956,451.2899031654687
7710,413.22,451.048,422.992,451.43062788776
7720,413.24666666666667,451.1786666666667,423.028,451.57135261005135
7730,413.27333333333337,451.3093333333333,423.064,451.7120773323427
7740,413.3,451.44,423.1,451.852802054634
7750,413.32666666666665,451.6546666666667,423.1546666666667,452.0668694547782
7760,413.35333333333335,451.8693333333333,423.20933333333335,452.2809368549224
7770,413.38,452.084,423.264,452.4950042550666
7780,413.4066666666667,452.2986666666667,423.3186666666667,452.7090716552107
7790,413.43333333333334,452.5133333333333,423.37333333333333,452.9231390553549
7800,413.46,452.728,423.428,453.1372064554991
7810,413.4866666666667,452.9426666666667,423.48266666666666,453.3512738556433
7820,413.5133333333333,453.1573333333333,423.5373333333334,453.5653412557875
7830,413.54,453.372,423.59200000000004,453.77940865593166
7840,413.56666666666666,453.5866666666667,423.6466666666667,453.99347605607585
7850,413.5933333333333,453.80133333333333,423.70133333333337,454.20754345622004
7860,413.62,454.016,423.75600000000003,454.42161085636417
7870,413.64666666666665,454.2306666666667,423.8106666666667,454.63567825650836
7880,413.67333333333335,454.44533333333334,423.86533333333335,454.84974565665254
7890,413.7,454.66,423.92,455.06381305679673
7900,413.728,454.73733333333337,423.96733333333333,455.1406600866713
7910,413.756,454.8146666666667,424.0146666666667,455.21750711654585
7920,413.784,454.892,424.062,455.2943541464204
7930,413.812,454.96933333333334,424.1093333333333,455.3712011762949
7940,413.84,455.0466666666667,424.1566666666667,455.44804820616946
7950,413.868,455.124,424.204,455.524895236044
7960,413.896,455.20133333333337,424.2513333333333,455.6017422659186
7970,413.924,455.27866666666665,424.2986666666667,455.67858929579313
7980,413.952,455.356,424.346,455.7554363256677
7990,413.98,455.43333333333334,424.3933333333333,455.83228335554224
8000,414.008,455.5106666666667,424.4406666666667,455.9091303854168
8010,414.036,455.588,424.488,455.9859774152913
8020,414.064,455.6653333333333,424.5353333333333,456.06282444516586
8030,414.092,455.74266666666665,424.5826666666667,456.1396714750404
8040,414.12,455.82,424.63,456.216518504915
8050,414.148,455.86266666666666,424.67333333333335,456.25799545106804
8060,414.176,455.9053333333333,424.71666666666664,456.2994723972211
8070,414.204,455.948,424.76,456.3409493433741
8080,414.232,455.99066666666664,424.80333333333334,456.3824262895272
8090,414.26,456.0333333333333,424.84666666666664,456.42390323568026
8100,414.288,456.07599999999996,424.89,456.4653801818333
8110,414.31600000000003,456.1186666666666,424.93333333333334,456.5068571279864
8120,414.344,456.16133333333335,424.97666666666663,456.5483340741394
8130,414.372,456.204,425.02,456.5898110202925
8140,414.40000000000003,456.24666666666667,425.06333333333333,456.63128796644554
8150,414.428,456.28933333333333,425.1066666666666,456.6727649125986
8160,414.456,456.332,425.15,456.7142418587517
8170,414.48400000000004,456.37466666666666,425.1933333333333,456.7557188049047
8180,414.512,456.4173333333333,425.2366666666666,456.79719575105776
8190,414.54,456.46,425.28,456.8386726972108
8200,414.56933333333336,456.46666666666664,425.3186666666666,456.8432806819878
8210,414.5986666666667,456.4733333333333,425.3573333333333,456.8478886667648
8220,414.62800000000004,456.47999999999996,425.39599999999996,456.85249665154174
8230,414.6573333333333,456.4866666666667,425.43466666666666,456.85710463631875
8240,414.68666666666667,456.49333333333334,425.4733333333333,456.8617126210957
8250,414.716,456.5,425.512,456.8663206058727
8260,414.74533333333335,456.50666666666666,425.55066666666664,456.87092859064967
8270,414.7746666666667,456.5133333333333,425.58933333333334,456.8755365754267
8280,414.80400000000003,456.52,425.628,456.88014456020363
8290,414.83333333333337,456.52666666666664,425.6666666666667,456.88475254498064
8300,414.8626666666667,456.5333333333333,425.70533333333333,456.8893605297576
8310,414.892,456.54,425.744,456.8939685145346
8320,414.92133333333334,456.5466666666667,425.78266666666667,456.89857649931156
8330,414.9506666666667,456.55333333333334,425.82133333333337,456.90318448408857
8340,414.98,456.56,425.86,456.9077924688655
8350,415.00933333333336,456.46733333333333,425.88866666666667,456.8076410735221
8360,415.0386666666667,456.37466666666666,425.9173333333334,456.7074896781787
8370,415.06800000000004,456.282,425.946,456.60733828283526
8380,415.0973333333333,456.18933333333337,425.9746666666667,456.50718688749186
8390,415.12666666666667,456.0966666666667,426.00333333333333,456.40703549214845
8400,415.156,456.004,426.03200000000004,456.30688409680505
8410,415.18533333333335,455.91133333333335,426.0606666666667,456.20673270146165
8420,415.2146666666667,455.8186666666667,426.08933333333334,456.1065813061182
8430,415.244,455.726,426.118,456.0064299107748
8440,415.27333333333337,455.6333333333333,426.1466666666667,455.9062785154314
8450,415.3026666666667,455.54066666666665,426.17533333333336,455.806127120088
8460,415.332,455.44800000000004,426.204,455.7059757247446
8470,415.36133333333333,455.35533333333336,426.23266666666666,455.6058243294011
8480,415.3906666666667,455.2626666666667,426.26133333333337,455.5056729340577
8490,415.42,455.17,426.29,455.4055215387143
8500,415.4506666666667,454.9026666666667,426.29533333333336,455.13272034450614
8510,415.48133333333334,454.63533333333334,426.3006666666667,454.859919150298
8520,415.512,454.368,426.30600000000004,454.58711795608986
8530,415.54266666666666,454.1006666666667,426.3113333333333,454.3143167618817
8540,415.5733333333333,453.83333333333337,426.31666666666666,454.0415155676735
8550,415.604,453.56600000000003,426.322,453.7687143734654
8560,415.63466666666665,453.2986666666667,426.32733333333334,453.49591317925723
8570,415.66533333333336,453.03133333333335,426.3326666666667,453.22311198504906
8580,415.696,452.764,426.338,452.9503107908409
8590,415.7266666666667,452.49666666666667,426.34333333333336,452.6775095966328
8600,415.75733333333335,452.22933333333333,426.3486666666667,452.4047084024246
8610,415.788,451.96200000000005,426.354,452.13190720821643
8620,415.8186666666667,451.6946666666667,426.3593333333333,451.85910601400826
8630,415.84933333333333,451.42733333333337,426.36466666666666,451.58630481980015
8640,415.88,451.16,426.37,451.313503625592
8650,415.91133333333335,452.18533333333335,426.4666666666667,452.38423895762105
8660,415.94266666666664,453.21066666666667,426.56333333333333,453.4549742896502
8670,415.974,454.23600000000005,426.66,454.52570962167925
8680,416.00533333333334,455.26133333333337,426.75666666666666,455.5964449537084
8690,416.0366666666667,456.2866666666667,426.85333333333335,456.66718028573746
8700,416.068,457.312,426.95,457.7379156177666
8710,416.09933333333333,458.33733333333333,427.0466666666667,458.80865094979566
8720,416.1306666666667,459.3626666666667,427.1433333333333,459.8793862818248
8730,416.16200000000003,460.38800000000003,427.24,460.95012161385387
8740,416.1933333333333,461.41333333333336,427.33666666666664,462.020856945883
8750,416.2246666666667,462.4386666666667,427.43333333333334,463.09159227791207
8760,416.25600000000003,463.464,427.53,464.1623276099412
8770,416.2873333333334,464.4893333333334,427.62666666666667,465.2330629419703
8780,416.3186666666667,465.5146666666667,427.7233333333333,466.3037982739994
8790,416.35,466.54,427.82,467.3745336060285
8800,416.3813333333334,466.7246666666667,427.916,467.5330443647468
8810,416.41266666666667,466.90933333333334,428.012,467.6915551234651
8820,416.444,467.094,428.108,467.8500658821834
8830,416.47533333333337,467.2786666666667,428.204,468.0085766409017
8840,416.50666666666666,467.46333333333337,428.3,468.16708739962
8850,416.538,467.648,428.396,468.3255981583383
8860,416.56933333333336,467.8326666666667,428.492,468.48410891705663
8870,416.60066666666665,468.01733333333334,428.58799999999997,468.6426196757749
8880,416.632,468.202,428.68399999999997,468.8011304344932
8890,416.66333333333336,468.38666666666666,428.78,468.9596411932115
8900,416.69466666666665,468.5713333333333,428.876,469.1181519519298
8910,416.726,468.75600000000003,428.972,469.2766627106481
8920,416.75733333333335,468.9406666666667,429.068,469.4351734693664
8930,416.78866666666664,469.12533333333334,429.164,469.5936842280847
8940,416.82,469.31,429.26,469.75219498680303
8950,416.85266666666666,469.17333333333335,429.30133333333333,469.61779657528797
8960,416.88533333333334,469.0366666666667,429.3426666666667,469.4833981637729
8970,416.918,468.9,429.384,469.34899975225784
8980,416.9506666666667,468.7633333333333,429.4253333333333,469.2146013407428
8990,416.98333333333335,468.62666666666667,429.46666666666664,469.0802029292277
9000,417.016,468.49,429.508,468.94580451771265
9010,417.0486666666667,468.35333333333335,429.5493333333333,468.8114061061976
9020,417.0813333333333,468.21666666666664,429.59066666666666,468.67700769468246
9030,417.114,468.08,429.632,468.5426092831674
9040,417.14666666666665,467.9433333333333,429.67333333333335,468.40821087165233
9050,417.1793333333333,467.8066666666667,429.7146666666667,468.27381246013726
9060,417.212,467.67,429.756,468.1394140486222
9070,417.24466666666666,467.5333333333333,429.7973333333333,468.00501563710714
9080,417.27733333333333,467.39666666666665,429.83866666666665,467.87061722559207
9090,417.31,467.26,429.88,467.736218814077
9100,417.3426666666667,467.44866666666667,429.9406666666667,467.928226635406
9110,417.37533333333334,467.63733333333334,430.0013333333333,468.120234456735
9120,417.408,467.82599999999996,430.062,468.312242278064
9130,417.4406666666667,468.01466666666664,430.12266666666665,468.504250099393
9140,417.47333333333336,468.2033333333333,430.18333333333334,468.696257920722
9150,417.50600000000003,468.392,430.244,468.888265742051
9160,417.5386666666667,468.5806666666667,430.30466666666666,469.08027356338
9170,417.5713333333333,468.7693333333333,430.36533333333335,469.272281384709
9180,417.604,468.95799999999997,430.426,469.464289206038
9190,417.63666666666666,469.14666666666665,430.4866666666667,469.656297027367
9200,417.6693333333333,469.3353333333333,430.54733333333337,469.848304848696
9210,417.702,469.524,430.608,470.040312670025
9220,417.73466666666667,469.7126666666666,430.6686666666667,470.232320491354
9230,417.76733333333334,469.9013333333333,430.72933333333333,470.424328312683
9240,417.8,470.09,430.79,470.616336134012
9250,417.83333333333337,469.8173333333333,430.81933333333336,470.3275487880205
9260,417.8666666666667,469.54466666666667,430.8486666666667,470.0387614420291
9270,417.90000000000003,469.272,430.87800000000004,469.74997409603765
9280,417.93333333333334,468.9993333333333,430.9073333333333,469.4611867500462
9290,417.9666666666667,468.72666666666663,430.93666666666667,469.1723994040547
9300,418.0,468.454,430.966,468.8836120580633
9310,418.03333333333336,468.1813333333333,430.99533333333335,468.59482471207184
9320,418.06666666666666,467.90866666666665,431.0246666666667,468.3060373660804
9330,418.1,467.63599999999997,431.05400000000003,468.0172500200889
9340,418.1333333333333,467.36333333333334,431.08333333333337,467.7284626740975
9350,418.1666666666667,467.09066666666666,431.1126666666667,467.43967532810603
9360,418.2,466.818,431.142,467.15088798211457
9370,418.23333333333335,466.5453333333333,431.17133333333334,466.8621006361231
9380,418.26666666666665,466.2726666666667,431.2006666666667,466.5733132901317
9390,418.3,466.0,431.23,466.2845259441402
9400,418.3346666666667,465.956,431.25533333333334,466.2469758701254
9410,418.3693333333333,465.912,431.28066666666666,466.2094257961107
9420,418.404,465.868,431.30600000000004,466.1718757220959
9430,418.4386666666667,465.824,431.33133333333336,466.13432564808113
9440,418.47333333333336,465.78,431.3566666666667,466.0967755740663
9450,418.508,465.736,431.382,466.0592255000515
9460,418.54266666666666,465.692,431.4073333333333,466.0216754260368
9470,418.57733333333334,465.64799999999997,431.4326666666667,465.984125352022
9480,418.612,465.604,431.458,465.94657527800723
9490,418.64666666666665,465.56,431.48333333333335,465.9090252039924
9500,418.6813333333333,465.51599999999996,431.50866666666667,465.8714751299776
9510,418.716,465.472,431.534,465.8339250559629
9520,418.7506666666667,465.428,431.55933333333337,465.7963749819481
9530,418.7853333333333,465.38399999999996,431.5846666666667,465.75882490793333
9540,418.82,465.34,431.61,465.7212748339185
9550,418.856,465.19533333333334,431.63666666666666,465.5605070128917
9560,418.892,465.05066666666664,431.66333333333336,465.3997391918649
9570,418.928,464.906,431.69,465.23897137083804
9580,418.964,464.7613333333333,431.7166666666667,465.07820354981124
9590,419.0,464.6166666666667,431.74333333333334,464.9174357287844
9600,419.036,464.472,431.77,464.7566679077576
9610,419.072,464.32733333333334,431.7966666666667,464.5959000867308
9620,419.108,464.18266666666665,431.8233333333333,464.43513226570394
9630,419.144,464.038,431.85,464.27436444467713
9640,419.18,463.8933333333333,431.87666666666667,464.1135966236503
9650,419.216,463.7486666666667,431.9033333333333,463.9528288026235
9660,419.252,463.604,431.93,463.7920609815967
9670,419.288,463.45933333333335,431.95666666666665,463.63129316056984
9680,419.324,463.31466666666665,431.98333333333335,463.47052533954303
9690,419.36,463.17,432.01,463.3097575185162
9700,419.3966666666667,462.5246666666667,431.98,462.6513169314887
9710,419.43333333333334,461.87933333333336,431.95,461.99287634446114
9720,419.47,461.23400000000004,431.92,461.3344357574336
9730,419.50666666666666,460.58866666666665,431.89,460.675995170406
9740,419.54333333333335,459.9433333333333,431.86,460.01755458337846
9750,419.58000000000004,459.298,431.83,459.3591139963509
9760,419.6166666666667,458.6526666666667,431.8,458.7006734093234
9770,419.65333333333336,458.00733333333335,431.77,458.04223282229583
9780,419.69,457.362,431.74,457.3837922352683
9790,419.7266666666667,456.7166666666667,431.71,456.72535164824075
9800,419.7633333333334,456.07133333333337,431.68,456.0669110612132
9810,419.8,455.426,431.65,455.4084704741856
9820,419.8366666666667,454.78066666666666,431.62,454.75002988715806
9830,419.87333333333333,454.13533333333334,431.59,454.0915893001305
9840,419.91,453.49,431.56,453.433148713103
9850,419.94800000000004,453.3933333333333,431.546,453.3476970213212
9860,419.98600000000005,453.2966666666667,431.532,453.2622453295394
9870,420.024,453.2,431.51800000000003,453.1767936377576
9880,420.062,453.10333333333335,431.504,453.0913419459758
9890,420.1,453.00666666666666,431.49,453.005890254194
9900,420.13800000000003,452.91,431.476,452.9204385624122
9910,420.17600000000004,452.81333333333333,431.462,452.8349868706304
9920,420.214,452.7166666666667,431.44800000000004,452.7495351788486
9930,420.252,452.62,431.434,452.6640834870668
9940,420.29,452.52333333333337,431.42,452.578631795285
9950,420.32800000000003,452.4266666666667,431.406,452.4931801035032
9960,420.36600000000004,452.33000000000004,431.392,452.4077284117214
9970,420.404,452.23333333333335,431.37800000000004,452.3222767199396
9980,420.442,452.1366666666667,431.36400000000003,452.2368250281578
9990,420.48,452.04,431.35,452.151373336376
10000,420.51866666666666,452.1226666666667,431.3566666666667,452.2427906342832
10010,420.55733333333336,452.20533333333333,431.36333333333334,452.33420793219034
10020,420.596,452.288,431.37,452.4256252300975
10030,420.6346666666667,452.3706666666667,431.37666666666667,452.51704252800465
10040,420.67333333333335,452.4533333333333,431.3833333333333,452.60845982591184
10050,420.712,452.536,431.39,452.699877123819
10060,420.7506666666667,452.6186666666667,431.39666666666665,452.79129442172615
10070,420.78933333333333,452.7013333333333,431.40333333333336,452.88271171963333
10080,420.82800000000003,452.784,431.41,452.97412901754046
10090,420.8666666666667,452.8666666666667,431.4166666666667,453.06554631544765
10100,420.9053333333333,452.9493333333333,431.42333333333335,453.15696361335483
10110,420.944,453.032,431.43,453.24838091126196
10120,420.98266666666666,453.11466666666666,431.43666666666667,453.33979820916915
10130,421.02133333333336,453.1973333333333,431.4433333333333,453.4312155070763
10140,421.06,453.28,431.45,453.52263280498346
10150,421.098,453.3233333333333,431.47133333333335,453.5601381396638
10160,421.136,453.3666666666666,431.49266666666665,453.5976434743442
10170,421.174,453.40999999999997,431.514,453.63514880902454
10180,421.212,453.4533333333333,431.5353333333333,453.67265414370496
10190,421.25,453.49666666666667,431.5566666666667,453.7101594783853
10200,421.288,453.53999999999996,431.578,453.7476648130657
10210,421.326,453.5833333333333,431.59933333333333,453.78517014774604
10220,421.364,453.62666666666667,431.62066666666664,453.8226754824264
10230,421.402,453.67,431.642,453.86018081710677
10240,421.44,453.7133333333333,431.6633333333333,453.8976861517871
10250,421.478,453.75666666666666,431.68466666666666,453.9351914864675
10260,421.516,453.8,431.70599999999996,453.9726968211479
10270,421.554,453.84333333333336,431.7273333333333,454.01020215582827
10280,421.592,453.88666666666666,431.7486666666666,454.0477074905086
10290,421.63,453.93,431.77,454.085212825189
10300,421.6673333333333,453.688,431.76533333333333,453.8380252437268
10310,421.70466666666664,453.446,431.7606666666666,453.59083766226456
10320,421.742,453.204,431.756,453.3436500808024
10330,421.77933333333334,452.962,431.7513333333333,453.0964624993402
10340,421.81666666666666,452.72,431.74666666666667,452.849274917878
10350,421.854,452.478,431.74199999999996,452.60208733641576
10360,421.8913333333333,452.236,431.7373333333333,452.3548997549536
10370,421.9286666666667,451.994,431.73266666666666,452.1077121734914
10380,421.966,451.752,431.728,451.8605245920292
10390,422.00333333333333,451.51,431.7233333333333,451.61333701056697
10400,422.04066666666665,451.26800000000003,431.71866666666665,451.3661494291048
10410,422.078,451.026,431.714,451.1189618476426
10420,422.11533333333335,450.784,431.70933333333335,450.8717742661804
10430,422.1526666666667,450.54200000000003,431.70466666666664,450.62458668471817
10440,422.19,450.3,431.7,450.377399103256
10450,422.2266666666667,450.29066666666665,431.7033333333333,450.3734585442434
10460,422.2633333333333,450.28133333333335,431.70666666666665,450.3695179852309
10470,422.3,450.272,431.71,450.36557742621835
10480,422.33666666666664,450.2626666666667,431.7133333333333,450.3616368672058
10490,422.37333333333333,450.25333333333333,431.71666666666664,450.3576963081932
10500,422.41,450.244,431.71999999999997,450.3537557491807
10510,422.44666666666666,450.23466666666667,431.7233333333333,450.34981519016816
10520,422.48333333333335,450.22533333333337,431.7266666666667,450.3458746311556
10530,422.52,450.216,431.73,450.34193407214303
10540,422.5566666666667,450.2066666666667,431.73333333333335,450.3379935131305
10550,422.59333333333336,450.19733333333335,431.7366666666667,450.33405295411796
10560,422.63,450.18800000000005,431.74,450.3301123951054
10570,422.6666666666667,450.1786666666667,431.74333333333334,450.32617183609284
10580,422.7033333333333,450.1693333333334,431.74666666666667,450.32223127708033
10590,422.74,450.16,431.75,450.3182907180678
10600,422.7746666666667,450.0726666666667,431.75333333333333,450.22749394152663
10610,422.8093333333333,449.98533333333336,431.75666666666666,450.13669716498555
10620,422.844,449.898,431.76,450.0459003884444
10630,422.8786666666667,449.8106666666667,431.7633333333333,449.9551036119033
10640,422.91333333333336,449.72333333333336,431.76666666666665,449.8643068353622
10650,422.948,449.636,431.77,449.77351005882105
10660,422.98266666666666,449.5486666666667,431.7733333333333,449.68271328227996
10670,423.01733333333334,449.46133333333336,431.7766666666667,449.5919165057388
10680,423.052,449.374,431.78000000000003,449.50111972919774
10690,423.08666666666664,449.2866666666667,431.78333333333336,449.4103229526566
10700,423.1213333333333,449.19933333333336,431.7866666666667,449.31952617611546
10710,423.156,449.112,431.79,449.2287293995744
10720,423.1906666666667,449.0246666666667,431.79333333333335,449.13793262303324
10730,423.2253333333333,448.93733333333336,431.7966666666667,449.04713584649215
10740,423.26,448.85,431.8,448.956339069951
10750,423.29333333333335,448.932,431.80733333333336,449.05214451166194
10760,423.32666666666665,449.014,431.81466666666665,449.14794995337286
10770,423.36,449.096,431.822,449.2437553950838
10780,423.3933333333333,449.178,431.82933333333335,449.33956083679465
10790,423.4266666666667,449.26,431.8366666666667,449.43536627850557
10800,423.46,449.342,431.844,449.5311717202165
10810,423.49333333333334,449.424,431.85133333333334,449.6269771619274
10820,423.52666666666664,449.50600000000003,431.8586666666667,449.72278260363834
10830,423.56,449.588,431.86600000000004,449.81858804534926
10840,423.5933333333333,449.67,431.87333333333333,449.9143934870602
10850,423.62666666666667,449.752,431.8806666666667,450.0101989287711
10860,423.65999999999997,449.834,431.88800000000003,450.10600437048197
10870,423.6933333333333,449.916,431.8953333333334,450.2018098121929
10880,423.72666666666663,449.998,431.9026666666667,450.2976152539038
10890,423.76,450.08,431.91,450.39342069561474
10900,423.79133333333334,450.62399999999997,431.97133333333335,450.9492867913583
10910,423.82266666666663,451.168,432.03266666666667,451.5051528871018
10920,423.854,451.712,432.094,452.0610189828454
10930,423.88533333333334,452.256,432.1553333333334,452.61688507858895
10940,423.9166666666667,452.8,432.2166666666667,453.1727511743325
10950,423.948,453.344,432.278,453.72861727007603
10960,423.97933333333333,453.888,432.33933333333334,454.2844833658196
10970,424.0106666666667,454.432,432.40066666666667,454.84034946156316
10980,424.04200000000003,454.976,432.462,455.39621555730673
10990,424.0733333333333,455.52,432.5233333333333,455.95208165305024
11000,424.1046666666667,456.064,432.58466666666664,456.5079477487938
11010,424.136,456.608,432.646,457.0638138445374
11020,424.1673333333334,457.152,432.70733333333334,457.61967994028095
11030,424.19866666666667,457.696,432.76866666666666,458.17554603602446
11040,424.23,458.24,432.83,458.731412131768
11050,424.2606666666667,457.564,432.818,458.0162471259276
11060,424.29133333333334,456.88800000000003,432.806,457.30108212008713
11070,424.322,456.212,432.794,456.5859171142467
11080,424.35266666666666,455.536,432.782,455.87075210840624
11090,424.3833333333333,454.86,432.77,455.1555871025658
11100,424.414,454.184,432.758,454.44042209672534
11110,424.44466666666665,453.50800000000004,432.746,453.7252570908849
11120,424.47533333333337,452.832,432.734,453.0100920850444
11130,424.50600000000003,452.156,432.722,452.29492707920394
11140,424.5366666666667,451.48,432.71,451.5797620733635
11150,424.56733333333335,450.80400000000003,432.698,450.86459706752305
11160,424.598,450.12800000000004,432.686,450.1494320616826
11170,424.6286666666667,449.452,432.674,449.43426705584216
11180,424.65933333333334,448.776,432.662,448.7191020500017
11190,424.69,448.1,432.65,448.00393704416126
11200,424.718,447.85,432.6213333333333,447.7642197558117
11210,424.746,447.6,432.5926666666667,447.5245024674622
11220,424.774,447.35,432.56399999999996,447.2847851791126
11230,424.802,447.1,432.5353333333333,447.04506789076305
11240,424.83,446.85,432.50666666666666,446.8053506024135
11250,424.858,446.6,432.478,446.565633314064
11260,424.886,446.35,432.44933333333336,446.32591602571443
11270,424.914,446.1,432.42066666666665,446.08619873736484
11280,424.942,445.85,432.392,445.8464814490153
11290,424.97,445.6,432.36333333333334,445.60676416066576
11300,424.998,445.35,432.3346666666667,445.3670468723162
11310,425.026,445.1,432.30600000000004,445.1273295839667
11320,425.05400000000003,444.85,432.27733333333333,444.8876122956171
11330,425.082,444.6,432.2486666666667,444.64789500726755
11340,425.11,444.35,432.22,444.408177718918
11350,425.13800000000003,444.37800000000004,432.2186666666667,444.44069729829675
11360,425.166,444.406,432.21733333333333,444.4732168776755
11370,425.194,444.434,432.216,444.5057364570542
11380,425.222,444.462,432.2146666666667,444.5382560364329
11390,425.25,444.49,432.21333333333337,444.57077561581167
11400,425.278,444.51800000000003,432.212,444.6032951951904
11410,425.306,444.546,432.21066666666667,444.63581477456916
11420,425.334,444.574,432.20933333333335,444.66833435394784
11430,425.36199999999997,444.602,432.208,444.7008539333266
11440,425.39,444.63,432.20666666666665,444.7333735127053
11450,425.418,444.658,432.20533333333333,444.76589309208407
11460,425.44599999999997,444.686,432.204,444.7984126714628
11470,425.474,444.714,432.2026666666667,444.8309322508415
11480,425.50199999999995,444.74199999999996,432.2013333333333,444.86345183022024
11490,425.53,444.77,432.2,444.895971409599
11500,425.556,444.8686666666666,432.212,444.9975170069434
11510,425.582,444.96733333333333,432.224,445.0990626042878
11520,425.608,445.066,432.236,445.2006082016322
11530,425.63399999999996,445.1646666666667,432.248,445.3021537989766
11540,425.65999999999997,445.2633333333333,432.26,445.403699396321
11550,425.686,445.36199999999997,432.272,445.50524499366537
11560,425.712,445.46066666666667,432.284,445.60679059100977
11570,425.738,445.5593333333333,432.296,445.7083361883542
11580,425.764,445.658,432.308,445.8098817856986
11590,425.79,445.75666666666666,432.32,445.911427383043
11600,425.81600000000003,445.8553333333333,432.332,446.0129729803874
11610,425.842,445.954,432.344,446.1145185777318
11620,425.868,446.05266666666665,432.356,446.2160641750762
11630,425.894,446.15133333333335,432.368,446.3176097724206
11640,425.92,446.25,432.38,446.419155369765
11650,425.94533333333334,446.386,432.402,446.55835008380603
11660,425.97066666666666,446.522,432.424,446.697544797847
11670,425.99600000000004,446.658,432.44599999999997,446.836739511888
11680,426.02133333333336,446.794,432.468,446.975934225929
11690,426.0466666666667,446.93,432.49,447.11512893997
11700,426.072,447.06600000000003,432.512,447.254323654011
11710,426.0973333333333,447.202,432.534,447.393518368052
11720,426.1226666666667,447.338,432.556,447.532713082093
11730,426.148,447.474,432.578,447.671907796134
11740,426.17333333333335,447.61,432.59999999999997,447.811102510175
11750,426.19866666666667,447.74600000000004,432.62199999999996,447.950297224216
11760,426.224,447.882,432.644,448.08949193825697
11770,426.24933333333337,448.01800000000003,432.666,448.228686652298
11780,426.2746666666667,448.154,432.688,448.36788136633896
11790,426.3,448.29,432.71,448.50707608038
11800,426.3246666666667,448.22400000000005,432.7246666666666,448.4330907391656
11810,426.34933333333333,448.158,432.7393333333333,448.35910539795117
11820,426.374,448.09200000000004,432.75399999999996,448.2851200567368
11830,426.39866666666666,448.026,432.76866666666666,448.2111347155224
11840,426.42333333333335,447.96000000000004,432.7833333333333,448.13714937430797
11850,426.44800000000004,447.894,432.798,448.0631640330936
11860,426.47266666666667,447.82800000000003,432.81266666666664,447.9891786918792
11870,426.49733333333336,447.762,432.82733333333334,447.91519335066477
11880,426.522,447.696,432.842,447.8412080094504
11890,426.5466666666667,447.63,432.8566666666667,447.767222668236
11900,426.57133333333337,447.564,432.8713333333333,447.69323732702156
11910,426.596,447.498,432.886,447.6192519858072
11920,426.6206666666667,447.432,432.90066666666667,447.5452666445928
11930,426.6453333333333,447.366,432.91533333333336,447.47128130337836
11940,426.67,447.3,432.93,447.397295962164
11950,426.6926666666667,447.0626666666667,432.92266666666666,447.1516312046942
11960,426.7153333333333,446.82533333333333,432.91533333333336,446.90596644722444
11970,426.738,446.588,432.908,446.66030168975465
11980,426.7606666666667,446.35066666666665,432.90066666666667,446.41463693228485
11990,426.78333333333336,446.11333333333334,432.8933333333333,446.16897217481505
12000,426.806,445.87600000000003,432.886,445.9233074173453
12010,426.82866666666666,445.63866666666667,432.8786666666667,445.6776426598755
12020,426.85133333333334,445.40133333333335,432.8713333333333,445.4319779024057
12030,426.874,445.164,432.864,445.1863131449359
12040,426.89666666666665,444.9266666666667,432.8566666666667,444.9406483874662
12050,426.9193333333333,444.68933333333337,432.84933333333333,444.6949836299964
12060,426.942,444.452,432.842,444.4493188725266
12070,426.9646666666667,444.2146666666667,432.83466666666664,444.2036541150568
12080,426.9873333333333,443.9773333333333,432.82733333333334,443.95798935758705
12090,427.01,443.74,432.82,443.71232460011726
12100,427.032,443.3706666666667,432.78866666666664,443.3364810653921
12110,427.054,443.0013333333333,432.75733333333335,442.96063753066693
12120,427.07599999999996,442.632,432.726,442.5847939959418
12130,427.098,442.2626666666667,432.69466666666665,442.20895046121666
12140,427.12,441.8933333333333,432.66333333333336,441.8331069264915
12150,427.142,441.524,432.632,441.45726339176633
12160,427.164,441.1546666666667,432.60066666666665,441.08141985704117
12170,427.186,440.7853333333333,432.56933333333336,440.70557632231606
12180,427.20799999999997,440.416,432.538,440.3297327875909
12190,427.22999999999996,440.0466666666667,432.50666666666666,439.95388925286574
12200,427.25199999999995,439.6773333333333,432.47533333333337,439.5780457181406
12210,427.274,439.308,432.444,439.2022021834154
12220,427.296,438.9386666666667,432.41266666666667,438.8263586486903
12230,427.318,438.5693333333333,432.3813333333334,438.45051511396514
12240,427.34,438.2,432.35,438.07467157924
12250,427.36066666666665,437.98333333333335,432.3186666666667,437.859319965477
12260,427.3813333333333,437.76666666666665,432.2873333333334,437.6439683517141
12270,427.402,437.55,432.25600000000003,437.42861673795113
12280,427.42266666666666,437.3333333333333,432.2246666666667,437.2132651241882
12290,427.4433333333333,437.1166666666667,432.1933333333333,436.99791351042524
12300,427.464,436.9,432.16200000000003,436.7825618966623
12310,427.48466666666667,436.68333333333334,432.1306666666667,436.56721028289934
12320,427.5053333333333,436.46666666666664,432.09933333333333,436.3518586691364
12330,427.52599999999995,436.25,432.068,436.13650705537344
12340,427.5466666666666,436.0333333333333,432.0366666666667,435.9211554416105
12350,427.5673333333333,435.81666666666666,432.00533333333334,435.70580382784755
12360,427.58799999999997,435.59999999999997,431.974,435.4904522140846
12370,427.60866666666664,435.3833333333333,431.94266666666664,435.27510060032165
12380,427.6293333333333,435.16666666666663,431.91133333333335,435.0597489865587
12390,427.65,434.95,431.88,434.84439737279575
12400,427.66999999999996,435.238,431.8813333333333,435.15493149383593
12410,427.69,435.526,431.88266666666664,435.46546561487605
12420,427.71,435.81399999999996,431.884,435.77599973591623
12430,427.72999999999996,436.102,431.88533333333334,436.08653385695635
12440,427.75,436.39,431.88666666666666,436.3970679779965
12450,427.77,436.678,431.888,436.70760209903665
12460,427.78999999999996,436.966,431.8893333333333,437.0181362200768
12470,427.81,437.25399999999996,431.8906666666667,437.32867034111695
12480,427.83,437.542,431.892,437.6392044621571
12490,427.84999999999997,437.83,431.8933333333333,437.94973858319725
12500,427.87,438.118,431.89466666666664,438.2602727042374
12510,427.89,438.406,431.89599999999996,438.57080682527754
12520,427.90999999999997,438.69399999999996,431.89733333333334,438.8813409463177
12530,427.93,438.98199999999997,431.89866666666666,439.19187506735784
12540,427.95,439.27,431.9,439.502409188398
12550,427.96866666666665,439.5953333333333,431.9413333333333,439.82115761086914
12560,427.9873333333333,439.92066666666665,431.98266666666666,440.1399060333403
12570,428.006,440.246,432.024,440.4586544558114
12580,428.0246666666667,440.5713333333333,432.0653333333333,440.77740287828254
12590,428.04333333333335,440.89666666666665,432.1066666666666,441.09615130075366
12600,428.062,441.222,432.14799999999997,441.41489972322483
12610,428.0806666666667,441.5473333333333,432.1893333333333,441.73364814569595
12620,428.09933333333333,441.87266666666665,432.23066666666665,442.05239656816707
12630,428.118,442.198,432.272,442.3711449906382
12640,428.13666666666666,442.5233333333333,432.31333333333333,442.68989341310936
12650,428.1553333333333,442.84866666666665,432.3546666666667,443.0086418355805
12660,428.17400000000004,443.174,432.39599999999996,443.3273902580516
12670,428.1926666666667,443.4993333333333,432.4373333333333,443.6461386805227
12680,428.21133333333336,443.82466666666664,432.47866666666664,443.9648871029939
12690,428.23,444.15,432.52,444.283635525465
12700,428.248,443.96599999999995,432.5233333333333,444.092926815995
12710,428.266,443.782,432.52666666666664,443.902218106525
12720,428.284,443.59799999999996,432.53,443.711509397055
12730,428.302,443.414,432.5333333333333,443.520800687585
12740,428.32,443.22999999999996,432.53666666666663,443.330091978115
12750,428.338,443.046,432.53999999999996,443.139383268645
12760,428.356,442.86199999999997,432.5433333333333,442.948674559175
12770,428.374,442.678,432.5466666666667,442.757965849705
12780,428.392,442.49399999999997,432.55,442.567257140235
12790,428.41,442.31,432.55333333333334,442.376548430765
12800,428.428,442.126,432.5566666666667,442.185839721295
12810,428.446,441.942,432.56,441.995131011825
12820,428.464,441.758,432.56333333333333,441.80442230235496
12830,428.482,441.574,432.56666666666666,441.613713592885
12840,428.5,441.39,432.57,441.423004883415
12850,428.516,440.97066666666666,432.54066666666665,440.9909503845612
12860,428.532,440.55133333333333,432.5113333333333,440.5588958857074
12870,428.548,440.132,432.48199999999997,440.1268413868536
12880,428.564,439.7126666666667,432.4526666666667,439.6947868879998
12890,428.58,439.29333333333335,432.42333333333335,439.262732389146
12900,428.596,438.874,432.394,438.8306778902922
12910,428.612,438.4546666666667,432.36466666666666,438.3986233914384
12920,428.628,438.0353333333333,432.3353333333333,437.96656889258463
12930,428.644,437.616,432.306,437.53451439373083
12940,428.66,437.19666666666666,432.27666666666664,437.10245989487703
12950,428.676,436.77733333333333,432.2473333333333,436.6704053960232
12960,428.692,436.358,432.218,436.2383508971694
12970,428.708,435.9386666666667,432.1886666666667,435.8062963983156
12980,428.724,435.51933333333335,432.15933333333334,435.3742418994618
12990,428.74,435.1,432.13,434.942187400608
13000,428.75533333333334,434.83000000000004,432.092,434.67333798636236
13010,428.77066666666667,434.56,432.054,434.4044885721167
13020,428.786,434.29,432.016,434.135639157871
13030,428.80133333333333,434.02000000000004,431.978,433.86678974362536
13040,428.81666666666666,433.75,431.94,433.5979403293797
13050,428.832,433.48,431.902,433.32909091513403
13060,428.8473333333333,433.21000000000004,431.864,433.06024150088837
13070,428.8626666666667,432.94,431.826,432.79139208664265
13080,428.87800000000004,432.67,431.788,432.522542672397
13090,428.8933333333334,432.40000000000003,431.75,432.2536932581513
13100,428.9086666666667,432.13,431.712,431.98484384390565
13110,428.92400000000004,431.86,431.674,431.71599442966
13120,428.93933333333337,431.59000000000003,431.636,431.4471450154143
13130,428.9546666666667,431.32,431.598,431.17829560116866
13140,428.97,431.05,431.56,430.909446186923
13150,428.98400000000004,431.0006666666667,431.53333333333336,430.86908376314074
13160,428.99800000000005,430.95133333333337,431.50666666666666,430.8287213393584
13170,429.012,430.902,431.48,430.78835891557617
13180,429.026,430.85266666666666,431.4533333333333,430.74799649179386
13190,429.04,430.80333333333334,431.4266666666667,430.7076340680116
13200,429.05400000000003,430.754,431.40000000000003,430.66727164422934
13210,429.06800000000004,430.7046666666667,431.37333333333333,430.62690922044703
13220,429.082,430.6553333333333,431.3466666666667,430.5865467966648
13230,429.096,430.606,431.32,430.54618437288246
13240,429.11,430.5566666666667,431.29333333333335,430.5058219491002
13250,429.124,430.50733333333335,431.2666666666667,430.46545952531795
13260,429.13800000000003,430.458,431.24,430.42509710153564
13270,429.152,430.40866666666665,431.21333333333337,430.3847346777534
13280,429.166,430.3593333333333,431.18666666666667,430.3443722539711
13290,429.18,430.31,431.16,430.3040098301888
13300,429.1926666666667,430.556,431.1686666666667,430.5574163027252
13310,429.20533333333333,430.802,431.17733333333337,430.8108227752615
13320,429.218,431.048,431.18600000000004,431.06422924779787
13330,429.23066666666665,431.294,431.1946666666667,431.3176357203342
13340,429.24333333333334,431.54,431.2033333333334,431.57104219287055
13350,429.25600000000003,431.786,431.21200000000005,431.8244486654069
13360,429.26866666666666,432.032,431.2206666666667,432.07785513794323
13370,429.28133333333335,432.278,431.22933333333333,432.3312616104796
13380,429.294,432.524,431.238,432.5846680830159
13390,429.3066666666667,432.77,431.24666666666667,432.8380745555523
13400,429.31933333333336,433.016,431.25533333333334,433.09148102808865
13410,429.332,433.262,431.264,433.34488750062496
13420,429.3446666666667,433.508,431.2726666666667,433.59829397316133
13430,429.3573333333333,433.754,431.28133333333335,433.85170044569765
13440,429.37,434.0,431.29,434.105106918234
13450,429.382,434.17133333333334,431.30733333333336,434.27730133154944
13460,429.394,434.3426666666667,431.3246666666667,434.4494957448648
13470,429.406,434.514,431.34200000000004,434.62169015818023
13480,429.418,434.68533333333335,431.3593333333333,434.7938845714956
13490,429.43,434.8566666666667,431.37666666666667,434.966078984811
13500,429.442,435.028,431.394,435.1382733981264
13510,429.454,435.19933333333336,431.41133333333335,435.3104678114418
13520,429.466,435.37066666666664,431.4286666666667,435.4826622247572
13530,429.478,435.542,431.446,435.6548566380726
13540,429.49,435.7133333333333,431.46333333333337,435.82705105138797
13550,429.502,435.88466666666665,431.4806666666667,435.9992454647034
13560,429.514,436.056,431.498,436.17143987801876
13570,429.526,436.2273333333333,431.51533333333333,436.3436342913342
13580,429.538,436.39866666666666,431.53266666666667,436.51582870464955
13590,429.55,436.57,431.55,436.688023117965
13600,429.5606666666667,436.45466666666664,431.55400000000003,436.56159750105843
13610,429.5713333333333,436.33933333333334,431.558,436.4351718841519
13620,429.582,436.224,431.562,436.3087462672454
13630,429.5926666666667,436.10866666666664,431.56600000000003,436.18232065033885
13640,429.60333333333335,435.99333333333334,431.57,436.0558950334323
13650,429.614,435.878,431.574,435.92946941652576
13660,429.62466666666666,435.76266666666663,431.57800000000003,435.8030437996192
13670,429.63533333333334,435.64733333333334,431.582,435.67661818271273
13680,429.646,435.532,431.586,435.5501925658062
13690,429.65666666666664,435.41666666666663,431.59000000000003,435.42376694889964
13700,429.6673333333333,435.30133333333333,431.594,435.2973413319931
13710,429.678,435.186,431.598,435.17091571508655
13720,429.6886666666667,435.0706666666666,431.60200000000003,435.04449009818006
13730,429.6993333333333,434.95533333333333,431.606,434.9180644812735
13740,429.71,434.84,431.61,434.791638864367
13750,429.71933333333334,434.57599999999996,431.5866666666667,434.5225053037404
13760,429.72866666666664,434.31199999999995,431.56333333333333,434.2533717431138
13770,429.738,434.048,431.54,433.98423818248716
13780,429.7473333333333,433.784,431.51666666666665,433.7151046218606
13790,429.75666666666666,433.52,431.49333333333334,433.445971061234
13800,429.766,433.256,431.47,433.1768375006074
13810,429.7753333333333,432.99199999999996,431.44666666666666,432.9077039399808
13820,429.7846666666667,432.728,431.42333333333335,432.6385703793542
13830,429.794,432.464,431.4,432.3694368187276
13840,429.80333333333334,432.2,431.37666666666667,432.100303258101
13850,429.8126666666667,431.936,431.35333333333335,431.8311696974744
13860,429.822,431.67199999999997,431.33,431.56203613684784
13870,429.83133333333336,431.408,431.3066666666667,431.2929025762212
13880,429.84066666666666,431.144,431.2833333333333,431.0237690155946
13890,429.85,430.88,431.26,430.754635454968
13900,429.858,430.62733333333335,431.228,430.4987060371232
13910,429.86600000000004,430.37466666666666,431.19599999999997,430.2427766192784
13920,429.874,430.122,431.164,429.98684720143365
13930,429.882,429.8693333333333,431.132,429.73091778358884
13940,429.89000000000004,429.6166666666667,431.09999999999997,429.474988365744
13950,429.898,429.364,431.068,429.2190589478992
13960,429.906,429.11133333333333,431.036,428.9631295300544
13970,429.91400000000004,428.85866666666664,431.00399999999996,428.70720011220965
13980,429.922,428.606,430.972,428.45127069436484
13990,429.93,428.3533333333333,430.94,428.19534127652
14000,429.93800000000005,428.10066666666665,430.90799999999996,427.9394118586752
14010,429.946,427.84799999999996,430.876,427.6834824408304
14020,429.954,427.5953333333333,430.844,427.42755302298565
14030,429.96200000000005,427.3426666666666,430.81199999999995,427.17162360514084
14040,429.97,427.09,430.78,426.915694187296
14050,429.9773333333334,427.4293333333333,430.78799999999995,427.2746937757783
14060,429.98466666666667,427.76866666666666,430.796,427.6336933642605
14070,429.992,428.108,430.804,427.9926929527428
14080,429.99933333333337,428.4473333333333,430.81199999999995,428.351692541225
14090,430.00666666666666,428.78666666666663,430.82,428.7106921297073
14100,430.014,429.126,430.828,429.0696917181895
14110,430.02133333333336,429.4653333333333,430.83599999999996,429.4286913066718
14120,430.02866666666665,429.80466666666666,430.844,429.787690895154
14130,430.036,430.144,430.852,430.1466904836363
14140,430.04333333333335,430.48333333333335,430.85999999999996,430.5056900721185
14150,430.05066666666664,430.8226666666667,430.868,430.8646896606008
14160,430.058,431.162,430.876,431.223689249083
14170,430.06533333333334,431.5013333333333,430.88399999999996,431.5826888375653
14180,430.07266666666663,431.84066666666666,430.892,431.9416884260475
14190,430.08,432.18,430.9,432.3006880145298
14200,430.086,431.996,430.89666666666665,432.09688737406475
14210,430.092,431.812,430.8933333333333,431.89308673359966
14220,430.098,431.628,430.89,431.6892860931346
14230,430.104,431.444,430.88666666666666,431.4854854526696
14240,430.11,431.26,430.8833333333333,431.2816848122045
14250,430.116,431.076,430.88,431.07788417173947
14260,430.122,430.892,430.87666666666667,430.87408353127444
14270,430.128,430.708,430.87333333333333,430.67028289080935
14280,430.134,430.524,430.87,430.4664822503443
14290,430.14,430.34000000000003,430.8666666666667,430.2626816098793
14300,430.146,430.156,430.86333333333334,430.0588809694142
14310,430.152,429.97200000000004,430.86,429.85508032894916
14320,430.158,429.788,430.8566666666667,429.6512796884841
14330,430.164,429.60400000000004,430.85333333333335,429.44747904801903
14340,430.17,429.42,430.85,429.243678407554
14350,430.176,429.1586666666667,430.812,428.98962193899524
14360,430.182,428.89733333333334,430.774,428.7355654704365
14370,430.188,428.636,430.736,428.4815090018778
14380,430.194,428.37466666666666,430.69800000000004,428.227452533319
14390,430.2,428.11333333333334,430.66,427.97339606476027
14400,430.206,427.85200000000003,430.622,427.7193395962015
14410,430.212,427.59066666666666,430.584,427.46528312764275
14420,430.218,427.32933333333335,430.546,427.21122665908405
14430,430.224,427.068,430.508,426.9571701905253
14440,430.23,426.8066666666667,430.46999999999997,426.70311372196653
14450,430.236,426.54533333333336,430.43199999999996,426.4490572534078
14460,430.242,426.284,430.394,426.195000784849
14470,430.248,426.0226666666667,430.356,425.9409443162903
14480,430.254,425.7613333333333,430.318,425.68688784773155
14490,430.26,425.5,430.28,425.4328313791728
14500,430.26466666666664,425.7013333333333,430.28066666666666,425.64106348337396
14510,430.26933333333335,425.9026666666667,430.2813333333333,425.8492955875751
14520,430.274,426.104,430.282,426.0575276917762
14530,430.27866666666665,426.30533333333335,430.28266666666667,426.2657597959774
14540,430.2833333333333,426.50666666666666,430.2833333333333,426.47399190017853
14550,430.288,426.70799999999997,430.284,426.6822240043797
14560,430.29266666666666,426.90933333333334,430.2846666666667,426.89045610858085
14570,430.2973333333333,427.11066666666665,430.2853333333333,427.09868821278195
14580,430.30199999999996,427.312,430.286,427.3069203169831
14590,430.3066666666667,427.5133333333333,430.2866666666667,427.51515242118427
14600,430.3113333333333,427.71466666666663,430.2873333333333,427.7233845253854
14610,430.316,427.916,430.288,427.9316166295866
14620,430.3206666666666,428.1173333333333,430.2886666666667,428.1398487337877
14630,430.32533333333333,428.3186666666667,430.28933333333333,428.34808083798885
14640,430.33,428.52,430.29,428.55631294219
14650,430.3333333333333,428.25266666666664,430.2666666666667,428.27424304961716
14660,430.33666666666664,427.9853333333333,430.24333333333334,427.9921731570443
14670,430.34,427.71799999999996,430.22,427.71010326447146
14680,430.3433333333333,427.4506666666667,430.19666666666666,427.4280333718986
14690,430.34666666666664,427.18333333333334,430.17333333333335,427.14596347932576
14700,430.34999999999997,426.916,430.15000000000003,426.8638935867529
14710,430.3533333333333,426.64866666666666,430.12666666666667,426.58182369418006
14720,430.3566666666667,426.3813333333333,430.10333333333335,426.2997538016072
14730,430.36,426.114,430.08,426.01768390903436
14740,430.36333333333334,425.84666666666664,430.0566666666667,425.7356140164615
14750,430.3666666666667,425.5793333333333,430.03333333333336,425.45354412388866
14760,430.37,425.312,430.01,425.1714742313158
14770,430.37333333333333,425.04466666666667,429.9866666666667,424.88940433874296
14780,430.37666666666667,424.77733333333333,429.9633333333333,424.6073344461701
14790,430.38,424.51,429.94,424.32526455359726
14800,430.3833333333333,424.50266666666664,429.92,424.3271003869997
14810,430.38666666666666,424.49533333333335,429.9,424.32893622040217
14820,430.39,424.488,429.88,424.3307720538046
14830,430.3933333333333,424.48066666666665,429.86,424.3326078872071
14840,430.39666666666665,424.4733333333333,429.84,424.3344437206095
14850,430.4,424.466,429.82,424.336279554012
14860,430.4033333333333,424.45866666666666,429.8,424.3381153874144
14870,430.4066666666667,424.4513333333333,429.78,424.3399512208169
14880,430.41,424.44399999999996,429.76,424.3417870542193
14890,430.41333333333336,424.43666666666667,429.74,424.3436228876218
14900,430.4166666666667,424.4293333333333,429.71999999999997,424.3454587210242
14910,430.42,424.42199999999997,429.7,424.3472945544267
14920,430.42333333333335,424.4146666666666,429.68,424.3491303878291
14930,430.4266666666667,424.4073333333333,429.65999999999997,424.3509662212316
14940,430.43,424.4,429.64,424.352802054634
14950,430.432,424.476,429.63733333333334,424.4279805658893
14960,430.434,424.55199999999996,429.63466666666665,424.5031590771446
14970,430.436,424.628,429.632,424.5783375883999
14980,430.438,424.704,429.6293333333333,424.6535160996552
14990,430.44,424.78,429.62666666666667,424.72869461091045
15000,430.442,424.856,429.624,424.8038731221657
15010,430.444,424.932,429.6213333333333,424.879051633421
15020,430.44599999999997,425.008,429.6186666666667,424.95423014467633
15030,430.448,425.084,429.616,425.0294086559316
15040,430.45,425.16,429.61333333333334,425.1045871671869
15050,430.452,425.236,429.6106666666667,425.17976567844215
15060,430.454,425.312,429.608,425.2549441896974
15070,430.45599999999996,425.38800000000003,429.60533333333336,425.33012270095276
15080,430.45799999999997,425.464,429.60266666666666,425.40530121220803
15090,430.46,425.54,429.6,425.4804797234633
15100,430.4613333333333,425.47933333333333,429.58933333333334,425.41843786444895
15110,430.4626666666667,425.4186666666667,429.57866666666666,425.3563960054346
15120,430.464,425.358,429.56800000000004,425.29435414642023
15130,430.4653333333333,425.29733333333337,429.55733333333336,425.2323122874059
15140,430.46666666666664,425.2366666666667,429.5466666666667,425.1702704283915
15150,430.468,425.176,429.536,425.10822856937716
15160,430.46933333333334,425.11533333333335,429.5253333333333,425.0461867103628
15170,430.47066666666666,425.05466666666666,429.5146666666667,424.9841448513485
15180,430.472,424.994,429.504,424.92210299233415
15190,430.47333333333336,424.93333333333334,429.49333333333334,424.8600611333198
15200,430.4746666666667,424.87266666666665,429.48266666666666,424.79801927430543
15210,430.476,424.812,429.472,424.7359774152911
15220,430.4773333333333,424.7513333333333,429.46133333333336,424.6739355562767
15230,430.4786666666667,424.6906666666667,429.4506666666667,424.61189369726236
15240,430.48,424.63,429.44,424.549851838248
15250,430.48,424.5346666666667,429.424,424.4524398955122
15260,430.48,424.4393333333333,429.408,424.3550279527764
15270,430.48,424.344,429.392,424.2576160100406
15280,430.48,424.2486666666667,429.376,424.1602040673048
15290,430.48,424.1533333333333,429.36,424.062792124569
15300,430.48,424.058,429.344,423.9653801818332
15310,430.48,423.9626666666667,429.328,423.8679682390974
15320,430.48,423.8673333333333,429.312,423.7705562963616
15330,430.48,423.772,429.296,423.6731443536258
15340,430.48,423.6766666666667,429.28,423.57573241089
15350,430.48,423.5813333333333,429.264,423.4783204681542
15360,430.48,423.486,429.248,423.3809085254184
15370,430.48,423.3906666666667,429.23199999999997,423.2834965826826
15380,430.48,423.2953333333333,429.216,423.1860846399468
15390,430.48,423.2,429.2,423.088672697211
15400,430.47933333333333,423.0686666666667,429.1773333333333,422.9543917930991
15410,430.4786666666667,422.9373333333333,429.1546666666667,422.8201108889872
15420,430.478,422.806,429.132,422.6858299848753
15430,430.4773333333334,422.67466666666667,429.1093333333333,422.5515490807634
15440,430.4766666666667,422.54333333333335,429.08666666666664,422.4172681766515
15450,430.476,422.412,429.064,422.2829872725396
15460,430.47533333333337,422.28066666666666,429.04133333333334,422.14870636842767
15470,430.4746666666667,422.14933333333335,429.01866666666666,422.0144254643158
15480,430.47400000000005,422.01800000000003,428.996,421.8801445602039
15490,430.47333333333336,421.88666666666666,428.97333333333336,421.745863656092
15500,430.47266666666667,421.75533333333334,428.9506666666667,421.6115827519801
15510,430.47200000000004,421.624,428.928,421.4773018478682
15520,430.47133333333335,421.4926666666667,428.9053333333333,421.3430209437563
15530,430.4706666666667,421.36133333333333,428.8826666666667,421.2087400396444
15540,430.47,421.23,428.86,421.0744591355325
15550,430.4686666666667,420.99933333333337,428.82733333333334,420.8354188513002
15560,430.46733333333333,420.76866666666666,428.79466666666667,420.59637856706786
15570,430.466,420.538,428.762,420.35733828283554
15580,430.4646666666667,420.30733333333336,428.72933333333333,420.1182979986032
15590,430.46333333333337,420.07666666666665,428.69666666666666,419.8792577143709
15600,430.462,419.846,428.664,419.6402174301386
15610,430.46066666666667,419.61533333333335,428.6313333333333,419.4011771459063
15620,430.45933333333335,419.38466666666665,428.5986666666667,419.1621368616739
15630,430.458,419.154,428.56600000000003,418.9230965774416
15640,430.45666666666665,418.92333333333335,428.53333333333336,418.68405629320927
15650,430.45533333333333,418.69266666666664,428.5006666666667,418.44501600897695
15660,430.454,418.462,428.468,418.20597572474463
15670,430.4526666666667,418.23133333333334,428.43533333333335,417.9669354405123
15680,430.4513333333333,418.00066666666663,428.4026666666667,417.72789515628
15690,430.45,417.77,428.37,417.4888548720477
15700,430.448,417.36466666666666,428.31266666666664,417.07716478895065
15710,430.44599999999997,416.9593333333333,428.25533333333334,416.66547470585357
15720,430.444,416.554,428.198,416.25378462275654
15730,430.442,416.14866666666666,428.1406666666667,415.8420945396595
15740,430.44,415.74333333333334,428.0833333333333,415.4304044565624
15750,430.438,415.33799999999997,428.026,415.0187143734654
15760,430.436,414.93266666666665,427.96866666666665,414.6070242903684
15770,430.434,414.52733333333333,427.91133333333335,414.1953342072713
15780,430.432,414.122,427.854,413.78364412417426
15790,430.43,413.71666666666664,427.7966666666667,413.37195404107723
15800,430.428,413.3113333333333,427.7393333333333,412.96026395798015
15810,430.426,412.906,427.682,412.5485738748831
15820,430.42400000000004,412.5006666666667,427.62466666666666,412.1368837917861
15830,430.422,412.0953333333333,427.56733333333335,411.725193708689
15840,430.42,411.69,427.51,411.313503625592
