Time (s),T_outer (C),T_inner (C),T_avg (C),Input Temperature (C)
0,164.90670878418,164.90670878418,164.90670878418,164.90670878418
10,164.90670878418,164.90670878418,164.90670878418,164.90670878418
20,164.90670878418,164.90670878418,164.90670878418,164.90670878418
30,164.90670878418,164.90670878418,164.90670878418,164.90670878418
40,164.90670878418,164.90670878418,164.90670878418,164.90670878418
50,164.90670878418,164.90670878418,164.90670878418,164.90670878418
60,164.90670878418,164.90670878418,164.90670878418,164.90670878418
70,164.90670878418,164.90670878418,164.90670878418,164.90670878418
80,164.90670878418,164.90670878418,164.90670878418,164.90670878418
90,164.90670878418,164.90670878418,164.90670878418,164.90670878418
100,164.90670878418,164.90670878418,164.90670878418,164.90670878418
110,164.90670878418,164.90670878418,164.90670878418,164.90670878418
120,164.90670878418,164.90670878418,164.90670878418,164.90670878418
130,164.90670878418,164.90670878418,164.90670878418,164.90670878418
140,164.90670878418,164.90670878418,164.90670878418,164.90670878418
150,164.90670878418,164.90670878418,164.90670878418,164.90670878418
160,164.90670878418,164.90670878418,164.90670878418,164.90670878418
170,164.90670878418,164.90670878418,164.90670878418,164.90670878418
180,164.90670878418,164.90670878418,164.90670878418,164.90670878418
190,164.90670878418,164.90670878418,164.90670878418,164.90670878418
200,164.90670878418,164.90670878418,164.90670878418,164.90670878418
210,164.90670878418,164.90670878418,164.90670878418,164.90670878418
220,164.90670878418,164.90670878418,164.90670878418,164.90670878418
230,164.90670878418,164.90670878418,164.90670878418,164.90670878418
240,164.90670878418,164.90670878418,164.90670878418,164.90670878418
250,164.90670878418,164.90670878418,164.90670878418,164.90670878418
260,164.90670878418,164.90670878418,164.90670878418,164.90670878418
270,164.90670878418,164.90670878418,164.90670878418,164.90670878418
280,164.90670878418,164.90670878418,164.90670878418,164.90670878418
290,164.90670878418,164.90670878418,164.90670878418,164.90670878418
300,164.90670878418,164.90670878418,164.90670878418,164.90670878418
310,164.90670878418,164.90670878418,164.90670878418,164.90670878418
320,164.90670878418,164.90670878418,164.90670878418,164.90670878418
330,164.90670878418,164.90670878418,164.90670878418,164.90670878418
340,164.90670878418,164.90670878418,164.90670878418,164.90670878418
350,164.90670878418,164.90670878418,164.90670878418,164.90670878418
360,164.90670878418,164.90670878418,164.90670878418,164.90670878418
370,164.90670878418,164.90670878418,164.90670878418,164.90670878418
380,164.90670878418,164.90670878418,164.90670878418,164.90670878418
390,164.90670878418,164.90670878418,164.90670878418,164.90670878418
400,164.90670878418,164.90670878418,164.90670878418,164.90670878418
410,164.90670878418,164.90670878418,164.90670878418,164.90670878418
420,164.90670878418,164.90670878418,164.90670878418,164.90670878418
430,164.90670878418,164.90670878418,164.90670878418,164.90670878418
440,164.90670878418,164.90670878418,164.90670878418,164.90670878418
450,164.90670878418,164.90670878418,164.90670878418,164.90670878418
460,164.90670878418,164.90670878418,164.90670878418,164.90670878418
470,164.90670878418,164.90670878418,164.90670878418,164.90670878418
480,164.90670878418,164.90670878418,164.90670878418,164.90670878418
490,164.90670878418,164.90670878418,164.90670878418,164.90670878418
500,164.90670878418,164.90670878418,164.90670878418,164.90670878418
510,164.90670878418,164.90670878418,164.90670878418,164.90670878418
520,164.90670878418,164.90670878418,164.90670878418,164.90670878418
530,164.90670878418,164.90670878418,164.90670878418,164.90670878418
540,164.90670878418,164.90670878418,164.90670878418,164.90670878418
550,164.90670878418,164.90670878418,164.90670878418,164.90670878418
560,164.90670878418,164.90670878418,164.90670878418,164.90670878418
570,164.90670878418,164.90670878418,164.90670878418,164.90670878418
580,164.90670878418,164.90670878418,164.90670878418,164.90670878418
590,164.90670878418,164.90670878418,164.90670878418,164.90670878418
600,164.90670878418,164.90670878418,164.90670878418,164.90670878418
610,164.90670878418,164.90670878418,164.90670878418,164.90670878418
620,164.90670878418,164.90670878418,164.90670878418,164.90670878418
630,164.90670878418,164.90670878418,164.90670878418,164.90670878418
640,164.90670878418,164.90670878418,164.90670878418,164.90670878418
650,164.90670878418,164.90670878418,164.90670878418,164.90670878418
660,164.90670878418,164.90670878418,164.90670878418,164.90670878418
670,164.90670878418,164.90670878418,164.90670878418,164.90670878418
680,164.90670878418,164.90670878418,164.90670878418,164.90670878418
690,164.90670878418,164.90670878418,164.90670878418,164.90670878418
700,164.90670878418,164.90670878418,164.90670878418,164.90670878418
710,164.90670878418,164.90670878418,164.90670878418,164.90670878418
720,164.90670878418,164.90670878418,164.90670878418,164.90670878418
730,164.90670878418,164.90670878418,164.90670878418,164.90670878418
740,164.90670878418,164.90670878418,164.90670878418,164.90670878418
750,164.90670878418,164.90670878418,164.90670878418,164.90670878418
760,164.90670878418,164.90670878418,164.90670878418,164.90670878418
770,164.90670878418,164.90670878418,164.90670878418,164.90670878418
780,164.90670878418,164.90670878418,164.90670878418,164.90670878418
790,164.90670878418,164.90670878418,164.90670878418,164.90670878418
800,164.90670878418,164.90670878418,164.90670878418,164.90670878418
810,164.90670878418,164.90670878418,164.90670878418,164.90670878418
820,164.90670878418,164.90670878418,164.90670878418,164.90670878418
830,164.90670878418,164.90670878418,164.90670878418,164.90670878418
840,164.90670878418,164.90670878418,164.90670878418,164.90670878418
850,164.90670878418,164.90670878418,164.90670878418,164.90670878418
860,164.90670878418,164.90670878418,164.90670878418,164.90670878418
870,164.90670878418,164.90670878418,164.90670878418,164.90670878418
880,164.90670878418,164.90670878418,164.90670878418,164.90670878418
890,164.90670878418,164.90670878418,164.90670878418,164.90670878418
900,164.90670878418,164.90670878418,164.90670878418,164.90670878418
910,164.90670878418,164.90670878418,164.90670878418,164.90670878418
920,164.90670878418,164.90670878418,164.90670878418,164.90670878418
930,164.90670878418,164.90670878418,164.90670878418,164.90670878418
940,164.90670878418,164.90670878418,164.90670878418,164.90670878418
950,164.90670878418,164.90670878418,164.90670878418,164.90670878418
960,164.90670878418,164.90670878418,164.90670878418,164.90670878418
970,164.90670878418,164.90670878418,164.90670878418,164.90670878418
980,164.90670878418,164.90670878418,164.90670878418,164.90670878418
990,164.90670878418,164.90670878418,164.90670878418,164.90670878418
1000,164.90670878418,164.90670878418,164.90670878418,164.90670878418
1010,164.90670878418,164.90670878418,164.90670878418,164.90670878418
1020,164.90670878418,164.90670878418,164.90670878418,164.90670878418
1030,164.90670878418,164.90670878418,164.90670878418,164.90670878418
1040,164.90670878418,164.90670878418,164.90670878418,164.90670878418
1050,164.90670878418,164.90670878418,164.90670878418,164.90670878418
1060,164.90670878418,164.90670878418,164.90670878418,164.90670878418
1070,164.90670878418,164.90670878418,164.90670878418,164.90670878418
1080,164.90670878418,164.90670878418,164.90670878418,164.90670878418
1090,164.90670878418,164.90670878418,164.90670878418,164.90670878418
1100,164.90670878418,164.90670878418,164.90670878418,164.90670878418
1110,164.90670878418,164.90670878418,164.90670878418,164.90670878418
1120,164.90670878418,164.90670878418,164.90670878418,164.90670878418
1130,164.90670878418,164.90670878418,164.90670878418,164.90670878418
1140,164.90670878418,164.90670878418,164.90670878418,164.90670878418
1150,164.90670878418,164.90670878418,164.90670878418,164.90670878418
1160,164.90670878418,164.90670878418,164.90670878418,164.90670878418
1170,164.90670878418,164.90670878418,164.90670878418,164.90670878418
1180,164.90670878418,164.90670878418,164.90670878418,164.90670878418
1190,164.90670878418,164.90670878418,164.90670878418,164.90670878418
1200,164.90670878418,164.90670878418,164.90670878418,164.90670878418
1210,164.90670878418,164.90670878418,164.90670878418,164.90670878418
1220,164.90670878418,164.90670878418,164.90670878418,164.90670878418
1230,164.90670878418,164.90670878418,164.90670878418,164.90670878418
1240,164.90670878418,164.90670878418,164.90670878418,164.90670878418
1250,164.90670878418,164.90670878418,164.90670878418,164.90670878418
1260,164.90670878418,164.90670878418,164.90670878418,164.90670878418
1270,164.90670878418,164.90670878418,164.90670878418,164.90670878418
1280,164.90670878418,164.90670878418,164.90670878418,164.90670878418
1290,164.90670878418,164.90670878418,164.90670878418,164.90670878418
1300,164.90670878418,164.90670878418,164.90670878418,164.90670878418
1310,164.90670878418,164.90670878418,164.90670878418,164.90670878418
1320,164.90670878418,164.90670878418,164.90670878418,164.90670878418
1330,164.90670878418,164.90670878418,164.90670878418,164.90670878418
1340,164.90670878418,164.90670878418,164.90670878418,164.90670878418
1350,164.90670878418,164.90670878418,164.90670878418,164.90670878418
1360,164.90670878418,164.90670878418,164.90670878418,164.90670878418
1370,164.90670878418,164.90670878418,164.90670878418,164.90670878418
1380,164.90670878418,164.90670878418,164.90670878418,164.90670878418
1390,164.90670878418,164.90670878418,164.90670878418,164.90670878418
1400,164.90670878418,164.90670878418,164.90670878418,164.90670878418
1410,164.90670878418,164.90670878418,164.90670878418,164.90670878418
1420,164.90670878418,164.90670878418,164.90670878418,164.90670878418
1430,164.90670878418,164.90670878418,164.90670878418,164.90670878418
1440,164.90670878418,164.90670878418,164.90670878418,164.90670878418
1440,164.90670878418,164.90670878418,164.90670878418,164.90670878418
1450,164.906928198568,164.57492819856802,164.87626153190135,164.56154270565466
1460,164.907147612956,164.24314761295602,164.8458142796227,164.2163766271293
1470,164.907367027344,163.911367027344,164.815367027344,163.87121054860395
1480,164.907586441732,163.579586441732,164.78491977506533,163.5260444700786
1490,164.90780585612,163.24780585612,164.75447252278667,163.18087839155325
1500,164.908025270508,162.91602527050802,164.724025270508,162.8357123130279
1510,164.908244684896,162.58424468489602,164.69357801822935,162.49054623450255
1520,164.908464099284,162.252464099284,164.66313076595065,162.14538015597722
1530,164.908683513672,161.920683513672,164.632683513672,161.80021407745187
1540,164.90890292806,161.58890292806,164.60223626139333,161.45504799892652
1550,164.909122342448,161.257122342448,164.57178900911467,161.10988192040116
1560,164.909341756836,160.92534175683602,164.541341756836,160.7647158418758
1570,164.909561171224,160.593561171224,164.5108945045573,160.41954976335046
1580,164.909780585612,160.261780585612,164.48044725227865,160.0743836848251
1590,164.91,159.93,164.45,159.72921760629976
1600,164.91,160.21,164.44799999999998,160.03533727714571
1610,164.91,160.49,164.446,160.34145694799165
1620,164.91,160.77,164.444,160.6475766188376
1630,164.91,161.05,164.44199999999998,160.95369628968356
1640,164.91,161.33,164.44,161.2598159605295
1650,164.91,161.61,164.438,161.56593563137545
1660,164.91,161.89000000000001,164.43599999999998,161.8720553022214
1670,164.91,162.17,164.434,162.17817497306734
1680,164.91,162.45,164.432,162.4842946439133
1690,164.91,162.73,164.42999999999998,162.79041431475926
1700,164.91,163.01,164.428,163.0965339856052
1710,164.91,163.29,164.426,163.40265365645115
1720,164.91,163.57,164.42399999999998,163.7087733272971
1730,164.91,163.85,164.422,164.01489299814304
1740,164.91,164.13,164.42,164.321012668989
1750,164.90933333333334,164.47733333333332,164.4693333333333,164.6601171639788
1760,164.90866666666668,164.82466666666667,164.51866666666666,164.99922165896862
1770,164.908,165.172,164.56799999999998,165.33832615395846
1780,164.90733333333333,165.51933333333332,164.61733333333333,165.67743064894827
1790,164.90666666666667,165.86666666666667,164.66666666666666,166.01653514393809
1800,164.906,166.214,164.71599999999998,166.3556396389279
1810,164.90533333333335,166.56133333333332,164.76533333333333,166.6947441339177
1820,164.90466666666666,166.90866666666668,164.81466666666665,167.03384862890755
1830,164.904,167.256,164.864,167.37295312389736
1840,164.90333333333334,167.60333333333332,164.91333333333333,167.71205761888717
1850,164.90266666666668,167.95066666666668,164.96266666666665,168.05116211387698
1860,164.90200000000002,168.298,165.012,168.3902666088668
1870,164.90133333333333,168.64533333333333,165.06133333333332,168.72937110385664
1880,164.90066666666667,168.99266666666668,165.11066666666667,169.06847559884645
1890,164.9,169.34,165.16,169.40758009383626
1900,164.9,169.10266666666666,165.15533333333332,169.16136848774252
1910,164.9,168.86533333333333,165.15066666666667,168.91515688164876
1920,164.9,168.62800000000001,165.146,168.66894527555502
1930,164.9,168.39066666666668,165.14133333333334,168.42273366946125
1940,164.9,168.15333333333334,165.13666666666666,168.1765220633675
1950,164.9,167.916,165.132,167.93031045727375
1960,164.9,167.67866666666666,165.12733333333333,167.68409885118
1970,164.9,167.44133333333335,165.12266666666667,167.43788724508624
1980,164.9,167.204,165.118,167.1916756389925
1990,164.9,166.96666666666667,165.11333333333334,166.94546403289874
2000,164.9,166.72933333333333,165.10866666666666,166.699252426805
2010,164.9,166.492,165.104,166.45304082071124
2020,164.9,166.25466666666668,165.09933333333333,166.2068292146175
2030,164.9,166.01733333333334,165.09466666666668,165.96061760852373
2040,164.9,165.78,165.09,165.71440600243
2050,164.89866666666668,165.85533333333333,165.09466666666668,165.79793755581355
2060,164.89733333333334,165.93066666666667,165.09933333333333,165.8814691091971
2070,164.89600000000002,166.006,165.104,165.96500066258065
2080,164.89466666666667,166.08133333333333,165.10866666666666,166.0485322159642
2090,164.89333333333335,166.15666666666667,165.11333333333334,166.13206376934775
2100,164.892,166.232,165.118,166.2155953227313
2110,164.89066666666668,166.30733333333333,165.12266666666667,166.29912687611485
2120,164.88933333333333,166.38266666666667,165.12733333333333,166.38265842949838
2130,164.888,166.458,165.132,166.46618998288193
2140,164.88666666666666,166.53333333333333,165.13666666666666,166.54972153626548
2150,164.88533333333334,166.60866666666666,165.14133333333334,166.63325308964903
2160,164.884,166.684,165.146,166.71678464303258
2170,164.88266666666667,166.75933333333333,165.15066666666667,166.80031619641613
2180,164.88133333333332,166.83466666666666,165.15533333333332,166.88384774979968
2190,164.88,166.91,165.16,166.96737930318324
2200,164.87933333333334,167.296,165.19666666666666,167.37022723914498
2210,164.87866666666667,167.682,165.23333333333332,167.77307517510673
2220,164.878,168.06799999999998,165.27,168.1759231110685
2230,164.87733333333333,168.454,165.30666666666667,168.57877104703024
2240,164.87666666666667,168.84,165.34333333333333,168.981618982992
2250,164.876,169.226,165.38,169.38446691895373
2260,164.87533333333334,169.612,165.41666666666666,169.78731485491548
2270,164.87466666666666,169.998,165.45333333333335,170.19016279087725
2280,164.874,170.384,165.49,170.593010726839
2290,164.87333333333333,170.76999999999998,165.52666666666667,170.99585866280074
2300,164.87266666666667,171.15599999999998,165.56333333333333,171.3987065987625
2310,164.872,171.542,165.6,171.80155453472423
2320,164.87133333333333,171.928,165.63666666666668,172.204402470686
2330,164.87066666666666,172.314,165.67333333333335,172.60725040664775
2340,164.87,172.7,165.71,173.0100983426095
2350,164.87,173.10733333333332,165.77933333333334,173.41538697837382
2360,164.87,173.51466666666667,165.84866666666667,173.82067561413814
2370,164.87,173.922,165.918,174.22596424990246
2380,164.87,174.32933333333332,165.98733333333334,174.63125288566675
2390,164.87,174.73666666666665,166.05666666666667,175.03654152143108
2400,164.87,175.144,166.126,175.4418301571954
2410,164.87,175.55133333333333,166.19533333333334,175.84711879295972
2420,164.87,175.95866666666666,166.26466666666667,176.25240742872404
2430,164.87,176.36599999999999,166.334,176.65769606448836
2440,164.87,176.77333333333334,166.40333333333334,177.06298470025268
2450,164.87,177.18066666666667,166.47266666666667,177.468273336017
2460,164.87,177.588,166.542,177.8735619717813
2470,164.87,177.99533333333332,166.61133333333333,178.27885060754562
2480,164.87,178.40266666666668,166.68066666666667,178.68413924330994
2490,164.87,178.81,166.75,179.08942787907426
2500,164.87066666666666,178.90266666666668,166.79666666666665,179.18028153186552
2510,164.87133333333333,178.99533333333332,166.84333333333333,179.27113518465677
2520,164.872,179.088,166.89,179.36198883744802
2530,164.87266666666667,179.18066666666667,166.93666666666667,179.45284249023925
2540,164.87333333333333,179.27333333333334,166.98333333333332,179.5436961430305
2550,164.874,179.36599999999999,167.03,179.63454979582175
2560,164.87466666666666,179.45866666666666,167.07666666666665,179.725403448613
2570,164.87533333333334,179.55133333333333,167.12333333333333,179.81625710140426
2580,164.876,179.644,167.17,179.90711075419551
2590,164.87666666666667,179.73666666666665,167.21666666666667,179.99796440698677
2600,164.87733333333333,179.82933333333332,167.26333333333332,180.08881805977802
2610,164.878,179.922,167.31,180.17967171256925
2620,164.87866666666667,180.01466666666667,167.35666666666665,180.2705253653605
2630,164.87933333333334,180.10733333333332,167.40333333333334,180.36137901815175
2640,164.88,180.2,167.45,180.452232670943
2650,164.882,180.4573333333333,167.506,180.7161604358942
2660,164.884,180.71466666666666,167.56199999999998,180.98008820084542
2670,164.886,180.97199999999998,167.618,181.2440159657966
2680,164.888,181.22933333333333,167.67399999999998,181.5079437307478
2690,164.89,181.48666666666665,167.73,181.771871495699
2700,164.892,181.744,167.786,182.0357992606502
2710,164.894,182.00133333333332,167.84199999999998,182.2997270256014
2720,164.896,182.25866666666667,167.898,182.5636547905526
2730,164.898,182.516,167.95399999999998,182.8275825555038
2740,164.9,182.77333333333334,168.01,183.091510320455
2750,164.902,183.03066666666666,168.066,183.3554380854062
2760,164.904,183.288,168.12199999999999,183.6193658503574
2770,164.906,183.54533333333333,168.178,183.8832936153086
2780,164.908,183.80266666666668,168.23399999999998,184.1472213802598
2790,164.91,184.06,168.29,184.411149145211
2800,164.91333333333333,184.23866666666666,168.34799999999998,184.58826436201568
2810,164.91666666666666,184.41733333333335,168.406,184.76537957882033
2820,164.92,184.596,168.464,184.942494795625
2830,164.92333333333335,184.77466666666666,168.522,185.11961001242966
2840,164.92666666666668,184.95333333333335,168.57999999999998,185.29672522923434
2850,164.93,185.132,168.638,185.473840446039
2860,164.93333333333334,185.31066666666666,168.696,185.65095566284367
2870,164.93666666666667,185.48933333333335,168.754,185.82807087964832
2880,164.94,185.668,168.81199999999998,186.005186096453
2890,164.94333333333333,185.84666666666666,168.87,186.18230131325765
2900,164.94666666666666,186.02533333333335,168.928,186.35941653006233
2910,164.95000000000002,186.204,168.986,186.53653174686698
2920,164.95333333333335,186.38266666666667,169.04399999999998,186.71364696367166
2930,164.95666666666668,186.56133333333335,169.102,186.89076218047632
2940,164.96,186.74,169.16,187.067877397281
2950,164.96666666666667,187.00733333333335,169.22066666666666,187.3459749425164
2960,164.97333333333333,187.27466666666666,169.28133333333332,187.6240724877518
2970,164.98000000000002,187.542,169.34199999999998,187.9021700329872
2980,164.98666666666668,187.80933333333334,169.40266666666668,188.1802675782226
2990,164.99333333333334,188.07666666666668,169.46333333333334,188.458365123458
3000,165.0,188.344,169.524,188.7364626686934
3010,165.00666666666666,188.61133333333333,169.58466666666666,189.0145602139288
3020,165.01333333333335,188.87866666666667,169.64533333333333,189.2926577591642
3030,165.02,189.14600000000002,169.706,189.5707553043996
3040,165.02666666666667,189.41333333333333,169.76666666666665,189.848852849635
3050,165.03333333333333,189.68066666666667,169.8273333333333,190.1269503948704
3060,165.04,189.948,169.888,190.40504794010582
3070,165.04666666666668,190.21533333333335,169.94866666666667,190.6831454853412
3080,165.05333333333334,190.48266666666666,170.00933333333333,190.9612430305766
3090,165.06,190.75,170.07,191.239340575812
3100,165.07,191.30733333333333,170.17133333333334,191.8062153260554
3110,165.08,191.86466666666666,170.27266666666665,192.3730900762988
3120,165.09,192.422,170.374,192.9399648265422
3130,165.1,192.97933333333333,170.47533333333334,193.5068395767856
3140,165.11,193.53666666666666,170.57666666666665,194.073714327029
3150,165.12,194.094,170.678,194.6405890772724
3160,165.13,194.65133333333333,170.77933333333334,195.2074638275158
3170,165.14000000000001,195.2086666666667,170.88066666666666,195.7743385777592
3180,165.15,195.76600000000002,170.982,196.3412133280026
3190,165.16,196.32333333333335,171.08333333333334,196.908088078246
3200,165.17000000000002,196.88066666666668,171.18466666666666,197.4749628284894
3210,165.18,197.43800000000002,171.286,198.0418375787328
3220,165.19,197.99533333333335,171.38733333333334,198.6087123289762
3230,165.20000000000002,198.55266666666668,171.48866666666666,199.1755870792196
3240,165.21,199.11,171.59,199.742461829463
3250,165.22333333333333,199.01666666666668,171.65200000000002,199.63038434397438
3260,165.23666666666668,198.92333333333335,171.714,199.5183068584858
3270,165.25,198.83,171.776,199.4062293729972
3280,165.26333333333335,198.73666666666668,171.838,199.2941518875086
3290,165.27666666666667,198.64333333333335,171.9,199.18207440202
3300,165.29,198.55,171.96200000000002,199.0699969165314
3310,165.30333333333334,198.45666666666668,172.024,198.9579194310428
3320,165.31666666666666,198.36333333333334,172.086,198.8458419455542
3330,165.33,198.27,172.148,198.7337644600656
3340,165.34333333333333,198.17666666666668,172.21,198.62168697457702
3350,165.35666666666665,198.08333333333334,172.27200000000002,198.5096094890884
3360,165.37,197.99,172.334,198.39753200359982
3370,165.38333333333333,197.89666666666668,172.39600000000002,198.2854545181112
3380,165.39666666666668,197.80333333333334,172.458,198.17337703262262
3390,165.41,197.71,172.52,198.061299547134
3400,165.426,197.85066666666668,172.57666666666668,198.2098663789818
3410,165.442,197.99133333333333,172.63333333333335,198.35843321082953
3420,165.458,198.132,172.69,198.5070000426773
3430,165.474,198.27266666666668,172.74666666666667,198.65556687452508
3440,165.49,198.41333333333333,172.80333333333334,198.80413370637285
3450,165.506,198.554,172.86,198.9527005382206
3460,165.522,198.69466666666668,172.91666666666669,199.10126737006837
3470,165.538,198.83533333333332,172.97333333333333,199.24983420191614
3480,165.554,198.976,173.03,199.39840103376392
3490,165.57,199.11666666666667,173.08666666666667,199.54696786561166
3500,165.586,199.25733333333332,173.14333333333335,199.69553469745944
3510,165.602,199.398,173.20000000000002,199.8441015293072
3520,165.618,199.53866666666667,173.25666666666666,199.99266836115498
3530,165.63400000000001,199.67933333333332,173.31333333333333,200.14123519300273
3540,165.65,199.82,173.37,200.2898020248505
3550,165.67066666666668,200.19466666666665,173.45266666666666,200.6763456972724
3560,165.69133333333335,200.56933333333333,173.53533333333334,201.0628893696943
3570,165.71200000000002,200.944,173.618,201.4494330421162
3580,165.73266666666666,201.31866666666667,173.70066666666668,201.83597671453808
3590,165.75333333333333,201.69333333333333,173.78333333333333,202.22252038695999
3600,165.774,202.06799999999998,173.866,202.6090640593819
3610,165.79466666666667,202.44266666666667,173.94866666666667,202.99560773180377
3620,165.81533333333334,202.81733333333332,174.03133333333335,203.38215140422568
3630,165.836,203.192,174.114,203.76869507664756
3640,165.85666666666668,203.56666666666666,174.1966666666667,204.15523874906947
3650,165.87733333333335,203.94133333333332,174.27933333333334,204.54178242149138
3660,165.898,204.316,174.36200000000002,204.92832609391326
3670,165.91866666666667,204.69066666666666,174.44466666666668,205.31486976633516
3680,165.93933333333334,205.06533333333334,174.52733333333336,205.70141343875704
3690,165.96,205.44,174.61,206.08795711117895
3700,165.984,206.03333333333333,174.72866666666667,206.68981014741274
3710,166.008,206.62666666666667,174.84733333333335,207.29166318364656
3720,166.032,207.22,174.966,207.89351621988035
3730,166.056,207.81333333333333,175.08466666666666,208.49536925611417
3740,166.08,208.40666666666667,175.20333333333335,209.09722229234796
3750,166.104,209.0,175.322,209.69907532858176
3760,166.12800000000001,209.59333333333333,175.44066666666666,210.30092836481558
3770,166.152,210.18666666666667,175.55933333333334,210.90278140104937
3780,166.176,210.78,175.678,211.5046344372832
3790,166.2,211.37333333333333,175.79666666666665,212.10648747351698
3800,166.224,211.96666666666667,175.91533333333334,212.70834050975077
3810,166.248,212.56,176.034,213.3101935459846
3820,166.272,213.15333333333334,176.15266666666665,213.91204658221838
3830,166.296,213.74666666666667,176.27133333333333,214.5138996184522
3840,166.32,214.34,176.39,215.115752654686
3850,166.34733333333332,213.922,176.43733333333333,214.6647088560095
3860,166.37466666666666,213.504,176.48466666666664,214.213665057333
3870,166.402,213.086,176.53199999999998,213.76262125865648
3880,166.42933333333332,212.668,176.57933333333332,213.31157745998
3890,166.45666666666665,212.25,176.62666666666667,212.8605336613035
3900,166.48399999999998,211.832,176.67399999999998,212.409489862627
3910,166.5113333333333,211.414,176.72133333333332,211.9584460639505
3920,166.53866666666667,210.996,176.76866666666666,211.50740226527398
3930,166.566,210.578,176.816,211.0563584665975
3940,166.59333333333333,210.16,176.86333333333332,210.605314667921
3950,166.62066666666666,209.742,176.91066666666666,210.1542708692445
3960,166.648,209.32399999999998,176.958,209.703227070568
3970,166.67533333333333,208.906,177.00533333333334,209.25218327189148
3980,166.70266666666666,208.488,177.05266666666665,208.801139473215
3990,166.73,208.07,177.1,208.3500956745385
4000,166.7613333333333,208.168,177.14333333333332,208.4651807056406
4010,166.79266666666666,208.266,177.18666666666667,208.5802657367427
4020,166.82399999999998,208.364,177.23,208.6953507678448
4030,166.85533333333333,208.462,177.27333333333334,208.8104357989469
4040,166.88666666666666,208.56,177.31666666666666,208.925520830049
4050,166.91799999999998,208.658,177.35999999999999,209.0406058611511
4060,166.94933333333333,208.756,177.40333333333334,209.1556908922532
4070,166.98066666666665,208.85399999999998,177.44666666666666,209.2707759233553
4080,167.012,208.952,177.49,209.3858609544574
4090,167.04333333333332,209.04999999999998,177.53333333333333,209.5009459855595
4100,167.07466666666664,209.148,177.57666666666665,209.6160310166616
4110,167.106,209.24599999999998,177.62,209.73111604776372
4120,167.13733333333332,209.344,177.66333333333333,209.84620107886582
4130,167.16866666666667,209.44199999999998,177.70666666666668,209.96128610996792
4140,167.2,209.54,177.75,210.07637114107
4150,167.23466666666667,209.87733333333333,177.83466666666666,210.41663975554079
4160,167.26933333333332,210.21466666666666,177.91933333333333,210.75690837001153
4170,167.304,210.552,178.004,211.0971769844823
4180,167.33866666666665,210.88933333333333,178.08866666666668,211.43744559895308
4190,167.37333333333333,211.22666666666666,178.17333333333335,211.77771421342385
4200,167.408,211.564,178.258,212.1179828278946
4210,167.44266666666667,211.90133333333333,178.34266666666667,212.45825144236537
4220,167.47733333333332,212.23866666666666,178.42733333333334,212.79852005683614
4230,167.512,212.576,178.512,213.1387886713069
4240,167.54666666666665,212.91333333333333,178.59666666666666,213.47905728577766
4250,167.58133333333333,213.25066666666666,178.68133333333333,213.81932590024843
4260,167.61599999999999,213.588,178.76600000000002,214.1595945147192
4270,167.65066666666667,213.92533333333333,178.85066666666668,214.49986312918998
4280,167.68533333333332,214.26266666666666,178.93533333333335,214.84013174366072
4290,167.72,214.6,179.02,215.1804003581315
4300,167.75866666666667,214.82266666666666,179.104,215.404907309561
4310,167.79733333333334,215.04533333333333,179.18800000000002,215.6294142609905
4320,167.836,215.268,179.27200000000002,215.85392121242
4330,167.87466666666666,215.49066666666667,179.356,216.07842816384948
4340,167.91333333333333,215.71333333333334,179.44,216.30293511527898
4350,167.952,215.936,179.524,216.5274420667085
4360,167.99066666666667,216.15866666666668,179.608,216.751949018138
4370,168.02933333333334,216.38133333333332,179.692,216.9764559695675
4380,168.068,216.60399999999998,179.776,217.200962920997
4390,168.10666666666668,216.82666666666665,179.86,217.4254698724265
4400,168.14533333333335,217.04933333333332,179.94400000000002,217.649976823856
4410,168.184,217.272,180.028,217.87448377528548
4420,168.22266666666667,217.49466666666666,180.112,218.098990726715
4430,168.26133333333334,217.71733333333333,180.196,218.3234976781445
4440,168.3,217.94,180.28,218.548004629574
4450,168.34066666666666,217.996,180.35133333333334,218.5992491762058
4460,168.38133333333334,218.052,180.42266666666666,218.65049372283758
4470,168.422,218.108,180.494,218.7017382694694
4480,168.46266666666668,218.164,180.56533333333334,218.7529828161012
4490,168.50333333333333,218.22,180.63666666666666,218.804227362733
4500,168.544,218.276,180.708,218.85547190936478
4510,168.58466666666666,218.332,180.77933333333334,218.9067164559966
4520,168.62533333333334,218.388,180.85066666666665,218.9579610026284
4530,168.666,218.444,180.922,219.0092055492602
4540,168.70666666666668,218.5,180.99333333333334,219.06045009589198
4550,168.74733333333333,218.556,181.06466666666665,219.1116946425238
4560,168.788,218.612,181.136,219.1629391891556
4570,168.82866666666666,218.668,181.20733333333334,219.2141837357874
4580,168.86933333333334,218.724,181.27866666666665,219.26542828241918
4590,168.91,218.78,181.35,219.316672829051
4600,168.95333333333332,219.20666666666668,181.444,219.76105921242868
4610,168.99666666666667,219.63333333333333,181.53799999999998,220.2054455958064
4620,169.04,220.06,181.632,220.64983197918409
4630,169.08333333333334,220.48666666666668,181.726,221.0942183625618
4640,169.12666666666667,220.91333333333333,181.82,221.5386047459395
4650,169.17,221.34,181.914,221.98299112931718
4660,169.21333333333334,221.76666666666668,182.00799999999998,222.4273775126949
4670,169.25666666666666,222.19333333333333,182.102,222.8717638960726
4680,169.3,222.62,182.196,223.3161502794503
4690,169.34333333333333,223.04666666666668,182.29,223.760536662828
4700,169.38666666666666,223.47333333333333,182.384,224.2049230462057
4710,169.43,223.9,182.47799999999998,224.6493094295834
4720,169.47333333333333,224.32666666666668,182.572,225.0936958129611
4730,169.51666666666668,224.75333333333333,182.666,225.53808219633882
4740,169.56,225.18,182.76,225.9824685797165
4750,169.60533333333333,225.64866666666668,182.88733333333332,226.4485669301195
4760,169.65066666666667,226.11733333333333,183.01466666666667,226.9146652805225
4770,169.696,226.586,183.142,227.38076363092551
4780,169.74133333333333,227.05466666666666,183.26933333333332,227.84686198132852
4790,169.78666666666666,227.52333333333334,183.39666666666665,228.31296033173152
4800,169.832,227.99200000000002,183.524,228.77905868213452
4810,169.87733333333333,228.46066666666667,183.65133333333333,229.24515703253752
4820,169.9226666666667,228.92933333333335,183.77866666666665,229.7112553829405
4830,169.96800000000002,229.398,183.90599999999998,230.1773537333435
4840,170.01333333333335,229.86666666666667,184.03333333333333,230.6434520837465
4850,170.05866666666668,230.33533333333335,184.16066666666666,231.1095504341495
4860,170.104,230.804,184.28799999999998,231.5756487845525
4870,170.14933333333335,231.27266666666668,184.4153333333333,232.0417471349555
4880,170.19466666666668,231.74133333333333,184.54266666666666,232.5078454853585
4890,170.24,232.21,184.67,232.9739438357615
4900,170.288,232.32933333333335,184.77066666666664,233.09032428346922
4910,170.336,232.44866666666667,184.87133333333333,233.2067047311769
4920,170.38400000000001,232.568,184.97199999999998,233.3230851788846
4930,170.43200000000002,232.68733333333333,185.07266666666666,233.4394656265923
4940,170.48000000000002,232.80666666666667,185.17333333333332,233.5558460743
4950,170.52800000000002,232.92600000000002,185.274,233.6722265220077
4960,170.57600000000002,233.04533333333333,185.37466666666666,233.7886069697154
4970,170.624,233.16466666666668,185.47533333333334,233.9049874174231
4980,170.672,233.284,185.576,234.0213678651308
4990,170.72,233.40333333333334,185.67666666666668,234.13774831283848
5000,170.768,233.52266666666668,185.77733333333333,234.2541287605462
5010,170.816,233.642,185.87800000000001,234.37050920825388
5020,170.864,233.76133333333334,185.97866666666667,234.4868896559616
5030,170.912,233.88066666666666,186.07933333333335,234.60327010366927
5040,170.96,234.0,186.18,234.719650551377
5050,171.01066666666668,234.50533333333334,186.30733333333333,235.23922959105525
5060,171.06133333333335,235.01066666666668,186.4346666666667,235.75880863073348
5070,171.112,235.516,186.562,236.27838767041175
5080,171.16266666666667,236.02133333333333,186.68933333333334,236.79796671009
5090,171.21333333333334,236.52666666666667,186.81666666666666,237.31754574976827
5100,171.264,237.032,186.94400000000002,237.8371247894465
5110,171.31466666666668,237.53733333333335,187.07133333333334,238.35670382912477
5120,171.36533333333333,238.04266666666666,187.19866666666667,238.87628286880303
5130,171.416,238.548,187.326,239.3958619084813
5140,171.46666666666667,239.05333333333334,187.45333333333335,239.91544094815953
5150,171.51733333333334,239.55866666666668,187.58066666666667,240.4350199878378
5160,171.568,240.06400000000002,187.708,240.95459902751605
5170,171.61866666666666,240.56933333333333,187.83533333333332,241.47417806719432
5180,171.66933333333333,241.07466666666667,187.96266666666668,241.99375710687255
5190,171.72,241.58,188.09,242.5133361465508
5200,171.774,241.66333333333336,188.204,242.58120652618075
5210,171.828,241.74666666666667,188.318,242.64907690581072
5220,171.882,241.83,188.43200000000002,242.71694728544065
5230,171.936,241.91333333333336,188.546,242.7848176650706
5240,171.99,241.99666666666667,188.66,242.85268804470053
5250,172.044,242.08,188.774,242.9205584243305
5260,172.098,242.16333333333336,188.888,242.98842880396043
5270,172.152,242.24666666666667,189.002,243.05629918359037
5280,172.206,242.33,189.116,243.1241695632203
5290,172.26,242.41333333333336,189.23000000000002,243.19203994285027
5300,172.314,242.49666666666667,189.34400000000002,243.2599103224802
5310,172.368,242.58,189.458,243.32778070211015
5320,172.422,242.66333333333336,189.572,243.39565108174008
5330,172.476,242.74666666666667,189.686,243.46352146137005
5340,172.53,242.83,189.8,243.531391841
5350,172.58733333333333,242.81866666666667,189.88066666666668,243.52449261377618
5360,172.64466666666667,242.80733333333333,189.96133333333333,243.51759338655236
5370,172.702,242.79600000000002,190.042,243.51069415932855
5380,172.75933333333333,242.78466666666668,190.12266666666667,243.5037949321047
5390,172.81666666666666,242.77333333333334,190.20333333333335,243.4968957048809
5400,172.874,242.762,190.284,243.4899964776571
5410,172.93133333333333,242.75066666666666,190.36466666666666,243.48309725043327
5420,172.98866666666666,242.73933333333335,190.44533333333334,243.47619802320946
5430,173.046,242.728,190.526,243.46929879598565
5440,173.10333333333332,242.71666666666667,190.60666666666665,243.46239956876184
5450,173.16066666666666,242.70533333333333,190.68733333333333,243.45550034153803
5460,173.218,242.694,190.768,243.4486011143142
5470,173.27533333333332,242.68266666666668,190.84866666666667,243.44170188709037
5480,173.33266666666665,242.67133333333334,190.92933333333332,243.43480265986656
5490,173.39,242.66,191.01,243.42790343264275
5500,173.4513333333333,242.95066666666668,191.11533333333333,243.7231736517597
5510,173.51266666666666,243.24133333333333,191.22066666666666,244.01844387087664
5520,173.57399999999998,243.532,191.326,244.3137140899936
5530,173.63533333333334,243.82266666666666,191.43133333333333,244.60898430911055
5540,173.69666666666666,244.11333333333334,191.53666666666666,244.9042545282275
5550,173.75799999999998,244.404,191.642,245.19952474734444
5560,173.81933333333333,244.69466666666668,191.74733333333333,245.4947949664614
5570,173.88066666666666,244.98533333333333,191.85266666666666,245.79006518557836
5580,173.942,245.276,191.958,246.08533540469531
5590,174.00333333333333,245.56666666666666,192.06333333333333,246.38060562381224
5600,174.06466666666665,245.85733333333334,192.16866666666667,246.6758758429292
5610,174.126,246.148,192.274,246.97114606204616
5620,174.18733333333333,246.43866666666668,192.37933333333334,247.26641628116312
5630,174.24866666666668,246.72933333333333,192.48466666666667,247.56168650028005
5640,174.31,247.02,192.59,247.856956719397
5650,174.37533333333334,247.43733333333336,192.71666666666667,248.28250342939916
5660,174.44066666666666,247.85466666666667,192.84333333333333,248.7080501394013
5670,174.506,248.27200000000002,192.97,249.13359684940346
5680,174.57133333333334,248.68933333333334,193.09666666666666,249.5591435594056
5690,174.63666666666666,249.10666666666668,193.22333333333333,249.98469026940776
5700,174.702,249.524,193.35,250.41023697940992
5710,174.76733333333334,249.94133333333335,193.47666666666666,250.83578368941207
5720,174.83266666666665,250.35866666666666,193.60333333333335,251.26133039941422
5730,174.898,250.776,193.73000000000002,251.68687710941637
5740,174.96333333333334,251.19333333333333,193.85666666666668,252.11242381941852
5750,175.02866666666665,251.61066666666667,193.98333333333335,252.53797052942068
5760,175.094,252.028,194.11,252.96351723942283
5770,175.15933333333334,252.44533333333334,194.23666666666668,253.38906394942498
5780,175.22466666666665,252.86266666666666,194.36333333333334,253.81461065942713
5790,175.29,253.28,194.49,254.24015736942928
5800,175.35733333333332,253.46933333333334,194.60733333333334,254.42070835108643
5810,175.42466666666667,253.65866666666668,194.72466666666668,254.60125933274358
5820,175.492,253.848,194.842,254.78181031440073
5830,175.55933333333334,254.03733333333332,194.95933333333335,254.96236129605788
5840,175.62666666666667,254.22666666666666,195.07666666666668,255.14291227771503
5850,175.694,254.416,195.19400000000002,255.32346325937218
5860,175.76133333333334,254.60533333333333,195.31133333333335,255.50401424102932
5870,175.82866666666666,254.79466666666667,195.42866666666666,255.68456522268647
5880,175.89600000000002,254.984,195.546,255.86511620434362
5890,175.96333333333334,255.17333333333335,195.66333333333333,256.04566718600074
5900,176.03066666666666,255.36266666666668,195.78066666666666,256.2262181676579
5910,176.098,255.552,195.898,256.4067691493151
5920,176.16533333333334,255.74133333333333,196.01533333333333,256.5873201309722
5930,176.2326666666667,255.93066666666667,196.13266666666667,256.76787111262934
5940,176.3,256.12,196.25,256.9484220942865
5950,176.37,256.192,196.34866666666667,257.01911320744824
5960,176.44,256.264,196.44733333333332,257.08980432060997
5970,176.51000000000002,256.336,196.546,257.1604954337717
5980,176.58,256.408,196.64466666666667,257.23118654693343
5990,176.65,256.48,196.74333333333334,257.30187766009516
6000,176.72,256.552,196.84199999999998,257.3725687732569
6010,176.79,256.624,196.94066666666666,257.4432598864186
6020,176.86,256.69599999999997,197.03933333333333,257.5139509995804
6030,176.93,256.768,197.138,257.58464211274213
6040,177.0,256.84,197.23666666666665,257.65533322590386
6050,177.07,256.912,197.33533333333332,257.7260243390656
6060,177.14,256.984,197.434,257.7967154522273
6070,177.21,257.056,197.53266666666667,257.86740656538905
6080,177.28,257.128,197.63133333333332,257.9380976785508
6090,177.35,257.2,197.73,258.0087887917125
6100,177.42266666666666,257.296,197.82666666666665,258.1047558962284
6110,177.49533333333332,257.392,197.92333333333332,258.2007230007443
6120,177.56799999999998,257.488,198.01999999999998,258.2966901052602
6130,177.64066666666668,257.584,198.11666666666667,258.3926572097761
6140,177.71333333333334,257.68,198.21333333333334,258.488624314292
6150,177.786,257.776,198.31,258.5845914188079
6160,177.85866666666666,257.872,198.40666666666667,258.6805585233238
6170,177.93133333333333,257.96799999999996,198.50333333333333,258.7765256278397
6180,178.004,258.06399999999996,198.6,258.87249273235557
6190,178.07666666666665,258.15999999999997,198.69666666666666,258.9684598368715
6200,178.14933333333332,258.256,198.79333333333332,259.0644269413874
6210,178.222,258.352,198.89000000000001,259.1603940459033
6220,178.29466666666667,258.448,198.98666666666668,259.2563611504192
6230,178.36733333333333,258.544,199.08333333333334,259.35232825493506
6240,178.44,258.64,199.18,259.448295359451
6250,178.51533333333333,258.74666666666667,199.27533333333335,259.55496922116185
6260,178.59066666666666,258.8533333333333,199.37066666666666,259.6616430828728
6270,178.666,258.96,199.466,259.76831694458366
6280,178.74133333333333,259.06666666666666,199.56133333333335,259.8749908062946
6290,178.81666666666666,259.17333333333335,199.65666666666667,259.98166466800546
6300,178.892,259.28,199.752,260.0883385297164
6310,178.96733333333333,259.38666666666666,199.84733333333335,260.19501239142727
6320,179.04266666666666,259.49333333333334,199.94266666666667,260.3016862531382
6330,179.118,259.6,200.038,260.4083601148491
6340,179.19333333333333,259.70666666666665,200.13333333333335,260.51503397656
6350,179.26866666666666,259.81333333333333,200.22866666666667,260.6217078382709
6360,179.344,259.92,200.324,260.7283816999818
6370,179.41933333333333,260.0266666666667,200.41933333333336,260.8350555616927
6380,179.49466666666666,260.1333333333333,200.51466666666667,260.9417294234036
6390,179.57,260.24,200.61,261.0484032851145
6400,179.648,260.33866666666665,200.704,261.1466198178638
6410,179.726,260.43733333333336,200.798,261.24483635061307
6420,179.804,260.536,200.89200000000002,261.3430528833624
6430,179.882,260.6346666666667,200.98600000000002,261.4412694161117
6440,179.96,260.73333333333335,201.08,261.539485948861
6450,180.038,260.832,201.174,261.6377024816103
6460,180.116,260.9306666666667,201.268,261.7359190143596
6470,180.194,261.02933333333334,201.36200000000002,261.83413554710893
6480,180.272,261.12800000000004,201.45600000000002,261.9323520798582
6490,180.35,261.2266666666667,201.55,262.0305686126075
6500,180.428,261.32533333333333,201.644,262.1287851453568
6510,180.506,261.42400000000004,201.738,262.2270016781061
6520,180.584,261.5226666666667,201.83200000000002,262.32521821085544
6530,180.662,261.6213333333334,201.92600000000002,262.42343474360473
6540,180.74,261.72,202.02,262.521651276354
6550,180.82000000000002,261.9026666666667,202.11733333333333,262.7106116380022
6560,180.9,262.0853333333334,202.2146666666667,262.89957199965045
6570,180.98000000000002,262.26800000000003,202.312,263.08853236129863
6580,181.06,262.4506666666667,202.40933333333334,263.2774927229468
6590,181.14000000000001,262.6333333333333,202.50666666666666,263.466453084595
6600,181.22,262.81600000000003,202.604,263.65541344624324
6610,181.3,262.9986666666667,202.70133333333334,263.84437380789143
6620,181.38,263.1813333333333,202.79866666666666,264.0333341695396
6630,181.46,263.364,202.896,264.2222945311878
6640,181.54,263.5466666666667,202.99333333333334,264.41125489283604
6650,181.62,263.72933333333333,203.09066666666666,264.6002152544842
6660,181.7,263.912,203.188,264.7891756161324
6670,181.78,264.0946666666666,203.2853333333333,264.9781359777806
6680,181.85999999999999,264.27733333333333,203.38266666666667,265.16709633942884
6690,181.94,264.46,203.48,265.356056701077
6700,182.02133333333333,264.8333333333333,203.602,265.73496204948464
6710,182.10266666666666,265.20666666666665,203.724,266.1138673978922
6720,182.184,265.58,203.846,266.4927727462998
6730,182.26533333333333,265.9533333333333,203.968,266.8716780947074
6740,182.34666666666666,266.32666666666665,204.09,267.25058344311503
6750,182.428,266.7,204.212,267.6294887915226
6760,182.50933333333333,267.0733333333333,204.334,268.0083941399302
6770,182.59066666666666,267.44666666666666,204.456,268.3872994883378
6780,182.672,267.82,204.578,268.76620483674543
6790,182.75333333333333,268.1933333333333,204.7,269.145110185153
6800,182.83466666666666,268.56666666666666,204.822,269.5240155335606
6810,182.916,268.94,204.944,269.9029208819682
6820,182.99733333333333,269.31333333333333,205.066,270.2818262303758
6830,183.07866666666666,269.68666666666667,205.188,270.6607315787834
6840,183.16,270.06,205.31,271.039636927191
6850,183.24333333333334,269.95933333333335,205.40333333333334,270.9240556531477
6860,183.32666666666665,269.8586666666667,205.49666666666667,270.8084743791044
6870,183.41,269.758,205.59,270.6928931050611
6880,183.49333333333334,269.6573333333333,205.68333333333334,270.5773118310178
6890,183.57666666666665,269.5566666666667,205.77666666666667,270.4617305569745
6900,183.66,269.456,205.87,270.3461492829312
6910,183.74333333333334,269.35533333333336,205.96333333333334,270.23056800888793
6920,183.82666666666665,269.25466666666665,206.05666666666667,270.1149867348446
6930,183.91,269.154,206.15,269.9994054608013
6940,183.99333333333334,269.05333333333334,206.24333333333334,269.88382418675803
6950,184.07666666666665,268.9526666666667,206.33666666666667,269.7682429127147
6960,184.16,268.85200000000003,206.43,269.6526616386714
6970,184.24333333333334,268.7513333333333,206.52333333333334,269.53708036462814
6980,184.32666666666665,268.65066666666667,206.61666666666667,269.4214990905848
6990,184.41,268.55,206.71,269.3059178165415
7000,184.49466666666666,268.73533333333336,206.80533333333335,269.5020263185422
7010,184.57933333333332,268.92066666666665,206.90066666666667,269.6981348205429
7020,184.664,269.106,206.996,269.8942433225436
7030,184.74866666666668,269.29133333333334,207.09133333333332,270.0903518245443
7040,184.83333333333334,269.4766666666667,207.18666666666667,270.286460326545
7050,184.918,269.662,207.282,270.4825688285457
7060,185.00266666666667,269.8473333333333,207.37733333333333,270.6786773305464
7070,185.08733333333333,270.03266666666667,207.47266666666667,270.8747858325471
7080,185.172,270.218,207.56799999999998,271.0708943345478
7090,185.25666666666666,270.4033333333333,207.66333333333333,271.2670028365485
7100,185.34133333333332,270.58866666666665,207.75866666666667,271.4631113385492
7110,185.42600000000002,270.774,207.85399999999998,271.6592198405499
7120,185.51066666666668,270.95933333333335,207.94933333333333,271.8553283425506
7130,185.59533333333334,271.14466666666664,208.04466666666664,272.0514368445513
7140,185.68,271.33,208.14,272.247545346552
7150,185.76600000000002,271.71,208.26466666666664,272.63531447683835
7160,185.852,272.09,208.38933333333333,273.02308360712476
7170,185.93800000000002,272.46999999999997,208.51399999999998,273.4108527374111
7180,186.024,272.84999999999997,208.63866666666667,273.79862186769753
7190,186.11,273.22999999999996,208.76333333333332,274.1863909979839
7200,186.196,273.60999999999996,208.88799999999998,274.5741601282703
7210,186.282,273.98999999999995,209.01266666666666,274.96192925855667
7220,186.368,274.37,209.13733333333332,275.3496983888431
7230,186.454,274.75,209.262,275.73746751912944
7240,186.54,275.13,209.38666666666666,276.12523664941585
7250,186.626,275.51,209.5113333333333,276.5130057797022
7260,186.712,275.89,209.636,276.9007749099886
7270,186.798,276.27,209.76066666666665,277.288544040275
7280,186.884,276.65,209.88533333333334,277.6763131705614
7290,186.97,277.03,210.01,278.06408230084776
7300,187.05733333333333,277.484,210.154,278.5234829116615
7310,187.14466666666667,277.938,210.298,278.9828835224753
7320,187.232,278.392,210.44199999999998,279.442284133289
7330,187.31933333333333,278.84599999999995,210.58599999999998,279.90168474410274
7340,187.40666666666667,279.29999999999995,210.73,280.3610853549165
7350,187.494,279.75399999999996,210.874,280.82048596573026
7360,187.58133333333333,280.20799999999997,211.018,281.279886576544
7370,187.66866666666667,280.662,211.16199999999998,281.7392871873577
7380,187.756,281.116,211.30599999999998,282.1986877981715
7390,187.84333333333333,281.57,211.45,282.65808840898524
7400,187.93066666666667,282.024,211.594,283.117489019799
7410,188.018,282.47799999999995,211.738,283.57688963061275
7420,188.10533333333333,282.93199999999996,211.88199999999998,284.03629024142646
7430,188.19266666666667,283.38599999999997,212.02599999999998,284.4956908522402
7440,188.28,283.84,212.17,284.955091463054
7450,188.368,283.7,212.27533333333332,284.7965114957135
7460,188.456,283.56,212.38066666666666,284.637931528373
7470,188.544,283.41999999999996,212.486,284.4793515610325
7480,188.632,283.28,212.59133333333332,284.320771593692
7490,188.72,283.14,212.69666666666666,284.1621916263515
7500,188.808,283.0,212.802,284.00361165901097
7510,188.896,282.86,212.90733333333333,283.8450316916705
7520,188.984,282.71999999999997,213.01266666666666,283.68645172432997
7530,189.072,282.58,213.118,283.5278717569895
7540,189.16,282.44,213.22333333333333,283.36929178964897
7550,189.248,282.3,213.32866666666666,283.2107118223085
7560,189.33599999999998,282.16,213.434,283.05213185496797
7570,189.424,282.02,213.53933333333333,282.8935518876275
7580,189.512,281.88,213.64466666666667,282.73497192028697
7590,189.6,281.74,213.75,282.5763919529465
7600,189.69,281.8353333333333,213.84866666666667,282.67880143217735
7610,189.78,281.9306666666667,213.94733333333332,282.7812109114082
7620,189.87,282.026,214.046,282.88362039063907
7630,189.95999999999998,282.1213333333333,214.14466666666667,282.98602986987
7640,190.04999999999998,282.2166666666667,214.24333333333334,283.08843934910084
7650,190.14,282.312,214.34199999999998,283.1908488283317
7660,190.23,282.4073333333333,214.44066666666666,283.29325830756255
7670,190.32,282.5026666666667,214.53933333333333,283.3956677867934
7680,190.41,282.598,214.638,283.49807726602427
7690,190.5,282.6933333333333,214.73666666666665,283.6004867452551
7700,190.59,282.7886666666667,214.83533333333332,283.702896224486
7710,190.67999999999998,282.884,214.934,283.8053057037169
7720,190.76999999999998,282.97933333333333,215.03266666666667,283.90771518294775
7730,190.85999999999999,283.0746666666667,215.13133333333332,284.0101246621786
7740,190.95,283.17,215.23,284.11253414140947
7750,191.0413333333333,283.56733333333335,215.35533333333333,284.5250324259439
7760,191.13266666666667,283.9646666666667,215.48066666666665,284.93753071047837
7770,191.224,284.362,215.606,285.3500289950128
7780,191.3153333333333,284.75933333333336,215.73133333333334,285.7625272795472
7790,191.40666666666667,285.1566666666667,215.85666666666665,286.17502556408164
7800,191.498,285.55400000000003,215.982,286.5875238486161
7810,191.58933333333331,285.95133333333337,216.10733333333334,287.00002213315054
7820,191.68066666666667,286.34866666666665,216.23266666666666,287.41252041768496
7830,191.772,286.746,216.358,287.8250187022194
7840,191.86333333333332,287.1433333333333,216.48333333333335,288.23751698675386
7850,191.95466666666667,287.54066666666665,216.60866666666666,288.6500152712883
7860,192.046,287.938,216.734,289.0625135558227
7870,192.13733333333332,288.3353333333333,216.85933333333335,289.4750118403571
7880,192.22866666666667,288.73266666666666,216.98466666666667,289.8875101248916
7890,192.32,289.13,217.11,290.300008409426
7900,192.41333333333333,289.8906666666667,217.288,291.07169485799625
7910,192.50666666666666,290.65133333333335,217.466,291.8433813065664
7920,192.6,291.412,217.644,292.61506775513664
7930,192.69333333333333,292.17266666666666,217.822,293.3867542037068
7940,192.78666666666666,292.93333333333334,218.0,294.158440652277
7950,192.88,293.694,218.178,294.93012710084724
7960,192.97333333333333,294.4546666666667,218.356,295.7018135494174
7970,193.06666666666666,295.2153333333333,218.53400000000002,296.47349999798763
7980,193.16,295.976,218.71200000000002,297.2451864465578
7990,193.25333333333333,296.7366666666667,218.89000000000001,298.016872895128
8000,193.34666666666666,297.49733333333336,219.068,298.78855934369824
8010,193.44,298.25800000000004,219.246,299.5602457922684
8020,193.53333333333333,299.01866666666666,219.424,300.3319322408386
8030,193.62666666666667,299.77933333333334,219.602,301.1036186894088
8040,193.72,300.54,219.78,301.875305137979
8050,193.812,300.6933333333333,219.92866666666666,302.01424611351626
8060,193.904,300.8466666666667,220.07733333333334,302.1531870890535
8070,193.996,301.0,220.226,302.29212806459077
8080,194.088,301.15333333333336,220.37466666666666,302.431069040128
8090,194.18,301.3066666666667,220.52333333333334,302.5700100156653
8100,194.272,301.46,220.672,302.7089509912025
8110,194.364,301.61333333333334,220.82066666666665,302.8478919667398
8120,194.456,301.76666666666665,220.96933333333334,302.986832942277
8130,194.548,301.92,221.118,303.12577391781423
8140,194.64,302.0733333333333,221.26666666666665,303.2647148933515
8150,194.732,302.22666666666663,221.41533333333334,303.40365586888873
8160,194.82399999999998,302.38,221.564,303.542596844426
8170,194.916,302.5333333333333,221.71266666666665,303.68153781996324
8180,195.00799999999998,302.68666666666667,221.86133333333333,303.8204787955005
8190,195.1,302.84,222.01,303.95941977103774
8200,195.194,302.99266666666665,222.14466666666667,304.11065206062113
8210,195.28799999999998,303.1453333333333,222.2793333333333,304.2618843502046
8220,195.382,303.298,222.414,304.413116639788
8230,195.476,303.4506666666666,222.54866666666666,304.5643489293714
8240,195.57,303.6033333333333,222.68333333333334,304.7155812189548
8250,195.664,303.756,222.81799999999998,304.86681350853826
8260,195.75799999999998,303.90866666666665,222.95266666666666,305.01804579812165
8270,195.852,304.0613333333333,223.08733333333333,305.1692780877051
8280,195.946,304.214,223.222,305.3205103772885
8290,196.04,304.3666666666667,223.35666666666665,305.47174266687193
8300,196.134,304.51933333333335,223.49133333333333,305.6229749564553
8310,196.22799999999998,304.67199999999997,223.626,305.77420724603877
8320,196.322,304.82466666666664,223.76066666666668,305.92543953562216
8330,196.416,304.9773333333333,223.89533333333333,306.0766718252056
8340,196.51,305.13,224.03,306.227904114789
8350,196.60533333333333,305.1213333333333,224.15133333333333,306.20616672125453
8360,196.70066666666665,305.11266666666666,224.27266666666668,306.1844293277201
8370,196.796,305.104,224.394,306.16269193418566
8380,196.89133333333334,305.0953333333333,224.51533333333333,306.1409545406512
8390,196.98666666666665,305.08666666666664,224.63666666666666,306.11921714711673
8400,197.082,305.078,224.758,306.0974797535823
8410,197.17733333333334,305.0693333333333,224.87933333333334,306.07574236004785
8420,197.27266666666665,305.0606666666667,225.00066666666666,306.0540049665134
8430,197.368,305.052,225.12199999999999,306.0322675729789
8440,197.46333333333334,305.04333333333335,225.24333333333334,306.0105301794445
8450,197.55866666666665,305.0346666666667,225.36466666666666,305.98879278591005
8460,197.654,305.026,225.486,305.9670553923756
8470,197.74933333333334,305.01733333333334,225.60733333333332,305.9453179988411
8480,197.84466666666665,305.00866666666667,225.72866666666667,305.9235806053067
8490,197.94,305.0,225.85,305.90184321177225
8500,198.03866666666667,304.6306666666667,225.922,305.5218751379559
8510,198.13733333333332,304.2613333333333,225.994,305.14190706413956
8520,198.236,303.892,226.066,304.7619389903232
8530,198.33466666666666,303.5226666666667,226.138,304.3819709165069
8540,198.43333333333334,303.1533333333333,226.21,304.0020028426905
8550,198.53199999999998,302.784,226.282,303.62203476887413
8560,198.63066666666666,302.4146666666667,226.354,303.2420666950578
8570,198.72933333333333,302.0453333333333,226.426,302.86209862124144
8580,198.828,301.676,226.498,302.48213054742513
8590,198.92666666666665,301.3066666666667,226.57,302.10216247360876
8600,199.02533333333332,300.9373333333333,226.642,301.7221943997924
8610,199.124,300.568,226.714,301.34222632597607
8620,199.22266666666667,300.19866666666667,226.786,300.9622582521597
8630,199.3213333333333,299.8293333333333,226.858,300.5822901783434
8640,199.42,299.46,226.93,300.202322104527
8650,199.52133333333333,300.16066666666666,227.06933333333333,300.93754143850964
8660,199.62266666666665,300.86133333333333,227.2086666666667,301.6727607724923
8670,199.724,301.562,227.348,302.40798010647495
8680,199.82533333333333,302.26266666666663,227.48733333333334,303.14319944045764
8690,199.92666666666665,302.9633333333333,227.62666666666667,303.87841877444026
8700,200.028,303.664,227.76600000000002,304.61363810842295
8710,200.12933333333334,304.36466666666666,227.90533333333335,305.3488574424056
8720,200.23066666666665,305.06533333333334,228.04466666666667,306.08407677638826
8730,200.332,305.766,228.184,306.8192961103709
8740,200.43333333333334,306.4666666666667,228.32333333333335,307.55451544435357
8750,200.53466666666665,307.1673333333334,228.46266666666668,308.2897347783362
8760,200.636,307.868,228.602,309.0249541123189
8770,200.73733333333334,308.5686666666667,228.74133333333333,309.7601734463015
8780,200.83866666666665,309.26933333333335,228.88066666666668,310.4953927802842
8790,200.94,309.97,229.02,311.2306121142668
8800,201.04333333333332,309.7486666666667,229.13400000000001,310.97335228435526
8810,201.14666666666668,309.52733333333333,229.24800000000002,310.71609245444364
8820,201.25,309.30600000000004,229.362,310.4588326245321
8830,201.35333333333332,309.0846666666667,229.476,310.20157279462046
8840,201.45666666666668,308.86333333333334,229.59,309.9443129647089
8850,201.56,308.642,229.704,309.6870531347973
8860,201.66333333333333,308.42066666666665,229.818,309.4297933048857
8870,201.76666666666668,308.19933333333336,229.932,309.1725334749741
8880,201.87,307.978,230.046,308.91527364506254
8890,201.97333333333333,307.75666666666666,230.16,308.6580138151509
8900,202.07666666666668,307.5353333333333,230.274,308.40075398523936
8910,202.18,307.31399999999996,230.388,308.14349415532774
8920,202.28333333333333,307.0926666666667,230.50199999999998,307.8862343254162
8930,202.38666666666668,306.8713333333333,230.61599999999999,307.62897449550456
8940,202.49,306.65,230.73,307.371714665593
8950,202.59533333333334,306.21666666666664,230.772,306.94385812841995
8960,202.70066666666668,305.7833333333333,230.814,306.51600159124695
8970,202.806,305.34999999999997,230.856,306.0881450540739
8980,202.91133333333335,304.91666666666663,230.898,305.6602885169009
8990,203.01666666666668,304.4833333333333,230.94,305.23243197972783
9000,203.122,304.04999999999995,230.982,304.8045754425548
9010,203.22733333333335,303.6166666666666,231.024,304.3767189053818
9020,203.33266666666665,303.18333333333334,231.066,303.9488623682087
9030,203.438,302.75,231.108,303.5210058310357
9040,203.54333333333332,302.31666666666666,231.15,303.09314929386267
9050,203.64866666666666,301.8833333333333,231.192,302.6652927566896
9060,203.754,301.45,231.234,302.2374362195166
9070,203.85933333333332,301.01666666666665,231.276,301.80957968234355
9080,203.96466666666666,300.5833333333333,231.318,301.38172314517055
9090,204.07,300.15,231.36,300.9538666079975
9100,204.17666666666665,300.366,231.44933333333336,301.1772958201958
9110,204.28333333333333,300.582,231.53866666666667,301.4007250323941
9120,204.39,300.798,231.62800000000001,301.6241542445924
9130,204.49666666666667,301.01399999999995,231.71733333333333,301.8475834567907
9140,204.60333333333332,301.22999999999996,231.80666666666667,302.071012668989
9150,204.70999999999998,301.44599999999997,231.89600000000002,302.2944418811873
9160,204.81666666666666,301.662,231.98533333333333,302.5178710933856
9170,204.92333333333332,301.878,232.07466666666667,302.7413003055839
9180,205.03,302.094,232.164,302.9647295177822
9190,205.13666666666666,302.31,232.25333333333333,303.1881587299805
9200,205.2433333333333,302.526,232.34266666666667,303.4115879421788
9210,205.35,302.74199999999996,232.432,303.6350171543771
9220,205.45666666666665,302.95799999999997,232.52133333333333,303.8584463665754
9230,205.56333333333333,303.174,232.61066666666665,304.0818755787737
9240,205.67,303.39,232.7,304.305304790972
9250,205.77733333333333,302.76599999999996,232.73266666666666,303.6507598515449
9260,205.88466666666665,302.142,232.76533333333333,302.9962149121178
9270,205.992,301.518,232.798,302.3416699726907
9280,206.09933333333333,300.894,232.83066666666664,301.6871250332636
9290,206.20666666666665,300.27,232.86333333333332,301.0325800938365
9300,206.314,299.64599999999996,232.896,300.3780351544094
9310,206.42133333333334,299.022,232.92866666666666,299.7234902149823
9320,206.52866666666665,298.39799999999997,232.96133333333333,299.0689452755552
9330,206.636,297.774,232.994,298.4144003361281
9340,206.74333333333334,297.15,233.02666666666667,297.759855396701
9350,206.85066666666665,296.52599999999995,233.05933333333334,297.1053104572739
9360,206.958,295.902,233.09199999999998,296.45076551784683
9370,207.06533333333334,295.27799999999996,233.12466666666666,295.7962205784197
9380,207.17266666666666,294.654,233.15733333333333,295.14167563899264
9390,207.28,294.03,233.19,294.4871306995655
9400,207.38733333333334,293.59599999999995,233.198,294.0524145331233
9410,207.49466666666666,293.162,233.206,293.61769836668105
9420,207.602,292.72799999999995,233.214,293.1829822002388
9430,207.70933333333332,292.294,233.222,292.7482660337966
9440,207.81666666666666,291.85999999999996,233.23,292.31354986735437
9450,207.924,291.426,233.238,291.87883370091214
9460,208.03133333333332,290.99199999999996,233.246,291.4441175344699
9470,208.13866666666667,290.558,233.254,291.0094013680276
9480,208.24599999999998,290.12399999999997,233.262,290.5746852015854
9490,208.35333333333332,289.69,233.27,290.13996903514317
9500,208.46066666666667,289.256,233.278,289.70525286870094
9510,208.56799999999998,288.822,233.286,289.2705367022587
9520,208.67533333333333,288.388,233.294,288.8358205358165
9530,208.78266666666664,287.954,233.302,288.40110436937425
9540,208.89,287.52,233.31,287.966388202932
9550,208.99599999999998,287.3473333333333,233.328,287.80124461427135
9560,209.10199999999998,287.17466666666667,233.346,287.6361010256106
9570,209.208,287.002,233.364,287.47095743694996
9580,209.314,286.8293333333333,233.382,287.3058138482893
9590,209.42,286.65666666666664,233.4,287.1406702596286
9600,209.52599999999998,286.484,233.418,286.9755266709679
9610,209.63199999999998,286.3113333333333,233.436,286.8103830823072
9620,209.738,286.13866666666667,233.454,286.64523949364656
9630,209.844,285.966,233.472,286.4800959049859
9640,209.95,285.79333333333335,233.49,286.31495231632516
9650,210.05599999999998,285.6206666666667,233.508,286.1498087276645
9660,210.16199999999998,285.448,233.526,285.9846651390038
9670,210.268,285.2753333333333,233.544,285.81952155034315
9680,210.374,285.10266666666666,233.562,285.6543779616824
9690,210.48,284.93,233.58,285.48923437302176
9700,210.584,285.07866666666666,233.63333333333335,285.6434071669393
9710,210.688,285.2273333333333,233.68666666666667,285.79757996085687
9720,210.792,285.37600000000003,233.74,285.9517527547744
9730,210.896,285.5246666666667,233.79333333333335,286.10592554869197
9740,211.0,285.67333333333335,233.84666666666666,286.2600983426095
9750,211.10399999999998,285.822,233.9,286.4142711365271
9760,211.208,285.97066666666666,233.95333333333335,286.56844393044463
9770,211.31199999999998,286.1193333333334,234.00666666666666,286.7226167243621
9780,211.416,286.26800000000003,234.06,286.8767895182797
9790,211.51999999999998,286.4166666666667,234.11333333333334,287.03096231219723
9800,211.624,286.56533333333334,234.16666666666666,287.1851351061148
9810,211.72799999999998,286.714,234.22,287.33930790003234
9820,211.832,286.8626666666667,234.27333333333334,287.4934806939499
9830,211.93599999999998,287.01133333333337,234.32666666666665,287.64765348786744
9840,212.04,287.16,234.38,287.801826281785
9850,212.14133333333334,286.858,234.40866666666668,287.4843466012429
9860,212.24266666666665,286.55600000000004,234.43733333333333,287.1668669207008
9870,212.344,286.254,234.466,286.8493872401587
9880,212.44533333333334,285.952,234.49466666666666,286.53190755961657
9890,212.54666666666665,285.65000000000003,234.52333333333334,286.2144278790745
9900,212.648,285.348,234.552,285.8969481985324
9910,212.74933333333334,285.046,234.58066666666667,285.5794685179903
9920,212.85066666666665,284.744,234.60933333333332,285.2619888374482
9930,212.952,284.442,234.638,284.94450915690607
9940,213.05333333333334,284.14,234.66666666666666,284.627029476364
9950,213.15466666666666,283.838,234.69533333333334,284.3095497958219
9960,213.256,283.536,234.724,283.9920701152798
9970,213.35733333333334,283.234,234.75266666666667,283.6745904347377
9980,213.45866666666666,282.932,234.78133333333332,283.35711075419556
9990,213.56,282.63,234.81,283.0396310736535
10000,213.65666666666667,282.4273333333333,234.82866666666666,282.83753413455133
10010,213.75333333333333,282.2246666666667,234.84733333333332,282.63543719544924
10020,213.85,282.022,234.866,282.4333402563471
10030,213.94666666666666,281.8193333333333,234.88466666666667,282.23124331724495
10040,214.04333333333332,281.6166666666667,234.90333333333334,282.0291463781428
10050,214.14,281.414,234.922,281.8270494390407
10060,214.23666666666665,281.2113333333333,234.94066666666666,281.62495249993856
10070,214.33333333333334,281.00866666666667,234.95933333333335,281.4228555608364
10080,214.43,280.806,234.978,281.22075862173426
10090,214.52666666666667,280.6033333333333,234.99666666666667,281.01866168263217
10100,214.62333333333333,280.40066666666667,235.01533333333333,280.81656474353
10110,214.72,280.198,235.034,280.6144678044279
10120,214.81666666666666,279.9953333333333,235.05266666666668,280.4123708653257
10130,214.91333333333333,279.79266666666666,235.07133333333334,280.21027392622364
10140,215.01,279.59,235.09,280.0081769871215
10150,215.10266666666666,279.40666666666664,235.11,279.8203651446661
10160,215.19533333333334,279.2233333333333,235.13,279.6325533022107
10170,215.28799999999998,279.03999999999996,235.15,279.4447414597553
10180,215.38066666666666,278.8566666666666,235.17,279.2569296172999
10190,215.47333333333333,278.6733333333333,235.19,279.06911777484447
10200,215.566,278.48999999999995,235.21,278.88130593238907
10210,215.65866666666668,278.3066666666666,235.23,278.69349408993367
10220,215.75133333333332,278.12333333333333,235.25,278.5056822474783
10230,215.844,277.94,235.26999999999998,278.3178704050229
10240,215.93666666666667,277.75666666666666,235.29,278.1300585625675
10250,216.02933333333334,277.5733333333333,235.31,277.9422467201121
10260,216.122,277.39,235.32999999999998,277.7544348776567
10270,216.21466666666666,277.20666666666665,235.35,277.5666230352013
10280,216.30733333333333,277.0233333333333,235.36999999999998,277.3788111927459
10290,216.4,276.84,235.39,277.1909993502905
10300,216.48866666666666,276.57,235.39666666666665,276.9163749596886
10310,216.57733333333334,276.29999999999995,235.40333333333334,276.6417505690867
10320,216.666,276.03,235.41,276.3671261784848
10330,216.75466666666668,275.76,235.41666666666666,276.0925017878829
10340,216.84333333333333,275.49,235.42333333333332,275.817877397281
10350,216.932,275.21999999999997,235.43,275.5432530066791
10360,217.02066666666667,274.95,235.43666666666667,275.2686286160772
10370,217.10933333333332,274.68,235.44333333333333,274.9940042254753
10380,217.198,274.41,235.45,274.7193798348734
10390,217.28666666666666,274.14,235.45666666666668,274.4447554442715
10400,217.37533333333332,273.87,235.46333333333334,274.1701310536696
10410,217.464,273.6,235.47,273.8955066630677
10420,217.55266666666665,273.33000000000004,235.47666666666666,273.6208822724658
10430,217.64133333333334,273.06,235.48333333333335,273.3462578818639
10440,217.73,272.79,235.49,273.071633491262
10450,217.814,272.93533333333335,235.524,273.2301749081721
10460,217.898,273.0806666666667,235.55800000000002,273.3887163250822
10470,217.982,273.226,235.592,273.54725774199227
10480,218.066,273.3713333333334,235.626,273.7057991589024
10490,218.15,273.5166666666667,235.66,273.8643405758125
10500,218.234,273.66200000000003,235.69400000000002,274.0228819927226
10510,218.318,273.80733333333336,235.728,274.1814234096327
10520,218.402,273.9526666666667,235.762,274.33996482654277
10530,218.486,274.098,235.796,274.4985062434529
10540,218.57,274.24333333333334,235.83,274.657047660363
10550,218.654,274.38866666666667,235.864,274.8155890772731
10560,218.738,274.53400000000005,235.898,274.9741304941832
10570,218.822,274.6793333333334,235.932,275.13267191109327
10580,218.906,274.8246666666667,235.966,275.2912133280034
10590,218.99,274.97,236.0,275.4497547449135
10600,219.07066666666668,274.6946666666667,236.02066666666667,275.1556613380022
10610,219.15133333333333,274.4193333333333,236.04133333333334,274.8615679310909
10620,219.232,274.144,236.062,274.5674745241796
10630,219.31266666666667,273.8686666666667,236.08266666666665,274.2733811172683
10640,219.39333333333335,273.59333333333336,236.10333333333332,273.97928771035697
10650,219.474,273.318,236.124,273.6851943034457
10660,219.55466666666666,273.04266666666666,236.14466666666667,273.3911008965344
10670,219.63533333333334,272.76733333333334,236.16533333333334,273.0970074896231
10680,219.716,272.492,236.186,272.80291408271177
10690,219.79666666666665,272.21666666666664,236.20666666666668,272.5088206758005
10700,219.87733333333333,271.9413333333333,236.22733333333335,272.2147272688892
10710,219.958,271.666,236.248,271.9206338619779
10720,220.03866666666667,271.3906666666667,236.26866666666666,271.62654045506656
10730,220.11933333333332,271.1153333333333,236.28933333333333,271.3324470481553
10740,220.2,270.84,236.31,271.038353641244
10750,220.27533333333332,270.45,236.29333333333332,270.6482649810902
10760,220.35066666666665,270.06,236.27666666666667,270.2581763209364
10770,220.426,269.66999999999996,236.26,269.86808766078263
10780,220.50133333333332,269.28,236.24333333333334,269.47799900062887
10790,220.57666666666665,268.89,236.22666666666666,269.08791034047505
10800,220.652,268.5,236.21,268.6978216803213
10810,220.72733333333332,268.11,236.19333333333333,268.3077330201675
10820,220.80266666666668,267.71999999999997,236.17666666666668,267.9176443600137
10830,220.87800000000001,267.33,236.16,267.52755569985993
10840,220.95333333333335,266.94,236.14333333333335,267.13746703970617
10850,221.02866666666668,266.55,236.12666666666667,266.74737837955234
10860,221.104,266.16,236.11,266.3572897193986
10870,221.17933333333335,265.77,236.09333333333333,265.9672010592448
10880,221.25466666666668,265.38,236.07666666666668,265.577112399091
10890,221.33,264.99,236.06,265.1870237389372
10900,221.40200000000002,264.86,236.05933333333334,265.0575793961199
10910,221.47400000000002,264.73,236.05866666666668,264.9281350533025
10920,221.54600000000002,264.6,236.058,264.7986907104852
10930,221.618,264.47,236.05733333333333,264.6692463676678
10940,221.69,264.34000000000003,236.05666666666667,264.5398020248505
10950,221.762,264.21000000000004,236.056,264.4103576820331
10960,221.834,264.08000000000004,236.05533333333335,264.2809133392158
10970,221.906,263.95,236.05466666666666,264.1514689963985
10980,221.978,263.82,236.054,264.0220246535811
10990,222.05,263.69,236.05333333333334,263.8925803107638
11000,222.122,263.56,236.05266666666668,263.7631359679464
11010,222.194,263.43,236.05200000000002,263.6336916251291
11020,222.266,263.3,236.05133333333333,263.5042472823117
11030,222.338,263.17,236.05066666666667,263.3748029394944
11040,222.41,263.04,236.05,263.245358596677
11050,222.478,263.22200000000004,236.07733333333334,263.4388782995775
11060,222.546,263.404,236.10466666666667,263.6323980024779
11070,222.614,263.586,236.132,263.82591770537834
11080,222.682,263.76800000000003,236.15933333333334,264.0194374082788
11090,222.75,263.95,236.18666666666667,264.21295711117926
11100,222.818,264.132,236.214,264.40647681407967
11110,222.886,264.314,236.24133333333333,264.5999965169801
11120,222.954,264.496,236.2686666666667,264.7935162198806
11130,223.022,264.678,236.29600000000002,264.98703592278105
11140,223.09,264.86,236.32333333333335,265.18055562568145
11150,223.15800000000002,265.042,236.35066666666668,265.3740753285819
11160,223.226,265.224,236.37800000000001,265.56759503148237
11170,223.294,265.406,236.40533333333335,265.76111473438283
11180,223.362,265.58799999999997,236.43266666666668,265.95463443728323
11190,223.43,265.77,236.46,266.1481541401837
11200,223.49333333333334,265.29133333333334,236.45666666666668,265.6397426198106
11210,223.55666666666667,264.81266666666664,236.45333333333335,265.13133109943755
11220,223.62,264.334,236.45000000000002,264.62291957906444
11230,223.68333333333334,263.8553333333333,236.44666666666666,264.1145080586914
11240,223.74666666666667,263.37666666666667,236.44333333333333,263.6060965383183
11250,223.81,262.89799999999997,236.44,263.0976850179452
11260,223.87333333333333,262.4193333333333,236.43666666666667,262.58927349757215
11270,223.93666666666667,261.94066666666663,236.43333333333334,262.08086197719905
11280,224.0,261.462,236.43,261.572450456826
11290,224.06333333333333,260.9833333333333,236.42666666666668,261.0640389364529
11300,224.12666666666667,260.50466666666665,236.42333333333335,260.5556274160798
11310,224.19,260.02599999999995,236.42,260.04721589570676
11320,224.25333333333333,259.5473333333333,236.41666666666666,259.53880437533365
11330,224.31666666666666,259.0686666666666,236.41333333333333,259.0303928549606
11340,224.38,258.59,236.41,258.5219813345875
11350,224.43866666666665,258.00866666666667,236.35133333333334,257.945668617467
11360,224.49733333333333,257.4273333333333,236.29266666666666,257.3693559003464
11370,224.55599999999998,256.846,236.234,256.7930431832259
11380,224.61466666666666,256.26466666666664,236.17533333333333,256.2167304661054
11390,224.67333333333332,255.6833333333333,236.11666666666667,255.64041774898485
11400,224.732,255.10199999999998,236.058,255.0641050318643
11410,224.79066666666665,254.52066666666664,235.99933333333334,254.48779231474376
11420,224.84933333333333,253.93933333333334,235.94066666666666,253.91147959762324
11430,224.908,253.358,235.882,253.3351668805027
11440,224.96666666666667,252.77666666666667,235.82333333333332,252.75885416338215
11450,225.02533333333332,252.19533333333334,235.76466666666667,252.18254144626164
11460,225.084,251.614,235.706,251.6062287291411
11470,225.14266666666666,251.03266666666667,235.64733333333334,251.02991601202055
11480,225.20133333333334,250.45133333333334,235.58866666666665,250.45360329490003
11490,225.26,249.87,235.53,249.8772905777795
11500,225.314,249.85466666666667,235.51266666666666,249.8671066904376
11510,225.368,249.83933333333334,235.49533333333335,249.8569228030957
11520,225.422,249.824,235.478,249.8467389157538
11530,225.476,249.80866666666665,235.46066666666667,249.83655502841188
11540,225.53,249.79333333333332,235.44333333333333,249.82637114106998
11550,225.584,249.778,235.42600000000002,249.8161872537281
11560,225.638,249.76266666666666,235.40866666666668,249.8060033663862
11570,225.69199999999998,249.74733333333333,235.39133333333334,249.7958194790443
11580,225.74599999999998,249.732,235.374,249.7856355917024
11590,225.79999999999998,249.71666666666667,235.35666666666668,249.7754517043605
11600,225.85399999999998,249.70133333333334,235.33933333333334,249.7652678170186
11610,225.908,249.68599999999998,235.322,249.7550839296767
11620,225.962,249.67066666666665,235.30466666666666,249.7449000423348
11630,226.016,249.65533333333332,235.28733333333335,249.7347161549929
11640,226.07,249.64,235.27,249.724532267651
11650,226.12,249.46066666666664,235.252,249.54070588574714
11660,226.17,249.28133333333332,235.234,249.3568795038433
11670,226.22,249.10199999999998,235.216,249.17305312193946
11680,226.26999999999998,248.92266666666666,235.198,248.9892267400356
11690,226.32,248.7433333333333,235.18,248.80540035813175
11700,226.37,248.564,235.162,248.6215739762279
11710,226.42,248.38466666666665,235.144,248.43774759432404
11720,226.47,248.20533333333333,235.126,248.2539212124202
11730,226.51999999999998,248.02599999999998,235.108,248.07009483051635
11740,226.57,247.84666666666666,235.09,247.8862684486125
11750,226.62,247.66733333333332,235.072,247.70244206670864
11760,226.67,247.488,235.054,247.5186156848048
11770,226.72,247.30866666666665,235.036,247.33478930290096
11780,226.76999999999998,247.12933333333334,235.018,247.1509629209971
11790,226.82,246.95,235.0,246.96713653909325
11800,226.86666666666667,246.65866666666665,234.96933333333334,246.6678018873243
11810,226.91333333333333,246.36733333333333,234.93866666666668,246.36846723555536
11820,226.96,246.076,234.908,246.0691325837864
11830,227.00666666666666,245.78466666666665,234.87733333333333,245.76979793201744
11840,227.05333333333334,245.49333333333334,234.84666666666666,245.4704632802485
11850,227.1,245.202,234.816,245.17112862847955
11860,227.14666666666668,244.91066666666666,234.78533333333334,244.8717939767106
11870,227.19333333333333,244.61933333333334,234.75466666666665,244.57245932494166
11880,227.24,244.328,234.724,244.2731246731727
11890,227.28666666666666,244.03666666666666,234.69333333333333,243.97379002140374
11900,227.33333333333334,243.74533333333335,234.66266666666667,243.6744553696348
11910,227.38,243.454,234.632,243.37512071786585
11920,227.42666666666668,243.16266666666667,234.60133333333332,243.0757860660969
11930,227.47333333333333,242.87133333333335,234.57066666666665,242.77645141432797
11940,227.52,242.58,234.54,242.477116762559
11950,227.56266666666667,242.41000000000003,234.50466666666665,242.31659889423045
11960,227.60533333333333,242.24,234.46933333333334,242.15608102590187
11970,227.648,242.07000000000002,234.434,241.99556315757332
11980,227.6906666666667,241.9,234.39866666666666,241.83504528924473
11990,227.73333333333335,241.73000000000002,234.36333333333332,241.67452742091618
12000,227.776,241.56,234.328,241.5140095525876
12010,227.81866666666667,241.39000000000001,234.29266666666666,241.35349168425904
12020,227.86133333333333,241.22,234.25733333333332,241.19297381593046
12030,227.904,241.05,234.22199999999998,241.0324559476019
12040,227.94666666666666,240.88,234.18666666666667,240.87193807927332
12050,227.98933333333332,240.71,234.15133333333333,240.71142021094477
12060,228.032,240.54,234.11599999999999,240.55090234261618
12070,228.07466666666667,240.37,234.08066666666664,240.39038447428763
12080,228.11733333333333,240.2,234.04533333333333,240.22986660595905
12090,228.16,240.03,234.01,240.0693487376305
12100,228.198,240.25466666666668,234.018,240.3019727060478
12110,228.236,240.47933333333333,234.02599999999998,240.5345966744651
12120,228.274,240.704,234.034,240.7672206428824
12130,228.31199999999998,240.92866666666666,234.042,240.9998446112997
12140,228.35,241.15333333333334,234.04999999999998,241.232468579717
12150,228.388,241.37800000000001,234.058,241.4650925481343
12160,228.426,241.60266666666666,234.066,241.6977165165516
12170,228.464,241.82733333333334,234.07399999999998,241.9303404849689
12180,228.50199999999998,242.052,234.082,242.1629644533862
12190,228.54,242.27666666666667,234.09,242.3955884218035
12200,228.578,242.50133333333335,234.09799999999998,242.6282123902208
12210,228.61599999999999,242.726,234.106,242.8608363586381
12220,228.654,242.95066666666668,234.114,243.0934603270554
12230,228.69199999999998,243.17533333333333,234.12199999999999,243.3260842954727
12240,228.73,243.4,234.13,243.55870826389
12250,228.76333333333332,243.12333333333333,234.11333333333332,243.26675537826435
12260,228.79666666666665,242.84666666666666,234.09666666666666,242.9748024926387
12270,228.82999999999998,242.57,234.07999999999998,242.68284960701303
12280,228.86333333333332,242.29333333333335,234.06333333333333,242.39089672138738
12290,228.89666666666665,242.01666666666668,234.04666666666665,242.09894383576173
12300,228.92999999999998,241.74,234.03,241.80699095013608
12310,228.9633333333333,241.46333333333334,234.01333333333332,241.51503806451043
12320,228.99666666666667,241.18666666666667,233.99666666666667,241.22308517888476
12330,229.03,240.91,233.98,240.9311322932591
12340,229.06333333333333,240.63333333333333,233.96333333333334,240.63917940763346
12350,229.09666666666666,240.35666666666665,233.94666666666666,240.34722652200782
12360,229.13,240.08,233.93,240.05527363638217
12370,229.16333333333333,239.80333333333334,233.91333333333333,239.7633207507565
12380,229.19666666666666,239.52666666666667,233.89666666666668,239.47136786513084
12390,229.23,239.25,233.88,239.1794149795052
12400,229.26,239.21866666666668,233.864,239.15626115519328
12410,229.29,239.18733333333333,233.84799999999998,239.13310733088136
12420,229.32,239.156,233.832,239.10995350656947
12430,229.35,239.12466666666666,233.816,239.08679968225755
12440,229.38,239.09333333333333,233.79999999999998,239.06364585794563
12450,229.41,239.062,233.784,239.0404920336337
12460,229.44,239.03066666666666,233.768,239.0173382093218
12470,229.47,238.99933333333334,233.75199999999998,238.9941843850099
12480,229.5,238.968,233.736,238.97103056069798
12490,229.53,238.93666666666667,233.72,238.94787673638606
12500,229.56,238.90533333333335,233.70399999999998,238.92472291207415
12510,229.59,238.874,233.688,238.90156908776223
12520,229.62,238.84266666666667,233.672,238.87841526345034
12530,229.65,238.81133333333332,233.65599999999998,238.85526143913842
12540,229.68,238.78,233.64,238.8321076148265
12550,229.70533333333333,238.678,233.63466666666665,238.7174989911473
12560,229.73066666666668,238.576,233.62933333333334,238.60289036746806
12570,229.756,238.474,233.624,238.48828174378886
12580,229.78133333333335,238.372,233.61866666666666,238.37367312010963
12590,229.80666666666667,238.27,233.61333333333332,238.25906449643043
12600,229.832,238.168,233.608,238.1444558727512
12610,229.85733333333334,238.066,233.60266666666666,238.029847249072
12620,229.88266666666667,237.964,233.59733333333332,237.91523862539276
12630,229.90800000000002,237.862,233.59199999999998,237.80063000171356
12640,229.93333333333334,237.76,233.58666666666667,237.68602137803433
12650,229.95866666666666,237.658,233.58133333333333,237.57141275435512
12660,229.984,237.556,233.576,237.4568041306759
12670,230.00933333333333,237.454,233.57066666666665,237.3421955069967
12680,230.03466666666668,237.352,233.56533333333334,237.22758688331746
12690,230.06,237.25,233.56,237.11297825963825
12700,230.08266666666668,236.69533333333334,233.502,236.5466609759107
12710,230.10533333333333,236.14066666666668,233.444,235.98034369218314
12720,230.12800000000001,235.586,233.386,235.4140264084556
12730,230.15066666666667,235.03133333333332,233.328,234.84770912472806
12740,230.17333333333335,234.47666666666666,233.27,234.2813918410005
12750,230.196,233.922,233.212,233.71507455727294
12760,230.21866666666668,233.36733333333333,233.154,233.14875727354539
12770,230.24133333333333,232.81266666666667,233.096,232.58243998981786
12780,230.264,232.258,233.038,232.0161227060903
12790,230.28666666666666,231.70333333333335,232.98,231.44980542236274
12800,230.30933333333334,231.14866666666668,232.922,230.8834881386352
12810,230.332,230.594,232.864,230.31717085490763
12820,230.35466666666667,230.03933333333333,232.806,229.7508535711801
12830,230.37733333333333,229.48466666666667,232.748,229.18453628745254
12840,230.4,228.93,232.69,228.618219003725
12850,230.41933333333333,228.808,232.646,228.5051558895086
12860,230.43866666666668,228.686,232.602,228.39209277529218
12870,230.458,228.564,232.558,228.27902966107578
12880,230.47733333333335,228.442,232.514,228.16596654685938
12890,230.49666666666667,228.32,232.47,228.05290343264298
12900,230.516,228.198,232.426,227.93984031842658
12910,230.53533333333334,228.076,232.382,227.82677720421017
12920,230.55466666666666,227.954,232.338,227.7137140899938
12930,230.574,227.832,232.294,227.6006509757774
12940,230.59333333333333,227.71,232.25,227.487587861561
12950,230.61266666666666,227.588,232.206,227.3745247473446
12960,230.632,227.466,232.162,227.2614616331282
12970,230.65133333333333,227.344,232.118,227.1483985189118
12980,230.67066666666668,227.222,232.074,227.0353354046954
12990,230.69,227.1,232.03,226.922272290479
13000,230.70666666666668,227.06933333333333,232.00066666666666,226.89606017018605
13010,230.72333333333333,227.03866666666667,231.97133333333335,226.86984804989314
13020,230.74,227.00799999999998,231.942,226.8436359296002
13030,230.75666666666666,226.97733333333332,231.91266666666667,226.81742380930726
13040,230.77333333333334,226.94666666666666,231.88333333333333,226.79121168901432
13050,230.79,226.916,231.854,226.7649995687214
13060,230.80666666666667,226.88533333333334,231.82466666666667,226.73878744842847
13070,230.82333333333332,226.85466666666665,231.79533333333333,226.71257532813553
13080,230.84,226.82399999999998,231.766,226.6863632078426
13090,230.85666666666665,226.79333333333332,231.73666666666668,226.66015108754968
13100,230.87333333333333,226.76266666666666,231.70733333333334,226.63393896725674
13110,230.89,226.732,231.678,226.6077268469638
13120,230.90666666666667,226.7013333333333,231.64866666666666,226.58151472667086
13130,230.92333333333332,226.67066666666665,231.61933333333334,226.55530260637795
13140,230.94,226.64,231.59,226.529090486085
13150,230.95466666666667,226.5413333333333,231.56533333333334,226.42380599858132
13160,230.96933333333334,226.44266666666667,231.54066666666668,226.31852151107765
13170,230.984,226.344,231.516,226.21323702357395
13180,230.99866666666665,226.24533333333332,231.49133333333333,226.10795253607026
13190,231.01333333333332,226.14666666666665,231.46666666666667,226.0026680485666
13200,231.028,226.048,231.442,225.8973835610629
13210,231.04266666666666,225.94933333333333,231.41733333333335,225.7920990735592
13220,231.05733333333333,225.85066666666665,231.39266666666666,225.68681458605553
13230,231.072,225.75199999999998,231.368,225.58153009855184
13240,231.08666666666667,225.65333333333334,231.34333333333333,225.47624561104814
13250,231.10133333333334,225.55466666666666,231.31866666666667,225.37096112354448
13260,231.11599999999999,225.456,231.294,225.26567663604078
13270,231.13066666666666,225.35733333333332,231.26933333333332,225.16039214853708
13280,231.14533333333333,225.25866666666667,231.24466666666666,225.05510766103342
13290,231.16,225.16,231.22,224.94982317352972
13300,231.17066666666668,224.816,231.16866666666667,224.59954295768108
13310,231.18133333333333,224.472,231.11733333333333,224.24926274183244
13320,231.192,224.128,231.066,223.89898252598377
13330,231.20266666666666,223.784,231.01466666666667,223.54870231013513
13340,231.21333333333334,223.44,230.96333333333334,223.19842209428649
13350,231.224,223.096,230.912,222.84814187843784
13360,231.23466666666667,222.752,230.86066666666667,222.4978616625892
13370,231.24533333333332,222.408,230.8093333333333,222.14758144674053
13380,231.256,222.064,230.75799999999998,221.7973012308919
13390,231.26666666666665,221.72,230.70666666666665,221.44702101504325
13400,231.27733333333333,221.376,230.65533333333332,221.0967407991946
13410,231.28799999999998,221.032,230.60399999999998,220.74646058334596
13420,231.29866666666666,220.688,230.55266666666665,220.3961803674973
13430,231.3093333333333,220.344,230.50133333333332,220.04590015164865
13440,231.32,220.0,230.45,219.6956199358
13450,231.328,219.69133333333335,230.38866666666667,219.38325370698257
13460,231.33599999999998,219.38266666666667,230.3273333333333,219.0708874781651
13470,231.344,219.074,230.266,218.75852124934767
13480,231.352,218.76533333333333,230.20466666666667,218.4461550205302
13490,231.35999999999999,218.45666666666668,230.14333333333332,218.13378879171276
13500,231.368,218.148,230.082,217.8214225628953
13510,231.376,217.83933333333334,230.02066666666667,217.50905633407785
13520,231.384,217.53066666666666,229.95933333333332,217.1966901052604
13530,231.392,217.222,229.898,216.88432387644295
13540,231.4,216.91333333333333,229.83666666666667,216.57195764762548
13550,231.408,216.60466666666667,229.77533333333332,216.25959141880804
13560,231.416,216.296,229.714,215.94722518999058
13570,231.424,215.98733333333334,229.65266666666668,215.63485896117314
13580,231.432,215.67866666666666,229.59133333333332,215.32249273235567
13590,231.44,215.37,229.53,215.01012650353823
13600,231.44466666666668,215.06733333333335,229.46333333333334,214.70489811285077
13610,231.44933333333333,214.76466666666667,229.39666666666668,214.39966972216334
13620,231.454,214.46200000000002,229.33,214.09444133147588
13630,231.45866666666666,214.15933333333334,229.26333333333332,213.78921294078845
13640,231.46333333333334,213.85666666666668,229.19666666666666,213.48398455010098
13650,231.468,213.554,229.13,213.17875615941352
13660,231.47266666666667,213.25133333333335,229.06333333333333,212.8735277687261
13670,231.47733333333332,212.94866666666667,228.99666666666667,212.56829937803863
13680,231.482,212.64600000000002,228.93,212.2630709873512
13690,231.48666666666665,212.34333333333333,228.86333333333334,211.95784259666374
13700,231.49133333333333,212.04066666666668,228.79666666666668,211.65261420597628
13710,231.49599999999998,211.738,228.73,211.34738581528885
13720,231.50066666666666,211.43533333333335,228.66333333333333,211.04215742460138
13730,231.5053333333333,211.13266666666667,228.59666666666666,210.73692903391395
13740,231.51,210.83,228.53,210.4317006432265
13750,231.512,210.52800000000002,228.456,210.12581250712324
13760,231.51399999999998,210.226,228.382,209.81992437102
13770,231.516,209.924,228.308,209.51403623491674
13780,231.518,209.622,228.234,209.2081480988135
13790,231.51999999999998,209.32000000000002,228.16,208.90225996271025
13800,231.522,209.018,228.08599999999998,208.596371826607
13810,231.524,208.716,228.012,208.29048369050375
13820,231.52599999999998,208.41400000000002,227.938,207.9845955544005
13830,231.528,208.11200000000002,227.864,207.67870741829725
13840,231.53,207.81,227.79,207.372819282194
13850,231.53199999999998,207.508,227.71599999999998,207.06693114609075
13860,231.534,207.20600000000002,227.642,206.7610430099875
13870,231.536,206.90400000000002,227.56799999999998,206.45515487388425
13880,231.53799999999998,206.602,227.494,206.149266737781
13890,231.54,206.3,227.42,205.84337860167776
13900,231.53866666666667,205.9886666666667,227.33933333333331,205.5290331366129
13910,231.53733333333332,205.67733333333334,227.25866666666667,205.21468767154806
13920,231.536,205.366,227.178,204.9003422064832
13930,231.53466666666665,205.05466666666666,227.09733333333332,204.58599674141834
13940,231.53333333333333,204.74333333333334,227.01666666666665,204.2716512763535
13950,231.532,204.43200000000002,226.936,203.95730581128865
13960,231.53066666666666,204.12066666666666,226.85533333333333,203.6429603462238
13970,231.52933333333334,203.80933333333334,226.77466666666666,203.32861488115896
13980,231.528,203.498,226.694,203.0142694160941
13990,231.52666666666667,203.18666666666667,226.61333333333334,202.69992395102923
14000,231.52533333333335,202.87533333333334,226.53266666666667,202.3855784859644
14010,231.524,202.564,226.452,202.07123302089954
14020,231.52266666666668,202.25266666666667,226.37133333333333,201.75688755583468
14030,231.52133333333333,201.94133333333332,226.29066666666668,201.44254209076985
14040,231.52,201.63,226.21,201.128196625705
14050,231.51533333333333,201.59266666666667,226.14933333333335,201.0987686407793
14060,231.51066666666668,201.55533333333332,226.08866666666668,201.06934065585358
14070,231.506,201.518,226.02800000000002,201.0399126709279
14080,231.50133333333335,201.48066666666665,225.96733333333333,201.0104846860022
14090,231.49666666666667,201.44333333333333,225.90666666666667,200.98105670107648
14100,231.492,201.406,225.846,200.9516287161508
14110,231.48733333333334,201.36866666666666,225.78533333333334,200.9222007312251
14120,231.48266666666666,201.33133333333333,225.72466666666668,200.89277274629939
14130,231.478,201.29399999999998,225.66400000000002,200.8633447613737
14140,231.47333333333333,201.25666666666666,225.60333333333335,200.833916776448
14150,231.46866666666665,201.21933333333334,225.5426666666667,200.8044887915223
14160,231.464,201.182,225.482,200.7750608065966
14170,231.45933333333332,201.14466666666667,225.42133333333334,200.7456328216709
14180,231.45466666666667,201.10733333333332,225.36066666666667,200.7162048367452
14190,231.45,201.07,225.3,200.6867768518195
14200,231.44133333333332,200.72466666666665,225.2266666666667,200.32769111859318
14210,231.43266666666665,200.37933333333334,225.15333333333334,199.96860538536683
14220,231.42399999999998,200.034,225.08,199.6095196521405
14230,231.41533333333334,199.68866666666665,225.00666666666666,199.25043391891415
14240,231.40666666666667,199.34333333333333,224.93333333333334,198.89134818568783
14250,231.398,198.998,224.86,198.5322624524615
14260,231.38933333333333,198.65266666666665,224.78666666666666,198.17317671923516
14270,231.38066666666666,198.30733333333333,224.71333333333334,197.81409098600884
14280,231.37199999999999,197.962,224.64,197.45500525278248
14290,231.36333333333332,197.61666666666665,224.56666666666666,197.09591951955616
14300,231.35466666666665,197.27133333333333,224.49333333333334,196.73683378632984
14310,231.346,196.926,224.42,196.3777480531035
14320,231.33733333333333,196.58066666666664,224.34666666666666,196.01866231987717
14330,231.32866666666666,196.23533333333333,224.2733333333333,195.65957658665081
14340,231.32,195.89,224.2,195.3004908534245
14350,231.308,195.51866666666666,224.10133333333332,194.93242113406987
14360,231.296,195.1473333333333,224.00266666666667,194.56435141471522
14370,231.284,194.77599999999998,223.904,194.1962816953606
14380,231.272,194.40466666666666,223.80533333333332,193.82821197600595
14390,231.26,194.03333333333333,223.70666666666665,193.46014225665132
14400,231.248,193.66199999999998,223.608,193.0920725372967
14410,231.236,193.29066666666665,223.50933333333333,192.72400281794205
14420,231.224,192.91933333333333,223.41066666666666,192.35593309858743
14430,231.212,192.548,223.31199999999998,191.98786337923278
14440,231.2,192.17666666666665,223.21333333333334,191.61979365987816
14450,231.188,191.80533333333332,223.11466666666666,191.25172394052353
14460,231.176,191.434,223.016,190.88365422116888
14470,231.164,191.06266666666667,222.91733333333332,190.51558450181426
14480,231.152,190.69133333333332,222.81866666666667,190.1475147824596
14490,231.14,190.32,222.72,189.779445063105
14500,231.1233333333333,190.26,222.64866666666666,189.7230651197944
14510,231.10666666666665,190.2,222.57733333333334,189.66668517648378
14520,231.08999999999997,190.14,222.506,189.6103052331732
14530,231.07333333333332,190.07999999999998,222.43466666666666,189.55392528986258
14540,231.05666666666664,190.01999999999998,222.36333333333334,189.497545346552
14550,231.04,189.95999999999998,222.292,189.4411654032414
14560,231.0233333333333,189.89999999999998,222.22066666666666,189.38478545993078
14570,231.00666666666666,189.84,222.14933333333335,189.3284055166202
14580,230.98999999999998,189.78,222.078,189.27202557330958
14590,230.97333333333333,189.72,222.00666666666666,189.215645629999
14600,230.95666666666665,189.66,221.93533333333335,189.1592656866884
14610,230.94,189.6,221.864,189.10288574337778
14620,230.92333333333332,189.54,221.79266666666666,189.0465058000672
14630,230.90666666666667,189.48,221.72133333333335,188.99012585675658
14640,230.89,189.42,221.65,188.933745913446
14650,230.86933333333332,189.46533333333332,221.59666666666666,188.9848131909264
14660,230.84866666666665,189.51066666666665,221.54333333333335,189.0358804684068
14670,230.828,189.55599999999998,221.49,189.0869477458872
14680,230.80733333333333,189.60133333333332,221.43666666666667,189.1380150233676
14690,230.78666666666666,189.64666666666665,221.38333333333333,189.18908230084799
14700,230.766,189.69199999999998,221.33,189.24014957832838
14710,230.74533333333332,189.7373333333333,221.27666666666667,189.29121685580878
14720,230.72466666666668,189.78266666666667,221.22333333333333,189.3422841332892
14730,230.704,189.828,221.17,189.3933514107696
14740,230.68333333333334,189.87333333333333,221.11666666666667,189.44441868825
14750,230.66266666666667,189.91866666666667,221.06333333333333,189.4954859657304
14760,230.642,189.964,221.01,189.5465532432108
14770,230.62133333333335,190.00933333333333,220.95666666666665,189.5976205206912
14780,230.60066666666668,190.05466666666666,220.90333333333334,189.6486877981716
14790,230.58,190.1,220.85,189.699755075652
14800,230.55533333333335,189.75666666666666,220.778,189.33883530102958
14810,230.5306666666667,189.41333333333333,220.706,188.97791552640714
14820,230.506,189.07,220.634,188.6169957517847
14830,230.48133333333334,188.72666666666666,220.562,188.25607597716225
14840,230.45666666666668,188.38333333333333,220.49,187.89515620253982
14850,230.43200000000002,188.04,220.418,187.5342364279174
14860,230.40733333333336,187.69666666666666,220.346,187.17331665329496
14870,230.38266666666667,187.35333333333332,220.274,186.81239687867253
14880,230.358,187.01,220.202,186.4514771040501
14890,230.33333333333334,186.66666666666666,220.13,186.09055732942767
14900,230.30866666666668,186.32333333333332,220.058,185.72963755480524
14910,230.28400000000002,185.98,219.98600000000002,185.36871778018278
14920,230.25933333333333,185.63666666666666,219.91400000000002,185.00779800556035
14930,230.23466666666667,185.29333333333332,219.842,184.64687823093792
14940,230.21,184.95,219.77,184.28595845631548
14950,230.18200000000002,184.51333333333332,219.66266666666667,183.84953987892735
14960,230.154,184.07666666666665,219.55533333333335,183.41312130153918
14970,230.126,183.64,219.448,182.97670272415104
14980,230.098,183.20333333333332,219.34066666666666,182.5402841467629
14990,230.07,182.76666666666665,219.23333333333335,182.10386556937473
15000,230.042,182.32999999999998,219.126,181.6674469919866
15010,230.014,181.89333333333332,219.01866666666666,181.23102841459846
15020,229.986,181.45666666666668,218.91133333333335,180.7946098372103
15030,229.958,181.02,218.804,180.35819125982215
15040,229.93,180.58333333333334,218.69666666666666,179.921772682434
15050,229.902,180.14666666666668,218.58933333333334,179.48535410504584
15060,229.874,179.71,218.482,179.0489355276577
15070,229.846,179.27333333333334,218.37466666666666,178.61251695026957
15080,229.81799999999998,178.83666666666667,218.26733333333334,178.1760983728814
15090,229.79,178.4,218.16,177.73967979549326
15100,229.75866666666667,178.22333333333333,218.06933333333333,177.5642506646765
15110,229.72733333333332,178.04666666666668,217.97866666666667,177.38882153385975
15120,229.696,177.87,217.888,177.213392403043
15130,229.66466666666665,177.69333333333333,217.79733333333334,177.03796327222625
15140,229.63333333333333,177.51666666666668,217.70666666666668,176.8625341414095
15150,229.602,177.34,217.616,176.68710501059275
15160,229.57066666666665,177.16333333333333,217.52533333333335,176.511675879776
15170,229.53933333333333,176.98666666666668,217.43466666666666,176.33624674895927
15180,229.50799999999998,176.81,217.344,176.16081761814252
15190,229.47666666666666,176.63333333333333,217.25333333333333,175.98538848732576
15200,229.44533333333334,176.45666666666668,217.16266666666667,175.809959356509
15210,229.414,176.28,217.072,175.63453022569226
15220,229.38266666666667,176.10333333333332,216.98133333333334,175.4591010948755
15230,229.35133333333332,175.92666666666668,216.89066666666668,175.28367196405875
15240,229.32,175.75,216.8,175.108242833242
15250,229.28533333333334,176.09266666666667,216.75866666666667,175.47159594847886
15260,229.25066666666666,176.43533333333332,216.71733333333336,175.8349490637157
15270,229.216,176.778,216.67600000000002,176.19830217895256
15280,229.18133333333333,177.12066666666666,216.63466666666667,176.56165529418942
15290,229.14666666666668,177.46333333333334,216.59333333333333,176.92500840942625
15300,229.112,177.80599999999998,216.55200000000002,177.28836152466312
15310,229.07733333333334,178.14866666666666,216.51066666666668,177.65171463989998
15320,229.04266666666666,178.49133333333333,216.46933333333334,178.0150677551368
15330,229.008,178.834,216.428,178.37842087037367
15340,228.97333333333333,179.17666666666665,216.38666666666668,178.74177398561054
15350,228.93866666666668,179.51933333333332,216.34533333333334,179.10512710084737
15360,228.904,179.862,216.304,179.46848021608423
15370,228.86933333333334,180.20466666666667,216.26266666666666,179.8318333313211
15380,228.83466666666666,180.5473333333333,216.22133333333335,180.19518644655793
15390,228.8,180.89,216.18,180.5585395617948
15400,228.762,180.844,216.13933333333333,180.50006236167633
15410,228.72400000000002,180.79799999999997,216.09866666666667,180.4415851615579
15420,228.686,180.75199999999998,216.058,180.38310796143944
15430,228.648,180.706,216.01733333333334,180.32463076132098
15440,228.61,180.66,215.97666666666666,180.26615356120251
15450,228.572,180.61399999999998,215.936,180.20767636108408
15460,228.534,180.56799999999998,215.89533333333333,180.14919916096562
15470,228.496,180.522,215.85466666666667,180.09072196084716
15480,228.458,180.476,215.814,180.0322447607287
15490,228.42,180.42999999999998,215.77333333333334,179.97376756061027
15500,228.382,180.384,215.73266666666666,179.9152903604918
15510,228.344,180.338,215.692,179.85681316037335
15520,228.30599999999998,180.292,215.65133333333333,179.7983359602549
15530,228.268,180.24599999999998,215.61066666666667,179.73985876013646
15540,228.23,180.2,215.57,179.681381560018
15550,228.18866666666665,179.94133333333332,215.498,179.418134859245
15560,228.14733333333334,179.68266666666665,215.426,179.15488815847198
15570,228.106,179.42399999999998,215.35399999999998,178.89164145769894
15580,228.06466666666665,179.16533333333334,215.282,178.62839475692593
15590,228.02333333333334,178.90666666666667,215.21,178.36514805615292
15600,227.982,178.648,215.138,178.1019013553799
15610,227.94066666666666,178.38933333333333,215.066,177.8386546546069
15620,227.89933333333335,178.13066666666666,214.994,177.57540795383386
15630,227.858,177.87199999999999,214.922,177.31216125306085
15640,227.81666666666666,177.61333333333332,214.85,177.04891455228784
15650,227.77533333333335,177.35466666666665,214.778,176.78566785151483
15660,227.734,177.096,214.70600000000002,176.52242115074182
15670,227.69266666666667,176.83733333333333,214.63400000000001,176.25917444996878
15680,227.65133333333335,176.57866666666666,214.562,175.99592774919577
15690,227.61,176.32,214.49,175.73268104842276
15700,227.5666666666667,176.072,214.40866666666668,175.48172566169592
15710,227.52333333333334,175.82399999999998,214.32733333333334,175.23077027496905
15720,227.48000000000002,175.576,214.246,174.9798148882422
15730,227.43666666666667,175.328,214.16466666666668,174.72885950151536
15740,227.39333333333335,175.07999999999998,214.08333333333334,174.47790411478852
15750,227.35000000000002,174.832,214.002,174.22694872806164
15760,227.30666666666667,174.584,213.92066666666668,173.9759933413348
15770,227.26333333333335,174.33599999999998,213.83933333333334,173.72503795460796
15780,227.22,174.088,213.758,173.4740825678811
15790,227.17666666666668,173.84,213.67666666666668,173.22312718115424
15800,227.13333333333335,173.59199999999998,213.59533333333334,172.9721717944274
15810,227.09,173.344,213.514,172.72121640770055
15820,227.04666666666668,173.096,213.43266666666668,172.4702610209737
15830,227.00333333333333,172.84799999999998,213.35133333333334,172.21930563424684
15840,226.96,172.6,213.27,171.96835024752
