Time (s),T_outer (C),T_inner (C),T_avg (C),Input Temperature (C)
0,103.282128446557,103.282128446557,103.282128446557,103.282128446557
10,103.282128446557,103.282128446557,103.282128446557,103.282128446557
20,103.282128446557,103.282128446557,103.282128446557,103.282128446557
30,103.282128446557,103.282128446557,103.282128446557,103.282128446557
40,103.282128446557,103.282128446557,103.282128446557,103.282128446557
50,103.282128446557,103.282128446557,103.282128446557,103.282128446557
60,103.282128446557,103.282128446557,103.282128446557,103.282128446557
70,103.282128446557,103.282128446557,103.282128446557,103.282128446557
80,103.282128446557,103.282128446557,103.282128446557,103.282128446557
90,103.282128446557,103.282128446557,103.282128446557,103.282128446557
100,103.282128446557,103.282128446557,103.282128446557,103.282128446557
110,103.282128446557,103.282128446557,103.282128446557,103.282128446557
120,103.282128446557,103.282128446557,103.282128446557,103.282128446557
130,103.282128446557,103.282128446557,103.282128446557,103.282128446557
140,103.282128446557,103.282128446557,103.282128446557,103.282128446557
150,103.282128446557,103.282128446557,103.282128446557,103.282128446557
160,103.282128446557,103.282128446557,103.282128446557,103.282128446557
170,103.282128446557,103.282128446557,103.282128446557,103.282128446557
180,103.282128446557,103.282128446557,103.282128446557,103.282128446557
190,103.282128446557,103.282128446557,103.282128446557,103.282128446557
200,103.282128446557,103.282128446557,103.282128446557,103.282128446557
210,103.282128446557,103.282128446557,103.282128446557,103.282128446557
220,103.282128446557,103.282128446557,103.282128446557,103.282128446557
230,103.282128446557,103.282128446557,103.282128446557,103.282128446557
240,103.282128446557,103.282128446557,103.282128446557,103.282128446557
250,103.282128446557,103.282128446557,103.282128446557,103.282128446557
260,103.282128446557,103.282128446557,103.282128446557,103.282128446557
270,103.282128446557,103.282128446557,103.282128446557,103.282128446557
280,103.282128446557,103.282128446557,103.282128446557,103.282128446557
290,103.282128446557,103.282128446557,103.282128446557,103.282128446557
300,103.282128446557,103.282128446557,103.282128446557,103.282128446557
310,103.282128446557,103.282128446557,103.282128446557,103.282128446557
320,103.282128446557,103.282128446557,103.282128446557,103.282128446557
330,103.282128446557,103.282128446557,103.282128446557,103.282128446557
340,103.282128446557,103.282128446557,103.282128446557,103.282128446557
350,103.282128446557,103.282128446557,103.282128446557,103.282128446557
360,103.282128446557,103.282128446557,103.282128446557,103.282128446557
370,103.282128446557,103.282128446557,103.282128446557,103.282128446557
380,103.282128446557,103.282128446557,103.282128446557,103.282128446557
390,103.282128446557,103.282128446557,103.282128446557,103.282128446557
400,103.282128446557,103.282128446557,103.282128446557,103.282128446557
410,103.282128446557,103.282128446557,103.282128446557,103.282128446557
420,103.282128446557,103.282128446557,103.282128446557,103.282128446557
430,103.282128446557,103.282128446557,103.282128446557,103.282128446557
440,103.282128446557,103.282128446557,103.282128446557,103.282128446557
450,103.282128446557,103.282128446557,103.282128446557,103.282128446557
460,103.282128446557,103.282128446557,103.282128446557,103.282128446557
470,103.282128446557,103.282128446557,103.282128446557,103.282128446557
480,103.282128446557,103.282128446557,103.282128446557,103.282128446557
490,103.282128446557,103.282128446557,103.282128446557,103.282128446557
500,103.282128446557,103.282128446557,103.282128446557,103.282128446557
510,103.282128446557,103.282128446557,103.282128446557,103.282128446557
520,103.282128446557,103.282128446557,103.282128446557,103.282128446557
530,103.282128446557,103.282128446557,103.282128446557,103.282128446557
540,103.282128446557,103.282128446557,103.282128446557,103.282128446557
550,103.282128446557,103.282128446557,103.282128446557,103.282128446557
560,103.282128446557,103.282128446557,103.282128446557,103.282128446557
570,103.282128446557,103.282128446557,103.282128446557,103.282128446557
580,103.282128446557,103.282128446557,103.282128446557,103.282128446557
590,103.282128446557,103.282128446557,103.282128446557,103.282128446557
600,103.282128446557,103.282128446557,103.282128446557,103.282128446557
610,103.282128446557,103.282128446557,103.282128446557,103.282128446557
620,103.282128446557,103.282128446557,103.282128446557,103.282128446557
630,103.282128446557,103.282128446557,103.282128446557,103.282128446557
640,103.282128446557,103.282128446557,103.282128446557,103.282128446557
650,103.282128446557,103.282128446557,103.282128446557,103.282128446557
660,103.282128446557,103.282128446557,103.282128446557,103.282128446557
670,103.282128446557,103.282128446557,103.282128446557,103.282128446557
680,103.282128446557,103.282128446557,103.282128446557,103.282128446557
690,103.282128446557,103.282128446557,103.282128446557,103.282128446557
700,103.282128446557,103.282128446557,103.282128446557,103.282128446557
710,103.282128446557,103.282128446557,103.282128446557,103.282128446557
720,103.282128446557,103.282128446557,103.282128446557,103.282128446557
730,103.282128446557,103.282128446557,103.282128446557,103.282128446557
740,103.282128446557,103.282128446557,103.282128446557,103.282128446557
750,103.282128446557,103.282128446557,103.282128446557,103.282128446557
760,103.282128446557,103.282128446557,103.282128446557,103.282128446557
770,103.282128446557,103.282128446557,103.282128446557,103.282128446557
780,103.282128446557,103.282128446557,103.282128446557,103.282128446557
790,103.282128446557,103.282128446557,103.282128446557,103.282128446557
800,103.282128446557,103.282128446557,103.282128446557,103.282128446557
810,103.282128446557,103.282128446557,103.282128446557,103.282128446557
820,103.282128446557,103.282128446557,103.282128446557,103.282128446557
830,103.282128446557,103.282128446557,103.282128446557,103.282128446557
840,103.282128446557,103.282128446557,103.282128446557,103.282128446557
850,103.282128446557,103.282128446557,103.282128446557,103.282128446557
860,103.282128446557,103.282128446557,103.282128446557,103.282128446557
870,103.282128446557,103.282128446557,103.282128446557,103.282128446557
880,103.282128446557,103.282128446557,103.282128446557,103.282128446557
890,103.282128446557,103.282128446557,103.282128446557,103.282128446557
900,103.282128446557,103.282128446557,103.282128446557,103.282128446557
910,103.282128446557,103.282128446557,103.282128446557,103.282128446557
920,103.282128446557,103.282128446557,103.282128446557,103.282128446557
930,103.282128446557,103.282128446557,103.282128446557,103.282128446557
940,103.282128446557,103.282128446557,103.282128446557,103.282128446557
950,103.282128446557,103.282128446557,103.282128446557,103.282128446557
960,103.282128446557,103.282128446557,103.282128446557,103.282128446557
970,103.282128446557,103.282128446557,103.282128446557,103.282128446557
980,103.282128446557,103.282128446557,103.282128446557,103.282128446557
990,103.282128446557,103.282128446557,103.282128446557,103.282128446557
1000,103.282128446557,103.282128446557,103.282128446557,103.282128446557
1010,103.282128446557,103.282128446557,103.282128446557,103.282128446557
1020,103.282128446557,103.282128446557,103.282128446557,103.282128446557
1030,103.282128446557,103.282128446557,103.282128446557,103.282128446557
1040,103.282128446557,103.282128446557,103.282128446557,103.282128446557
1050,103.282128446557,103.282128446557,103.282128446557,103.282128446557
1060,103.282128446557,103.282128446557,103.282128446557,103.282128446557
1070,103.282128446557,103.282128446557,103.282128446557,103.282128446557
1080,103.282128446557,103.282128446557,103.282128446557,103.282128446557
1090,103.282128446557,103.282128446557,103.282128446557,103.282128446557
1100,103.282128446557,103.282128446557,103.282128446557,103.282128446557
1110,103.282128446557,103.282128446557,103.282128446557,103.282128446557
1120,103.282128446557,103.282128446557,103.282128446557,103.282128446557
1130,103.282128446557,103.282128446557,103.282128446557,103.282128446557
1140,103.282128446557,103.282128446557,103.282128446557,103.282128446557
1150,103.282128446557,103.282128446557,103.282128446557,103.282128446557
1160,103.282128446557,103.282128446557,103.282128446557,103.282128446557
1170,103.282128446557,103.282128446557,103.282128446557,103.282128446557
1180,103.282128446557,103.282128446557,103.282128446557,103.282128446557
1190,103.282128446557,103.282128446557,103.282128446557,103.282128446557
1200,103.282128446557,103.282128446557,103.282128446557,103.282128446557
1210,103.282128446557,103.282128446557,103.282128446557,103.282128446557
1220,103.282128446557,103.282128446557,103.282128446557,103.282128446557
1230,103.282128446557,103.282128446557,103.282128446557,103.282128446557
1240,103.282128446557,103.282128446557,103.282128446557,103.282128446557
1250,103.282128446557,103.282128446557,103.282128446557,103.282128446557
1260,103.282128446557,103.282128446557,103.282128446557,103.282128446557
1270,103.282128446557,103.282128446557,103.282128446557,103.282128446557
1280,103.282128446557,103.282128446557,103.282128446557,103.282128446557
1290,103.282128446557,103.282128446557,103.282128446557,103.282128446557
1300,103.282128446557,103.282128446557,103.282128446557,103.282128446557
1310,103.282128446557,103.282128446557,103.282128446557,103.282128446557
1320,103.282128446557,103.282128446557,103.282128446557,103.282128446557
1330,103.282128446557,103.282128446557,103.282128446557,103.282128446557
1340,103.282128446557,103.282128446557,103.282128446557,103.282128446557
1350,103.282128446557,103.282128446557,103.282128446557,103.282128446557
1360,103.282128446557,103.282128446557,103.282128446557,103.282128446557
1370,103.282128446557,103.282128446557,103.282128446557,103.282128446557
1380,103.282128446557,103.282128446557,103.282128446557,103.282128446557
1390,103.282128446557,103.282128446557,103.282128446557,103.282128446557
1400,103.282128446557,103.282128446557,103.282128446557,103.282128446557
1410,103.282128446557,103.282128446557,103.282128446557,103.282128446557
1420,103.282128446557,103.282128446557,103.282128446557,103.282128446557
1430,103.282128446557,103.282128446557,103.282128446557,103.282128446557
1440,103.282128446557,103.282128446557,103.282128446557,103.282128446557
1440,103.282128446557,103.282128446557,103.282128446557,103.282128446557
1450,103.28198655011987,103.27998655011986,103.28198655011987,103.27992511706535
1460,103.28184465368273,103.27784465368273,103.28184465368273,103.2777217875737
1470,103.2817027572456,103.2757027572456,103.2817027572456,103.27551845808205
1480,103.28156086080847,103.27356086080846,103.28156086080847,103.2733151285904
1490,103.28141896437133,103.27141896437134,103.28141896437133,103.27111179909875
1500,103.2812770679342,103.2692770679342,103.2812770679342,103.2689084696071
1510,103.28113517149707,103.26713517149706,103.28113517149707,103.26670514011545
1520,103.28099327505993,103.26499327505994,103.28099327505993,103.26450181062378
1530,103.2808513786228,103.2628513786228,103.2808513786228,103.26229848113213
1540,103.28070948218567,103.26070948218566,103.28070948218567,103.26009515164048
1550,103.28056758574853,103.25856758574854,103.28056758574853,103.25789182214884
1560,103.2804256893114,103.2564256893114,103.2804256893114,103.25568849265719
1570,103.28028379287427,103.25428379287426,103.28028379287427,103.25348516316554
1580,103.28014189643713,103.25214189643714,103.28014189643713,103.25128183367389
1590,103.28,103.25,103.28,103.24907850418224
1600,103.28,103.32933333333334,103.286,103.33278520079142
1610,103.28,103.40866666666666,103.292,103.4164918974006
1620,103.28,103.488,103.298,103.50019859400979
1630,103.28,103.56733333333334,103.304,103.58390529061897
1640,103.28,103.64666666666666,103.31,103.66761198722816
1650,103.28,103.726,103.316,103.75131868383734
1660,103.28,103.80533333333334,103.322,103.83502538044652
1670,103.28,103.88466666666666,103.328,103.91873207705571
1680,103.28,103.964,103.334,104.00243877366489
1690,103.28,104.04333333333334,103.34,104.08614547027408
1700,103.28,104.12266666666666,103.346,104.16985216688326
1710,103.28,104.202,103.352,104.25355886349244
1720,103.28,104.28133333333334,103.358,104.33726556010163
1730,103.28,104.36066666666666,103.364,104.42097225671081
1740,103.28,104.44,103.37,104.50467895332
1750,103.28,104.60133333333333,103.38933333333334,104.67107438862266
1760,103.28,104.76266666666666,103.40866666666668,104.83746982392533
1770,103.28,104.92399999999999,103.428,105.003865259228
1780,103.28,105.08533333333334,103.44733333333333,105.17026069453067
1790,103.28,105.24666666666667,103.46666666666667,105.33665612983333
1800,103.28,105.408,103.486,105.50305156513599
1810,103.28,105.56933333333333,103.50533333333334,105.66944700043867
1820,103.28,105.73066666666666,103.52466666666666,105.83584243574133
1830,103.28,105.892,103.544,106.002237871044
1840,103.28,106.05333333333333,103.56333333333333,106.16863330634666
1850,103.28,106.21466666666666,103.58266666666667,106.33502874164932
1860,103.28,106.376,103.602,106.501424176952
1870,103.28,106.53733333333334,103.62133333333333,106.66781961225466
1880,103.28,106.69866666666667,103.64066666666666,106.83421504755734
1890,103.28,106.86,103.66,107.00061048286
1900,103.28,107.102,103.69666666666666,107.2464733694488
1910,103.28,107.344,103.73333333333333,107.4923362560376
1920,103.28,107.586,103.77,107.7381991426264
1930,103.28,107.828,103.80666666666666,107.9840620292152
1940,103.28,108.07,103.84333333333333,108.22992491580399
1950,103.28,108.312,103.88,108.4757878023928
1960,103.28,108.554,103.91666666666666,108.7216506889816
1970,103.28,108.79599999999999,103.95333333333333,108.9675135755704
1980,103.28,109.038,103.99,109.21337646215919
1990,103.28,109.28,104.02666666666666,109.459239348748
2000,103.28,109.52199999999999,104.06333333333333,109.7051022353368
2010,103.28,109.764,104.1,109.95096512192559
2020,103.28,110.006,104.13666666666666,110.19682800851439
2030,103.28,110.24799999999999,104.17333333333333,110.4426908951032
2040,103.28,110.49,104.21,110.688553781692
2050,103.28066666666666,110.51733333333333,104.23599999999999,110.71080240728614
2060,103.28133333333334,110.54466666666666,104.262,110.7330510328803
2070,103.282,110.572,104.288,110.75529965847444
2080,103.28266666666667,110.59933333333333,104.314,110.77754828406859
2090,103.28333333333333,110.62666666666667,104.33999999999999,110.79979690966275
2100,103.284,110.654,104.366,110.82204553525689
2110,103.28466666666667,110.68133333333333,104.392,110.84429416085104
2120,103.28533333333334,110.70866666666667,104.41799999999999,110.8665427864452
2130,103.286,110.736,104.44399999999999,110.88879141203934
2140,103.28666666666668,110.76333333333334,104.47,110.91104003763348
2150,103.28733333333334,110.79066666666667,104.496,110.93328866322764
2160,103.28800000000001,110.818,104.52199999999999,110.95553728882179
2170,103.28866666666667,110.84533333333334,104.54799999999999,110.97778591441593
2180,103.28933333333335,110.87266666666667,104.574,111.00003454001009
2190,103.29,110.9,104.6,111.02228316560424
2200,103.29066666666667,111.03733333333334,104.628,111.16496481225255
2210,103.29133333333334,111.17466666666667,104.65599999999999,111.30764645890088
2220,103.292,111.312,104.684,111.45032810554919
2230,103.29266666666668,111.44933333333334,104.71199999999999,111.5930097521975
2240,103.29333333333334,111.58666666666667,104.74,111.73569139884583
2250,103.294,111.724,104.768,111.87837304549414
2260,103.29466666666667,111.86133333333333,104.79599999999999,112.02105469214246
2270,103.29533333333333,111.99866666666667,104.824,112.16373633879078
2280,103.296,112.136,104.85199999999999,112.3064179854391
2290,103.29666666666667,112.27333333333333,104.88,112.44909963208741
2300,103.29733333333333,112.41066666666666,104.908,112.59178127873574
2310,103.298,112.548,104.93599999999999,112.73446292538405
2320,103.29866666666666,112.68533333333333,104.964,112.87714457203236
2330,103.29933333333334,112.82266666666666,104.99199999999999,113.01982621868069
2340,103.3,112.96,105.02,113.162507865329
2350,103.30266666666667,113.16066666666666,105.062,113.36562642182632
2360,103.30533333333334,113.36133333333333,105.104,113.56874497832364
2370,103.30799999999999,113.562,105.146,113.77186353482095
2380,103.31066666666666,113.76266666666666,105.188,113.97498209131827
2390,103.31333333333333,113.96333333333332,105.23,114.17810064781558
2400,103.316,114.164,105.272,114.3812192043129
2410,103.31866666666667,114.36466666666666,105.31400000000001,114.58433776081021
2420,103.32133333333333,114.56533333333333,105.356,114.78745631730754
2430,103.324,114.76599999999999,105.398,114.99057487380486
2440,103.32666666666667,114.96666666666667,105.44,115.19369343030218
2450,103.32933333333334,115.16733333333333,105.482,115.39681198679949
2460,103.33200000000001,115.368,105.524,115.59993054329681
2470,103.33466666666666,115.56866666666666,105.566,115.80304909979412
2480,103.33733333333333,115.76933333333334,105.608,116.00616765629144
2490,103.34,115.97,105.65,116.20928621278875
2500,103.34400000000001,116.17066666666666,105.69800000000001,116.4128455679299
2510,103.348,116.37133333333334,105.74600000000001,116.61640492307106
2520,103.352,116.572,105.79400000000001,116.8199642782122
2530,103.35600000000001,116.77266666666667,105.842,117.02352363335335
2540,103.36,116.97333333333333,105.89,117.2270829884945
2550,103.364,117.174,105.938,117.43064234363565
2560,103.36800000000001,117.37466666666667,105.986,117.6342016987768
2570,103.372,117.57533333333333,106.034,117.83776105391794
2580,103.376,117.776,106.08200000000001,118.0413204090591
2590,103.38000000000001,117.97666666666667,106.13000000000001,118.24487976420025
2600,103.384,118.17733333333334,106.17800000000001,118.4484391193414
2610,103.388,118.378,106.226,118.65199847448255
2620,103.39200000000001,118.57866666666666,106.274,118.85555782962369
2630,103.396,118.77933333333334,106.322,119.05911718476484
2640,103.4,118.98,106.37,119.262676539906
2650,103.40666666666667,119.172,106.42200000000001,119.4565704778784
2660,103.41333333333334,119.364,106.474,119.65046441585079
2670,103.42,119.556,106.52600000000001,119.8443583538232
2680,103.42666666666668,119.748,106.578,120.0382522917956
2690,103.43333333333334,119.94,106.63000000000001,120.23214622976799
2700,103.44,120.132,106.682,120.4260401677404
2710,103.44666666666667,120.324,106.73400000000001,120.6199341057128
2720,103.45333333333333,120.516,106.786,120.81382804368519
2730,103.46000000000001,120.708,106.83800000000001,121.0077219816576
2740,103.46666666666667,120.9,106.89,121.20161591963
2750,103.47333333333333,121.092,106.94200000000001,121.39550985760239
2760,103.48,121.284,106.994,121.5894037955748
2770,103.48666666666666,121.476,107.046,121.7832977335472
2780,103.49333333333334,121.668,107.098,121.97719167151959
2790,103.5,121.86,107.15,122.171085609492
2800,103.50866666666667,121.91333333333333,107.19466666666668,122.21928556640816
2810,103.51733333333333,121.96666666666667,107.23933333333333,122.26748552332432
2820,103.526,122.02,107.284,122.3156854802405
2830,103.53466666666667,122.07333333333334,107.32866666666666,122.36388543715667
2840,103.54333333333334,122.12666666666667,107.37333333333333,122.41208539407283
2850,103.55199999999999,122.17999999999999,107.418,122.460285350989
2860,103.56066666666666,122.23333333333333,107.46266666666666,122.50848530790516
2870,103.56933333333333,122.28666666666666,107.50733333333334,122.55668526482134
2880,103.578,122.34,107.55199999999999,122.6048852217375
2890,103.58666666666666,122.39333333333333,107.59666666666666,122.65308517865367
2900,103.59533333333333,122.44666666666666,107.64133333333334,122.70128513556983
2910,103.604,122.5,107.68599999999999,122.749485092486
2920,103.61266666666667,122.55333333333333,107.73066666666666,122.79768504940218
2930,103.62133333333333,122.60666666666667,107.77533333333332,122.84588500631834
2940,103.63,122.66,107.82,122.8940849632345
2950,103.64066666666666,122.704,107.85333333333332,122.94060010869381
2960,103.65133333333333,122.74799999999999,107.88666666666666,122.98711525415314
2970,103.66199999999999,122.792,107.91999999999999,123.03363039961245
2980,103.67266666666667,122.836,107.95333333333333,123.08014554507177
2990,103.68333333333334,122.88,107.98666666666666,123.12666069053108
3000,103.694,122.92399999999999,108.02,123.17317583599039
3010,103.70466666666667,122.96799999999999,108.05333333333333,123.21969098144972
3020,103.71533333333333,123.012,108.08666666666666,123.26620612690903
3030,103.726,123.056,108.11999999999999,123.31272127236835
3040,103.73666666666666,123.1,108.15333333333332,123.35923641782766
3050,103.74733333333333,123.14399999999999,108.18666666666665,123.40575156328697
3060,103.75800000000001,123.18799999999999,108.22,123.4522667087463
3070,103.76866666666668,123.232,108.25333333333333,123.4987818542056
3080,103.77933333333334,123.276,108.28666666666666,123.54529699966493
3090,103.79,123.32,108.32,123.59181214512424
3100,103.804,123.50533333333333,108.36866666666666,123.78065164872609
3110,103.81800000000001,123.69066666666666,108.41733333333333,123.96949115232793
3120,103.83200000000001,123.87599999999999,108.466,124.15833065592979
3130,103.846,124.06133333333332,108.51466666666666,124.34717015953164
3140,103.86,124.24666666666666,108.56333333333333,124.5360096631335
3150,103.87400000000001,124.43199999999999,108.612,124.72484916673534
3160,103.888,124.61733333333332,108.66066666666666,124.9136886703372
3170,103.902,124.80266666666667,108.70933333333333,125.10252817393905
3180,103.916,124.988,108.758,125.2913676775409
3190,103.93,125.17333333333333,108.80666666666666,125.48020718114275
3200,103.944,125.35866666666666,108.85533333333333,125.6690466847446
3210,103.958,125.544,108.904,125.85788618834646
3220,103.972,125.72933333333333,108.95266666666666,126.04672569194831
3230,103.986,125.91466666666666,109.00133333333333,126.23556519555015
3240,104.0,126.1,109.05,126.424404699152
3250,104.01666666666667,126.28133333333332,109.10466666666666,126.60767719795366
3260,104.03333333333333,126.46266666666666,109.15933333333334,126.7909496967553
3270,104.05,126.64399999999999,109.214,126.97422219555696
3280,104.06666666666666,126.82533333333333,109.26866666666666,127.1574946943586
3290,104.08333333333333,127.00666666666666,109.32333333333334,127.34076719316026
3300,104.1,127.18799999999999,109.378,127.5240396919619
3310,104.11666666666666,127.36933333333333,109.43266666666666,127.70731219076356
3320,104.13333333333334,127.55066666666666,109.48733333333334,127.8905846895652
3330,104.15,127.732,109.542,128.07385718836684
3340,104.16666666666667,127.91333333333333,109.59666666666666,128.25712968716851
3350,104.18333333333334,128.09466666666665,109.65133333333334,128.44040218597016
3360,104.2,128.27599999999998,109.706,128.6236746847718
3370,104.21666666666667,128.45733333333334,109.76066666666667,128.80694718357344
3380,104.23333333333333,128.63866666666667,109.81533333333334,128.9902196823751
3390,104.25,128.82,109.87,129.17349218117675
3400,104.26933333333334,128.94,109.92333333333333,129.29232400255844
3410,104.28866666666667,129.06,109.97666666666667,129.41115582394013
3420,104.308,129.18,110.03,129.5299876453218
3430,104.32733333333333,129.29999999999998,110.08333333333334,129.6488194667035
3440,104.34666666666666,129.42,110.13666666666667,129.76765128808518
3450,104.366,129.54,110.19,129.88648310946687
3460,104.38533333333334,129.66,110.24333333333334,130.00531493084856
3470,104.40466666666667,129.78,110.29666666666667,130.12414675223022
3480,104.424,129.9,110.35000000000001,130.2429785736119
3490,104.44333333333334,130.02,110.40333333333334,130.3618103949936
3500,104.46266666666668,130.14000000000001,110.45666666666666,130.4806422163753
3510,104.482,130.26,110.51,130.59947403775698
3520,104.50133333333333,130.38,110.56333333333333,130.71830585913864
3530,104.52066666666667,130.5,110.61666666666667,130.83713768052033
3540,104.54,130.62,110.67,130.95596950190202
3550,104.56133333333334,130.72333333333333,110.72,131.06055167435952
3560,104.58266666666667,130.82666666666668,110.77,131.165133846817
3570,104.604,130.93,110.82000000000001,131.2697160192745
3580,104.62533333333334,131.03333333333333,110.87,131.374298191732
3590,104.64666666666668,131.13666666666666,110.92,131.4788803641895
3600,104.668,131.24,110.97,131.583462536647
3610,104.68933333333334,131.34333333333333,111.02,131.6880447091045
3620,104.71066666666667,131.44666666666666,111.07000000000001,131.79262688156203
3630,104.732,131.54999999999998,111.12,131.89720905401953
3640,104.75333333333333,131.65333333333334,111.17,132.00179122647702
3650,104.77466666666666,131.75666666666666,111.22,132.10637339893452
3660,104.796,131.85999999999999,111.27,132.21095557139202
3670,104.81733333333334,131.9633333333333,111.32000000000001,132.31553774384952
3680,104.83866666666667,132.06666666666666,111.37,132.42011991630702
3690,104.86,132.17,111.42,132.5247020887645
3700,104.88333333333333,132.3093333333333,111.47466666666666,132.6652256407936
3710,104.90666666666667,132.44866666666667,111.52933333333334,132.8057491928227
3720,104.92999999999999,132.588,111.584,132.9462727448518
3730,104.95333333333333,132.72733333333332,111.63866666666667,133.08679629688092
3740,104.97666666666666,132.86666666666665,111.69333333333333,133.22731984891
3750,105.0,133.006,111.748,133.3678434009391
3760,105.02333333333333,133.14533333333333,111.80266666666667,133.5083669529682
3770,105.04666666666667,133.28466666666665,111.85733333333333,133.6488905049973
3780,105.07,133.42399999999998,111.91199999999999,133.7894140570264
3790,105.09333333333333,133.56333333333333,111.96666666666667,133.9299376090555
3800,105.11666666666666,133.70266666666666,112.02133333333333,134.07046116108458
3810,105.14,133.84199999999998,112.076,134.2109847131137
3820,105.16333333333333,133.9813333333333,112.13066666666666,134.3515082651428
3830,105.18666666666667,134.12066666666666,112.18533333333333,134.4920318171719
3840,105.21,134.26,112.24,134.632555369201
3850,105.23599999999999,134.42133333333334,112.29866666666666,134.79590020189684
3860,105.262,134.58266666666665,112.35733333333333,134.9592450345927
3870,105.288,134.744,112.416,135.12258986728853
3880,105.314,134.90533333333332,112.47466666666666,135.28593469998438
3890,105.33999999999999,135.06666666666666,112.53333333333333,135.44927953268024
3900,105.366,135.228,112.592,135.6126243653761
3910,105.392,135.38933333333333,112.65066666666667,135.77596919807195
3920,105.41799999999999,135.55066666666667,112.70933333333333,135.93931403076778
3930,105.44399999999999,135.712,112.768,136.10265886346363
3940,105.47,135.87333333333333,112.82666666666667,136.2660036961595
3950,105.496,136.03466666666668,112.88533333333334,136.42934852885534
3960,105.52199999999999,136.196,112.944,136.5926933615512
3970,105.54799999999999,136.35733333333334,113.00266666666667,136.75603819424703
3980,105.574,136.51866666666666,113.06133333333334,136.91938302694288
3990,105.6,136.68,113.12,137.08272785963874
4000,105.62866666666666,136.828,113.18133333333334,137.23135789563
4010,105.65733333333333,136.976,113.24266666666666,137.37998793162123
4020,105.68599999999999,137.124,113.304,137.5286179676125
4030,105.71466666666666,137.27200000000002,113.36533333333334,137.67724800360375
4040,105.74333333333333,137.42000000000002,113.42666666666668,137.82587803959498
4050,105.77199999999999,137.568,113.488,137.97450807558624
4060,105.80066666666666,137.716,113.54933333333334,138.1231381115775
4070,105.82933333333334,137.864,113.61066666666667,138.27176814756874
4080,105.858,138.012,113.67200000000001,138.42039818356
4090,105.88666666666667,138.16,113.73333333333333,138.56902821955126
4100,105.91533333333334,138.308,113.79466666666667,138.7176582555425
4110,105.944,138.45600000000002,113.85600000000001,138.86628829153375
4120,105.97266666666667,138.604,113.91733333333335,139.014918327525
4130,106.00133333333333,138.752,113.97866666666667,139.16354836351624
4140,106.03,138.9,114.04,139.3121783995075
4150,106.06,139.02933333333334,114.102,139.44198470955791
4160,106.09,139.15866666666668,114.164,139.5717910196083
4170,106.12,139.288,114.226,139.7015973296587
4180,106.15,139.41733333333335,114.28800000000001,139.8314036397091
4190,106.18,139.54666666666668,114.35000000000001,139.9612099497595
4200,106.21000000000001,139.67600000000002,114.412,140.0910162598099
4210,106.24000000000001,139.80533333333335,114.474,140.2208225698603
4220,106.27,139.93466666666666,114.536,140.3506288799107
4230,106.3,140.064,114.598,140.4804351899611
4240,106.33,140.19333333333333,114.66,140.61024150001148
4250,106.36,140.32266666666666,114.722,140.7400478100619
4260,106.39,140.452,114.784,140.86985412011228
4270,106.42,140.58133333333333,114.846,140.9996604301627
4280,106.45,140.71066666666667,114.908,141.12946674021308
4290,106.48,140.84,114.97,141.2592730502635
4300,106.51266666666668,140.94666666666666,115.02933333333333,141.3661467051368
4310,106.54533333333333,141.05333333333334,115.08866666666667,141.47302036001008
4320,106.578,141.16,115.148,141.5798940148834
4330,106.61066666666667,141.26666666666668,115.20733333333334,141.68676766975668
4340,106.64333333333333,141.37333333333333,115.26666666666667,141.79364132463
4350,106.676,141.48,115.326,141.9005149795033
4360,106.70866666666667,141.58666666666667,115.38533333333334,142.00738863437658
4370,106.74133333333333,141.69333333333333,115.44466666666666,142.1142622892499
4380,106.774,141.8,115.504,142.22113594412318
4390,106.80666666666667,141.90666666666667,115.56333333333333,142.3280095989965
4400,106.83933333333333,142.01333333333332,115.62266666666666,142.4348832538698
4410,106.872,142.12,115.682,142.54175690874308
4420,106.90466666666667,142.22666666666666,115.74133333333333,142.6486305636164
4430,106.93733333333333,142.33333333333334,115.80066666666667,142.75550421848968
4440,106.97,142.44,115.86,142.862377873363
4450,107.00533333333333,142.56666666666666,115.92133333333334,142.99041992532463
4460,107.04066666666667,142.69333333333333,115.98266666666666,143.1184619772863
4470,107.076,142.82,116.044,143.24650402924794
4480,107.11133333333333,142.94666666666666,116.10533333333333,143.3745460812096
4490,107.14666666666666,143.07333333333332,116.16666666666667,143.50258813317126
4500,107.182,143.2,116.228,143.6306301851329
4510,107.21733333333333,143.32666666666665,116.28933333333333,143.75867223709454
4520,107.25266666666667,143.45333333333335,116.35066666666667,143.88671428905621
4530,107.288,143.58,116.412,144.01475634101786
4540,107.32333333333334,143.70666666666668,116.47333333333333,144.1427983929795
4550,107.35866666666666,143.83333333333334,116.53466666666667,144.27084044494117
4560,107.394,143.96,116.596,144.39888249690281
4570,107.42933333333333,144.08666666666667,116.65733333333334,144.52692454886446
4580,107.46466666666667,144.21333333333334,116.71866666666666,144.65496660082613
4590,107.5,144.34,116.78,144.78300865278777
4600,107.53666666666666,144.512,116.84666666666666,144.95798835884813
4610,107.57333333333334,144.684,116.91333333333334,145.13296806490845
4620,107.61,144.856,116.98,145.3079477709688
4630,107.64666666666666,145.028,117.04666666666667,145.48292747702916
4640,107.68333333333334,145.2,117.11333333333333,145.65790718308952
4650,107.72,145.37199999999999,117.18,145.83288688914985
4660,107.75666666666666,145.54399999999998,117.24666666666667,146.0078665952102
4670,107.79333333333334,145.716,117.31333333333333,146.18284630127056
4680,107.83,145.888,117.38,146.3578260073309
4690,107.86666666666666,146.06,117.44666666666667,146.53280571339124
4700,107.90333333333334,146.232,117.51333333333334,146.7077854194516
4710,107.94,146.404,117.58,146.88276512551195
4720,107.97666666666666,146.576,117.64666666666666,147.0577448315723
4730,108.01333333333334,146.748,117.71333333333334,147.23272453763263
4740,108.05,146.92,117.78,147.407704243693
4750,108.08933333333333,147.08133333333333,117.85,147.56781980296745
4760,108.12866666666666,147.24266666666665,117.92,147.72793536224188
4770,108.16799999999999,147.404,117.99,147.88805092151634
4780,108.20733333333334,147.5653333333333,118.06,148.0481664807908
4790,108.24666666666667,147.72666666666666,118.13,148.20828204006526
4800,108.286,147.888,118.2,148.3683975993397
4810,108.32533333333333,148.04933333333332,118.27,148.52851315861415
4820,108.36466666666666,148.21066666666667,118.34,148.6886287178886
4830,108.404,148.37199999999999,118.41,148.84874427716306
4840,108.44333333333333,148.53333333333333,118.48,149.0088598364375
4850,108.48266666666666,148.69466666666668,118.55,149.16897539571195
4860,108.522,148.856,118.62,149.3290909549864
4870,108.56133333333334,149.01733333333334,118.69,149.48920651426087
4880,108.60066666666667,149.17866666666666,118.76,149.6493220735353
4890,108.64,149.34,118.83,149.80943763280976
4900,108.68066666666667,149.424,118.89333333333333,149.8928872444137
4910,108.72133333333333,149.508,118.95666666666666,149.97633685601767
4920,108.762,149.592,119.02,150.05978646762162
4930,108.80266666666667,149.676,119.08333333333333,150.14323607922555
4940,108.84333333333333,149.76,119.14666666666666,150.2266856908295
4950,108.884,149.844,119.21,150.31013530243345
4960,108.92466666666667,149.928,119.27333333333333,150.3935849140374
4970,108.96533333333333,150.012,119.33666666666667,150.47703452564136
4980,109.006,150.096,119.4,150.5604841372453
4990,109.04666666666667,150.18,119.46333333333334,150.64393374884926
5000,109.08733333333333,150.264,119.52666666666667,150.72738336045322
5010,109.128,150.34799999999998,119.59,150.81083297205714
5020,109.16866666666667,150.432,119.65333333333334,150.8942825836611
5030,109.20933333333333,150.516,119.71666666666667,150.97773219526505
5040,109.25,150.6,119.78,151.061181806869
5050,109.292,150.84933333333333,119.856,151.31746907735206
5060,109.334,151.09866666666667,119.932,151.5737563478351
5070,109.376,151.34799999999998,120.008,151.83004361831814
5080,109.41799999999999,151.59733333333332,120.084,152.0863308888012
5090,109.46,151.84666666666666,120.16,152.34261815928426
5100,109.502,152.096,120.236,152.59890542976729
5110,109.544,152.34533333333334,120.312,152.85519270025034
5120,109.586,152.59466666666665,120.388,153.1114799707334
5130,109.628,152.844,120.464,153.36776724121646
5140,109.67,153.09333333333333,120.54,153.62405451169948
5150,109.712,153.34266666666667,120.616,153.88034178218254
5160,109.75399999999999,153.592,120.69200000000001,154.1366290526656
5170,109.79599999999999,153.84133333333332,120.768,154.39291632314865
5180,109.838,154.09066666666666,120.84400000000001,154.64920359363168
5190,109.88,154.34,120.92,154.90549086411474
5200,109.92466666666667,154.42933333333335,120.99333333333334,154.989546141825
5210,109.96933333333332,154.51866666666666,121.06666666666666,155.07360141953524
5220,110.014,154.608,121.14,155.1576566972455
5230,110.05866666666667,154.69733333333335,121.21333333333334,155.24171197495573
5240,110.10333333333332,154.78666666666666,121.28666666666666,155.325767252666
5250,110.148,154.876,121.36,155.40982253037623
5260,110.19266666666667,154.96533333333335,121.43333333333334,155.4938778080865
5270,110.23733333333332,155.05466666666666,121.50666666666666,155.57793308579673
5280,110.282,155.144,121.58,155.661988363507
5290,110.32666666666667,155.23333333333335,121.65333333333334,155.74604364121723
5300,110.37133333333333,155.32266666666666,121.72666666666666,155.8300989189275
5310,110.416,155.412,121.8,155.91415419663772
5320,110.46066666666667,155.50133333333335,121.87333333333333,155.998209474348
5330,110.50533333333333,155.59066666666666,121.94666666666666,156.08226475205822
5340,110.55,155.68,122.02,156.16632002976849
5350,110.596,155.774,122.084,156.26498476867823
5360,110.642,155.868,122.148,156.36364950758798
5370,110.688,155.96200000000002,122.212,156.46231424649773
5380,110.734,156.056,122.276,156.5609789854075
5390,110.78,156.15,122.34,156.65964372431725
5400,110.826,156.244,122.404,156.758308463227
5410,110.872,156.338,122.468,156.85697320213674
5420,110.91799999999999,156.43200000000002,122.532,156.9556379410465
5430,110.964,156.526,122.596,157.05430267995624
5440,111.00999999999999,156.62,122.66,157.15296741886598
5450,111.056,156.714,122.724,157.25163215777573
5460,111.10199999999999,156.808,122.788,157.3502968966855
5470,111.148,156.90200000000002,122.852,157.44896163559525
5480,111.19399999999999,156.996,122.916,157.547626374505
5490,111.24,157.09,122.98,157.64629111341475
5500,111.288,157.38533333333334,123.06666666666668,157.94640676749628
5510,111.336,157.68066666666667,123.15333333333334,158.24652242157785
5520,111.384,157.976,123.24000000000001,158.5466380756594
5530,111.43199999999999,158.27133333333333,123.32666666666667,158.84675372974095
5540,111.47999999999999,158.56666666666666,123.41333333333334,159.1468693838225
5550,111.52799999999999,158.862,123.5,159.44698503790406
5560,111.576,159.15733333333333,123.58666666666667,159.7471006919856
5570,111.624,159.4526666666667,123.67333333333333,160.04721634606716
5580,111.672,159.74800000000002,123.76,160.3473320001487
5590,111.72,160.04333333333335,123.84666666666666,160.64744765423026
5600,111.768,160.33866666666668,123.93333333333334,160.9475633083118
5610,111.81599999999999,160.63400000000001,124.02,161.24767896239337
5620,111.86399999999999,160.92933333333335,124.10666666666667,161.5477946164749
5630,111.91199999999999,161.22466666666668,124.19333333333333,161.84791027055647
5640,111.96,161.52,124.28,162.148025924638
5650,112.00999999999999,161.47933333333333,124.34666666666666,162.09764804065045
5660,112.05999999999999,161.43866666666668,124.41333333333334,162.0472701566629
5670,112.11,161.398,124.48,161.99689227267535
5680,112.16,161.35733333333334,124.54666666666667,161.9465143886878
5690,112.21,161.31666666666666,124.61333333333333,161.89613650470025
5700,112.25999999999999,161.276,124.68,161.8457586207127
5710,112.30999999999999,161.23533333333333,124.74666666666667,161.79538073672515
5720,112.36,161.19466666666668,124.81333333333333,161.7450028527376
5730,112.41,161.154,124.88,161.69462496875005
5740,112.46,161.11333333333334,124.94666666666667,161.6442470847625
5750,112.50999999999999,161.07266666666666,125.01333333333334,161.59386920077495
5760,112.55999999999999,161.032,125.08,161.5434913167874
5770,112.61,160.99133333333333,125.14666666666666,161.49311343279984
5780,112.66,160.95066666666668,125.21333333333334,161.4427355488123
5790,112.71,160.91,125.28,161.39235766482474
5800,112.76133333333333,161.08466666666666,125.35,161.5751943328177
5810,112.81266666666666,161.25933333333333,125.42,161.75803100081063
5820,112.86399999999999,161.434,125.49,161.9408676688036
5830,112.91533333333334,161.60866666666666,125.56,162.12370433679655
5840,112.96666666666667,161.78333333333333,125.63,162.3065410047895
5850,113.018,161.958,125.7,162.48937767278244
5860,113.06933333333333,162.13266666666667,125.77,162.67221434077538
5870,113.12066666666666,162.30733333333333,125.84,162.85505100876836
5880,113.172,162.482,125.91,163.0378876767613
5890,113.22333333333333,162.65666666666667,125.98,163.22072434475425
5900,113.27466666666666,162.83133333333333,126.05,163.4035610127472
5910,113.32600000000001,163.006,126.12,163.58639768074013
5920,113.37733333333334,163.18066666666667,126.19,163.7692343487331
5930,113.42866666666667,163.35533333333333,126.26,163.95207101672605
5940,113.48,163.53,126.33,164.134907684719
5950,113.534,163.76266666666666,126.41933333333333,164.36718082854046
5960,113.58800000000001,163.99533333333335,126.50866666666667,164.59945397236194
5970,113.64200000000001,164.228,126.598,164.8317271161834
5980,113.696,164.46066666666667,126.68733333333333,165.06400026000486
5990,113.75,164.69333333333333,126.77666666666667,165.29627340382632
6000,113.804,164.92600000000002,126.866,165.5285465476478
6010,113.858,165.15866666666668,126.95533333333333,165.76081969146927
6020,113.912,165.39133333333334,127.04466666666667,165.99309283529072
6030,113.96600000000001,165.624,127.134,166.22536597911218
6040,114.02000000000001,165.85666666666668,127.22333333333333,166.45763912293367
6050,114.07400000000001,166.08933333333334,127.31266666666667,166.68991226675513
6060,114.128,166.322,127.402,166.9221854105766
6070,114.182,166.55466666666666,127.49133333333333,167.15445855439805
6080,114.236,166.78733333333335,127.58066666666667,167.38673169821953
6090,114.29,167.02,127.67,167.619004842041
6100,114.34533333333334,167.11866666666668,127.74933333333334,167.716936385539
6110,114.40066666666667,167.21733333333333,127.82866666666666,167.814867929037
6120,114.456,167.316,127.908,167.912799472535
6130,114.51133333333334,167.41466666666668,127.98733333333334,168.010731016033
6140,114.56666666666668,167.51333333333335,128.06666666666666,168.10866255953098
6150,114.622,167.612,128.14600000000002,168.206594103029
6160,114.67733333333334,167.71066666666667,128.22533333333334,168.304525646527
6170,114.73266666666667,167.80933333333334,128.30466666666666,168.402457190025
6180,114.78800000000001,167.90800000000002,128.38400000000001,168.50038873352298
6190,114.84333333333333,168.00666666666666,128.46333333333334,168.598320277021
6200,114.89866666666667,168.10533333333333,128.5426666666667,168.696251820519
6210,114.95400000000001,168.204,128.622,168.794183364017
6220,115.00933333333334,168.30266666666668,128.70133333333334,168.89211490751498
6230,115.06466666666667,168.40133333333333,128.7806666666667,168.990046451013
6240,115.12,168.5,128.86,169.087977994511
6250,115.17666666666668,168.58933333333334,128.936,169.17665314996535
6260,115.23333333333333,168.67866666666666,129.012,169.2653283054197
6270,115.29,168.768,129.08800000000002,169.35400346087405
6280,115.34666666666666,168.85733333333334,129.16400000000002,169.4426786163284
6290,115.40333333333334,168.94666666666666,129.24,169.53135377178276
6300,115.46000000000001,169.036,129.316,169.62002892723712
6310,115.51666666666667,169.12533333333334,129.392,169.70870408269147
6320,115.57333333333334,169.21466666666666,129.46800000000002,169.7973792381458
6330,115.63,169.304,129.544,169.88605439360015
6340,115.68666666666667,169.39333333333335,129.62,169.9747295490545
6350,115.74333333333334,169.48266666666666,129.696,170.06340470450886
6360,115.8,169.572,129.772,170.1520798599632
6370,115.85666666666667,169.66133333333335,129.848,170.24075501541756
6380,115.91333333333333,169.75066666666666,129.924,170.32943017087192
6390,115.97,169.84,130.0,170.41810532632627
6400,116.02866666666667,169.994,130.07933333333332,170.57575348200473
6410,116.08733333333333,170.148,130.15866666666668,170.73340163768316
6420,116.146,170.302,130.238,170.89104979336162
6430,116.20466666666667,170.45600000000002,130.31733333333332,171.04869794904008
6440,116.26333333333334,170.61,130.39666666666668,171.2063461047185
6450,116.322,170.764,130.476,171.36399426039696
6460,116.38066666666667,170.918,130.55533333333332,171.52164241607542
6470,116.43933333333332,171.072,130.63466666666667,171.67929057175385
6480,116.49799999999999,171.226,130.714,171.8369387274323
6490,116.55666666666666,171.38,130.79333333333332,171.99458688311077
6500,116.61533333333333,171.534,130.87266666666667,172.1522350387892
6510,116.67399999999999,171.68800000000002,130.952,172.30988319446766
6520,116.73266666666666,171.842,131.03133333333332,172.46753135014612
6530,116.79133333333333,171.996,131.11066666666667,172.62517950582455
6540,116.85,172.15,131.19,172.782827661503
6550,116.91066666666666,172.32,131.276,172.95292993231618
6560,116.97133333333333,172.49,131.362,173.12303220312933
6570,117.032,172.66,131.448,173.2931344739425
6580,117.09266666666666,172.83,131.534,173.46323674475568
6590,117.15333333333334,173.0,131.62,173.63333901556885
6600,117.214,173.17,131.706,173.803441286382
6610,117.27466666666666,173.34,131.792,173.97354355719517
6620,117.33533333333334,173.51,131.878,174.14364582800835
6630,117.396,173.68,131.964,174.31374809882152
6640,117.45666666666666,173.85,132.04999999999998,174.48385036963467
6650,117.51733333333334,174.01999999999998,132.136,174.65395264044784
6660,117.578,174.19,132.22199999999998,174.82405491126102
6670,117.63866666666667,174.35999999999999,132.308,174.9941571820742
6680,117.69933333333334,174.53,132.39399999999998,175.16425945288734
6690,117.76,174.7,132.48,175.3343617237005
6700,117.822,174.826,132.564,175.460399224559
6710,117.884,174.952,132.648,175.5864367254175
6720,117.946,175.078,132.732,175.71247422627602
6730,118.00800000000001,175.20399999999998,132.816,175.83851172713452
6740,118.07000000000001,175.32999999999998,132.9,175.96454922799302
6750,118.132,175.456,132.984,176.09058672885152
6760,118.194,175.582,133.068,176.21662422971002
6770,118.256,175.708,133.152,176.3426617305685
6780,118.318,175.834,133.236,176.468699231427
6790,118.38,175.96,133.32,176.5947367322855
6800,118.442,176.086,133.404,176.720774233144
6810,118.504,176.212,133.488,176.8468117340025
6820,118.566,176.338,133.572,176.972849234861
6830,118.628,176.464,133.656,177.0988867357195
6840,118.69,176.59,133.74,177.224924236578
6850,118.75333333333333,176.73466666666667,133.82533333333333,177.370643908011
6860,118.81666666666666,176.87933333333334,133.91066666666669,177.516363579444
6870,118.88,177.024,133.996,177.662083250877
6880,118.94333333333333,177.16866666666667,134.08133333333333,177.80780292231
6890,119.00666666666666,177.31333333333333,134.16666666666669,177.953522593743
6900,119.07,177.458,134.252,178.099242265176
6910,119.13333333333333,177.60266666666666,134.33733333333333,178.244961936609
6920,119.19666666666667,177.74733333333333,134.4226666666667,178.390681608042
6930,119.26,177.892,134.508,178.536401279475
6940,119.32333333333334,178.03666666666666,134.59333333333333,178.682120950908
6950,119.38666666666667,178.18133333333333,134.6786666666667,178.827840622341
6960,119.45,178.326,134.764,178.973560293774
6970,119.51333333333334,178.47066666666666,134.84933333333333,179.119279965207
6980,119.57666666666667,178.61533333333333,134.9346666666667,179.26499963664
6990,119.64,178.76,135.02,179.410719308073
7000,119.70533333333333,178.89733333333334,135.10666666666668,179.54859364210594
7010,119.77066666666667,179.03466666666665,135.19333333333333,179.68646797613886
7020,119.836,179.172,135.28,179.8243423101718
7030,119.90133333333334,179.3093333333333,135.36666666666667,179.96221664420474
7040,119.96666666666667,179.44666666666666,135.45333333333335,180.10009097823766
7050,120.032,179.584,135.54,180.2379653122706
7060,120.09733333333334,179.72133333333332,135.62666666666667,180.37583964630355
7070,120.16266666666667,179.85866666666666,135.71333333333334,180.51371398033646
7080,120.22800000000001,179.99599999999998,135.8,180.6515883143694
7090,120.29333333333334,180.13333333333333,135.88666666666666,180.78946264840235
7100,120.35866666666666,180.27066666666667,135.97333333333333,180.92733698243526
7110,120.424,180.408,136.06,181.0652113164682
7120,120.48933333333333,180.54533333333333,136.14666666666668,181.20308565050115
7130,120.55466666666668,180.68266666666665,136.23333333333332,181.34095998453407
7140,120.62,180.82,136.32,181.478834318567
7150,120.68666666666667,180.948,136.40666666666667,181.60718096086433
7160,120.75333333333334,181.076,136.49333333333334,181.73552760316164
7170,120.82000000000001,181.204,136.57999999999998,181.86387424545896
7180,120.88666666666667,181.332,136.66666666666666,181.99222088775628
7190,120.95333333333333,181.46,136.75333333333333,182.1205675300536
7200,121.02000000000001,181.588,136.84,182.2489141723509
7210,121.08666666666667,181.716,136.92666666666668,182.37726081464822
7220,121.15333333333334,181.844,137.01333333333332,182.50560745694554
7230,121.22,181.972,137.1,182.63395409924286
7240,121.28666666666668,182.1,137.18666666666667,182.76230074154017
7250,121.35333333333334,182.228,137.27333333333334,182.8906473838375
7260,121.42,182.356,137.36,183.0189940261348
7270,121.48666666666666,182.484,137.44666666666666,183.14734066843212
7280,121.55333333333334,182.612,137.53333333333333,183.27568731072944
7290,121.62,182.74,137.62,183.40403395302675
7300,121.688,182.85733333333334,137.70533333333333,183.5211705492529
7310,121.756,182.97466666666668,137.79066666666668,183.63830714547905
7320,121.824,183.092,137.876,183.7554437417052
7330,121.89200000000001,183.20933333333335,137.96133333333333,183.87258033793137
7340,121.96000000000001,183.32666666666668,138.04666666666668,183.9897169341575
7350,122.028,183.44400000000002,138.132,184.10685353038366
7360,122.096,183.56133333333335,138.21733333333333,184.2239901266098
7370,122.164,183.67866666666666,138.30266666666668,184.34112672283595
7380,122.232,183.796,138.388,184.4582633190621
7390,122.3,183.91333333333333,138.47333333333333,184.57539991528824
7400,122.368,184.03066666666666,138.55866666666668,184.6925365115144
7410,122.436,184.148,138.644,184.80967310774057
7420,122.504,184.26533333333333,138.72933333333333,184.9268097039667
7430,122.572,184.38266666666667,138.81466666666668,185.04394630019286
7440,122.64,184.5,138.9,185.161082896419
7450,122.70933333333333,184.59733333333332,138.984,185.25852220008156
7460,122.77866666666667,184.69466666666668,139.068,185.3559615037441
7470,122.848,184.792,139.15200000000002,185.45340080740667
7480,122.91733333333333,184.88933333333333,139.236,185.55084011106922
7490,122.98666666666666,184.98666666666668,139.32,185.64827941473177
7500,123.056,185.084,139.404,185.74571871839433
7510,123.12533333333333,185.18133333333333,139.488,185.84315802205688
7520,123.19466666666668,185.27866666666668,139.572,185.9405973257194
7530,123.26400000000001,185.376,139.656,186.03803662938196
7540,123.33333333333334,185.47333333333333,139.74,186.13547593304452
7550,123.40266666666668,185.57066666666668,139.824,186.23291523670707
7560,123.47200000000001,185.668,139.908,186.33035454036963
7570,123.54133333333334,185.76533333333333,139.992,186.42779384403218
7580,123.61066666666667,185.86266666666668,140.076,186.52523314769473
7590,123.68,185.96,140.16,186.6226724513573
7600,123.75133333333333,186.13133333333334,140.24866666666665,186.79745207968512
7610,123.82266666666668,186.30266666666668,140.33733333333333,186.9722317080129
7620,123.894,186.47400000000002,140.426,187.14701133634074
7630,123.96533333333333,186.64533333333333,140.51466666666667,187.32179096466854
7640,124.03666666666668,186.81666666666666,140.60333333333332,187.49657059299636
7650,124.108,186.988,140.692,187.6713502213242
7660,124.17933333333333,187.15933333333334,140.78066666666666,187.846129849652
7670,124.25066666666667,187.33066666666667,140.86933333333334,188.0209094779798
7680,124.322,187.502,140.958,188.1956891063076
7690,124.39333333333333,187.67333333333335,141.04666666666668,188.37046873463544
7700,124.46466666666667,187.84466666666668,141.13533333333334,188.54524836296326
7710,124.536,188.016,141.22400000000002,188.72002799129106
7720,124.60733333333333,188.18733333333333,141.31266666666667,188.8948076196189
7730,124.67866666666667,188.35866666666666,141.40133333333335,189.06958724794669
7740,124.75,188.53,141.49,189.2443668762745
7750,124.82266666666666,188.73,141.58800000000002,189.44582053820756
7760,124.89533333333334,188.93,141.686,189.6472742001406
7770,124.968,189.13,141.78400000000002,189.84872786207364
7780,125.04066666666667,189.33,141.882,190.05018152400672
7790,125.11333333333333,189.53,141.98000000000002,190.25163518593976
7800,125.186,189.73,142.078,190.4530888478728
7810,125.25866666666667,189.93,142.17600000000002,190.65454250980585
7820,125.33133333333333,190.13,142.274,190.8559961717389
7830,125.404,190.33,142.372,191.05744983367194
7840,125.47666666666667,190.53,142.47,191.25890349560498
7850,125.54933333333334,190.73,142.568,191.46035715753803
7860,125.622,190.93,142.666,191.6618108194711
7870,125.69466666666666,191.13,142.764,191.86326448140414
7880,125.76733333333334,191.33,142.862,192.0647181433372
7890,125.84,191.53,142.96,192.26617180527023
7900,125.91266666666667,191.70733333333334,143.05666666666667,192.4436332097485
7910,125.98533333333334,191.88466666666667,143.15333333333334,192.62109461422673
7920,126.058,192.062,143.25,192.798556018705
7930,126.13066666666667,192.23933333333332,143.34666666666666,192.97601742318324
7940,126.20333333333333,192.41666666666666,143.44333333333333,193.1534788276615
7950,126.27600000000001,192.594,143.54,193.33094023213974
7960,126.34866666666667,192.77133333333333,143.63666666666666,193.508401636618
7970,126.42133333333334,192.94866666666667,143.73333333333335,193.68586304109624
7980,126.494,193.126,143.83,193.8633244455745
7990,126.56666666666668,193.30333333333334,143.92666666666668,194.04078585005274
8000,126.63933333333334,193.48066666666668,144.02333333333334,194.218247254531
8010,126.712,193.658,144.12,194.39570865900924
8020,126.78466666666667,193.83533333333332,144.21666666666667,194.5731700634875
8030,126.85733333333334,194.01266666666666,144.31333333333333,194.75063146796575
8040,126.93,194.19,144.41,194.928092872444
8050,127.00200000000001,194.358,144.50533333333334,195.09680079319037
8060,127.074,194.526,144.60066666666665,195.2655087139367
8070,127.146,194.694,144.696,195.43421663468305
8080,127.218,194.862,144.79133333333334,195.6029245554294
8090,127.29,195.03,144.88666666666666,195.77163247617577
8100,127.362,195.198,144.982,195.9403403969221
8110,127.434,195.366,145.07733333333334,196.10904831766845
8120,127.506,195.534,145.17266666666666,196.2777562384148
8130,127.578,195.702,145.268,196.44646415916117
8140,127.64999999999999,195.87,145.36333333333334,196.6151720799075
8150,127.722,196.038,145.45866666666666,196.78388000065385
8160,127.794,196.20600000000002,145.554,196.9525879214002
8170,127.866,196.374,145.64933333333335,197.12129584214657
8180,127.93799999999999,196.542,145.74466666666666,197.2900037628929
8190,128.01,196.71,145.84,197.45871168363925
8200,128.08333333333331,196.85533333333333,145.93533333333335,197.60378091040326
8210,128.15666666666667,197.00066666666666,146.03066666666666,197.7488501371673
8220,128.23,197.14600000000002,146.126,197.8939193639313
8230,128.30333333333334,197.29133333333334,146.22133333333335,198.0389885906953
8240,128.37666666666667,197.43666666666667,146.31666666666666,198.18405781745932
8250,128.45,197.582,146.412,198.32912704422336
8260,128.52333333333334,197.72733333333332,146.50733333333335,198.47419627098736
8270,128.59666666666666,197.87266666666667,146.60266666666666,198.61926549775137
8280,128.67000000000002,198.018,146.698,198.76433472451538
8290,128.74333333333334,198.16333333333333,146.79333333333335,198.90940395127942
8300,128.81666666666666,198.30866666666665,146.88866666666667,199.05447317804342
8310,128.89000000000001,198.45399999999998,146.984,199.19954240480743
8320,128.96333333333334,198.59933333333333,147.07933333333335,199.34461163157144
8330,129.0366666666667,198.74466666666666,147.17466666666667,199.48968085833548
8340,129.11,198.89,147.27,199.63475008509948
8350,129.1846666666667,199.01666666666665,147.36333333333334,199.76086704459598
8360,129.25933333333333,199.14333333333332,147.45666666666668,199.88698400409248
8370,129.334,199.26999999999998,147.55,200.01310096358898
8380,129.40866666666668,199.39666666666665,147.64333333333335,200.13921792308548
8390,129.48333333333335,199.5233333333333,147.73666666666668,200.26533488258198
8400,129.558,199.64999999999998,147.83,200.39145184207848
8410,129.63266666666667,199.77666666666664,147.92333333333335,200.51756880157498
8420,129.70733333333334,199.90333333333334,148.01666666666665,200.6436857610715
8430,129.782,200.03,148.10999999999999,200.769802720568
8440,129.85666666666665,200.15666666666667,148.20333333333332,200.8959196800645
8450,129.93133333333333,200.28333333333333,148.29666666666665,201.022036639561
8460,130.006,200.41,148.39,201.1481535990575
8470,130.08066666666667,200.53666666666666,148.48333333333332,201.274270558554
8480,130.15533333333332,200.66333333333333,148.57666666666665,201.4003875180505
8490,130.23,200.79,148.67,201.526504477547
8500,130.30599999999998,200.90133333333333,148.762,201.6383555964908
8510,130.382,201.01266666666666,148.85399999999998,201.75020671543462
8520,130.458,201.124,148.946,201.86205783437842
8530,130.534,201.23533333333333,149.03799999999998,201.9739089533222
8540,130.60999999999999,201.34666666666666,149.13,202.085760072266
8550,130.686,201.458,149.222,202.1976111912098
8560,130.762,201.56933333333333,149.314,202.3094623101536
8570,130.838,201.68066666666667,149.406,202.4213134290974
8580,130.914,201.792,149.498,202.5331645480412
8590,130.99,201.90333333333334,149.59,202.64501566698502
8600,131.066,202.01466666666667,149.68200000000002,202.75686678592882
8610,131.142,202.126,149.774,202.8687179048726
8620,131.218,202.23733333333334,149.866,202.9805690238164
8630,131.294,202.34866666666667,149.958,203.0924201427602
8640,131.37,202.46,150.05,203.204271261704
8650,131.44733333333335,202.19933333333333,150.108,202.9281830136772
8660,131.52466666666666,201.93866666666668,150.166,202.65209476565042
8670,131.602,201.678,150.22400000000002,202.3760065176236
8680,131.67933333333335,201.41733333333335,150.282,202.0999182695968
8690,131.75666666666666,201.15666666666667,150.34,201.82383002157002
8700,131.834,200.89600000000002,150.398,201.5477417735432
8710,131.91133333333335,200.63533333333334,150.456,201.2716535255164
8720,131.98866666666666,200.37466666666668,150.514,200.99556527748962
8730,132.066,200.114,150.572,200.7194770294628
8740,132.14333333333335,199.85333333333335,150.63,200.443388781436
8750,132.22066666666666,199.59266666666667,150.688,200.16730053340922
8760,132.298,199.33200000000002,150.74599999999998,199.8912122853824
8770,132.37533333333334,199.07133333333334,150.804,199.6151240373556
8780,132.45266666666666,198.8106666666667,150.862,199.33903578932882
8790,132.53,198.55,150.92,199.062947541302
8800,132.60866666666666,198.35866666666666,150.96133333333333,198.87017407988097
8810,132.68733333333333,198.16733333333335,151.00266666666664,198.67740061845993
8820,132.766,197.976,151.04399999999998,198.48462715703891
8830,132.84466666666668,197.78466666666668,151.08533333333332,198.29185369561787
8840,132.92333333333335,197.59333333333333,151.12666666666667,198.09908023419683
8850,133.002,197.40200000000002,151.16799999999998,197.9063067727758
8860,133.08066666666667,197.21066666666667,151.20933333333332,197.71353331135475
8870,133.15933333333334,197.01933333333335,151.25066666666666,197.52075984993374
8880,133.238,196.828,151.292,197.3279863885127
8890,133.31666666666666,196.63666666666668,151.33333333333331,197.13521292709166
8900,133.39533333333333,196.44533333333334,151.37466666666666,196.94243946567062
8910,133.47400000000002,196.25400000000002,151.416,196.74966600424958
8920,133.55266666666668,196.06266666666667,151.45733333333334,196.55689254282856
8930,133.63133333333334,195.87133333333335,151.49866666666665,196.36411908140752
8940,133.71,195.68,151.54,196.17134561998648
8950,133.79000000000002,195.56866666666667,151.57999999999998,196.0599632775114
8960,133.87,195.45733333333334,151.62,195.94858093503632
8970,133.95000000000002,195.346,151.66,195.83719859256124
8980,134.03,195.23466666666667,151.7,195.72581625008615
8990,134.11,195.12333333333333,151.73999999999998,195.61443390761107
9000,134.19,195.012,151.78,195.503051565136
9010,134.27,194.90066666666667,151.82,195.3916692226609
9020,134.35,194.78933333333333,151.85999999999999,195.28028688018583
9030,134.43,194.678,151.89999999999998,195.16890453771074
9040,134.51,194.56666666666666,151.94,195.05752219523566
9050,134.59,194.45533333333333,151.98,194.94613985276058
9060,134.67,194.344,152.01999999999998,194.8347575102855
9070,134.75,194.23266666666666,152.05999999999997,194.72337516781042
9080,134.82999999999998,194.12133333333333,152.1,194.61199282533534
9090,134.91,194.01,152.14,194.50061048286025
9100,134.99,193.97866666666667,152.18533333333332,194.4686955916713
9110,135.07,193.94733333333332,152.23066666666665,194.43678070048236
9120,135.15,193.916,152.27599999999998,194.4048658092934
9130,135.23,193.88466666666665,152.3213333333333,194.37295091810446
9140,135.31,193.85333333333332,152.36666666666665,194.3410360269155
9150,135.39000000000001,193.822,152.41199999999998,194.30912113572654
9160,135.47,193.79066666666665,152.4573333333333,194.2772062445376
9170,135.55,193.75933333333333,152.50266666666667,194.24529135334865
9180,135.63,193.72799999999998,152.548,194.21337646215972
9190,135.71,193.69666666666666,152.59333333333333,194.18146157097075
9200,135.79000000000002,193.66533333333334,152.63866666666667,194.1495466797818
9210,135.87,193.634,152.684,194.11763178859286
9220,135.95000000000002,193.60266666666666,152.72933333333333,194.0857168974039
9230,136.03,193.5713333333333,152.77466666666666,194.05380200621497
9240,136.11,193.54,152.82,194.021887115026
9250,136.18933333333334,193.29333333333332,152.846,193.76635796284236
9260,136.2686666666667,193.04666666666665,152.87199999999999,193.5108288106587
9270,136.348,192.79999999999998,152.898,193.25529965847505
9280,136.42733333333334,192.55333333333334,152.924,192.9997705062914
9290,136.5066666666667,192.30666666666667,152.95,192.74424135410774
9300,136.586,192.06,152.976,192.4887122019241
9310,136.66533333333334,191.81333333333333,153.002,192.23318304974046
9320,136.7446666666667,191.56666666666666,153.028,191.9776538975568
9330,136.824,191.32,153.054,191.72212474537315
9340,136.90333333333334,191.07333333333332,153.08,191.4665955931895
9350,136.9826666666667,190.82666666666665,153.106,191.21106644100584
9360,137.062,190.58,153.132,190.9555372888222
9370,137.14133333333334,190.33333333333334,153.15800000000002,190.70000813663856
9380,137.2206666666667,190.08666666666667,153.184,190.4444789844549
9390,137.3,189.84,153.21,190.18894983227125
9400,137.37733333333335,189.704,153.23133333333334,190.05385370114178
9410,137.45466666666667,189.568,153.25266666666667,189.91875757001227
9420,137.532,189.43200000000002,153.274,189.7836614388828
9430,137.60933333333335,189.296,153.29533333333333,189.6485653077533
9440,137.68666666666667,189.16,153.31666666666666,189.51346917662383
9450,137.764,189.024,153.338,189.37837304549436
9460,137.84133333333335,188.888,153.35933333333332,189.24327691436486
9470,137.91866666666667,188.752,153.38066666666668,189.10818078323538
9480,137.996,188.616,153.40200000000002,188.97308465210588
9490,138.07333333333335,188.48000000000002,153.42333333333335,188.8379885209764
9500,138.15066666666667,188.34400000000002,153.44466666666668,188.70289238984694
9510,138.228,188.208,153.466,188.56779625871744
9520,138.30533333333335,188.072,153.48733333333334,188.43270012758796
9530,138.38266666666667,187.936,153.50866666666667,188.29760399645846
9540,138.46,187.8,153.53,188.162507865329
9550,138.53533333333334,187.726,153.55733333333333,188.08784864404853
9560,138.61066666666667,187.65200000000002,153.58466666666666,188.01318942276805
9570,138.686,187.578,153.612,187.9385302014876
9580,138.76133333333334,187.50400000000002,153.63933333333333,187.86387098020714
9590,138.83666666666667,187.43,153.66666666666666,187.78921175892665
9600,138.912,187.356,153.694,187.7145525376462
9610,138.98733333333334,187.282,153.72133333333332,187.63989331636574
9620,139.06266666666667,187.208,153.74866666666668,187.56523409508526
9630,139.138,187.13400000000001,153.776,187.4905748738048
9640,139.21333333333334,187.06,153.80333333333334,187.41591565252435
9650,139.28866666666667,186.986,153.83066666666667,187.34125643124386
9660,139.364,186.912,153.858,187.2665972099634
9670,139.43933333333334,186.838,153.88533333333334,187.19193798868295
9680,139.51466666666667,186.764,153.91266666666667,187.11727876740247
9690,139.59,186.69,153.94,187.042619546122
9700,139.66266666666667,186.61666666666667,153.96666666666667,186.96840112348542
9710,139.73533333333333,186.54333333333332,153.99333333333334,186.8941827008488
9720,139.808,186.47,154.02,186.8199642782122
9730,139.88066666666668,186.39666666666668,154.04666666666665,186.74574585557562
9740,139.95333333333335,186.32333333333332,154.07333333333332,186.671527432939
9750,140.026,186.25,154.1,186.5973090103024
9760,140.09866666666667,186.17666666666668,154.12666666666667,186.52309058766582
9770,140.17133333333334,186.10333333333332,154.15333333333334,186.4488721650292
9780,140.244,186.03,154.18,186.3746537423926
9790,140.31666666666666,185.95666666666668,154.20666666666668,186.30043531975602
9800,140.38933333333333,185.88333333333333,154.23333333333335,186.2262168971194
9810,140.46200000000002,185.81,154.26,186.1519984744828
9820,140.53466666666668,185.73666666666668,154.28666666666666,186.07778005184622
9830,140.60733333333334,185.66333333333333,154.31333333333333,186.0035616292096
9840,140.68,185.59,154.34,185.929343206573
9850,140.75,185.50733333333335,154.36533333333333,185.8454593667676
9860,140.82,185.42466666666667,154.39066666666668,185.76157552696222
9870,140.89000000000001,185.342,154.416,185.6776916871568
9880,140.96,185.25933333333333,154.44133333333335,185.5938078473514
9890,141.03,185.17666666666668,154.46666666666667,185.509924007546
9900,141.1,185.094,154.492,185.4260401677406
9910,141.17,185.01133333333334,154.51733333333334,185.34215632793521
9920,141.24,184.92866666666666,154.54266666666666,185.2582724881298
9930,141.31,184.846,154.568,185.1743886483244
9940,141.38,184.76333333333332,154.59333333333333,185.090504808519
9950,141.45,184.68066666666667,154.61866666666666,185.0066209687136
9960,141.51999999999998,184.59799999999998,154.644,184.9227371289082
9970,141.59,184.51533333333333,154.66933333333333,184.8388532891028
9980,141.66,184.43266666666665,154.69466666666668,184.7549694492974
9990,141.73,184.35,154.72,184.671085609492
10000,141.796,184.12866666666667,154.732,184.44150778863036
10010,141.862,183.90733333333333,154.744,184.21192996776873
10020,141.928,183.686,154.756,183.9823521469071
10030,141.994,183.46466666666666,154.768,183.75277432604545
10040,142.06,183.24333333333334,154.78,183.52319650518382
10050,142.126,183.022,154.792,183.29361868432218
10060,142.192,182.80066666666667,154.804,183.06404086346055
10070,142.25799999999998,182.57933333333332,154.816,182.83446304259894
10080,142.32399999999998,182.358,154.828,182.6048852217373
10090,142.39,182.13666666666666,154.84,182.37530740087567
10100,142.456,181.91533333333334,154.852,182.14572958001403
10110,142.522,181.694,154.864,181.9161517591524
10120,142.588,181.47266666666667,154.876,181.68657393829076
10130,142.654,181.25133333333332,154.888,181.45699611742913
10140,142.72,181.03,154.9,181.2274182965675
10150,142.78333333333333,180.79933333333332,154.89666666666668,180.99615566424902
10160,142.84666666666666,180.56866666666667,154.89333333333335,180.76489303193057
10170,142.91,180.338,154.89000000000001,180.5336303996121
10180,142.97333333333333,180.10733333333334,154.88666666666666,180.30236776729362
10190,143.03666666666666,179.87666666666667,154.88333333333333,180.07110513497517
10200,143.1,179.646,154.88,179.8398425026567
10210,143.16333333333333,179.41533333333334,154.87666666666667,179.60857987033822
10220,143.22666666666666,179.18466666666666,154.87333333333333,179.37731723801977
10230,143.29,178.954,154.87,179.1460546057013
10240,143.35333333333332,178.72333333333333,154.86666666666667,178.91479197338282
10250,143.41666666666666,178.49266666666665,154.86333333333334,178.68352934106437
10260,143.48,178.262,154.85999999999999,178.4522667087459
10270,143.54333333333332,178.03133333333332,154.85666666666665,178.22100407642742
10280,143.60666666666665,177.80066666666667,154.85333333333332,177.98974144410897
10290,143.67,177.57,154.85,177.7584788117905
10300,143.73,177.48066666666665,154.856,177.6695405376146
10310,143.79,177.39133333333334,154.862,177.5806022634387
10320,143.85,177.302,154.868,177.4916639892628
10330,143.91,177.21266666666665,154.874,177.4027257150869
10340,143.97,177.12333333333333,154.88,177.313787440911
10350,144.03,177.034,154.886,177.2248491667351
10360,144.09,176.94466666666665,154.892,177.1359108925592
10370,144.14999999999998,176.85533333333333,154.898,177.0469726183833
10380,144.20999999999998,176.766,154.904,176.9580343442074
10390,144.26999999999998,176.67666666666665,154.91,176.8690960700315
10400,144.32999999999998,176.58733333333333,154.916,176.78015779585562
10410,144.39,176.498,154.922,176.6912195216797
10420,144.45,176.40866666666665,154.928,176.6022812475038
10430,144.51,176.31933333333333,154.934,176.5133429733279
10440,144.57,176.23,154.94,176.424404699152
10450,144.62666666666667,176.13666666666666,154.94666666666666,176.32989942017585
10460,144.68333333333334,176.04333333333332,154.95333333333332,176.23539414119972
10470,144.73999999999998,175.95,154.96,176.14088886222356
10480,144.79666666666665,175.85666666666665,154.96666666666667,176.0463835832474
10490,144.85333333333332,175.76333333333332,154.97333333333333,175.95187830427125
10500,144.91,175.67,154.98,175.85737302529512
10510,144.96666666666667,175.57666666666665,154.98666666666665,175.76286774631896
10520,145.0233333333333,175.48333333333335,154.99333333333334,175.6683624673428
10530,145.07999999999998,175.39000000000001,155.0,175.57385718836665
10540,145.13666666666666,175.29666666666668,155.00666666666666,175.47935190939052
10550,145.19333333333333,175.20333333333335,155.01333333333332,175.38484663041436
10560,145.25,175.11,155.01999999999998,175.2903413514382
10570,145.30666666666664,175.01666666666668,155.02666666666667,175.19583607246204
10580,145.36333333333332,174.92333333333335,155.03333333333333,175.10133079348591
10590,145.42,174.83,155.04,175.00682551450976
10600,145.47333333333333,174.67533333333336,155.0413333333333,174.84787955811368
10610,145.52666666666664,174.52066666666667,155.04266666666666,174.6889336017176
10620,145.57999999999998,174.366,155.04399999999998,174.5299876453215
10630,145.63333333333333,174.21133333333333,155.04533333333333,174.37104168892543
10640,145.68666666666667,174.05666666666667,155.04666666666665,174.21209573252935
10650,145.73999999999998,173.90200000000002,155.048,174.05314977613327
10660,145.79333333333332,173.74733333333333,155.04933333333332,173.89420381973719
10670,145.84666666666666,173.59266666666667,155.05066666666667,173.73525786334108
10680,145.9,173.438,155.052,173.576311906945
10690,145.95333333333332,173.28333333333333,155.05333333333334,173.4173659505489
10700,146.00666666666666,173.12866666666667,155.05466666666666,173.25841999415283
10710,146.06,172.974,155.056,173.09947403775675
10720,146.11333333333334,172.81933333333333,155.05733333333333,172.94052808136067
10730,146.16666666666666,172.66466666666665,155.05866666666668,172.7815821249646
10740,146.22,172.51,155.06,172.6226361685685
10750,146.26933333333332,172.338,155.05333333333334,172.44944056324826
10760,146.31866666666667,172.166,155.04666666666668,172.27624495792801
10770,146.368,171.994,155.04,172.10304935260777
10780,146.41733333333335,171.822,155.03333333333333,171.9298537472875
10790,146.46666666666667,171.65,155.02666666666667,171.75665814196725
10800,146.516,171.478,155.02,171.583462536647
10810,146.56533333333334,171.306,155.01333333333335,171.41026693132676
10820,146.61466666666666,171.134,155.00666666666666,171.23707132600651
10830,146.66400000000002,170.962,155.0,171.06387572068627
10840,146.71333333333334,170.79,154.99333333333334,170.89068011536602
10850,146.76266666666666,170.618,154.98666666666668,170.71748451004578
10860,146.812,170.446,154.98000000000002,170.5442889047255
10870,146.86133333333333,170.274,154.97333333333333,170.37109329940526
10880,146.91066666666669,170.102,154.96666666666667,170.19789769408501
10890,146.96,169.93,154.96,170.02470208876477
10900,147.006,169.794,154.9526666666667,169.88744786301612
10910,147.05200000000002,169.65800000000002,154.94533333333334,169.75019363726747
10920,147.098,169.522,154.93800000000002,169.61293941151882
10930,147.144,169.386,154.93066666666667,169.47568518577017
10940,147.19,169.25,154.92333333333335,169.33843096002153
10950,147.23600000000002,169.114,154.916,169.20117673427288
10960,147.282,168.978,154.90866666666668,169.06392250852423
10970,147.328,168.84199999999998,154.90133333333333,168.92666828277555
10980,147.374,168.706,154.894,168.7894140570269
10990,147.42000000000002,168.57,154.88666666666666,168.65215983127825
11000,147.466,168.434,154.87933333333334,168.5149056055296
11010,147.512,168.298,154.87199999999999,168.37765137978096
11020,147.558,168.16199999999998,154.86466666666666,168.2403971540323
11030,147.604,168.02599999999998,154.85733333333332,168.10314292828366
11040,147.65,167.89,154.85,167.965888702535
11050,147.69266666666667,167.77666666666664,154.84333333333333,167.85145575745307
11060,147.73533333333333,167.66333333333333,154.83666666666667,167.7370228123711
11070,147.778,167.54999999999998,154.82999999999998,167.62258986728915
11080,147.82066666666668,167.43666666666667,154.82333333333332,167.5081569222072
11090,147.86333333333334,167.32333333333332,154.81666666666666,167.39372397712526
11100,147.906,167.20999999999998,154.81,167.2792910320433
11110,147.94866666666667,167.09666666666666,154.80333333333334,167.16485808696135
11120,147.99133333333333,166.98333333333332,154.79666666666665,167.0504251418794
11130,148.034,166.87,154.79,166.93599219679746
11140,148.07666666666665,166.75666666666666,154.78333333333333,166.82155925171548
11150,148.11933333333332,166.64333333333332,154.77666666666667,166.70712630663354
11160,148.162,166.53,154.77,166.5926933615516
11170,148.20466666666667,166.41666666666666,154.76333333333332,166.47826041646965
11180,148.24733333333333,166.30333333333334,154.75666666666666,166.36382747138768
11190,148.29,166.19,154.75,166.24939452630574
11200,148.32866666666666,166.06266666666667,154.74133333333333,166.1202467845192
11210,148.36733333333333,165.93533333333332,154.73266666666666,165.99109904273263
11220,148.406,165.808,154.724,165.8619513009461
11230,148.44466666666665,165.68066666666667,154.71533333333335,165.73280355915955
11240,148.48333333333332,165.55333333333334,154.70666666666668,165.60365581737298
11250,148.522,165.426,154.698,165.47450807558644
11260,148.56066666666666,165.29866666666666,154.68933333333334,165.3453603337999
11270,148.59933333333333,165.17133333333334,154.68066666666667,165.21621259201333
11280,148.638,165.044,154.672,165.0870648502268
11290,148.67666666666668,164.91666666666666,154.66333333333333,164.95791710844026
11300,148.71533333333335,164.78933333333333,154.65466666666666,164.8287693666537
11310,148.754,164.662,154.64600000000002,164.69962162486715
11320,148.79266666666666,164.53466666666668,154.63733333333334,164.5704738830806
11330,148.83133333333333,164.40733333333333,154.62866666666667,164.44132614129404
11340,148.87,164.28,154.62,164.3121783995075
11350,148.906,164.13400000000001,154.60666666666668,164.16420693178011
11360,148.942,163.988,154.59333333333333,164.0162354640527
11370,148.978,163.842,154.58,163.8682639963253
11380,149.014,163.696,154.56666666666666,163.7202925285979
11390,149.05,163.55,154.55333333333334,163.5723210608705
11400,149.086,163.404,154.54,163.4243495931431
11410,149.122,163.258,154.52666666666667,163.2763781254157
11420,149.158,163.112,154.51333333333332,163.1284066576883
11430,149.194,162.966,154.5,162.9804351899609
11440,149.23,162.82,154.48666666666665,162.83246372223348
11450,149.266,162.674,154.47333333333333,162.6844922545061
11460,149.302,162.528,154.45999999999998,162.53652078677868
11470,149.338,162.382,154.44666666666666,162.3885493190513
11480,149.374,162.236,154.4333333333333,162.24057785132388
11490,149.41,162.09,154.42,162.0926063835965
11500,149.442,161.92133333333334,154.40133333333333,161.921702260692
11510,149.474,161.75266666666667,154.38266666666667,161.75079813778748
11520,149.506,161.584,154.36399999999998,161.579894014883
11530,149.53799999999998,161.41533333333334,154.34533333333331,161.40898989197848
11540,149.57,161.24666666666667,154.32666666666665,161.238085769074
11550,149.602,161.078,154.308,161.0671816461695
11560,149.634,160.90933333333334,154.28933333333333,160.89627752326498
11570,149.666,160.74066666666667,154.27066666666664,160.7253734003605
11580,149.69799999999998,160.572,154.25199999999998,160.55446927745598
11590,149.73,160.40333333333334,154.23333333333332,160.3835651545515
11600,149.762,160.23466666666667,154.21466666666666,160.212661031647
11610,149.79399999999998,160.066,154.196,160.04175690874249
11620,149.826,159.89733333333334,154.1773333333333,159.870852785838
11630,149.85799999999998,159.72866666666667,154.15866666666665,159.69994866293348
11640,149.89,159.56,154.14,159.529044540029
11650,149.91866666666667,159.412,154.11933333333332,159.3793088142129
11660,149.94733333333332,159.264,154.09866666666665,159.2295730883968
11670,149.976,159.116,154.078,159.0798373625807
11680,150.00466666666665,158.968,154.05733333333333,158.9301016367646
11690,150.03333333333333,158.82,154.03666666666666,158.7803659109485
11700,150.06199999999998,158.672,154.016,158.6306301851324
11710,150.09066666666666,158.524,153.99533333333332,158.4808944593163
11720,150.11933333333332,158.376,153.97466666666668,158.33115873350022
11730,150.148,158.228,153.954,158.18142300768412
11740,150.17666666666665,158.08,153.93333333333334,158.03168728186802
11750,150.20533333333333,157.93200000000002,153.91266666666667,157.88195155605192
11760,150.23399999999998,157.784,153.892,157.73221583023582
11770,150.26266666666666,157.636,153.87133333333335,157.58248010441972
11780,150.2913333333333,157.488,153.85066666666668,157.43274437860362
11790,150.32,157.34,153.83,157.28300865278752
11800,150.34533333333331,157.236,153.81,157.18021058107007
11810,150.37066666666666,157.132,153.79000000000002,157.07741250935265
11820,150.396,157.028,153.77,156.9746144376352
11830,150.42133333333334,156.924,153.75,156.8718163659178
11840,150.44666666666666,156.82,153.73000000000002,156.76901829420035
11850,150.47199999999998,156.716,153.71,156.6662202224829
11860,150.49733333333333,156.612,153.69,156.5634221507655
11870,150.52266666666665,156.508,153.67000000000002,156.46062407904805
11880,150.548,156.404,153.65,156.35782600733063
11890,150.57333333333332,156.3,153.63,156.25502793561319
11900,150.59866666666665,156.196,153.61,156.15222986389574
11910,150.624,156.092,153.59,156.04943179217832
11920,150.64933333333332,155.988,153.57,155.94663372046088
11930,150.67466666666667,155.88400000000001,153.55,155.84383564874346
11940,150.7,155.78,153.53,155.74103757702602
11950,150.72266666666667,155.66533333333334,153.512,155.62337535852268
11960,150.74533333333332,155.55066666666667,153.494,155.50571314001934
11970,150.768,155.436,153.476,155.38805092151603
11980,150.79066666666665,155.32133333333334,153.458,155.27038870301269
11990,150.81333333333333,155.20666666666668,153.44,155.15272648450934
12000,150.83599999999998,155.092,153.422,155.035064266006
12010,150.85866666666666,154.97733333333335,153.404,154.91740204750266
12020,150.88133333333332,154.86266666666666,153.386,154.79973982899935
12030,150.904,154.748,153.368,154.682077610496
12040,150.92666666666665,154.63333333333333,153.35,154.56441539199267
12050,150.94933333333333,154.51866666666666,153.332,154.44675317348933
12060,150.97199999999998,154.404,153.314,154.329090954986
12070,150.99466666666666,154.28933333333333,153.296,154.21142873648267
12080,151.0173333333333,154.17466666666667,153.278,154.09376651797933
12090,151.04,154.06,153.26,153.976104299476
12100,151.05866666666665,153.86866666666666,153.23066666666665,153.7817761333022
12110,151.0773333333333,153.67733333333334,153.20133333333334,153.58744796712838
12120,151.096,153.486,153.172,153.3931198009546
12130,151.11466666666666,153.29466666666667,153.14266666666666,153.1987916347808
12140,151.13333333333333,153.10333333333332,153.11333333333332,153.00446346860699
12150,151.152,152.912,153.084,152.8101353024332
12160,151.17066666666665,152.72066666666666,153.05466666666666,152.6158071362594
12170,151.18933333333334,152.52933333333334,153.02533333333332,152.4214789700856
12180,151.208,152.338,152.99599999999998,152.2271508039118
12190,151.22666666666666,152.14666666666668,152.96666666666667,152.032822637738
12200,151.24533333333332,151.95533333333333,152.93733333333333,151.8384944715642
12210,151.26399999999998,151.764,152.908,151.6441663053904
12220,151.28266666666667,151.57266666666666,152.87866666666665,151.4498381392166
12230,151.30133333333333,151.38133333333334,152.84933333333333,151.2555099730428
12240,151.32,151.19,152.82,151.061181806869
12250,151.33599999999998,151.164,152.80066666666667,151.0396912995743
12260,151.352,151.138,152.78133333333332,151.0182007922796
12270,151.368,151.112,152.762,150.99671028498489
12280,151.384,151.086,152.74266666666665,150.9752197776902
12290,151.4,151.06,152.72333333333333,150.95372927039548
12300,151.416,151.034,152.704,150.9322387631008
12310,151.432,151.008,152.68466666666666,150.91074825580608
12320,151.448,150.982,152.66533333333334,150.8892577485114
12330,151.464,150.95600000000002,152.646,150.86776724121668
12340,151.48,150.93,152.62666666666667,150.846276733922
12350,151.496,150.904,152.60733333333334,150.82478622662728
12360,151.512,150.87800000000001,152.588,150.8032957193326
12370,151.528,150.852,152.56866666666667,150.78180521203788
12380,151.544,150.82600000000002,152.54933333333332,150.7603147047432
12390,151.56,150.8,152.53,150.73882419744848
12400,151.57266666666666,150.61466666666666,152.50333333333333,150.54510169738094
12410,151.58533333333332,150.42933333333335,152.47666666666666,150.3513791973134
12420,151.598,150.244,152.45,150.1576566972459
12430,151.61066666666667,150.05866666666668,152.42333333333335,149.96393419717836
12440,151.62333333333333,149.87333333333333,152.39666666666668,149.77021169711082
12450,151.636,149.68800000000002,152.37,149.5764891970433
12460,151.64866666666666,149.50266666666667,152.34333333333333,149.38276669697575
12470,151.66133333333335,149.31733333333335,152.31666666666666,149.18904419690824
12480,151.674,149.132,152.29,148.9953216968407
12490,151.68666666666667,148.9466666666667,152.26333333333332,148.80159919677317
12500,151.69933333333333,148.76133333333334,152.23666666666665,148.60787669670563
12510,151.712,148.57600000000002,152.21,148.4141541966381
12520,151.72466666666668,148.39066666666668,152.18333333333334,148.22043169657059
12530,151.73733333333334,148.20533333333336,152.15666666666667,148.02670919650305
12540,151.75,148.02,152.13,147.8329866964355
12550,151.76,147.83733333333333,152.09,147.6538736575675
12560,151.77,147.65466666666669,152.04999999999998,147.47476061869943
12570,151.78,147.472,152.01,147.2956475798314
12580,151.79,147.28933333333333,151.97,147.11653454096339
12590,151.8,147.10666666666668,151.93,146.93742150209533
12600,151.81,146.924,151.89,146.7583084632273
12610,151.82,146.74133333333333,151.85,146.57919542435928
12620,151.83,146.55866666666668,151.81,146.40008238549123
12630,151.84,146.376,151.77,146.2209693466232
12640,151.85,146.19333333333333,151.73,146.04185630775518
12650,151.86,146.01066666666668,151.69,145.86274326888713
12660,151.87,145.828,151.65,145.6836302300191
12670,151.88,145.64533333333333,151.61,145.50451719115108
12680,151.89000000000001,145.46266666666668,151.57,145.32540415228303
12690,151.9,145.28,151.53,145.146291113415
12700,151.90733333333333,145.3,151.51,145.1686289897188
12710,151.91466666666668,145.32,151.49,145.1909668660226
12720,151.922,145.34,151.47,145.21330474232641
12730,151.92933333333335,145.36,151.45,145.2356426186302
12740,151.93666666666667,145.38,151.43,145.257980494934
12750,151.944,145.4,151.41,145.2803183712378
12760,151.95133333333334,145.42000000000002,151.39,145.3026562475416
12770,151.95866666666666,145.44,151.37,145.3249941238454
12780,151.966,145.46,151.35,145.3473320001492
12790,151.97333333333333,145.48000000000002,151.32999999999998,145.369669876453
12800,151.98066666666665,145.5,151.31,145.3920077527568
12810,151.988,145.52,151.29,145.4143456290606
12820,151.99533333333332,145.54000000000002,151.26999999999998,145.4366835053644
12830,152.00266666666667,145.56,151.25,145.4590213816682
12840,152.01,145.58,151.23,145.481359257972
12850,152.01466666666667,145.264,151.18599999999998,145.15320359620665
12860,152.01933333333332,144.948,151.142,144.8250479344413
12870,152.024,144.632,151.09799999999998,144.49689227267595
12880,152.02866666666665,144.316,151.054,144.1687366109106
12890,152.03333333333333,144.0,151.01,143.84058094914525
12900,152.038,143.684,150.96599999999998,143.5124252873799
12910,152.04266666666666,143.368,150.922,143.18426962561455
12920,152.04733333333334,143.05200000000002,150.878,142.8561139638492
12930,152.052,142.73600000000002,150.834,142.52795830208385
12940,152.05666666666667,142.42000000000002,150.79,142.1998026403185
12950,152.06133333333335,142.104,150.74599999999998,141.87164697855314
12960,152.066,141.788,150.702,141.5434913167878
12970,152.07066666666668,141.472,150.658,141.21533565502244
12980,152.07533333333333,141.156,150.614,140.8871799932571
12990,152.08,140.84,150.57,140.55902433149174
13000,152.08200000000002,140.73866666666666,150.52666666666667,140.4640832217069
13010,152.084,140.63733333333334,150.48333333333332,140.36914211192203
13020,152.086,140.536,150.44,140.2742010021372
13030,152.08800000000002,140.43466666666666,150.39666666666665,140.17925989235235
13040,152.09,140.33333333333334,150.35333333333332,140.0843187825675
13050,152.092,140.232,150.31,139.98937767278264
13060,152.09400000000002,140.13066666666666,150.26666666666665,139.89443656299778
13070,152.096,140.02933333333334,150.22333333333333,139.79949545321296
13080,152.098,139.928,150.17999999999998,139.7045543434281
13090,152.10000000000002,139.82666666666665,150.13666666666666,139.60961323364324
13100,152.102,139.72533333333334,150.09333333333333,139.5146721238584
13110,152.104,139.624,150.04999999999998,139.41973101407353
13120,152.10600000000002,139.52266666666665,150.00666666666666,139.3247899042887
13130,152.108,139.42133333333334,149.9633333333333,139.22984879450385
13140,152.11,139.32,149.92,139.134907684719
13150,152.10933333333335,139.27666666666667,149.892,139.08940305076268
13160,152.10866666666666,139.23333333333332,149.86399999999998,139.04389841680637
13170,152.108,139.19,149.83599999999998,138.99839378285006
13180,152.10733333333334,139.14666666666665,149.808,138.95288914889372
13190,152.10666666666668,139.10333333333332,149.78,138.9073845149374
13200,152.106,139.06,149.75199999999998,138.8618798809811
13210,152.10533333333333,139.01666666666665,149.724,138.81637524702478
13220,152.10466666666667,138.97333333333333,149.696,138.77087061306847
13230,152.104,138.92999999999998,149.668,138.72536597911215
13240,152.10333333333332,138.88666666666666,149.64,138.67986134515584
13250,152.10266666666666,138.84333333333333,149.612,138.63435671119953
13260,152.102,138.79999999999998,149.584,138.5888520772432
13270,152.10133333333334,138.75666666666666,149.556,138.54334744328688
13280,152.10066666666665,138.7133333333333,149.528,138.49784280933056
13290,152.1,138.67,149.5,138.45233817537425
13300,152.09666666666666,138.4933333333333,149.45866666666666,138.2724919410945
13310,152.09333333333333,138.31666666666666,149.41733333333335,138.09264570681475
13320,152.09,138.14,149.376,137.912799472535
13330,152.08666666666667,137.96333333333334,149.33466666666666,137.73295323825525
13340,152.08333333333334,137.78666666666666,149.29333333333332,137.5531070039755
13350,152.08,137.60999999999999,149.252,137.37326076969575
13360,152.07666666666668,137.43333333333334,149.21066666666667,137.193414535416
13370,152.07333333333332,137.25666666666666,149.16933333333333,137.01356830113625
13380,152.07,137.08,149.128,136.8337220668565
13390,152.06666666666666,136.90333333333334,149.08666666666667,136.65387583257674
13400,152.06333333333333,136.72666666666666,149.04533333333333,136.474029598297
13410,152.06,136.55,149.004,136.29418336401724
13420,152.05666666666667,136.37333333333333,148.96266666666665,136.1143371297375
13430,152.05333333333334,136.1966666666667,148.92133333333334,135.93449089545774
13440,152.05,136.02,148.88,135.754644661178
13450,152.04466666666667,135.83333333333334,148.83266666666665,135.56554203885455
13460,152.03933333333333,135.64666666666668,148.78533333333334,135.3764394165311
13470,152.03400000000002,135.46,148.738,135.18733679420765
13480,152.02866666666668,135.27333333333334,148.69066666666666,134.9982341718842
13490,152.02333333333334,135.08666666666667,148.64333333333332,134.80913154956076
13500,152.018,134.9,148.596,134.6200289272373
13510,152.01266666666666,134.71333333333334,148.54866666666666,134.43092630491387
13520,152.00733333333335,134.52666666666667,148.50133333333332,134.2418236825904
13530,152.002,134.34,148.45399999999998,134.05272106026695
13540,151.99666666666667,134.15333333333334,148.40666666666667,133.8636184379435
13550,151.99133333333333,133.96666666666667,148.35933333333332,133.67451581562005
13560,151.986,133.78,148.31199999999998,133.4854131932966
13570,151.98066666666668,133.59333333333333,148.26466666666664,133.29631057097316
13580,151.97533333333334,133.40666666666667,148.21733333333333,133.10720794864972
13590,151.97,133.22,148.17,132.91810532632627
13600,151.96133333333333,133.09866666666667,148.12333333333333,132.79797570422696
13610,151.95266666666666,132.97733333333332,148.07666666666665,132.67784608212764
13620,151.944,132.856,148.03,132.5577164600283
13630,151.93533333333335,132.73466666666667,147.98333333333332,132.437586837929
13640,151.92666666666668,132.61333333333334,147.93666666666667,132.31745721582968
13650,151.918,132.492,147.89,132.19732759373036
13660,151.90933333333334,132.37066666666666,147.84333333333333,132.07719797163105
13670,151.90066666666667,132.24933333333334,147.79666666666665,131.9570683495317
13680,151.892,132.12800000000001,147.75,131.8369387274324
13690,151.88333333333333,132.00666666666666,147.70333333333332,131.71680910533308
13700,151.87466666666666,131.88533333333334,147.65666666666667,131.59667948323377
13710,151.866,131.764,147.60999999999999,131.47654986113446
13720,151.85733333333334,131.64266666666668,147.56333333333333,131.35642023903512
13730,151.84866666666667,131.52133333333333,147.51666666666665,131.2362906169358
13740,151.84,131.4,147.47,131.1161609948365
13750,151.82933333333332,131.29333333333335,147.42666666666668,131.0084854878719
13760,151.81866666666667,131.18666666666667,147.38333333333333,130.9008099809073
13770,151.808,131.08,147.34,130.7931344739427
13780,151.79733333333334,130.97333333333333,147.29666666666665,130.6854589669781
13790,151.78666666666666,130.86666666666667,147.25333333333333,130.5777834600135
13800,151.776,130.76000000000002,147.21,130.4701079530489
13810,151.76533333333333,130.65333333333334,147.16666666666666,130.3624324460843
13820,151.75466666666668,130.54666666666668,147.12333333333333,130.2547569391197
13830,151.744,130.44,147.07999999999998,130.1470814321551
13840,151.73333333333335,130.33333333333334,147.03666666666666,130.0394059251905
13850,151.72266666666667,130.2266666666667,146.99333333333334,129.9317304182259
13860,151.71200000000002,130.12,146.95,129.8240549112613
13870,151.70133333333334,130.01333333333335,146.90666666666667,129.7163794042967
13880,151.6906666666667,129.90666666666667,146.86333333333332,129.6087038973321
13890,151.68,129.8,146.82,129.5010283903675
13900,151.66733333333335,129.65,146.77133333333333,129.3492881134482
13910,151.65466666666669,129.5,146.72266666666667,129.1975478365289
13920,151.642,129.35000000000002,146.674,129.0458075596096
13930,151.62933333333334,129.20000000000002,146.62533333333332,128.89406728269032
13940,151.61666666666667,129.05,146.57666666666665,128.74232700577102
13950,151.604,128.9,146.528,128.59058672885172
13960,151.59133333333335,128.75,146.47933333333333,128.43884645193242
13970,151.57866666666666,128.6,146.43066666666667,128.2871061750131
13980,151.566,128.45,146.382,128.1353658980938
13990,151.55333333333334,128.3,146.33333333333334,127.98362562117451
14000,151.54066666666668,128.15,146.28466666666668,127.83188534425521
14010,151.52800000000002,128.0,146.236,127.6801450673359
14020,151.51533333333333,127.85,146.18733333333333,127.5284047904166
14030,151.50266666666667,127.7,146.13866666666667,127.3766645134973
14040,151.49,127.55,146.09,127.224924236578
14050,151.47466666666668,127.41866666666667,146.04066666666668,127.0928661302332
14060,151.45933333333335,127.28733333333334,145.99133333333333,126.9608080238884
14070,151.44400000000002,127.15599999999999,145.942,126.8287499175436
14080,151.42866666666666,127.02466666666666,145.89266666666666,126.6966918111988
14090,151.41333333333333,126.89333333333333,145.84333333333333,126.564633704854
14100,151.398,126.762,145.794,126.4325755985092
14110,151.38266666666667,126.63066666666667,145.74466666666666,126.3005174921644
14120,151.36733333333333,126.49933333333333,145.69533333333334,126.1684593858196
14130,151.352,126.368,145.646,126.0364012794748
14140,151.33666666666667,126.23666666666666,145.59666666666666,125.90434317313
14150,151.32133333333334,126.10533333333333,145.54733333333334,125.7722850667852
14160,151.30599999999998,125.974,145.498,125.6402269604404
14170,151.29066666666665,125.84266666666666,145.44866666666667,125.5081688540956
14180,151.27533333333332,125.71133333333333,145.39933333333332,125.3761107477508
14190,151.26,125.58,145.35,125.244052641406
14200,151.242,125.44133333333333,145.298,125.10414919766117
14210,151.224,125.30266666666667,145.24599999999998,124.96424575391633
14220,151.206,125.164,145.194,124.8243423101715
14230,151.188,125.02533333333334,145.142,124.68443886642666
14240,151.17,124.88666666666667,145.09,124.54453542268183
14250,151.152,124.748,145.03799999999998,124.404631978937
14260,151.134,124.60933333333334,144.986,124.26472853519216
14270,151.116,124.47066666666666,144.934,124.12482509144733
14280,151.098,124.332,144.882,123.98492164770249
14290,151.08,124.19333333333333,144.82999999999998,123.84501820395766
14300,151.062,124.05466666666666,144.778,123.70511476021284
14310,151.044,123.916,144.726,123.565211316468
14320,151.026,123.77733333333333,144.674,123.42530787272317
14330,151.008,123.63866666666667,144.62199999999999,123.28540442897832
14340,150.99,123.5,144.57,123.1455009852335
14350,150.97,123.35266666666666,144.516,122.99606984975304
14360,150.95000000000002,123.20533333333333,144.462,122.8466387142726
14370,150.93,123.058,144.408,122.69720757879215
14380,150.91,122.91066666666667,144.35399999999998,122.5477764433117
14390,150.89000000000001,122.76333333333334,144.29999999999998,122.39834530783125
14400,150.87,122.616,144.24599999999998,122.2489141723508
14410,150.85,122.46866666666666,144.19199999999998,122.09948303687035
14420,150.83,122.32133333333334,144.138,121.9500519013899
14430,150.81,122.174,144.084,121.80062076590946
14440,150.79,122.02666666666667,144.03,121.651189630429
14450,150.77,121.87933333333334,143.976,121.50175849494855
14460,150.75,121.732,143.922,121.3523273594681
14470,150.73,121.58466666666668,143.868,121.20289622398765
14480,150.71,121.43733333333334,143.814,121.05346508850721
14490,150.69,121.29,143.76,120.90403395302675
14500,150.66733333333332,121.13066666666667,143.70266666666666,120.7433927714751
14510,150.64466666666667,120.97133333333333,143.64533333333333,120.58275158992346
14520,150.62199999999999,120.81200000000001,143.588,120.42211040837181
14530,150.59933333333333,120.65266666666668,143.53066666666666,120.26146922682015
14540,150.57666666666665,120.49333333333334,143.47333333333333,120.1008280452685
14550,150.554,120.334,143.416,119.94018686371686
14560,150.53133333333332,120.17466666666667,143.35866666666666,119.7795456821652
14570,150.50866666666667,120.01533333333334,143.30133333333333,119.61890450061355
14580,150.486,119.85600000000001,143.244,119.4582633190619
14590,150.46333333333334,119.69666666666667,143.18666666666667,119.29762213751026
14600,150.44066666666666,119.53733333333334,143.12933333333334,119.1369809559586
14610,150.418,119.378,143.072,118.97633977440695
14620,150.39533333333333,119.21866666666668,143.01466666666667,118.8156985928553
14630,150.37266666666667,119.05933333333334,142.95733333333334,118.65505741130366
14640,150.35,118.9,142.9,118.494416229752
14650,150.326,118.72200000000001,142.83733333333333,118.3140777556368
14660,150.302,118.54400000000001,142.77466666666666,118.1337392815216
14670,150.278,118.366,142.71200000000002,117.95340080740641
14680,150.254,118.188,142.64933333333335,117.77306233329121
14690,150.23,118.01,142.58666666666667,117.592723859176
14700,150.206,117.83200000000001,142.524,117.4123853850608
14710,150.182,117.65400000000001,142.46133333333333,117.2320469109456
14720,150.15800000000002,117.476,142.39866666666668,117.05170843683041
14730,150.13400000000001,117.298,142.336,116.8713699627152
14740,150.11,117.12,142.27333333333334,116.6910314886
14750,150.086,116.94200000000001,142.21066666666667,116.5106930144848
14760,150.062,116.76400000000001,142.148,116.3303545403696
14770,150.038,116.586,142.08533333333335,116.15001606625441
14780,150.014,116.408,142.02266666666668,115.9696775921392
14790,149.99,116.23,141.96,115.789339118024
14800,149.96333333333334,116.12466666666667,141.90066666666667,115.68634096857403
14810,149.93666666666667,116.01933333333334,141.84133333333335,115.58334281912407
14820,149.91,115.914,141.782,115.4803446696741
14830,149.88333333333335,115.80866666666667,141.72266666666667,115.37734652022414
14840,149.85666666666668,115.70333333333333,141.66333333333333,115.27434837077416
14850,149.83,115.598,141.604,115.1713502213242
14860,149.80333333333334,115.49266666666666,141.54466666666667,115.06835207187423
14870,149.77666666666667,115.38733333333334,141.48533333333333,114.96535392242427
14880,149.75,115.28200000000001,141.426,114.8623557729743
14890,149.72333333333333,115.17666666666668,141.36666666666667,114.75935762352434
14900,149.69666666666666,115.07133333333334,141.30733333333333,114.65635947407436
14910,149.67000000000002,114.96600000000001,141.248,114.5533613246244
14920,149.64333333333335,114.86066666666667,141.18866666666665,114.45036317517443
14930,149.61666666666667,114.75533333333334,141.12933333333334,114.34736502572447
14940,149.59,114.65,141.07,114.2443668762745
14950,149.56066666666666,114.57400000000001,141.016,114.16804276042976
14960,149.53133333333335,114.498,140.962,114.09171864458503
14970,149.502,114.42200000000001,140.908,114.01539452874029
14980,149.47266666666667,114.346,140.85399999999998,113.93907041289556
14990,149.44333333333333,114.27000000000001,140.79999999999998,113.86274629705082
15000,149.41400000000002,114.194,140.74599999999998,113.78642218120609
15010,149.38466666666667,114.11800000000001,140.69199999999998,113.71009806536135
15020,149.35533333333333,114.042,140.638,113.63377394951662
15030,149.326,113.96600000000001,140.584,113.55744983367188
15040,149.29666666666668,113.89,140.53,113.48112571782715
15050,149.26733333333334,113.81400000000001,140.476,113.40480160198241
15060,149.238,113.738,140.422,113.32847748613769
15070,149.20866666666666,113.662,140.368,113.25215337029294
15080,149.17933333333335,113.586,140.314,113.17582925444822
15090,149.15,113.51,140.26,113.09950513860348
15100,149.11933333333334,113.41000000000001,140.20533333333333,112.99918876530398
15110,149.08866666666668,113.31,140.15066666666667,112.89887239200448
15120,149.058,113.21000000000001,140.096,112.79855601870499
15130,149.02733333333333,113.11,140.0413333333333,112.69823964540548
15140,148.99666666666667,113.01,139.98666666666665,112.59792327210599
15150,148.966,112.91000000000001,139.932,112.49760689880648
15160,148.93533333333335,112.81,139.87733333333333,112.39729052550699
15170,148.90466666666666,112.71000000000001,139.82266666666666,112.29697415220748
15180,148.874,112.61,139.768,112.19665777890799
15190,148.84333333333333,112.51,139.71333333333334,112.09634140560848
15200,148.81266666666667,112.41000000000001,139.65866666666668,111.99602503230899
15210,148.782,112.31,139.60399999999998,111.89570865900949
15220,148.75133333333332,112.21000000000001,139.54933333333332,111.79539228571
15230,148.72066666666666,112.11,139.49466666666666,111.69507591241049
15240,148.69,112.01,139.44,111.594759539111
15250,148.65666666666667,111.902,139.38333333333333,111.48568968207954
15260,148.62333333333333,111.79400000000001,139.32666666666665,111.3766198250481
15270,148.59,111.686,139.27,111.26754996801664
15280,148.55666666666667,111.578,139.21333333333334,111.1584801109852
15290,148.52333333333334,111.47,139.15666666666667,111.04941025395374
15300,148.49,111.36200000000001,139.1,110.9403403969223
15310,148.45666666666668,111.254,139.04333333333332,110.83127053989084
15320,148.42333333333332,111.146,138.98666666666668,110.7222006828594
15330,148.39,111.038,138.93,110.61313082582794
15340,148.35666666666665,110.93,138.87333333333333,110.5040609687965
15350,148.32333333333332,110.822,138.81666666666666,110.39499111176504
15360,148.29,110.714,138.76,110.2859212547336
15370,148.25666666666666,110.606,138.70333333333335,110.17685139770214
15380,148.22333333333333,110.498,138.64666666666668,110.0677815406707
15390,148.19,110.39,138.59,109.95871168363924
15400,148.15466666666666,110.25866666666667,138.53133333333335,109.82600313262549
15410,148.11933333333334,110.12733333333334,138.47266666666667,109.69329458161174
15420,148.084,109.996,138.41400000000002,109.56058603059799
15430,148.04866666666666,109.86466666666666,138.35533333333333,109.42787747958424
15440,148.01333333333332,109.73333333333333,138.29666666666668,109.29516892857049
15450,147.978,109.602,138.238,109.16246037755674
15460,147.94266666666667,109.47066666666667,138.17933333333335,109.02975182654299
15470,147.90733333333333,109.33933333333333,138.12066666666666,108.89704327552924
15480,147.87199999999999,109.208,138.062,108.76433472451549
15490,147.83666666666667,109.07666666666667,138.00333333333333,108.63162617350174
15500,147.80133333333333,108.94533333333334,137.94466666666668,108.498917622488
15510,147.766,108.81400000000001,137.886,108.36620907147424
15520,147.73066666666665,108.68266666666666,137.82733333333334,108.2335005204605
15530,147.69533333333334,108.55133333333333,137.76866666666666,108.10079196944675
15540,147.66,108.42,137.71,107.968083418433
15550,147.62266666666667,108.27066666666667,137.64600000000002,107.81642260015172
15560,147.58533333333332,108.12133333333334,137.582,107.66476178187047
15570,147.548,107.97200000000001,137.518,107.5131009635892
15580,147.51066666666665,107.82266666666666,137.454,107.36144014530794
15590,147.47333333333333,107.67333333333333,137.39000000000001,107.20977932702667
15600,147.436,107.524,137.326,107.0581185087454
15610,147.39866666666666,107.37466666666667,137.262,106.90645769046414
15620,147.36133333333333,107.22533333333334,137.198,106.75479687218287
15630,147.32399999999998,107.07600000000001,137.13400000000001,106.60313605390161
15640,147.28666666666666,106.92666666666668,137.07,106.45147523562034
15650,147.24933333333334,106.77733333333335,137.006,106.29981441733906
15660,147.212,106.628,136.942,106.1481535990578
15670,147.17466666666667,106.47866666666667,136.87800000000001,105.99649278077653
15680,147.13733333333332,106.32933333333334,136.814,105.84483196249528
15690,147.1,106.18,136.75,105.693171144214
15700,147.06133333333332,106.016,136.682,105.52724448538001
15710,147.02266666666665,105.852,136.614,105.361317826546
15720,146.984,105.688,136.546,105.195391167712
15730,146.94533333333334,105.524,136.478,105.02946450887801
15740,146.90666666666667,105.36,136.41,104.863537850044
15750,146.868,105.196,136.34199999999998,104.69761119121
15760,146.82933333333332,105.032,136.274,104.531684532376
15770,146.79066666666668,104.86800000000001,136.206,104.365757873542
15780,146.752,104.70400000000001,136.138,104.199831214708
15790,146.71333333333334,104.54,136.07,104.033904555874
15800,146.67466666666667,104.376,136.00199999999998,103.86797789703999
15810,146.636,104.212,135.934,103.702051238206
15820,146.59733333333335,104.048,135.86599999999999,103.536124579372
15830,146.55866666666668,103.884,135.798,103.37019792053799
15840,146.52,103.72,135.73,103.204271261704
