Time (s),T_outer (C),T_inner (C),T_avg (C),Input Temperature (C)
0,106.532903021372,106.532903021372,106.532903021372,106.532903021372
10,106.532903021372,106.532903021372,106.532903021372,106.532903021372
20,106.532903021372,106.532903021372,106.532903021372,106.532903021372
30,106.532903021372,106.532903021372,106.532903021372,106.532903021372
40,106.532903021372,106.532903021372,106.532903021372,106.532903021372
50,106.532903021372,106.532903021372,106.532903021372,106.532903021372
60,106.532903021372,106.532903021372,106.532903021372,106.532903021372
70,106.532903021372,106.532903021372,106.532903021372,106.532903021372
80,106.532903021372,106.532903021372,106.532903021372,106.532903021372
90,106.532903021372,106.532903021372,106.532903021372,106.532903021372
100,106.532903021372,106.532903021372,106.532903021372,106.532903021372
110,106.532903021372,106.532903021372,106.532903021372,106.532903021372
120,106.532903021372,106.532903021372,106.532903021372,106.532903021372
130,106.532903021372,106.532903021372,106.532903021372,106.532903021372
140,106.532903021372,106.532903021372,106.532903021372,106.532903021372
150,106.532903021372,106.532903021372,106.532903021372,106.532903021372
160,106.532903021372,106.532903021372,106.532903021372,106.532903021372
170,106.532903021372,106.532903021372,106.532903021372,106.532903021372
180,106.532903021372,106.532903021372,106.532903021372,106.532903021372
190,106.532903021372,106.532903021372,106.532903021372,106.532903021372
200,106.532903021372,106.532903021372,106.532903021372,106.532903021372
210,106.532903021372,106.532903021372,106.532903021372,106.532903021372
220,106.532903021372,106.532903021372,106.532903021372,106.532903021372
230,106.532903021372,106.532903021372,106.532903021372,106.532903021372
240,106.532903021372,106.532903021372,106.532903021372,106.532903021372
250,106.532903021372,106.532903021372,106.532903021372,106.532903021372
260,106.532903021372,106.532903021372,106.532903021372,106.532903021372
270,106.532903021372,106.532903021372,106.532903021372,106.532903021372
280,106.532903021372,106.532903021372,106.532903021372,106.532903021372
290,106.532903021372,106.532903021372,106.532903021372,106.532903021372
300,106.532903021372,106.532903021372,106.532903021372,106.532903021372
310,106.532903021372,106.532903021372,106.532903021372,106.532903021372
320,106.532903021372,106.532903021372,106.532903021372,106.532903021372
330,106.532903021372,106.532903021372,106.532903021372,106.532903021372
340,106.532903021372,106.532903021372,106.532903021372,106.532903021372
350,106.532903021372,106.532903021372,106.532903021372,106.532903021372
360,106.532903021372,106.532903021372,106.532903021372,106.532903021372
370,106.532903021372,106.532903021372,106.532903021372,106.532903021372
380,106.532903021372,106.532903021372,106.532903021372,106.532903021372
390,106.532903021372,106.532903021372,106.532903021372,106.532903021372
400,106.532903021372,106.532903021372,106.532903021372,106.532903021372
410,106.532903021372,106.532903021372,106.532903021372,106.532903021372
420,106.532903021372,106.532903021372,106.532903021372,106.532903021372
430,106.532903021372,106.532903021372,106.532903021372,106.532903021372
440,106.532903021372,106.532903021372,106.532903021372,106.532903021372
450,106.532903021372,106.532903021372,106.532903021372,106.532903021372
460,106.532903021372,106.532903021372,106.532903021372,106.532903021372
470,106.532903021372,106.532903021372,106.532903021372,106.532903021372
480,106.532903021372,106.532903021372,106.532903021372,106.532903021372
490,106.532903021372,106.532903021372,106.532903021372,106.532903021372
500,106.532903021372,106.532903021372,106.532903021372,106.532903021372
510,106.532903021372,106.532903021372,106.532903021372,106.532903021372
520,106.532903021372,106.532903021372,106.532903021372,106.532903021372
530,106.532903021372,106.532903021372,106.532903021372,106.532903021372
540,106.532903021372,106.532903021372,106.532903021372,106.532903021372
550,106.532903021372,106.532903021372,106.532903021372,106.532903021372
560,106.532903021372,106.532903021372,106.532903021372,106.532903021372
570,106.532903021372,106.532903021372,106.532903021372,106.532903021372
580,106.532903021372,106.532903021372,106.532903021372,106.532903021372
590,106.532903021372,106.532903021372,106.532903021372,106.532903021372
600,106.532903021372,106.532903021372,106.532903021372,106.532903021372
610,106.532903021372,106.532903021372,106.532903021372,106.532903021372
620,106.532903021372,106.532903021372,106.532903021372,106.532903021372
630,106.532903021372,106.532903021372,106.532903021372,106.532903021372
640,106.532903021372,106.532903021372,106.532903021372,106.532903021372
650,106.532903021372,106.532903021372,106.532903021372,106.532903021372
660,106.532903021372,106.532903021372,106.532903021372,106.532903021372
670,106.532903021372,106.532903021372,106.532903021372,106.532903021372
680,106.532903021372,106.532903021372,106.532903021372,106.532903021372
690,106.532903021372,106.532903021372,106.532903021372,106.532903021372
700,106.532903021372,106.532903021372,106.532903021372,106.532903021372
710,106.532903021372,106.532903021372,106.532903021372,106.532903021372
720,106.532903021372,106.532903021372,106.532903021372,106.532903021372
730,106.532903021372,106.532903021372,106.532903021372,106.532903021372
740,106.532903021372,106.532903021372,106.532903021372,106.532903021372
750,106.532903021372,106.532903021372,106.532903021372,106.532903021372
760,106.532903021372,106.532903021372,106.532903021372,106.532903021372
770,106.532903021372,106.532903021372,106.532903021372,106.532903021372
780,106.532903021372,106.532903021372,106.532903021372,106.532903021372
790,106.532903021372,106.532903021372,106.532903021372,106.532903021372
800,106.532903021372,106.532903021372,106.532903021372,106.532903021372
810,106.532903021372,106.532903021372,106.532903021372,106.532903021372
820,106.532903021372,106.532903021372,106.532903021372,106.532903021372
830,106.532903021372,106.532903021372,106.532903021372,106.532903021372
840,106.532903021372,106.532903021372,106.532903021372,106.532903021372
850,106.532903021372,106.532903021372,106.532903021372,106.532903021372
860,106.532903021372,106.532903021372,106.532903021372,106.532903021372
870,106.532903021372,106.532903021372,106.532903021372,106.532903021372
880,106.532903021372,106.532903021372,106.532903021372,106.532903021372
890,106.532903021372,106.532903021372,106.532903021372,106.532903021372
900,106.532903021372,106.532903021372,106.532903021372,106.532903021372
910,106.532903021372,106.532903021372,106.532903021372,106.532903021372
920,106.532903021372,106.532903021372,106.532903021372,106.532903021372
930,106.532903021372,106.532903021372,106.532903021372,106.532903021372
940,106.532903021372,106.532903021372,106.532903021372,106.532903021372
950,106.532903021372,106.532903021372,106.532903021372,106.532903021372
960,106.532903021372,106.532903021372,106.532903021372,106.532903021372
970,106.532903021372,106.532903021372,106.532903021372,106.532903021372
980,106.532903021372,106.532903021372,106.532903021372,106.532903021372
990,106.532903021372,106.532903021372,106.532903021372,106.532903021372
1000,106.532903021372,106.532903021372,106.532903021372,106.532903021372
1010,106.532903021372,106.532903021372,106.532903021372,106.532903021372
1020,106.532903021372,106.532903021372,106.532903021372,106.532903021372
1030,106.532903021372,106.532903021372,106.532903021372,106.532903021372
1040,106.532903021372,106.532903021372,106.532903021372,106.532903021372
1050,106.532903021372,106.532903021372,106.532903021372,106.532903021372
1060,106.532903021372,106.532903021372,106.532903021372,106.532903021372
1070,106.532903021372,106.532903021372,106.532903021372,106.532903021372
1080,106.532903021372,106.532903021372,106.532903021372,106.532903021372
1090,106.532903021372,106.532903021372,106.532903021372,106.532903021372
1100,106.532903021372,106.532903021372,106.532903021372,106.532903021372
1110,106.532903021372,106.532903021372,106.532903021372,106.532903021372
1120,106.532903021372,106.532903021372,106.532903021372,106.532903021372
1130,106.532903021372,106.532903021372,106.532903021372,106.532903021372
1140,106.532903021372,106.532903021372,106.532903021372,106.532903021372
1150,106.532903021372,106.532903021372,106.532903021372,106.532903021372
1160,106.532903021372,106.532903021372,106.532903021372,106.532903021372
1170,106.532903021372,106.532903021372,106.532903021372,106.532903021372
1180,106.532903021372,106.532903021372,106.532903021372,106.532903021372
1190,106.532903021372,106.532903021372,106.532903021372,106.532903021372
1200,106.532903021372,106.532903021372,106.532903021372,106.532903021372
1210,106.532903021372,106.532903021372,106.532903021372,106.532903021372
1220,106.532903021372,106.532903021372,106.532903021372,106.532903021372
1230,106.532903021372,106.532903021372,106.532903021372,106.532903021372
1240,106.532903021372,106.532903021372,106.532903021372,106.532903021372
1250,106.532903021372,106.532903021372,106.532903021372,106.532903021372
1260,106.532903021372,106.532903021372,106.532903021372,106.532903021372
1270,106.532903021372,106.532903021372,106.532903021372,106.532903021372
1280,106.532903021372,106.532903021372,106.532903021372,106.532903021372
1290,106.532903021372,106.532903021372,106.532903021372,106.532903021372
1300,106.532903021372,106.532903021372,106.532903021372,106.532903021372
1310,106.532903021372,106.532903021372,106.532903021372,106.532903021372
1320,106.532903021372,106.532903021372,106.532903021372,106.532903021372
1330,106.532903021372,106.532903021372,106.532903021372,106.532903021372
1340,106.532903021372,106.532903021372,106.532903021372,106.532903021372
1350,106.532903021372,106.532903021372,106.532903021372,106.532903021372
1360,106.532903021372,106.532903021372,106.532903021372,106.532903021372
1370,106.532903021372,106.532903021372,106.532903021372,106.532903021372
1380,106.532903021372,106.532903021372,106.532903021372,106.532903021372
1390,106.532903021372,106.532903021372,106.532903021372,106.532903021372
1400,106.532903021372,106.532903021372,106.532903021372,106.532903021372
1410,106.532903021372,106.532903021372,106.532903021372,106.532903021372
1420,106.532903021372,106.532903021372,106.532903021372,106.532903021372
1430,106.532903021372,106.532903021372,106.532903021372,106.532903021372
1440,106.532903021372,106.532903021372,106.532903021372,106.532903021372
1440,106.532903021372,106.532903021372,106.532903021372,106.532903021372
1450,106.53270948661385,106.81670948661386,106.55937615328052,106.82814579654195
1460,106.53251595185573,107.10051595185573,106.58584928518906,107.12338857171189
1470,106.53232241709759,107.3843224170976,106.6123224170976,107.41863134688184
1480,106.53212888233946,107.66812888233946,106.63879554900613,107.71387412205179
1490,106.53193534758132,107.95193534758133,106.66526868091466,108.00911689722174
1500,106.5317418128232,108.23574181282319,106.6917418128232,108.30435967239168
1510,106.53154827806506,108.51954827806506,106.71821494473173,108.59960244756164
1520,106.53135474330693,108.80335474330694,106.74468807664027,108.89484522273159
1530,106.5311612085488,109.0871612085488,106.7711612085488,109.19008799790154
1540,106.53096767379067,109.37096767379067,106.79763434045734,109.48533077307148
1550,106.53077413903253,109.65477413903254,106.82410747236587,109.78057354824143
1560,106.5305806042744,109.9385806042744,106.8505806042744,110.07581632341139
1570,106.53038706951627,110.22238706951627,106.87705373618294,110.37105909858134
1580,106.53019353475814,110.50619353475814,106.90352686809148,110.66630187375128
1590,106.53,110.79,106.93,110.96154464892123
1600,106.53,111.03266666666667,106.97133333333333,111.20671551525102
1610,106.53,111.27533333333334,107.01266666666668,111.4518863815808
1620,106.53,111.518,107.054,111.69705724791059
1630,106.53,111.76066666666668,107.09533333333334,111.94222811424036
1640,106.53,112.00333333333334,107.13666666666667,112.18739898057015
1650,106.53,112.24600000000001,107.178,112.43256984689994
1660,106.53,112.48866666666667,107.21933333333334,112.67774071322972
1670,106.53,112.73133333333334,107.26066666666667,112.92291157955951
1680,106.53,112.974,107.302,113.1680824458893
1690,106.53,113.21666666666667,107.34333333333333,113.41325331221908
1700,106.53,113.45933333333333,107.38466666666666,113.65842417854887
1710,106.53,113.70200000000001,107.426,113.90359504487864
1720,106.53,113.94466666666668,107.46733333333333,114.14876591120843
1730,106.53,114.18733333333334,107.50866666666667,114.39393677753822
1740,106.53,114.43,107.55,114.639107643868
1750,106.53,114.60933333333334,107.59266666666666,114.81793320718877
1760,106.53,114.78866666666667,107.63533333333334,114.99675877050953
1770,106.53,114.968,107.678,115.1755843338303
1780,106.53,115.14733333333334,107.72066666666666,115.35440989715107
1790,106.53,115.32666666666667,107.76333333333334,115.53323546047183
1800,106.53,115.506,107.806,115.7120610237926
1810,106.53,115.68533333333333,107.84866666666666,115.89088658711337
1820,106.53,115.86466666666668,107.89133333333334,116.06971215043413
1830,106.53,116.04400000000001,107.934,116.2485377137549
1840,106.53,116.22333333333334,107.97666666666666,116.42736327707567
1850,106.53,116.40266666666668,108.01933333333334,116.60618884039643
1860,106.53,116.58200000000001,108.062,116.7850144037172
1870,106.53,116.76133333333334,108.10466666666666,116.96383996703797
1880,106.53,116.94066666666667,108.14733333333334,117.14266553035873
1890,106.53,117.12,108.19,117.3214910936795
1900,106.53133333333334,117.21600000000001,108.226,117.4176979598224
1910,106.53266666666667,117.312,108.262,117.5139048259653
1920,106.534,117.408,108.298,117.6101116921082
1930,106.53533333333333,117.504,108.334,117.7063185582511
1940,106.53666666666666,117.60000000000001,108.37,117.802525424394
1950,106.538,117.696,108.406,117.8987322905369
1960,106.53933333333333,117.792,108.44200000000001,117.9949391566798
1970,106.54066666666667,117.888,108.478,118.0911460228227
1980,106.542,117.98400000000001,108.514,118.1873528889656
1990,106.54333333333334,118.08,108.55,118.2835597551085
2000,106.54466666666667,118.176,108.586,118.3797666212514
2010,106.54599999999999,118.272,108.622,118.4759734873943
2020,106.54733333333333,118.36800000000001,108.658,118.5721803535372
2030,106.54866666666666,118.464,108.694,118.6683872196801
2040,106.55,118.56,108.73,118.764594085823
2050,106.55266666666667,119.138,108.81066666666668,119.36239262937201
2060,106.55533333333334,119.71600000000001,108.89133333333334,119.960191172921
2070,106.55799999999999,120.294,108.97200000000001,120.55798971647
2080,106.56066666666666,120.872,109.05266666666667,121.15578826001901
2090,106.56333333333333,121.45,109.13333333333334,121.753586803568
2100,106.566,122.028,109.214,122.351385347117
2110,106.56866666666667,122.60600000000001,109.29466666666667,122.949183890666
2120,106.57133333333333,123.184,109.37533333333333,123.546982434215
2130,106.574,123.762,109.456,124.144780977764
2140,106.57666666666667,124.34,109.53666666666666,124.742579521313
2150,106.57933333333334,124.918,109.61733333333333,125.340378064862
2160,106.58200000000001,125.49600000000001,109.698,125.938176608411
2170,106.58466666666666,126.074,109.77866666666667,126.53597515196
2180,106.58733333333333,126.652,109.85933333333332,127.13377369550899
2190,106.59,127.23,109.94,127.731572239058
2200,106.59533333333334,127.352,110.014,127.8384815299834
2210,106.60066666666667,127.474,110.088,127.9453908209088
2220,106.60600000000001,127.596,110.16199999999999,128.0523001118342
2230,106.61133333333333,127.718,110.236,128.1592094027596
2240,106.61666666666667,127.84,110.31,128.266118693685
2250,106.622,127.962,110.384,128.37302798461042
2260,106.62733333333334,128.084,110.458,128.4799372755358
2270,106.63266666666667,128.20600000000002,110.532,128.5868465664612
2280,106.638,128.328,110.606,128.6937558573866
2290,106.64333333333333,128.45,110.67999999999999,128.80066514831202
2300,106.64866666666667,128.572,110.75399999999999,128.9075744392374
2310,106.654,128.69400000000002,110.828,129.0144837301628
2320,106.65933333333334,128.816,110.902,129.1213930210882
2330,106.66466666666666,128.938,110.976,129.22830231201362
2340,106.67,129.06,111.05,129.335211602939
2350,106.678,129.126,111.092,129.41078152262884
2360,106.686,129.192,111.134,129.48635144231864
2370,106.694,129.258,111.176,129.56192136200846
2380,106.702,129.324,111.218,129.6374912816983
2390,106.71000000000001,129.39000000000001,111.26,129.7130612013881
2400,106.718,129.45600000000002,111.302,129.7886311210779
2410,106.726,129.52200000000002,111.34400000000001,129.86420104076774
2420,106.73400000000001,129.588,111.386,129.93977096045754
2430,106.742,129.654,111.428,130.01534088014736
2440,106.75,129.72,111.47,130.0909107998372
2450,106.75800000000001,129.786,111.512,130.166480719527
2460,106.766,129.852,111.554,130.2420506392168
2470,106.774,129.918,111.596,130.31762055890664
2480,106.78200000000001,129.984,111.638,130.39319047859644
2490,106.79,130.05,111.68,130.46876039828626
2500,106.80133333333333,130.544,111.77066666666667,130.9725408281285
2510,106.81266666666667,131.038,111.86133333333333,131.47632125797077
2520,106.824,131.532,111.95200000000001,131.980101687813
2530,106.83533333333334,132.026,112.04266666666668,132.48388211765527
2540,106.84666666666666,132.52,112.13333333333334,132.9876625474975
2550,106.858,133.014,112.224,133.49144297733974
2560,106.86933333333333,133.508,112.31466666666667,133.995223407182
2570,106.88066666666667,134.002,112.40533333333335,134.49900383702425
2580,106.892,134.496,112.49600000000001,135.0027842668665
2590,106.90333333333334,134.99,112.58666666666667,135.50656469670875
2600,106.91466666666666,135.484,112.67733333333334,136.010345126551
2610,106.926,135.978,112.768,136.51412555639325
2620,106.93733333333333,136.472,112.85866666666668,137.0179059862355
2630,106.94866666666667,136.966,112.94933333333334,137.52168641607776
2640,106.96,137.46,113.04,138.02546684592
2650,106.97533333333332,137.69733333333335,113.12666666666668,138.25911232910684
2660,106.99066666666666,137.9346666666667,113.21333333333334,138.4927578122937
2670,107.006,138.172,113.30000000000001,138.72640329548054
2680,107.02133333333333,138.40933333333334,113.38666666666667,138.96004877866739
2690,107.03666666666666,138.64666666666668,113.47333333333334,139.19369426185423
2700,107.05199999999999,138.88400000000001,113.56,139.42733974504108
2710,107.06733333333332,139.12133333333335,113.64666666666668,139.66098522822793
2720,107.08266666666667,139.35866666666666,113.73333333333333,139.8946307114148
2730,107.098,139.596,113.82000000000001,140.12827619460165
2740,107.11333333333333,139.83333333333334,113.90666666666667,140.3619216777885
2750,107.12866666666666,140.07066666666668,113.99333333333334,140.59556716097535
2760,107.14399999999999,140.30800000000002,114.08,140.8292126441622
2770,107.15933333333334,140.54533333333333,114.16666666666667,141.06285812734905
2780,107.17466666666667,140.78266666666667,114.25333333333333,141.2965036105359
2790,107.19,141.02,114.34,141.53014909372274
2800,107.21,141.26533333333333,114.426,141.77766903545145
2810,107.23,141.51066666666668,114.512,142.02518897718016
2820,107.25,141.756,114.598,142.2727089189089
2830,107.27,142.00133333333335,114.684,142.52022886063762
2840,107.28999999999999,142.24666666666667,114.77,142.76774880236633
2850,107.31,142.492,114.856,143.01526874409504
2860,107.33,142.73733333333334,114.942,143.26278868582375
2870,107.35,142.98266666666666,115.028,143.5103086275525
2880,107.36999999999999,143.228,115.114,143.7578285692812
2890,107.39,143.47333333333333,115.2,144.0053485110099
2900,107.41,143.71866666666665,115.286,144.25286845273862
2910,107.42999999999999,143.964,115.372,144.50038839446734
2920,107.44999999999999,144.20933333333332,115.458,144.74790833619608
2930,107.47,144.45466666666667,115.544,144.9954282779248
2940,107.49,144.7,115.63,145.2429482196535
2950,107.51333333333334,145.004,115.72266666666667,145.55250271817846
2960,107.53666666666666,145.308,115.81533333333333,145.8620572167034
2970,107.56,145.612,115.908,146.17161171522835
2980,107.58333333333333,145.916,116.00066666666666,146.48116621375328
2990,107.60666666666667,146.22,116.09333333333333,146.79072071227824
3000,107.63,146.524,116.18599999999999,147.1002752108032
3010,107.65333333333334,146.828,116.27866666666667,147.40982970932814
3020,107.67666666666666,147.13199999999998,116.37133333333333,147.7193842078531
3030,107.7,147.43599999999998,116.464,148.02893870637803
3040,107.72333333333333,147.73999999999998,116.55666666666666,148.338493204903
3050,107.74666666666667,148.04399999999998,116.64933333333333,148.64804770342795
3060,107.77,148.34799999999998,116.74199999999999,148.95760220195288
3070,107.79333333333334,148.652,116.83466666666666,149.26715670047784
3080,107.81666666666666,148.956,116.92733333333332,149.57671119900277
3090,107.84,149.26,117.02,149.88626569752773
3100,107.86800000000001,149.67466666666667,117.12866666666666,150.30601485110327
3110,107.896,150.08933333333331,117.23733333333332,150.72576400467884
3120,107.924,150.504,117.346,151.14551315825437
3130,107.952,150.91866666666667,117.45466666666667,151.56526231182994
3140,107.98,151.33333333333331,117.56333333333333,151.98501146540548
3150,108.00800000000001,151.748,117.672,152.40476061898104
3160,108.036,152.16266666666667,117.78066666666666,152.82450977255658
3170,108.06400000000001,152.5773333333333,117.88933333333334,153.24425892613215
3180,108.092,152.992,117.998,153.66400807970768
3190,108.12,153.40666666666667,118.10666666666667,154.08375723328325
3200,108.14800000000001,153.8213333333333,118.21533333333333,154.5035063868588
3210,108.176,154.236,118.324,154.92325554043435
3220,108.20400000000001,154.65066666666667,118.43266666666668,155.3430046940099
3230,108.232,155.0653333333333,118.54133333333334,155.76275384758546
3240,108.26,155.48,118.65,156.182503001161
3250,108.29266666666668,155.61266666666666,118.74466666666667,156.30853691304586
3260,108.32533333333333,155.74533333333332,118.83933333333334,156.4345708249307
3270,108.358,155.878,118.934,156.56060473681555
3280,108.39066666666668,156.01066666666665,119.02866666666667,156.6866386487004
3290,108.42333333333333,156.14333333333332,119.12333333333333,156.81267256058524
3300,108.456,156.27599999999998,119.218,156.9387064724701
3310,108.48866666666667,156.40866666666665,119.31266666666667,157.06474038435496
3320,108.52133333333333,156.54133333333334,119.40733333333333,157.1907742962398
3330,108.554,156.674,119.502,157.31680820812466
3340,108.58666666666667,156.80666666666667,119.59666666666666,157.44284212000952
3350,108.61933333333333,156.93933333333334,119.69133333333333,157.56887603189435
3360,108.652,157.072,119.786,157.6949099437792
3370,108.68466666666667,157.20466666666667,119.88066666666666,157.82094385566407
3380,108.71733333333333,157.33733333333333,119.97533333333332,157.9469777675489
3390,108.75,157.47,120.07,158.07301167943376
3400,108.78733333333334,157.77933333333334,120.16999999999999,158.39126001323547
3410,108.82466666666667,158.08866666666665,120.27,158.7095083470372
3420,108.862,158.398,120.36999999999999,159.0277566808389
3430,108.89933333333333,158.70733333333334,120.47,159.34600501464064
3440,108.93666666666667,159.01666666666668,120.57,159.66425334844234
3450,108.974,159.326,120.66999999999999,159.98250168224405
3460,109.01133333333334,159.63533333333334,120.77,160.30075001604578
3470,109.04866666666666,159.94466666666668,120.86999999999999,160.6189983498475
3480,109.086,160.25400000000002,120.97,160.93724668364922
3490,109.12333333333333,160.56333333333333,121.07,161.25549501745093
3500,109.16066666666667,160.87266666666667,121.16999999999999,161.57374335125263
3510,109.19800000000001,161.18200000000002,121.27,161.89199168505436
3520,109.23533333333333,161.49133333333336,121.36999999999999,162.21024001885607
3530,109.27266666666667,161.80066666666667,121.47,162.5284883526578
3540,109.31,162.11,121.57,162.8467366864595
3550,109.352,162.41333333333336,121.68466666666666,163.14689363643754
3560,109.394,162.71666666666667,121.79933333333332,163.44705058641557
3570,109.436,163.02,121.914,163.7472075363936
3580,109.478,163.32333333333335,122.02866666666667,164.04736448637163
3590,109.52,163.62666666666667,122.14333333333333,164.34752143634967
3600,109.562,163.93,122.258,164.6476783863277
3610,109.604,164.23333333333335,122.37266666666666,164.94783533630573
3620,109.646,164.53666666666666,122.48733333333334,165.2479922862838
3630,109.688,164.84,122.602,165.54814923626182
3640,109.73,165.14333333333335,122.71666666666667,165.84830618623985
3650,109.772,165.44666666666666,122.83133333333333,166.14846313621788
3660,109.814,165.75,122.946,166.44862008619592
3670,109.856,166.05333333333334,123.06066666666668,166.74877703617395
3680,109.898,166.35666666666665,123.17533333333334,167.04893398615198
3690,109.94,166.66,123.29,167.34909093613
3700,109.98733333333332,166.73466666666667,123.38266666666668,167.42085069654382
3710,110.03466666666667,166.80933333333334,123.47533333333334,167.4926104569576
3720,110.082,166.884,123.56800000000001,167.56437021737142
3730,110.12933333333334,166.95866666666666,123.66066666666667,167.6361299777852
3740,110.17666666666666,167.03333333333333,123.75333333333334,167.70788973819901
3750,110.224,167.108,123.846,167.7796494986128
3760,110.27133333333333,167.18266666666668,123.93866666666668,167.8514092590266
3770,110.31866666666667,167.25733333333332,124.03133333333334,167.9231690194404
3780,110.366,167.332,124.12400000000001,167.9949287798542
3790,110.41333333333334,167.40666666666667,124.21666666666667,168.066688540268
3800,110.46066666666667,167.48133333333334,124.30933333333334,168.1384483006818
3810,110.50800000000001,167.556,124.402,168.21020806109559
3820,110.55533333333334,167.63066666666666,124.49466666666667,168.2819678215094
3830,110.60266666666668,167.70533333333333,124.58733333333333,168.35372758192318
3840,110.65,167.78,124.68,168.425487342337
3850,110.70066666666668,168.21,124.79733333333334,168.86849994562215
3860,110.75133333333333,168.64,124.91466666666668,169.3115125489073
3870,110.802,169.07,125.03200000000001,169.75452515219246
3880,110.85266666666666,169.5,125.14933333333333,170.19753775547758
3890,110.90333333333334,169.93,125.26666666666667,170.64055035876274
3900,110.95400000000001,170.35999999999999,125.384,171.0835629620479
3910,111.00466666666667,170.79,125.50133333333333,171.52657556533305
3920,111.05533333333334,171.22,125.61866666666667,171.9695881686182
3930,111.106,171.65,125.736,172.41260077190336
3940,111.15666666666667,172.07999999999998,125.85333333333334,172.8556133751885
3950,111.20733333333334,172.51,125.97066666666667,173.29862597847367
3960,111.258,172.94,126.088,173.7416385817588
3970,111.30866666666667,173.37,126.20533333333333,174.18465118504395
3980,111.35933333333332,173.79999999999998,126.32266666666666,174.6276637883291
3990,111.41,174.23,126.44,175.07067639161426
4000,111.466,174.45866666666666,126.55866666666667,175.2942414957892
4010,111.52199999999999,174.68733333333333,126.67733333333334,175.51780659996416
4020,111.578,174.916,126.79599999999999,175.7413717041391
4030,111.634,175.14466666666667,126.91466666666666,175.96493680831404
4040,111.69,175.37333333333333,127.03333333333333,176.188501912489
4050,111.746,175.602,127.152,176.41206701666394
4060,111.80199999999999,175.83066666666667,127.27066666666667,176.6356321208389
4070,111.858,176.0593333333333,127.38933333333333,176.85919722501384
4080,111.914,176.28799999999998,127.508,177.0827623291888
4090,111.97,176.51666666666665,127.62666666666667,177.30632743336375
4100,112.026,176.74533333333332,127.74533333333333,177.5298925375387
4110,112.082,176.974,127.864,177.75345764171362
4120,112.138,177.20266666666666,127.98266666666666,177.97702274588858
4130,112.194,177.43133333333333,128.10133333333334,178.20058785006353
4140,112.25,177.66,128.22,178.42415295423848
4150,112.31,177.86066666666667,128.328,178.62986210537485
4160,112.37,178.06133333333332,128.436,178.8355712565112
4170,112.43,178.262,128.544,179.04128040764758
4180,112.49,178.46266666666665,128.652,179.24698955878395
4190,112.55,178.66333333333333,128.76,179.45269870992033
4200,112.61,178.864,128.868,179.65840786105667
4210,112.67,179.06466666666665,128.976,179.86411701219305
4220,112.73,179.26533333333333,129.084,180.06982616332942
4230,112.79,179.46599999999998,129.192,180.2755353144658
4240,112.85000000000001,179.66666666666666,129.3,180.48124446560215
4250,112.91000000000001,179.86733333333333,129.40800000000002,180.68695361673852
4260,112.97,180.06799999999998,129.516,180.8926627678749
4270,113.03,180.26866666666666,129.624,181.09837191901127
4280,113.09,180.4693333333333,129.732,181.30408107014762
4290,113.15,180.67,129.84,181.509790221284
4300,113.214,181.054,129.96933333333334,181.8992349654534
4310,113.278,181.438,130.09866666666667,182.28867970962278
4320,113.342,181.822,130.228,182.6781244537922
4330,113.406,182.206,130.35733333333334,183.0675691979616
4340,113.47,182.59,130.48666666666668,183.457013942131
4350,113.534,182.974,130.616,183.8464586863004
4360,113.598,183.358,130.74533333333335,184.2359034304698
4370,113.662,183.742,130.87466666666666,184.6253481746392
4380,113.726,184.126,131.004,185.0147929188086
4390,113.79,184.51,131.13333333333333,185.404237662978
4400,113.854,184.894,131.26266666666666,185.7936824071474
4410,113.918,185.278,131.392,186.1831271513168
4420,113.982,185.662,131.52133333333333,186.57257189548622
4430,114.046,186.046,131.65066666666667,186.96201663965562
4440,114.11,186.43,131.78,187.351461383825
4450,114.178,186.716,131.91133333333335,187.63746950616647
4460,114.246,187.002,132.04266666666666,187.9234776285079
4470,114.314,187.288,132.174,188.20948575084935
4480,114.382,187.574,132.30533333333332,188.4954938731908
4490,114.45,187.86,132.43666666666667,188.78150199553227
4500,114.518,188.14600000000002,132.568,189.0675101178737
4510,114.586,188.43200000000002,132.69933333333333,189.35351824021515
4520,114.654,188.718,132.83066666666667,189.6395263625566
4530,114.722,189.004,132.962,189.92553448489807
4540,114.78999999999999,189.29,133.09333333333333,190.2115426072395
4550,114.85799999999999,189.576,133.22466666666668,190.49755072958095
4560,114.926,189.862,133.356,190.7835588519224
4570,114.994,190.148,133.48733333333334,191.06956697426386
4580,115.062,190.434,133.61866666666666,191.3555750966053
4590,115.13,190.72,133.75,191.64158321894675
4600,115.202,191.16666666666666,133.89333333333335,192.09688198238362
4610,115.274,191.61333333333334,134.03666666666666,192.55218074582052
4620,115.34599999999999,192.06,134.18,193.0074795092574
4630,115.41799999999999,192.50666666666666,134.32333333333332,193.4627782726943
4640,115.49,192.95333333333332,134.46666666666667,193.91807703613117
4650,115.562,193.4,134.61,194.37337579956804
4660,115.634,193.84666666666666,134.75333333333333,194.82867456300494
4670,115.70599999999999,194.29333333333332,134.89666666666668,195.2839733264418
4680,115.77799999999999,194.73999999999998,135.04,195.7392720898787
4690,115.85,195.18666666666667,135.18333333333334,196.19457085331558
4700,115.922,195.63333333333333,135.32666666666668,196.64986961675245
4710,115.994,196.07999999999998,135.47,197.10516838018935
4720,116.06599999999999,196.52666666666664,135.61333333333334,197.56046714362623
4730,116.13799999999999,196.97333333333333,135.75666666666666,198.01576590706313
4740,116.21,197.42,135.9,198.4710646705
4750,116.28533333333333,197.87199999999999,136.05866666666668,198.92327439528066
4760,116.36066666666666,198.32399999999998,136.21733333333333,199.3754841200613
4770,116.43599999999999,198.77599999999998,136.376,199.82769384484195
4780,116.51133333333333,199.22799999999998,136.53466666666668,200.2799035696226
4790,116.58666666666666,199.67999999999998,136.69333333333333,200.73211329440326
4800,116.66199999999999,200.13199999999998,136.852,201.1843230191839
4810,116.73733333333332,200.58399999999997,137.01066666666668,201.63653274396455
4820,116.81266666666667,201.036,137.16933333333333,202.0887424687452
4830,116.888,201.488,137.328,202.54095219352587
4840,116.96333333333334,201.94,137.48666666666668,202.9931619183065
4850,117.03866666666667,202.392,137.64533333333333,203.44537164308716
4860,117.114,202.844,137.804,203.89758136786782
4870,117.18933333333334,203.296,137.96266666666668,204.34979109264847
4880,117.26466666666667,203.748,138.12133333333333,204.8020008174291
4890,117.34,204.2,138.28,205.25421054220976
4900,117.41866666666667,204.47666666666666,138.42733333333334,205.53095154858252
4910,117.49733333333333,204.75333333333333,138.57466666666667,205.80769255495525
4920,117.57600000000001,205.03,138.722,206.084433561328
4930,117.65466666666667,205.30666666666664,138.86933333333334,206.36117456770077
4940,117.73333333333333,205.58333333333331,139.01666666666668,206.6379155740735
4950,117.812,205.85999999999999,139.16400000000002,206.91465658044626
4960,117.89066666666666,206.13666666666666,139.31133333333335,207.19139758681902
4970,117.96933333333334,206.41333333333333,139.45866666666666,207.46813859319175
4980,118.048,206.69,139.606,207.7448795995645
4990,118.12666666666667,206.96666666666667,139.75333333333333,208.02162060593727
5000,118.20533333333333,207.24333333333334,139.90066666666667,208.29836161231
5010,118.28399999999999,207.51999999999998,140.048,208.57510261868276
5020,118.36266666666667,207.79666666666665,140.19533333333334,208.85184362505552
5030,118.44133333333333,208.07333333333332,140.34266666666667,209.12858463142825
5040,118.52,208.35,140.49,209.405325637801
5050,118.60266666666666,208.546,140.62933333333334,209.5991968199826
5060,118.68533333333333,208.742,140.7686666666667,209.7930680021642
5070,118.768,208.938,140.90800000000002,209.9869391843458
5080,118.85066666666667,209.134,141.04733333333334,210.18081036652742
5090,118.93333333333334,209.32999999999998,141.18666666666667,210.37468154870902
5100,119.016,209.52599999999998,141.32600000000002,210.56855273089062
5110,119.09866666666667,209.72199999999998,141.46533333333335,210.7624239130722
5120,119.18133333333333,209.918,141.60466666666667,210.9562950952538
5130,119.264,210.114,141.744,211.1501662774354
5140,119.34666666666666,210.31,141.88333333333335,211.344037459617
5150,119.42933333333333,210.506,142.02266666666668,211.5379086417986
5160,119.512,210.702,142.162,211.73177982398022
5170,119.59466666666667,210.898,142.30133333333333,211.92565100616181
5180,119.67733333333334,211.094,142.4406666666667,212.1195221883434
5190,119.76,211.29,142.58,212.313393370525
5200,119.84733333333334,211.35666666666665,142.70533333333336,212.37398529183056
5210,119.93466666666667,211.42333333333332,142.83066666666667,212.43457721313615
5220,120.022,211.48999999999998,142.95600000000002,212.4951691344417
5230,120.10933333333334,211.55666666666667,143.08133333333333,212.55576105574727
5240,120.19666666666667,211.62333333333333,143.20666666666668,212.61635297705283
5250,120.284,211.69,143.33200000000002,212.6769448983584
5260,120.37133333333334,211.75666666666666,143.45733333333334,212.73753681966397
5270,120.45866666666666,211.82333333333332,143.58266666666668,212.79812874096953
5280,120.54599999999999,211.89,143.708,212.8587206622751
5290,120.63333333333333,211.95666666666665,143.83333333333334,212.91931258358068
5300,120.72066666666666,212.0233333333333,143.9586666666667,212.97990450488624
5310,120.80799999999999,212.09,144.084,213.0404964261918
5320,120.89533333333333,212.15666666666667,144.20933333333335,213.10108834749735
5330,120.98266666666666,212.22333333333333,144.33466666666666,213.16168026880294
5340,121.07,212.29,144.46,213.2222721901085
5350,121.16199999999999,212.46133333333333,144.57866666666666,213.403682886379
5360,121.25399999999999,212.63266666666667,144.69733333333335,213.58509358264948
5370,121.34599999999999,212.804,144.816,213.76650427891994
5380,121.438,212.97533333333334,144.9346666666667,213.94791497519043
5390,121.53,213.14666666666668,145.05333333333334,214.12932567146092
5400,121.622,213.318,145.172,214.3107363677314
5410,121.714,213.48933333333335,145.29066666666668,214.4921470640019
5420,121.806,213.66066666666666,145.40933333333334,214.67355776027236
5430,121.898,213.832,145.52800000000002,214.85496845654285
5440,121.99,214.00333333333333,145.64666666666668,215.03637915281334
5450,122.082,214.17466666666667,145.76533333333333,215.21778984908383
5460,122.174,214.346,145.88400000000001,215.39920054535432
5470,122.266,214.51733333333334,146.00266666666667,215.58061124162478
5480,122.358,214.68866666666668,146.12133333333335,215.76202193789527
5490,122.45,214.86,146.24,215.94343263416576
5500,122.54666666666667,215.40733333333336,146.40200000000002,216.49976014124212
5510,122.64333333333333,215.95466666666667,146.564,217.05608764831845
5520,122.74000000000001,216.502,146.726,217.6124151553948
5530,122.83666666666667,217.04933333333335,146.888,218.16874266247115
5540,122.93333333333334,217.59666666666666,147.05,218.7250701695475
5550,123.03,218.144,147.212,219.28139767662387
5560,123.12666666666667,218.69133333333335,147.374,219.8377251837002
5570,123.22333333333334,219.23866666666666,147.536,220.39405269077656
5580,123.32000000000001,219.786,147.698,220.9503801978529
5590,123.41666666666667,220.33333333333334,147.85999999999999,221.50670770492925
5600,123.51333333333334,220.88066666666666,148.022,222.06303521200562
5610,123.61,221.428,148.184,222.61936271908195
5620,123.70666666666668,221.97533333333334,148.346,223.1756902261583
5630,123.80333333333334,222.52266666666665,148.50799999999998,223.73201773323464
5640,123.9,223.07,148.67,224.288345240311
5650,123.99933333333334,223.39733333333334,148.83266666666665,224.61339355508971
5660,124.09866666666667,223.72466666666665,148.99533333333332,224.9384418698684
5670,124.19800000000001,224.052,149.158,225.2634901846471
5680,124.29733333333334,224.37933333333334,149.32066666666665,225.5885384994258
5690,124.39666666666668,224.70666666666665,149.48333333333332,225.9135868142045
5700,124.49600000000001,225.034,149.646,226.2386351289832
5710,124.59533333333334,225.36133333333333,149.80866666666665,226.5636834437619
5720,124.69466666666666,225.68866666666665,149.97133333333335,226.8887317585406
5730,124.794,226.016,150.13400000000001,227.2137800733193
5740,124.89333333333333,226.34333333333333,150.29666666666668,227.53882838809798
5750,124.99266666666666,226.67066666666665,150.45933333333335,227.8638767028767
5760,125.092,226.998,150.622,228.18892501765538
5770,125.19133333333333,227.32533333333333,150.78466666666668,228.5139733324341
5780,125.29066666666667,227.65266666666665,150.94733333333335,228.83902164721277
5790,125.39,227.98,151.11,229.1640699619915
5800,125.49333333333334,228.08933333333331,151.2566666666667,229.26476075635264
5810,125.59666666666666,228.19866666666667,151.40333333333334,229.36545155071383
5820,125.7,228.308,151.55,229.46614234507499
5830,125.80333333333333,228.41733333333332,151.6966666666667,229.56683313943617
5840,125.90666666666667,228.52666666666667,151.84333333333333,229.66752393379733
5850,126.01,228.636,151.99,229.76821472815848
5860,126.11333333333333,228.74533333333332,152.13666666666668,229.86890552251967
5870,126.21666666666667,228.85466666666667,152.28333333333333,229.96959631688082
5880,126.32,228.964,152.43,230.070287111242
5890,126.42333333333333,229.07333333333332,152.57666666666668,230.17097790560317
5900,126.52666666666667,229.18266666666668,152.72333333333333,230.27166869996432
5910,126.63,229.292,152.87,230.3723594943255
5920,126.73333333333333,229.40133333333333,153.01666666666668,230.47305028868666
5930,126.83666666666666,229.51066666666668,153.16333333333333,230.57374108304785
5940,126.94,229.62,153.31,230.674431877409
5950,127.04599999999999,229.78133333333335,153.442,230.84462167146938
5960,127.152,229.94266666666667,153.574,231.01481146552976
5970,127.258,230.104,153.706,231.18500125959017
5980,127.364,230.26533333333333,153.838,231.35519105365054
5990,127.47,230.42666666666668,153.97,231.52538084771092
6000,127.576,230.588,154.102,231.6955706417713
6010,127.682,230.74933333333334,154.234,231.86576043583167
6020,127.788,230.91066666666666,154.36599999999999,232.03595022989208
6030,127.894,231.072,154.498,232.20614002395246
6040,128.0,231.23333333333332,154.63,232.37632981801283
6050,128.106,231.39466666666667,154.762,232.5465196120732
6060,128.212,231.55599999999998,154.894,232.7167094061336
6070,128.318,231.71733333333333,155.02599999999998,232.886899200194
6080,128.424,231.87866666666665,155.158,233.05708899425437
6090,128.53,232.04,155.29,233.22727878831475
6100,128.64000000000001,232.5653333333333,155.46266666666665,233.7608241021911
6110,128.75,233.09066666666666,155.63533333333334,234.29436941606744
6120,128.86,233.61599999999999,155.808,234.82791472994379
6130,128.97,234.14133333333334,155.98066666666665,235.36146004382016
6140,129.08,234.66666666666666,156.15333333333334,235.8950053576965
6150,129.19,235.19199999999998,156.326,236.42855067157285
6160,129.3,235.71733333333333,156.49866666666665,236.9620959854492
6170,129.41,236.24266666666665,156.67133333333334,237.49564129932554
6180,129.52,236.768,156.844,238.0291866132019
6190,129.63,237.29333333333332,157.01666666666665,238.56273192707823
6200,129.74,237.81866666666664,157.18933333333334,239.09627724095458
6210,129.85,238.344,157.362,239.62982255483095
6220,129.96,238.86933333333332,157.53466666666665,240.1633678687073
6230,130.07,239.39466666666667,157.70733333333334,240.69691318258364
6240,130.18,239.92,157.88,241.23045849646
6250,130.29133333333334,240.0533333333333,158.03133333333332,241.35181042695314
6260,130.40266666666668,240.18666666666667,158.18266666666668,241.47316235744628
6270,130.514,240.32,158.334,241.59451428793943
6280,130.62533333333334,240.45333333333332,158.48533333333333,241.71586621843258
6290,130.73666666666668,240.58666666666664,158.63666666666666,241.83721814892573
6300,130.848,240.72,158.788,241.95857007941888
6310,130.95933333333335,240.85333333333332,158.93933333333334,242.07992200991202
6320,131.07066666666665,240.98666666666665,159.09066666666666,242.2012739404052
6330,131.182,241.11999999999998,159.242,242.32262587089835
6340,131.29333333333332,241.25333333333333,159.39333333333335,242.4439778013915
6350,131.40466666666666,241.38666666666666,159.54466666666667,242.56532973188465
6360,131.516,241.51999999999998,159.696,242.6866816623778
6370,131.62733333333333,241.6533333333333,159.84733333333332,242.80803359287094
6380,131.73866666666666,241.78666666666666,159.99866666666668,242.9293855233641
6390,131.85,241.92,160.15,243.05073745385724
6400,131.96266666666665,242.08133333333333,160.29,243.21328712038363
6410,132.07533333333333,242.24266666666665,160.43,243.37583678691
6420,132.188,242.404,160.57,243.5383864534364
6430,132.30066666666667,242.5653333333333,160.71,243.70093611996276
6440,132.41333333333333,242.72666666666666,160.85,243.86348578648915
6450,132.52599999999998,242.888,160.99,244.02603545301554
6460,132.63866666666667,243.04933333333332,161.13,244.18858511954193
6470,132.75133333333332,243.21066666666667,161.27,244.35113478606831
6480,132.864,243.37199999999999,161.41,244.5136844525947
6490,132.97666666666666,243.53333333333333,161.55,244.6762341191211
6500,133.08933333333331,243.69466666666668,161.69,244.83878378564748
6510,133.202,243.856,161.83,245.00133345217384
6520,133.31466666666665,244.01733333333334,161.97,245.16388311870023
6530,133.42733333333334,244.17866666666666,162.11,245.32643278522661
6540,133.54,244.34,162.25,245.488982451753
6550,133.65533333333332,244.55933333333334,162.39333333333335,245.71149691030718
6560,133.77066666666667,244.77866666666668,162.53666666666666,245.93401136886135
6570,133.886,244.998,162.68,246.1565258274155
6580,134.00133333333332,245.21733333333333,162.82333333333332,246.37904028596967
6590,134.11666666666667,245.43666666666667,162.96666666666667,246.60155474452384
6600,134.232,245.656,163.11,246.824069203078
6610,134.34733333333332,245.87533333333334,163.25333333333333,247.04658366163218
6620,134.46266666666668,246.09466666666665,163.39666666666668,247.26909812018633
6630,134.578,246.314,163.54,247.4916125787405
6640,134.69333333333333,246.53333333333333,163.68333333333334,247.71412703729467
6650,134.80866666666668,246.75266666666667,163.82666666666668,247.93664149584885
6660,134.924,246.972,163.97,248.15915595440302
6670,135.03933333333333,247.19133333333332,164.11333333333334,248.38167041295716
6680,135.15466666666669,247.41066666666666,164.25666666666666,248.60418487151134
6690,135.27,247.63,164.4,248.8266993300655
6700,135.388,247.92866666666666,164.554,249.127945636642
6710,135.506,248.22733333333332,164.708,249.4291919432185
6720,135.624,248.526,164.862,249.73043824979501
6730,135.74200000000002,248.82466666666667,165.01600000000002,250.03168455637152
6740,135.86,249.12333333333333,165.17000000000002,250.33293086294802
6750,135.978,249.422,165.324,250.63417716952452
6760,136.096,249.72066666666666,165.478,250.93542347610102
6770,136.214,250.01933333333335,165.632,251.2366697826775
6780,136.332,250.318,165.786,251.537916089254
6790,136.45,250.61666666666667,165.94,251.8391623958305
6800,136.56799999999998,250.91533333333334,166.094,252.140408702407
6810,136.686,251.214,166.24800000000002,252.4416550089835
6820,136.804,251.5126666666667,166.40200000000002,252.74290131556
6830,136.922,251.81133333333335,166.556,253.0441476221365
6840,137.04,252.11,166.71,253.345393928713
6850,137.16,252.57933333333335,166.88466666666667,253.82384025513005
6860,137.28,253.04866666666666,167.05933333333334,254.3022865815471
6870,137.4,253.518,167.234,254.78073290796414
6880,137.51999999999998,253.98733333333334,167.40866666666668,255.2591792343812
6890,137.64,254.45666666666668,167.58333333333334,255.73762556079825
6900,137.76,254.926,167.758,256.21607188721526
6910,137.88,255.39533333333333,167.93266666666668,256.6945182136323
6920,138.0,255.86466666666666,168.10733333333334,257.1729645400494
6930,138.12,256.334,168.282,257.65141086646645
6940,138.24,256.80333333333334,168.45666666666668,258.1298571928835
6950,138.36,257.2726666666667,168.63133333333334,258.60830351930053
6960,138.48,257.74199999999996,168.806,259.0867498457176
6970,138.6,258.2113333333333,168.98066666666668,259.5651961721346
6980,138.72,258.68066666666664,169.15533333333335,260.04364249855166
6990,138.84,259.15,169.33,260.5220888249687
7000,138.962,259.39799999999997,169.502,260.76330307309337
7010,139.084,259.64599999999996,169.674,261.0045173212181
7020,139.206,259.894,169.846,261.24573156934275
7030,139.328,260.142,170.018,261.4869458174675
7040,139.45,260.39,170.19,261.72816006559214
7050,139.572,260.638,170.362,261.9693743137168
7060,139.694,260.88599999999997,170.534,262.2105885618415
7070,139.816,261.134,170.70600000000002,262.4518028099662
7080,139.938,261.382,170.87800000000001,262.6930170580909
7090,140.06,261.63,171.05,262.93423130621557
7100,140.182,261.878,171.222,263.17544555434023
7110,140.304,262.126,171.394,263.41665980246495
7120,140.426,262.374,171.566,263.6578740505896
7130,140.548,262.622,171.738,263.89908829871433
7140,140.67,262.87,171.91,264.140302546839
7150,140.79466666666664,263.114,172.07066666666665,264.39148552893533
7160,140.91933333333333,263.358,172.23133333333334,264.6426685110316
7170,141.04399999999998,263.602,172.392,264.89385149312795
7180,141.16866666666667,263.846,172.55266666666665,265.1450344752243
7190,141.29333333333332,264.09,172.71333333333334,265.3962174573206
7200,141.41799999999998,264.334,172.874,265.6474004394169
7210,141.54266666666666,264.578,173.03466666666665,265.89858342151325
7220,141.66733333333332,264.822,173.19533333333334,266.14976640360953
7230,141.792,265.066,173.356,266.40094938570587
7240,141.91666666666666,265.31,173.51666666666665,266.6521323678022
7250,142.0413333333333,265.554,173.67733333333334,266.9033153498985
7260,142.166,265.798,173.838,267.15449833199483
7270,142.29066666666665,266.042,173.99866666666665,267.40568131409117
7280,142.41533333333334,266.286,174.15933333333334,267.65686429618745
7290,142.54,266.53,174.32,267.9080472782838
7300,142.66666666666666,267.032,174.51,268.41639980661574
7310,142.79333333333332,267.534,174.7,268.9247523349477
7320,142.92,268.036,174.89,269.43310486327965
7330,143.04666666666665,268.53799999999995,175.07999999999998,269.94145739161155
7340,143.17333333333332,269.03999999999996,175.26999999999998,270.4498099199435
7350,143.29999999999998,269.542,175.45999999999998,270.95816244827546
7360,143.42666666666665,270.044,175.64999999999998,271.4665149766074
7370,143.55333333333334,270.546,175.84,271.97486750493937
7380,143.68,271.048,176.03,272.4832200332713
7390,143.80666666666667,271.55,176.22,272.9915725616033
7400,143.93333333333334,272.052,176.41,273.49992508993523
7410,144.06,272.554,176.6,274.00827761826713
7420,144.18666666666667,273.056,176.79,274.5166301465991
7430,144.31333333333333,273.558,176.98,275.02498267493104
7440,144.44,274.06,177.17,275.533335203263
7450,144.57,274.1,177.33333333333331,275.55977133229175
7460,144.7,274.14,177.49666666666667,275.5862074613205
7470,144.82999999999998,274.18,177.66,275.61264359034925
7480,144.96,274.22,177.82333333333332,275.639079719378
7490,145.09,274.26,177.98666666666665,275.66551584840676
7500,145.22,274.3,178.15,275.6919519774355
7510,145.35,274.34000000000003,178.31333333333333,275.71838810646426
7520,145.48,274.38,178.47666666666666,275.74482423549296
7530,145.60999999999999,274.42,178.64,275.7712603645217
7540,145.73999999999998,274.46000000000004,178.80333333333334,275.79769649355046
7550,145.86999999999998,274.5,178.96666666666667,275.8241326225792
7560,146.0,274.54,179.13,275.85056875160797
7570,146.13,274.58000000000004,179.29333333333332,275.8770048806367
7580,146.26,274.62,179.45666666666668,275.90344100966547
7590,146.39,274.66,179.62,275.9298771386942
7600,146.52266666666665,274.8726666666667,179.77933333333334,276.1485755039581
7610,146.65533333333332,275.0853333333334,179.93866666666668,276.367273869222
7620,146.78799999999998,275.298,180.098,276.5859722344859
7630,146.92066666666665,275.5106666666667,180.25733333333332,276.8046705997497
7640,147.0533333333333,275.72333333333336,180.41666666666666,277.0233689650136
7650,147.18599999999998,275.93600000000004,180.576,277.2420673302775
7660,147.31866666666664,276.1486666666667,180.73533333333333,277.4607656955414
7670,147.45133333333334,276.36133333333333,180.89466666666667,277.6794640608053
7680,147.584,276.574,181.054,277.8981624260692
7690,147.71666666666667,276.7866666666667,181.21333333333334,278.11686079133307
7700,147.84933333333333,276.99933333333337,181.37266666666667,278.33555915659696
7710,147.982,277.21200000000005,181.53199999999998,278.5542575218608
7720,148.11466666666666,277.42466666666667,181.69133333333332,278.7729558871247
7730,148.24733333333333,277.63733333333334,181.85066666666665,278.99165425238857
7740,148.38,277.85,182.01,279.21035261765246
7750,148.516,278.1566666666667,182.18266666666665,279.51916069354763
7760,148.652,278.46333333333337,182.35533333333333,279.82796876944275
7770,148.78799999999998,278.77000000000004,182.528,280.1367768453379
7780,148.924,279.07666666666665,182.70066666666665,280.4455849212331
7790,149.06,279.3833333333333,182.87333333333333,280.7543929971282
7800,149.196,279.69,183.046,281.0632010730234
7810,149.332,279.99666666666667,183.21866666666665,281.37200914891855
7820,149.468,280.30333333333334,183.39133333333334,281.68081722481367
7830,149.60399999999998,280.61,183.564,281.98962530070884
7840,149.73999999999998,280.9166666666667,183.73666666666665,282.298433376604
7850,149.87599999999998,281.22333333333336,183.90933333333334,282.6072414524991
7860,150.012,281.53,184.082,282.9160495283943
7870,150.148,281.83666666666664,184.25466666666665,283.22485760428947
7880,150.284,282.1433333333333,184.42733333333334,283.5336656801846
7890,150.42,282.45,184.6,283.84247375607976
7900,150.55733333333333,282.7473333333333,184.77533333333332,284.1392390170023
7910,150.69466666666665,283.04466666666667,184.95066666666665,284.43600427792484
7920,150.832,283.342,185.126,284.7327695388474
7930,150.9693333333333,283.63933333333335,185.30133333333333,285.02953479977
7940,151.10666666666665,283.93666666666667,185.47666666666666,285.3263000606925
7950,151.244,284.234,185.652,285.62306532161506
7960,151.38133333333332,284.53133333333335,185.8273333333333,285.9198305825376
7970,151.51866666666666,284.82866666666666,186.00266666666667,286.21659584346014
7980,151.65599999999998,285.12600000000003,186.178,286.5133611043827
7990,151.79333333333332,285.42333333333335,186.35333333333332,286.8101263653052
8000,151.93066666666667,285.72066666666666,186.52866666666665,287.10689162622776
8010,152.06799999999998,286.01800000000003,186.70399999999998,287.40365688715036
8020,152.20533333333333,286.31533333333334,186.87933333333334,287.7004221480729
8030,152.34266666666664,286.6126666666667,187.05466666666666,287.99718740899544
8040,152.48,286.91,187.23,288.293952669918
8050,152.61599999999999,287.02133333333336,187.38533333333334,288.3994970823269
8060,152.75199999999998,287.1326666666667,187.54066666666665,288.5050414947358
8070,152.888,287.244,187.696,288.6105859071447
8080,153.024,287.35533333333336,187.85133333333332,288.7161303195536
8090,153.16,287.4666666666667,188.00666666666666,288.8216747319625
8100,153.296,287.57800000000003,188.162,288.9272191443714
8110,153.432,287.68933333333337,188.31733333333332,289.0327635567803
8120,153.568,287.80066666666664,188.47266666666667,289.13830796918916
8130,153.704,287.912,188.628,289.24385238159806
8140,153.84,288.0233333333333,188.78333333333333,289.34939679400696
8150,153.976,288.13466666666665,188.93866666666668,289.45494120641587
8160,154.112,288.246,189.094,289.56048561882477
8170,154.24800000000002,288.3573333333333,189.24933333333334,289.6660300312337
8180,154.38400000000001,288.46866666666665,189.40466666666666,289.7715744436426
8190,154.52,288.58,189.56,289.8771188560515
8200,154.65733333333336,288.87333333333333,189.72266666666667,290.17888956476924
8210,154.79466666666667,289.16666666666663,189.88533333333334,290.48066027348705
8220,154.93200000000002,289.46,190.048,290.7824309822048
8230,155.06933333333333,289.75333333333333,190.21066666666667,291.08420169092255
8240,155.20666666666668,290.0466666666667,190.37333333333333,291.3859723996403
8250,155.34400000000002,290.34,190.536,291.6877431083581
8260,155.48133333333334,290.6333333333333,190.69866666666667,291.9895138170759
8270,155.61866666666668,290.9266666666667,190.86133333333333,292.2912845257936
8280,155.756,291.22,191.024,292.5930552345114
8290,155.89333333333335,291.5133333333333,191.18666666666667,292.8948259432292
8300,156.0306666666667,291.8066666666667,191.34933333333333,293.19659665194695
8310,156.168,292.1,191.512,293.4983673606647
8320,156.30533333333335,292.3933333333334,191.67466666666667,293.80013806938246
8330,156.44266666666667,292.68666666666667,191.83733333333333,294.10190877810027
8340,156.58,292.98,192.0,294.403679486818
8350,156.72,293.3593333333333,192.18066666666667,294.78595740929677
8360,156.86,293.7386666666667,192.36133333333333,295.16823533177546
8370,157.0,294.118,192.542,295.5505132542542
8380,157.14000000000001,294.49733333333336,192.72266666666667,295.93279117673296
8390,157.28,294.87666666666667,192.90333333333334,296.31506909921166
8400,157.42000000000002,295.25600000000003,193.084,296.6973470216904
8410,157.56,295.63533333333334,193.26466666666667,297.07962494416915
8420,157.70000000000002,296.0146666666667,193.44533333333334,297.46190286664785
8430,157.84,296.394,193.626,297.8441807891266
8440,157.98000000000002,296.77333333333337,193.80666666666667,298.22645871160535
8450,158.12,297.1526666666667,193.98733333333334,298.60873663408404
8460,158.26000000000002,297.53200000000004,194.168,298.9910145565628
8470,158.4,297.91133333333335,194.34866666666667,299.37329247904154
8480,158.54000000000002,298.2906666666667,194.52933333333334,299.75557040152023
8490,158.68,298.67,194.71,300.137848323999
8500,158.82133333333334,299.0146666666667,194.89466666666667,300.48491437769076
8510,158.96266666666668,299.3593333333333,195.07933333333335,300.8319804313826
8520,159.104,299.704,195.264,301.17904648507437
8530,159.24533333333335,300.0486666666667,195.44866666666667,301.5261125387662
8540,159.38666666666668,300.3933333333333,195.63333333333333,301.873178592458
8550,159.52800000000002,300.738,195.818,302.2202446461498
8560,159.66933333333336,301.0826666666667,196.00266666666667,302.5673106998416
8570,159.81066666666666,301.4273333333333,196.18733333333333,302.9143767535334
8580,159.952,301.772,196.37199999999999,303.2614428072252
8590,160.09333333333333,302.1166666666667,196.55666666666667,303.608508860917
8600,160.23466666666667,302.4613333333333,196.74133333333333,303.9555749146088
8610,160.376,302.806,196.926,304.30264096830064
8620,160.51733333333334,303.15066666666667,197.11066666666665,304.6497070219924
8630,160.65866666666668,303.4953333333333,197.29533333333333,304.99677307568425
8640,160.8,303.84,197.48,305.343839129376
8650,160.94266666666667,303.65799999999996,197.624,305.14297954359023
8660,161.08533333333335,303.476,197.768,304.94211995780444
8670,161.228,303.294,197.91199999999998,304.74126037201864
8680,161.37066666666666,303.11199999999997,198.05599999999998,304.5404007862328
8690,161.51333333333335,302.93,198.2,304.339541200447
8700,161.656,302.748,198.344,304.1386816146612
8710,161.79866666666666,302.566,198.488,303.9378220288754
8720,161.94133333333335,302.384,198.63199999999998,303.7369624430896
8730,162.084,302.202,198.77599999999998,303.53610285730383
8740,162.22666666666666,302.02,198.92,303.33524327151804
8750,162.36933333333334,301.838,199.064,303.13438368573225
8760,162.512,301.656,199.208,302.9335240999464
8770,162.65466666666666,301.474,199.35199999999998,302.7326645141606
8780,162.79733333333334,301.29200000000003,199.49599999999998,302.5318049283748
8790,162.94,301.11,199.64,302.330945342589
8800,163.08533333333332,300.8306666666667,199.75066666666666,302.0403783848965
8810,163.23066666666668,300.55133333333333,199.86133333333333,301.74981142720395
8820,163.376,300.272,199.97199999999998,301.4592444695114
8830,163.52133333333333,299.9926666666667,200.08266666666665,301.1686775118189
8840,163.66666666666666,299.71333333333337,200.19333333333333,300.87811055412635
8850,163.812,299.434,200.304,300.5875435964338
8860,163.95733333333334,299.1546666666667,200.41466666666668,300.2969766387413
8870,164.10266666666666,298.87533333333334,200.52533333333332,300.00640968104875
8880,164.248,298.596,200.636,299.7158427233562
8890,164.39333333333335,298.31666666666666,200.74666666666667,299.4252757656637
8900,164.53866666666667,298.0373333333333,200.85733333333334,299.13470880797115
8910,164.684,297.75800000000004,200.96800000000002,298.8441418502786
8920,164.82933333333332,297.4786666666667,201.07866666666666,298.5535748925861
8930,164.97466666666668,297.19933333333336,201.18933333333334,298.26300793489355
8940,165.12,296.92,201.3,297.972440977201
8950,165.26666666666668,296.55333333333334,201.38333333333335,297.5957109849662
8960,165.41333333333333,296.18666666666667,201.46666666666667,297.21898099273136
8970,165.56,295.82,201.55,296.84225100049656
8980,165.70666666666668,295.4533333333334,201.63333333333335,296.46552100826176
8990,165.85333333333332,295.0866666666667,201.71666666666667,296.08879101602696
9000,166.0,294.72,201.8,295.7120610237921
9010,166.14666666666668,294.35333333333335,201.88333333333335,295.3353310315573
9020,166.29333333333332,293.9866666666667,201.96666666666667,294.9586010393225
9030,166.44,293.62,202.05,294.5818710470877
9040,166.58666666666667,293.25333333333333,202.13333333333335,294.20514105485285
9050,166.73333333333332,292.88666666666666,202.21666666666667,293.82841106261804
9060,166.88,292.52000000000004,202.3,293.45168107038324
9070,167.02666666666667,292.15333333333336,202.38333333333335,293.07495107814844
9080,167.17333333333332,291.7866666666667,202.46666666666667,292.6982210859136
9090,167.32,291.42,202.55,292.3214910936788
9100,167.468,290.97,202.60533333333333,291.86214240426614
9110,167.61599999999999,290.52000000000004,202.66066666666669,291.4027937148535
9120,167.76399999999998,290.07,202.716,290.94344502544084
9130,167.912,289.62,202.77133333333333,290.4840963360282
9140,168.06,289.17,202.82666666666668,290.02474764661554
9150,168.208,288.72,202.882,289.5653989572029
9160,168.356,288.27000000000004,202.93733333333333,289.10605026779024
9170,168.504,287.82,202.99266666666668,288.64670157837753
9180,168.652,287.37,203.048,288.1873528889649
9190,168.79999999999998,286.92,203.10333333333332,287.72800419955223
9200,168.94799999999998,286.47,203.15866666666668,287.2686555101396
9210,169.096,286.02000000000004,203.214,286.80930682072693
9220,169.244,285.57,203.26933333333332,286.3499581313143
9230,169.392,285.12,203.32466666666667,285.89060944190163
9240,169.54,284.67,203.38,285.431260752489
9250,169.68866666666665,284.7006666666667,203.45866666666666,285.4735037404825
9260,169.83733333333333,284.73133333333334,203.53733333333332,285.51574672847596
9270,169.986,284.762,203.61599999999999,285.5579897164695
9280,170.13466666666667,284.79266666666666,203.69466666666668,285.600232704463
9290,170.28333333333333,284.8233333333333,203.77333333333334,285.64247569245646
9300,170.432,284.854,203.852,285.68471868045
9310,170.58066666666667,284.88466666666665,203.93066666666667,285.7269616684435
9320,170.72933333333333,284.91533333333336,204.00933333333333,285.76920465643695
9330,170.87800000000001,284.946,204.088,285.8114476444305
9340,171.02666666666667,284.9766666666667,204.16666666666666,285.853690632424
9350,171.17533333333333,285.00733333333335,204.24533333333332,285.89593362041745
9360,171.324,285.038,204.324,285.93817660841097
9370,171.47266666666667,285.0686666666667,204.40266666666668,285.9804195964045
9380,171.62133333333335,285.09933333333333,204.48133333333334,286.02266258439795
9390,171.77,285.13,204.56,286.06490557239147
9400,171.91733333333335,284.7033333333333,204.61733333333333,285.6162593077613
9410,172.06466666666668,284.27666666666664,204.67466666666667,285.1676130431312
9420,172.21200000000002,283.85,204.732,284.71896677850106
9430,172.35933333333332,283.42333333333335,204.78933333333333,284.27032051387096
9440,172.50666666666666,282.99666666666667,204.84666666666666,283.8216742492408
9450,172.654,282.57,204.904,283.3730279846107
9460,172.80133333333333,282.1433333333333,204.96133333333333,282.92438171998054
9470,172.94866666666667,281.7166666666667,205.01866666666666,282.47573545535045
9480,173.096,281.29,205.076,282.0270891907203
9490,173.24333333333334,280.86333333333334,205.13333333333333,281.5784429260902
9500,173.39066666666668,280.43666666666667,205.19066666666666,281.12979666146003
9510,173.53799999999998,280.01,205.248,280.68115039682993
9520,173.68533333333332,279.58333333333337,205.30533333333332,280.2325041321998
9530,173.83266666666665,279.1566666666667,205.36266666666666,279.7838578675697
9540,173.98,278.73,205.42,279.3352116029395
9550,174.12466666666666,278.24733333333336,205.43599999999998,278.85522596707375
9560,174.26933333333332,277.7646666666667,205.452,278.37524033120803
9570,174.414,277.28200000000004,205.468,277.89525469534226
9580,174.55866666666665,276.7993333333333,205.48399999999998,277.41526905947654
9590,174.70333333333332,276.31666666666666,205.5,276.93528342361077
9600,174.84799999999998,275.834,205.516,276.455297787745
9610,174.99266666666665,275.35133333333334,205.53199999999998,275.9753121518793
9620,175.13733333333334,274.8686666666667,205.548,275.4953265160135
9630,175.282,274.386,205.564,275.0153408801478
9640,175.42666666666668,273.90333333333336,205.57999999999998,274.535355244282
9650,175.57133333333334,273.4206666666667,205.596,274.05536960841624
9660,175.716,272.938,205.612,273.5753839725505
9670,175.86066666666667,272.45533333333333,205.628,273.09539833668475
9680,176.00533333333334,271.97266666666667,205.644,272.61541270081904
9690,176.15,271.49,205.66,272.13542706495326
9700,176.29066666666668,271.43533333333335,205.70666666666668,272.0836519392399
9710,176.43133333333333,271.3806666666667,205.75333333333333,272.03187681352654
9720,176.572,271.326,205.8,271.9801016878132
9730,176.71266666666668,271.27133333333336,205.84666666666666,271.92832656209987
9740,176.85333333333332,271.2166666666667,205.89333333333335,271.87655143638653
9750,176.994,271.16200000000003,205.94,271.82477631067314
9760,177.13466666666667,271.1073333333334,205.98666666666668,271.7730011849598
9770,177.27533333333332,271.05266666666665,206.03333333333333,271.7212260592465
9780,177.416,270.998,206.08,271.66945093353314
9790,177.55666666666667,270.9433333333333,206.12666666666667,271.61767580781975
9800,177.69733333333332,270.88866666666667,206.17333333333335,271.5659006821064
9810,177.838,270.834,206.22,271.5141255563931
9820,177.97866666666667,270.77933333333334,206.26666666666668,271.46235043067975
9830,178.11933333333332,270.7246666666667,206.31333333333333,271.41057530496636
9840,178.26,270.67,206.36,271.358800179253
9850,178.396,270.3586666666667,206.39266666666668,271.0368901068843
9860,178.53199999999998,270.04733333333337,206.42533333333336,270.71498003451563
9870,178.668,269.736,206.458,270.3930699621469
9880,178.804,269.42466666666667,206.49066666666667,270.07115988977824
9890,178.94,269.11333333333334,206.52333333333334,269.7492498174095
9900,179.076,268.802,206.556,269.4273397450408
9910,179.212,268.4906666666667,206.58866666666668,269.10542967267213
9920,179.348,268.1793333333333,206.62133333333333,268.7835196003034
9930,179.484,267.868,206.654,268.46160952793474
9940,179.62,267.5566666666667,206.68666666666667,268.139699455566
9950,179.756,267.24533333333335,206.71933333333334,267.8177893831973
9960,179.892,266.934,206.752,267.4958793108286
9970,180.02800000000002,266.62266666666665,206.78466666666665,267.1739692384599
9980,180.16400000000002,266.3113333333333,206.81733333333332,266.85205916609124
9990,180.3,266.0,206.85,266.5301490937225
10000,180.43,265.696,206.87133333333333,266.22211347989565
10010,180.56,265.392,206.89266666666666,265.91407786606885
10020,180.69,265.088,206.914,265.606042252242
10030,180.82000000000002,264.784,206.93533333333332,265.2980066384152
10040,180.95000000000002,264.48,206.95666666666665,264.9899710245883
10050,181.08,264.176,206.97799999999998,264.6819354107615
10060,181.21,263.872,206.9993333333333,264.37389979693467
10070,181.34,263.568,207.02066666666667,264.06586418310786
10080,181.47,263.264,207.042,263.757828569281
10090,181.6,262.96,207.06333333333333,263.4497929554542
10100,181.73,262.656,207.08466666666666,263.14175734162734
10110,181.86,262.352,207.106,262.83372172780054
10120,181.99,262.048,207.12733333333333,262.5256861139737
10130,182.12,261.74399999999997,207.14866666666666,262.2176505001469
10140,182.25,261.44,207.17,261.90961488632
10150,182.374,261.194,207.188,261.66361382928943
10160,182.498,260.948,207.206,261.4176127722588
10170,182.622,260.702,207.224,261.1716117152282
10180,182.746,260.456,207.242,260.9256106581976
10190,182.87,260.21,207.26,260.679609601167
10200,182.994,259.964,207.278,260.4336085441364
10210,183.118,259.718,207.296,260.1876074871058
10220,183.24200000000002,259.472,207.314,259.9416064300752
10230,183.366,259.226,207.332,259.6956053730446
10240,183.49,258.98,207.35,259.449604316014
10250,183.614,258.734,207.368,259.2036032589834
10260,183.738,258.488,207.386,258.9576022019528
10270,183.86200000000002,258.242,207.404,258.7116011449222
10280,183.98600000000002,257.996,207.422,258.4656000878916
10290,184.11,257.75,207.44,258.219599030861
10300,184.228,257.61466666666666,207.46533333333332,258.083792628881
10310,184.346,257.47933333333333,207.49066666666667,257.947986226901
10320,184.464,257.344,207.516,257.812179824921
10330,184.58200000000002,257.20866666666666,207.54133333333334,257.676373422941
10340,184.70000000000002,257.0733333333333,207.56666666666666,257.540567020961
10350,184.818,256.938,207.59199999999998,257.404760618981
10360,184.936,256.80266666666665,207.61733333333333,257.268954217001
10370,185.054,256.6673333333333,207.64266666666666,257.133147815021
10380,185.172,256.532,207.668,256.997341413041
10390,185.29,256.39666666666665,207.69333333333333,256.861535011061
10400,185.408,256.2613333333333,207.71866666666665,256.725728609081
10410,185.526,256.126,207.744,256.58992220710104
10420,185.644,255.99066666666667,207.76933333333332,256.45411580512103
10430,185.762,255.85533333333333,207.79466666666667,256.31830940314103
10440,185.88,255.72,207.82,256.182503001161
10450,185.99133333333333,255.30333333333334,207.82266666666666,255.7529813574903
10460,186.10266666666666,254.88666666666666,207.82533333333333,255.32345971381963
10470,186.214,254.47,207.828,254.89393807014892
10480,186.32533333333333,254.05333333333334,207.83066666666667,254.4644164264782
10490,186.43666666666667,253.63666666666666,207.83333333333334,254.03489478280753
10500,186.548,253.22,207.836,253.60537313913682
10510,186.65933333333334,252.80333333333334,207.83866666666668,253.1758514954661
10520,186.77066666666667,252.38666666666666,207.84133333333332,252.74632985179542
10530,186.882,251.97,207.844,252.3168082081247
10540,186.99333333333334,251.55333333333334,207.84666666666666,251.887286564454
10550,187.10466666666667,251.13666666666666,207.84933333333333,251.45776492078332
10560,187.216,250.72,207.852,251.0282432771126
10570,187.32733333333334,250.30333333333334,207.85466666666667,250.5987216334419
10580,187.43866666666668,249.88666666666666,207.85733333333334,250.16919998977122
10590,187.55,249.47,207.86,249.7396783461005
10600,187.65466666666669,249.22933333333333,207.8586666666667,249.50237112434664
10610,187.75933333333333,248.98866666666666,207.85733333333334,249.26506390259277
10620,187.864,248.748,207.85600000000002,249.0277566808389
10630,187.96866666666668,248.50733333333335,207.85466666666667,248.79044945908504
10640,188.07333333333335,248.26666666666668,207.85333333333335,248.55314223733117
10650,188.178,248.026,207.852,248.3158350155773
10660,188.28266666666667,247.78533333333334,207.85066666666668,248.07852779382344
10670,188.38733333333334,247.54466666666667,207.84933333333333,247.84122057206957
10680,188.49200000000002,247.304,207.848,247.6039133503157
10690,188.59666666666666,247.06333333333333,207.84666666666666,247.36660612856184
10700,188.70133333333334,246.82266666666666,207.84533333333334,247.12929890680797
10710,188.806,246.58200000000002,207.844,246.8919916850541
10720,188.91066666666669,246.34133333333335,207.84266666666667,246.65468446330024
10730,189.01533333333333,246.10066666666668,207.84133333333332,246.41737724154638
10740,189.12,245.86,207.84,246.1800700197925
10750,189.21866666666668,245.61333333333334,207.844,245.92467141421497
10760,189.31733333333332,245.36666666666667,207.848,245.66927280863743
10770,189.416,245.12,207.852,245.41387420305992
10780,189.51466666666667,244.87333333333333,207.856,245.15847559748238
10790,189.61333333333334,244.62666666666667,207.86,244.90307699190484
10800,189.712,244.38,207.864,244.6476783863273
10810,189.81066666666666,244.13333333333333,207.868,244.39227978074976
10820,189.90933333333334,243.88666666666668,207.872,244.13688117517225
10830,190.008,243.64000000000001,207.876,243.8814825695947
10840,190.10666666666665,243.39333333333335,207.88,243.62608396401717
10850,190.20533333333333,243.14666666666668,207.88400000000001,243.37068535843963
10860,190.304,242.9,207.888,243.1152867528621
10870,190.40266666666668,242.65333333333334,207.892,242.85988814728458
10880,190.50133333333332,242.40666666666667,207.89600000000002,242.60448954170704
10890,190.6,242.16,207.9,242.3490909361295
10900,190.68666666666667,241.684,207.874,241.8652951409878
10910,190.77333333333334,241.208,207.848,241.3814993458461
10920,190.85999999999999,240.732,207.822,240.8977035507044
10930,190.94666666666666,240.256,207.796,240.4139077555627
10940,191.03333333333333,239.78,207.77,239.930111960421
10950,191.12,239.304,207.744,239.44631616527928
10960,191.20666666666668,238.828,207.718,238.96252037013758
10970,191.29333333333332,238.352,207.692,238.4787245749959
10980,191.38,237.876,207.666,237.9949287798542
10990,191.46666666666667,237.4,207.64,237.5111329847125
11000,191.55333333333334,236.924,207.614,237.0273371895708
11010,191.64000000000001,236.448,207.588,236.5435413944291
11020,191.72666666666666,235.972,207.56199999999998,236.0597455992874
11030,191.81333333333333,235.496,207.536,235.5759498041457
11040,191.9,235.02,207.51,235.092154009004
11050,191.98066666666668,234.9,207.49866666666665,234.9796110567336
11060,192.06133333333335,234.78,207.48733333333334,234.8670681044632
11070,192.142,234.66,207.476,234.7545251521928
11080,192.22266666666667,234.54000000000002,207.46466666666666,234.64198219992238
11090,192.30333333333334,234.42000000000002,207.45333333333332,234.529439247652
11100,192.38400000000001,234.3,207.442,234.4168962953816
11110,192.4646666666667,234.18,207.43066666666667,234.3043533431112
11120,192.54533333333333,234.06,207.41933333333333,234.1918103908408
11130,192.626,233.94,207.408,234.07926743857038
11140,192.70666666666668,233.82,207.39666666666668,233.9667244863
11150,192.78733333333335,233.7,207.38533333333334,233.8541815340296
11160,192.86800000000002,233.58,207.374,233.7416385817592
11170,192.94866666666667,233.46,207.36266666666666,233.6290956294888
11180,193.02933333333334,233.34,207.35133333333334,233.51655267721839
11190,193.11,233.22,207.34,233.404009724948
11200,193.186,232.89866666666666,207.322,233.07201927356735
11210,193.262,232.57733333333334,207.304,232.74002882218673
11220,193.33800000000002,232.256,207.286,232.40803837080608
11230,193.41400000000002,231.93466666666666,207.268,232.07604791942546
11240,193.49,231.61333333333334,207.25,231.74405746804482
11250,193.566,231.292,207.232,231.4120670166642
11260,193.642,230.97066666666666,207.214,231.08007656528355
11270,193.71800000000002,230.64933333333335,207.196,230.74808611390293
11280,193.794,230.328,207.178,230.41609566252228
11290,193.87,230.00666666666666,207.16,230.08410521114166
11300,193.946,229.68533333333335,207.142,229.752114759761
11310,194.022,229.364,207.124,229.4201243083804
11320,194.098,229.04266666666666,207.106,229.08813385699975
11330,194.174,228.72133333333335,207.088,228.75614340561913
11340,194.25,228.4,207.07,228.42415295423848
11350,194.32,228.05,207.03266666666667,228.07430654981925
11360,194.39000000000001,227.70000000000002,206.99533333333332,227.72446014540006
11370,194.46,227.35,206.958,227.37461374098083
11380,194.53,227.0,206.92066666666665,227.0247673365616
11390,194.6,226.65,206.88333333333333,226.6749209321424
11400,194.67000000000002,226.3,206.846,226.3250745277232
11410,194.74,225.95000000000002,206.80866666666665,225.97522812330396
11420,194.81,225.6,206.77133333333333,225.62538171888477
11430,194.88,225.25,206.73399999999998,225.27553531446554
11440,194.95000000000002,224.9,206.69666666666666,224.92568891004632
11450,195.02,224.55,206.65933333333334,224.57584250562712
11460,195.09,224.20000000000002,206.62199999999999,224.2259961012079
11470,195.16,223.85,206.58466666666666,223.87614969678867
11480,195.23000000000002,223.5,206.5473333333333,223.52630329236948
11490,195.3,223.15,206.51,223.17645688795025
11500,195.36466666666666,222.98333333333335,206.486,223.0103460765641
11510,195.42933333333335,222.81666666666666,206.462,222.84423526517796
11520,195.494,222.65,206.438,222.6781244537918
11530,195.55866666666668,222.48333333333335,206.414,222.51201364240566
11540,195.62333333333333,222.31666666666666,206.39,222.34590283101952
11550,195.68800000000002,222.15,206.36599999999999,222.17979201963337
11560,195.75266666666667,221.98333333333335,206.34199999999998,222.01368120824722
11570,195.81733333333335,221.81666666666666,206.318,221.84757039686104
11580,195.882,221.65,206.294,221.6814595854749
11590,195.9466666666667,221.48333333333335,206.27,221.51534877408875
11600,196.01133333333334,221.31666666666666,206.246,221.3492379627026
11610,196.07600000000002,221.15,206.222,221.18312715131646
11620,196.14066666666668,220.98333333333335,206.198,221.0170163399303
11630,196.20533333333336,220.81666666666666,206.174,220.85090552854416
11640,196.27,220.65,206.15,220.684794717158
11650,196.32866666666666,220.386,206.12,220.4152472839439
11660,196.38733333333334,220.122,206.09,220.1456998507298
11670,196.446,219.858,206.06,219.8761524175157
11680,196.50466666666668,219.594,206.03,219.6066049843016
11690,196.56333333333333,219.33,206.0,219.3370575510875
11700,196.622,219.066,205.97,219.0675101178734
11710,196.68066666666667,218.802,205.94,218.7979626846593
11720,196.73933333333335,218.538,205.91,218.5284152514452
11730,196.798,218.274,205.88,218.2588678182311
11740,196.85666666666668,218.01,205.85,217.989320385017
11750,196.91533333333334,217.746,205.82,217.7197729518029
11760,196.97400000000002,217.482,205.79,217.4502255185888
11770,197.03266666666667,217.218,205.76,217.1806780853747
11780,197.09133333333335,216.954,205.73,216.9111306521606
11790,197.15,216.69,205.7,216.6415832189465
11800,197.20333333333335,216.584,205.67533333333333,216.54132642682782
11810,197.25666666666666,216.478,205.65066666666667,216.44106963470915
11820,197.31,216.37199999999999,205.626,216.34081284259048
11830,197.36333333333334,216.266,205.60133333333332,216.24055605047184
11840,197.41666666666666,216.16,205.57666666666665,216.14029925835317
11850,197.47,216.054,205.552,216.0400424662345
11860,197.52333333333334,215.948,205.52733333333333,215.93978567411583
11870,197.57666666666665,215.84199999999998,205.50266666666667,215.83952888199715
11880,197.63,215.736,205.478,215.73927208987848
11890,197.68333333333334,215.63,205.45333333333335,215.6390152977598
11900,197.73666666666665,215.524,205.4286666666667,215.53875850564114
11910,197.79,215.418,205.404,215.4385017135225
11920,197.84333333333333,215.31199999999998,205.37933333333334,215.33824492140383
11930,197.89666666666665,215.206,205.35466666666667,215.23798812928516
11940,197.95,215.1,205.33,215.13773133716649
11950,197.99733333333333,215.00133333333332,205.3166666666667,215.03438550639157
11960,198.04466666666664,214.90266666666668,205.30333333333334,214.9310396756167
11970,198.09199999999998,214.804,205.29000000000002,214.82769384484178
11980,198.13933333333333,214.70533333333333,205.27666666666667,214.7243480140669
11990,198.18666666666667,214.60666666666665,205.26333333333335,214.62100218329198
12000,198.23399999999998,214.508,205.25,214.5176563525171
12010,198.28133333333332,214.40933333333334,205.23666666666668,214.41431052174218
12020,198.32866666666666,214.31066666666666,205.22333333333333,214.3109646909673
12030,198.376,214.212,205.21,214.20761886019238
12040,198.42333333333332,214.11333333333334,205.19666666666666,214.1042730294175
12050,198.47066666666666,214.01466666666667,205.18333333333334,214.0009271986426
12060,198.518,213.916,205.17,213.8975813678677
12070,198.56533333333334,213.81733333333332,205.15666666666667,213.7942355370928
12080,198.61266666666666,213.71866666666668,205.14333333333332,213.6908897063179
12090,198.66,213.62,205.13,213.587543875543
12100,198.70133333333334,213.346,205.09799999999998,213.30872932636018
12110,198.74266666666665,213.072,205.066,213.0299147771774
12120,198.784,212.798,205.034,212.75110022799458
12130,198.82533333333333,212.524,205.002,212.4722856788118
12140,198.86666666666667,212.25,204.97,212.193471129629
12150,198.908,211.976,204.938,211.9146565804462
12160,198.94933333333333,211.702,204.906,211.6358420312634
12170,198.99066666666667,211.428,204.874,211.3570274820806
12180,199.032,211.154,204.842,211.0782129328978
12190,199.07333333333332,210.88,204.81,210.79939838371502
12200,199.11466666666666,210.606,204.778,210.5205838345322
12210,199.156,210.332,204.746,210.24176928534942
12220,199.19733333333335,210.058,204.714,209.9629547361666
12230,199.23866666666666,209.784,204.68200000000002,209.68414018698383
12240,199.28,209.51,204.65,209.405325637801
12250,199.31666666666666,209.15466666666666,204.60333333333332,209.04364126442707
12260,199.35333333333332,208.79933333333332,204.55666666666667,208.68195689105312
12270,199.39000000000001,208.444,204.51,208.32027251767917
12280,199.42666666666668,208.08866666666665,204.46333333333334,207.9585881443052
12290,199.46333333333334,207.73333333333332,204.41666666666666,207.59690377093125
12300,199.5,207.378,204.37,207.2352193975573
12310,199.53666666666666,207.02266666666665,204.32333333333332,206.87353502418335
12320,199.57333333333335,206.66733333333335,204.27666666666667,206.5118506508094
12330,199.61,206.312,204.23,206.15016627743546
12340,199.64666666666668,205.95666666666668,204.18333333333334,205.7884819040615
12350,199.68333333333334,205.60133333333334,204.13666666666666,205.42679753068757
12360,199.72,205.246,204.09,205.0651131573136
12370,199.7566666666667,204.89066666666668,204.04333333333332,204.70342878393964
12380,199.79333333333335,204.53533333333334,203.99666666666667,204.3417444105657
12390,199.83,204.18,203.95,203.98006003719175
12400,199.86200000000002,203.6966666666667,203.88199999999998,203.48509640294176
12410,199.894,203.21333333333334,203.814,202.99013276869178
12420,199.92600000000002,202.73000000000002,203.74599999999998,202.4951691344418
12430,199.958,202.24666666666667,203.678,202.0002055001918
12440,199.99,201.76333333333335,203.60999999999999,201.50524186594183
12450,200.02200000000002,201.28,203.542,201.01027823169184
12460,200.054,200.79666666666668,203.474,200.51531459744186
12470,200.086,200.31333333333333,203.406,200.0203509631919
12480,200.118,199.83,203.338,199.52538732894192
12490,200.15,199.34666666666666,203.27,199.03042369469193
12500,200.18200000000002,198.86333333333334,203.202,198.53546006044195
12510,200.214,198.38,203.13400000000001,198.04049642619196
12520,200.246,197.89666666666668,203.066,197.54553279194198
12530,200.278,197.41333333333333,202.99800000000002,197.050569157692
12540,200.31,196.93,202.93,196.555605523442
12550,200.33733333333333,196.54933333333335,202.848,196.18146066415693
12560,200.36466666666666,196.16866666666667,202.766,195.80731580487188
12570,200.392,195.788,202.684,195.4331709455868
12580,200.41933333333333,195.40733333333333,202.602,195.05902608630174
12590,200.44666666666666,195.02666666666667,202.52,194.68488122701666
12600,200.474,194.64600000000002,202.438,194.3107363677316
12610,200.50133333333332,194.26533333333333,202.356,193.93659150844653
12620,200.52866666666668,193.88466666666667,202.274,193.56244664916147
12630,200.556,193.504,202.192,193.1883017898764
12640,200.58333333333334,193.12333333333333,202.10999999999999,192.81415693059134
12650,200.61066666666667,192.74266666666668,202.028,192.44001207130626
12660,200.638,192.362,201.946,192.0658672120212
12670,200.66533333333334,191.98133333333334,201.864,191.69172235273612
12680,200.69266666666667,191.60066666666665,201.78199999999998,191.31757749345107
12690,200.72,191.22,201.7,190.943432634166
12700,200.74266666666668,191.216,201.65466666666666,190.94420458568678
12710,200.76533333333333,191.212,201.60933333333332,190.9449765372076
12720,200.788,191.208,201.564,190.94574848872838
12730,200.81066666666666,191.204,201.51866666666666,190.9465204402492
12740,200.83333333333334,191.2,201.47333333333333,190.94729239177
12750,200.856,191.196,201.428,190.94806434329078
12760,200.87866666666667,191.192,201.38266666666667,190.9488362948116
12770,200.90133333333333,191.188,201.33733333333333,190.9496082463324
12780,200.924,191.184,201.292,190.9503801978532
12790,200.94666666666666,191.18,201.24666666666667,190.951152149374
12800,200.96933333333334,191.176,201.20133333333334,190.9519241008948
12810,200.992,191.172,201.156,190.9526960524156
12820,201.01466666666667,191.168,201.11066666666667,190.9534680039364
12830,201.03733333333332,191.164,201.06533333333334,190.9542399554572
12840,201.06,191.16,201.02,190.955011906978
12850,201.07866666666666,190.936,200.96800000000002,190.72450466620114
12860,201.09733333333332,190.712,200.916,190.4939974254243
12870,201.116,190.488,200.864,190.26349018464745
12880,201.13466666666667,190.264,200.812,190.0329829438706
12890,201.15333333333334,190.04,200.76000000000002,189.80247570309373
12900,201.172,189.816,200.708,189.5719684623169
12910,201.19066666666666,189.592,200.656,189.34146122154004
12920,201.20933333333335,189.368,200.604,189.11095398076318
12930,201.228,189.144,200.55200000000002,188.88044673998633
12940,201.24666666666667,188.92000000000002,200.5,188.6499394992095
12950,201.26533333333333,188.696,200.448,188.41943225843264
12960,201.284,188.472,200.39600000000002,188.18892501765578
12970,201.30266666666668,188.24800000000002,200.34400000000002,187.95841777687892
12980,201.32133333333334,188.024,200.292,187.7279105361021
12990,201.34,187.8,200.24,187.49740329532523
13000,201.35266666666666,187.35866666666666,200.166,187.04253853413084
13010,201.36533333333333,186.91733333333335,200.092,186.58767377293645
13020,201.37800000000001,186.476,200.018,186.13280901174207
13030,201.39066666666668,186.03466666666668,199.94400000000002,185.6779442505477
13040,201.40333333333334,185.59333333333333,199.87,185.22307948935332
13050,201.416,185.15200000000002,199.796,184.76821472815894
13060,201.42866666666666,184.71066666666667,199.722,184.31334996696455
13070,201.44133333333335,184.26933333333335,199.648,183.85848520577017
13080,201.454,183.828,199.574,183.40362044457578
13090,201.46666666666667,183.38666666666668,199.5,182.9487556833814
13100,201.47933333333333,182.94533333333334,199.426,182.493890922187
13110,201.492,182.50400000000002,199.352,182.03902616099265
13120,201.50466666666668,182.06266666666667,199.278,181.58416139979826
13130,201.51733333333334,181.62133333333335,199.204,181.12929663860388
13140,201.53,181.18,199.13,180.6744318774095
13150,201.538,180.78933333333333,199.03533333333334,180.2890661159143
13160,201.546,180.39866666666668,198.94066666666666,179.90370035441913
13170,201.554,180.008,198.846,179.51833459292394
13180,201.562,179.61733333333333,198.75133333333332,179.13296883142877
13190,201.57,179.22666666666666,198.65666666666667,178.74760306993358
13200,201.578,178.836,198.562,178.36223730843838
13210,201.586,178.44533333333334,198.46733333333333,177.97687154694322
13220,201.594,178.05466666666666,198.37266666666667,177.59150578544802
13230,201.602,177.664,198.278,177.20614002395286
13240,201.61,177.27333333333334,198.18333333333334,176.82077426245766
13250,201.618,176.88266666666667,198.08866666666668,176.43540850096247
13260,201.626,176.492,197.994,176.0500427394673
13270,201.63400000000001,176.10133333333332,197.89933333333335,175.6646769779721
13280,201.642,175.71066666666667,197.80466666666666,175.27931121647694
13290,201.65,175.32,197.71,174.89394545498175
13300,201.65266666666668,175.29333333333332,197.65,174.8719352133025
13310,201.65533333333335,175.26666666666665,197.59,174.84992497162324
13320,201.65800000000002,175.23999999999998,197.53,174.82791472994398
13330,201.66066666666666,175.21333333333334,197.47,174.80590448826476
13340,201.66333333333333,175.18666666666667,197.41,174.7838942465855
13350,201.666,175.16,197.35,174.76188400490625
13360,201.66866666666667,175.13333333333333,197.29,174.739873763227
13370,201.67133333333334,175.10666666666665,197.23000000000002,174.71786352154774
13380,201.674,175.07999999999998,197.17000000000002,174.6958532798685
13390,201.67666666666668,175.0533333333333,197.11,174.67384303818923
13400,201.67933333333335,175.02666666666664,197.05,174.65183279650998
13410,201.682,175.0,196.99,174.62982255483075
13420,201.68466666666666,174.97333333333333,196.93,174.6078123131515
13430,201.68733333333333,174.94666666666666,196.87,174.58580207147224
13440,201.69,174.92,196.81,174.563791829793
13450,201.688,174.5,196.726,174.1295882047306
13460,201.686,174.07999999999998,196.642,173.6953845796682
13470,201.684,173.66,196.558,173.2611809546058
13480,201.682,173.23999999999998,196.47400000000002,172.82697732954338
13490,201.68,172.82,196.39000000000001,172.392773704481
13500,201.678,172.4,196.306,171.9585700794186
13510,201.676,171.98,196.222,171.5243664543562
13520,201.674,171.56,196.138,171.0901628292938
13530,201.672,171.14,196.054,170.6559592042314
13540,201.67,170.72,195.97,170.221755579169
13550,201.668,170.3,195.886,169.78755195410662
13560,201.666,169.88,195.80200000000002,169.3533483290442
13570,201.664,169.46,195.71800000000002,168.9191447039818
13580,201.662,169.04,195.63400000000001,168.4849410789194
13590,201.66,168.62,195.55,168.050737453857
13600,201.65333333333334,168.23000000000002,195.452,167.65773156482786
13610,201.64666666666668,167.84,195.354,167.26472567579867
13620,201.64,167.45000000000002,195.256,166.87171978676952
13630,201.63333333333333,167.06,195.15800000000002,166.47871389774033
13640,201.62666666666667,166.67000000000002,195.06,166.08570800871118
13650,201.62,166.28,194.96200000000002,165.692702119682
13660,201.61333333333334,165.89000000000001,194.864,165.29969623065284
13670,201.60666666666665,165.5,194.76600000000002,164.90669034162366
13680,201.6,165.11,194.668,164.5136844525945
13690,201.59333333333333,164.72,194.57000000000002,164.12067856356532
13700,201.58666666666667,164.33,194.472,163.72767267453617
13710,201.58,163.94,194.37400000000002,163.33466678550698
13720,201.57333333333332,163.55,194.276,162.94166089647783
13730,201.56666666666666,163.16,194.17800000000003,162.54865500744864
13740,201.56,162.77,194.08,162.1556491184195
13750,201.548,162.43800000000002,193.97933333333336,161.82260802141812
13760,201.536,162.106,193.87866666666667,161.48956692441672
13770,201.524,161.774,193.77800000000002,161.15652582741535
13780,201.512,161.442,193.67733333333334,160.82348473041395
13790,201.5,161.11,193.57666666666668,160.49044363341258
13800,201.488,160.778,193.476,160.15740253641118
13810,201.476,160.446,193.37533333333334,159.8243614394098
13820,201.464,160.114,193.27466666666666,159.49132034240841
13830,201.452,159.782,193.174,159.15827924540704
13840,201.44,159.45,193.07333333333332,158.82523814840565
13850,201.428,159.118,192.97266666666667,158.49219705140428
13860,201.416,158.786,192.87199999999999,158.15915595440288
13870,201.404,158.454,192.77133333333333,157.8261148574015
13880,201.392,158.12199999999999,192.67066666666665,157.4930737604001
13890,201.38,157.79,192.57,157.16003266339874
13900,201.36333333333332,157.53666666666666,192.474,156.9057234144197
13910,201.34666666666666,157.28333333333333,192.378,156.65141416544063
13920,201.32999999999998,157.03,192.28199999999998,156.3971049164616
13930,201.31333333333333,156.77666666666667,192.186,156.14279566748255
13940,201.29666666666665,156.52333333333334,192.09,155.8884864185035
13950,201.28,156.27,191.994,155.63417716952443
13960,201.26333333333332,156.01666666666668,191.898,155.3798679205454
13970,201.24666666666667,155.76333333333332,191.802,155.12555867156635
13980,201.23,155.51,191.706,154.8712494225873
13990,201.21333333333334,155.25666666666666,191.60999999999999,154.61694017360824
14000,201.19666666666666,155.00333333333333,191.51399999999998,154.3626309246292
14010,201.18,154.75,191.418,154.10832167565016
14020,201.16333333333333,154.49666666666667,191.322,153.85401242667112
14030,201.14666666666668,154.24333333333334,191.226,153.59970317769205
14040,201.13,153.99,191.13,153.345393928713
14050,201.10933333333332,153.90733333333336,191.04866666666666,153.2682846995745
14060,201.08866666666665,153.82466666666667,190.96733333333333,153.191175470436
14070,201.06799999999998,153.74200000000002,190.886,153.1140662412975
14080,201.04733333333334,153.65933333333334,190.80466666666666,153.036957012159
14090,201.02666666666667,153.57666666666668,190.72333333333333,152.9598477830205
14100,201.006,153.494,190.642,152.882738553882
14110,200.98533333333333,153.41133333333335,190.56066666666666,152.8056293247435
14120,200.96466666666666,153.32866666666666,190.47933333333333,152.728520095605
14130,200.944,153.246,190.398,152.6514108664665
14140,200.92333333333332,153.16333333333333,190.31666666666666,152.574301637328
14150,200.90266666666665,153.08066666666667,190.23533333333333,152.4971924081895
14160,200.882,152.998,190.154,152.420083179051
14170,200.86133333333333,152.91533333333334,190.07266666666666,152.3429739499125
14180,200.84066666666666,152.83266666666665,189.99133333333333,152.265864720774
14190,200.82,152.75,189.91,152.1887554916355
14200,200.79333333333332,152.44666666666666,189.81799999999998,151.87441418420462
14210,200.76666666666665,152.14333333333335,189.726,151.56007287677377
14220,200.73999999999998,151.84,189.634,151.2457315693429
14230,200.71333333333334,151.53666666666666,189.542,150.93139026191204
14240,200.68666666666667,151.23333333333332,189.45,150.61704895448116
14250,200.66,150.93,189.358,150.30270764705028
14260,200.63333333333333,150.62666666666667,189.266,149.98836633961943
14270,200.60666666666665,150.32333333333332,189.174,149.67402503218855
14280,200.57999999999998,150.01999999999998,189.082,149.3596837247577
14290,200.5533333333333,149.71666666666667,188.99,149.04534241732682
14300,200.52666666666664,149.41333333333333,188.898,148.73100110989594
14310,200.5,149.10999999999999,188.806,148.4166598024651
14320,200.47333333333333,148.80666666666664,188.714,148.1023184950342
14330,200.44666666666666,148.50333333333333,188.622,147.78797718760336
14340,200.42,148.2,188.53,147.47363588017248
14350,200.38866666666667,147.892,188.42,147.16926330671322
14360,200.35733333333332,147.584,188.31,146.864890733254
14370,200.326,147.27599999999998,188.2,146.56051815979473
14380,200.29466666666664,146.968,188.09,146.2561455863355
14390,200.26333333333332,146.66,187.98,145.95177301287623
14400,200.232,146.352,187.87,145.64740043941697
14410,200.20066666666665,146.044,187.76,145.34302786595774
14420,200.16933333333333,145.736,187.65,145.03865529249848
14430,200.13799999999998,145.428,187.54,144.73428271903924
14440,200.10666666666665,145.12,187.43,144.42991014557998
14450,200.07533333333333,144.812,187.32,144.12553757212072
14460,200.04399999999998,144.50400000000002,187.21,143.8211649986615
14470,200.01266666666666,144.196,187.1,143.51679242520223
14480,199.9813333333333,143.888,186.99,143.212419851743
14490,199.95,143.58,186.88,142.90804727828373
14500,199.914,143.52933333333334,186.79533333333333,142.8608442510601
14510,199.878,143.47866666666667,186.71066666666667,142.81364122383644
14520,199.84199999999998,143.428,186.626,142.7664381966128
14530,199.80599999999998,143.37733333333335,186.54133333333334,142.71923516938912
14540,199.76999999999998,143.32666666666668,186.45666666666668,142.67203214216548
14550,199.73399999999998,143.276,186.372,142.62482911494183
14560,199.69799999999998,143.22533333333334,186.28733333333335,142.5776260877182
14570,199.662,143.17466666666667,186.20266666666666,142.53042306049454
14580,199.626,143.124,186.118,142.4832200332709
14590,199.59,143.07333333333332,186.03333333333333,142.43601700604725
14600,199.554,143.02266666666665,185.94866666666667,142.3888139788236
14610,199.518,142.972,185.864,142.34161095159993
14620,199.482,142.92133333333334,185.77933333333334,142.2944079243763
14630,199.446,142.87066666666666,185.69466666666668,142.24720489715264
14640,199.41,142.82,185.61,142.200001869929
14650,199.37,142.308,185.49266666666668,141.67088244340223
14660,199.32999999999998,141.796,185.37533333333334,141.1417630168755
14670,199.29,141.284,185.258,140.61264359034874
14680,199.25,140.772,185.14066666666668,140.083524163822
14690,199.21,140.26,185.02333333333334,139.55440473729524
14700,199.17,139.748,184.906,139.0252853107685
14710,199.13,139.236,184.78866666666667,138.49616588424175
14720,199.09,138.724,184.67133333333334,137.967046457715
14730,199.05,138.212,184.554,137.43792703118825
14740,199.01,137.7,184.43666666666667,136.90880760466152
14750,198.97,137.188,184.31933333333333,136.37968817813476
14760,198.93,136.676,184.202,135.85056875160802
14770,198.89000000000001,136.164,184.08466666666666,135.32144932508126
14780,198.85,135.652,183.96733333333333,134.79232989855453
14790,198.81,135.14,183.85,134.26321047202777
14800,198.76466666666667,134.80066666666664,183.72333333333333,133.92635328173608
14810,198.71933333333334,134.46133333333333,183.59666666666666,133.5894960914444
14820,198.674,134.12199999999999,183.47,133.25263890115272
14830,198.62866666666667,133.78266666666667,183.34333333333333,132.91578171086104
14840,198.58333333333334,133.44333333333333,183.21666666666667,132.57892452056936
14850,198.538,133.10399999999998,183.09,132.24206733027768
14860,198.49266666666668,132.76466666666667,182.96333333333334,131.905210139986
14870,198.44733333333332,132.42533333333333,182.83666666666664,131.5683529496943
14880,198.402,132.086,182.70999999999998,131.2314957594026
14890,198.35666666666665,131.74666666666667,182.58333333333331,130.89463856911092
14900,198.31133333333332,131.40733333333333,182.45666666666665,130.55778137881924
14910,198.266,131.068,182.32999999999998,130.22092418852756
14920,198.22066666666666,130.72866666666667,182.20333333333332,129.88406699823588
14930,198.17533333333333,130.38933333333335,182.07666666666665,129.5472098079442
14940,198.13,130.05,181.95,129.21035261765252
14950,198.08133333333333,129.804,181.83333333333331,128.9636051379921
14960,198.03266666666667,129.55800000000002,181.71666666666667,128.7168576583317
14970,197.984,129.312,181.6,128.47011017867126
14980,197.93533333333332,129.066,181.48333333333332,128.22336269901083
14990,197.88666666666666,128.82,181.36666666666665,127.97661521935042
15000,197.838,128.574,181.25,127.72986773969001
15010,197.78933333333333,128.328,181.13333333333333,127.4831202600296
15020,197.74066666666667,128.082,181.01666666666665,127.23637278036917
15030,197.692,127.836,180.89999999999998,126.98962530070875
15040,197.64333333333335,127.59,180.78333333333333,126.74287782104834
15050,197.59466666666668,127.34400000000001,180.66666666666666,126.49613034138791
15060,197.546,127.098,180.54999999999998,126.2493828617275
15070,197.49733333333333,126.852,180.4333333333333,126.00263538206708
15080,197.44866666666667,126.606,180.31666666666666,125.75588790240666
15090,197.4,126.36,180.2,125.50914042274624
15100,197.34733333333335,126.10333333333334,180.08266666666665,125.2503501281133
15110,197.29466666666667,125.84666666666666,179.96533333333332,124.99155983348034
15120,197.24200000000002,125.59,179.84799999999998,124.73276953884739
15130,197.18933333333334,125.33333333333333,179.73066666666665,124.47397924421445
15140,197.13666666666668,125.07666666666667,179.61333333333332,124.21518894958149
15150,197.084,124.82000000000001,179.49599999999998,123.95639865494854
15160,197.03133333333335,124.56333333333333,179.37866666666665,123.6976083603156
15170,196.97866666666667,124.30666666666667,179.26133333333334,123.43881806568264
15180,196.92600000000002,124.05,179.144,123.1800277710497
15190,196.87333333333333,123.79333333333334,179.02666666666667,122.92123747641675
15200,196.82066666666668,123.53666666666668,178.90933333333334,122.66244718178379
15210,196.768,123.28,178.792,122.40365688715085
15220,196.71533333333335,123.02333333333334,178.67466666666667,122.1448665925179
15230,196.66266666666667,122.76666666666667,178.55733333333333,121.88607629788494
15240,196.61,122.51,178.44,121.627286003252
15250,196.55266666666668,122.06866666666667,178.304,121.1772748601053
15260,196.49533333333335,121.62733333333334,178.168,120.72726371695859
15270,196.43800000000002,121.186,178.032,120.2772525738119
15280,196.38066666666668,120.74466666666667,177.896,119.8272414306652
15290,196.32333333333335,120.30333333333334,177.76,119.3772302875185
15300,196.26600000000002,119.86200000000001,177.624,118.92721914437179
15310,196.2086666666667,119.42066666666668,177.488,118.4772080012251
15320,196.15133333333333,118.97933333333333,177.352,118.0271968580784
15330,196.094,118.538,177.216,117.5771857149317
15340,196.03666666666666,118.09666666666666,177.08,117.12717457178499
15350,195.97933333333333,117.65533333333333,176.94400000000002,116.6771634286383
15360,195.922,117.214,176.808,116.2271522854916
15370,195.86466666666666,116.77266666666667,176.672,115.7771411423449
15380,195.80733333333333,116.33133333333333,176.536,115.32712999919819
15390,195.75,115.89,176.4,114.8771188560515
15400,195.68866666666668,115.63133333333333,176.26533333333333,114.62333400921369
15410,195.62733333333333,115.37266666666667,176.13066666666668,114.3695491623759
15420,195.566,115.114,175.996,114.1157643155381
15430,195.50466666666668,114.85533333333333,175.86133333333333,113.8619794687003
15440,195.44333333333333,114.59666666666666,175.72666666666666,113.60819462186251
15450,195.382,114.33800000000001,175.592,113.3544097750247
15460,195.32066666666668,114.07933333333334,175.45733333333334,113.1006249281869
15470,195.25933333333333,113.82066666666667,175.32266666666666,112.84684008134911
15480,195.198,113.562,175.188,112.59305523451131
15490,195.13666666666668,113.30333333333334,175.05333333333334,112.33927038767351
15500,195.07533333333333,113.04466666666667,174.91866666666667,112.08548554083572
15510,195.014,112.786,174.784,111.83170069399792
15520,194.9526666666667,112.52733333333333,174.64933333333332,111.57791584716011
15530,194.89133333333334,112.26866666666668,174.51466666666667,111.32413100032232
15540,194.83,112.01,174.38,111.07034615348452
15550,194.76466666666667,111.83666666666667,174.25933333333333,110.8970685204077
15560,194.69933333333336,111.66333333333334,174.13866666666667,110.72379088733088
15570,194.63400000000001,111.49000000000001,174.018,110.55051325425407
15580,194.56866666666667,111.31666666666666,173.89733333333334,110.37723562117725
15590,194.50333333333333,111.14333333333333,173.77666666666667,110.20395798810043
15600,194.43800000000002,110.97,173.656,110.0306803550236
15610,194.37266666666667,110.79666666666667,173.53533333333334,109.85740272194678
15620,194.30733333333333,110.62333333333333,173.41466666666665,109.68412508886998
15630,194.242,110.45,173.29399999999998,109.51084745579315
15640,194.17666666666668,110.27666666666667,173.17333333333332,109.33756982271633
15650,194.11133333333333,110.10333333333334,173.05266666666665,109.16429218963951
15660,194.046,109.92999999999999,172.932,108.99101455656269
15670,193.98066666666665,109.75666666666666,172.81133333333332,108.81773692348588
15680,193.91533333333334,109.58333333333333,172.69066666666666,108.64445929040906
15690,193.85,109.41,172.57,108.47118165733224
15700,193.78,109.204,172.44666666666666,108.26269215546849
15710,193.71,108.99799999999999,172.32333333333332,108.05420265360473
15720,193.64,108.792,172.2,107.845713151741
15730,193.57,108.586,172.07666666666665,107.63722364987724
15740,193.5,108.38,171.95333333333332,107.42873414801349
15750,193.43,108.17399999999999,171.82999999999998,107.22024464614974
15760,193.36,107.96799999999999,171.70666666666665,107.01175514428598
15770,193.29,107.762,171.58333333333334,106.80326564242225
15780,193.22,107.556,171.46,106.5947761405585
15790,193.15,107.35,171.33666666666667,106.38628663869474
15800,193.08,107.14399999999999,171.21333333333334,106.17779713683099
15810,193.01000000000002,106.93799999999999,171.09,105.96930763496724
15820,192.94,106.732,170.96666666666667,105.7608181331035
15830,192.87,106.526,170.84333333333333,105.55232863123975
15840,192.8,106.32,170.72,105.343839129376
