Time (s),T_outer (C),T_inner (C),T_avg (C),Input Temperature (C)
0,258.725628409635,258.725628409635,258.725628409635,258.725628409635
10,258.725628409635,258.725628409635,258.725628409635,258.725628409635
20,258.725628409635,258.725628409635,258.725628409635,258.725628409635
30,258.725628409635,258.725628409635,258.725628409635,258.725628409635
40,258.725628409635,258.725628409635,258.725628409635,258.725628409635
50,258.725628409635,258.725628409635,258.725628409635,258.725628409635
60,258.725628409635,258.725628409635,258.725628409635,258.725628409635
70,258.725628409635,258.725628409635,258.725628409635,258.725628409635
80,258.725628409635,258.725628409635,258.725628409635,258.725628409635
90,258.725628409635,258.725628409635,258.725628409635,258.725628409635
100,258.725628409635,258.725628409635,258.725628409635,258.725628409635
110,258.725628409635,258.725628409635,258.725628409635,258.725628409635
120,258.725628409635,258.725628409635,258.725628409635,258.725628409635
130,258.725628409635,258.725628409635,258.725628409635,258.725628409635
140,258.725628409635,258.725628409635,258.725628409635,258.725628409635
150,258.725628409635,258.725628409635,258.725628409635,258.725628409635
160,258.725628409635,258.725628409635,258.725628409635,258.725628409635
170,258.725628409635,258.725628409635,258.725628409635,258.725628409635
180,258.725628409635,258.725628409635,258.725628409635,258.725628409635
190,258.725628409635,258.725628409635,258.725628409635,258.725628409635
200,258.725628409635,258.725628409635,258.725628409635,258.725628409635
210,258.725628409635,258.725628409635,258.725628409635,258.725628409635
220,258.725628409635,258.725628409635,258.725628409635,258.725628409635
230,258.725628409635,258.725628409635,258.725628409635,258.725628409635
240,258.725628409635,258.725628409635,258.725628409635,258.725628409635
250,258.725628409635,258.725628409635,258.725628409635,258.725628409635
260,258.725628409635,258.725628409635,258.725628409635,258.725628409635
270,258.725628409635,258.725628409635,258.725628409635,258.725628409635
280,258.725628409635,258.725628409635,258.725628409635,258.725628409635
290,258.725628409635,258.725628409635,258.725628409635,258.725628409635
300,258.725628409635,258.725628409635,258.725628409635,258.725628409635
310,258.725628409635,258.725628409635,258.725628409635,258.725628409635
320,258.725628409635,258.725628409635,258.725628409635,258.725628409635
330,258.725628409635,258.725628409635,258.725628409635,258.725628409635
340,258.725628409635,258.725628409635,258.725628409635,258.725628409635
350,258.725628409635,258.725628409635,258.725628409635,258.725628409635
360,258.725628409635,258.725628409635,258.725628409635,258.725628409635
370,258.725628409635,258.725628409635,258.725628409635,258.725628409635
380,258.725628409635,258.725628409635,258.725628409635,258.725628409635
390,258.725628409635,258.725628409635,258.725628409635,258.725628409635
400,258.725628409635,258.725628409635,258.725628409635,258.725628409635
410,258.725628409635,258.725628409635,258.725628409635,258.725628409635
420,258.725628409635,258.725628409635,258.725628409635,258.725628409635
430,258.725628409635,258.725628409635,258.725628409635,258.725628409635
440,258.725628409635,258.725628409635,258.725628409635,258.725628409635
450,258.725628409635,258.725628409635,258.725628409635,258.725628409635
460,258.725628409635,258.725628409635,258.725628409635,258.725628409635
470,258.725628409635,258.725628409635,258.725628409635,258.725628409635
480,258.725628409635,258.725628409635,258.725628409635,258.725628409635
490,258.725628409635,258.725628409635,258.725628409635,258.725628409635
500,258.725628409635,258.725628409635,258.725628409635,258.725628409635
510,258.725628409635,258.725628409635,258.725628409635,258.725628409635
520,258.725628409635,258.725628409635,258.725628409635,258.725628409635
530,258.725628409635,258.725628409635,258.725628409635,258.725628409635
540,258.725628409635,258.725628409635,258.725628409635,258.725628409635
550,258.725628409635,258.725628409635,258.725628409635,258.725628409635
560,258.725628409635,258.725628409635,258.725628409635,258.725628409635
570,258.725628409635,258.725628409635,258.725628409635,258.725628409635
580,258.725628409635,258.725628409635,258.725628409635,258.725628409635
590,258.725628409635,258.725628409635,258.725628409635,258.725628409635
600,258.725628409635,258.725628409635,258.725628409635,258.725628409635
610,258.725628409635,258.725628409635,258.725628409635,258.725628409635
620,258.725628409635,258.725628409635,258.725628409635,258.725628409635
630,258.725628409635,258.725628409635,258.725628409635,258.725628409635
640,258.725628409635,258.725628409635,258.725628409635,258.725628409635
650,258.725628409635,258.725628409635,258.725628409635,258.725628409635
660,258.725628409635,258.725628409635,258.725628409635,258.725628409635
670,258.725628409635,258.725628409635,258.725628409635,258.725628409635
680,258.725628409635,258.725628409635,258.725628409635,258.725628409635
690,258.725628409635,258.725628409635,258.725628409635,258.725628409635
700,258.725628409635,258.725628409635,258.725628409635,258.725628409635
710,258.725628409635,258.725628409635,258.725628409635,258.725628409635
720,258.725628409635,258.725628409635,258.725628409635,258.725628409635
730,258.725628409635,258.725628409635,258.725628409635,258.725628409635
740,258.725628409635,258.725628409635,258.725628409635,258.725628409635
750,258.725628409635,258.725628409635,258.725628409635,258.725628409635
760,258.725628409635,258.725628409635,258.725628409635,258.725628409635
770,258.725628409635,258.725628409635,258.725628409635,258.725628409635
780,258.725628409635,258.725628409635,258.725628409635,258.725628409635
790,258.725628409635,258.725628409635,258.725628409635,258.725628409635
800,258.725628409635,258.725628409635,258.725628409635,258.725628409635
810,258.725628409635,258.725628409635,258.725628409635,258.725628409635
820,258.725628409635,258.725628409635,258.725628409635,258.725628409635
830,258.725628409635,258.725628409635,258.725628409635,258.725628409635
840,258.725628409635,258.725628409635,258.725628409635,258.725628409635
850,258.725628409635,258.725628409635,258.725628409635,258.725628409635
860,258.725628409635,258.725628409635,258.725628409635,258.725628409635
870,258.725628409635,258.725628409635,258.725628409635,258.725628409635
880,258.725628409635,258.725628409635,258.725628409635,258.725628409635
890,258.725628409635,258.725628409635,258.725628409635,258.725628409635
900,258.725628409635,258.725628409635,258.725628409635,258.725628409635
910,258.725628409635,258.725628409635,258.725628409635,258.725628409635
920,258.725628409635,258.725628409635,258.725628409635,258.725628409635
930,258.725628409635,258.725628409635,258.725628409635,258.725628409635
940,258.725628409635,258.725628409635,258.725628409635,258.725628409635
950,258.725628409635,258.725628409635,258.725628409635,258.725628409635
960,258.725628409635,258.725628409635,258.725628409635,258.725628409635
970,258.725628409635,258.725628409635,258.725628409635,258.725628409635
980,258.725628409635,258.725628409635,258.725628409635,258.725628409635
990,258.725628409635,258.725628409635,258.725628409635,258.725628409635
1000,258.725628409635,258.725628409635,258.725628409635,258.725628409635
1010,258.725628409635,258.725628409635,258.725628409635,258.725628409635
1020,258.725628409635,258.725628409635,258.725628409635,258.725628409635
1030,258.725628409635,258.725628409635,258.725628409635,258.725628409635
1040,258.725628409635,258.725628409635,258.725628409635,258.725628409635
1050,258.725628409635,258.725628409635,258.725628409635,258.725628409635
1060,258.725628409635,258.725628409635,258.725628409635,258.725628409635
1070,258.725628409635,258.725628409635,258.725628409635,258.725628409635
1080,258.725628409635,258.725628409635,258.725628409635,258.725628409635
1090,258.725628409635,258.725628409635,258.725628409635,258.725628409635
1100,258.725628409635,258.725628409635,258.725628409635,258.725628409635
1110,258.725628409635,258.725628409635,258.725628409635,258.725628409635
1120,258.725628409635,258.725628409635,258.725628409635,258.725628409635
1130,258.725628409635,258.725628409635,258.725628409635,258.725628409635
1140,258.725628409635,258.725628409635,258.725628409635,258.725628409635
1150,258.725628409635,258.725628409635,258.725628409635,258.725628409635
1160,258.725628409635,258.725628409635,258.725628409635,258.725628409635
1170,258.725628409635,258.725628409635,258.725628409635,258.725628409635
1180,258.725628409635,258.725628409635,258.725628409635,258.725628409635
1190,258.725628409635,258.725628409635,258.725628409635,258.725628409635
1200,258.725628409635,258.725628409635,258.725628409635,258.725628409635
1210,258.725628409635,258.725628409635,258.725628409635,258.725628409635
1220,258.725628409635,258.725628409635,258.725628409635,258.725628409635
1230,258.725628409635,258.725628409635,258.725628409635,258.725628409635
1240,258.725628409635,258.725628409635,258.725628409635,258.725628409635
1250,258.725628409635,258.725628409635,258.725628409635,258.725628409635
1260,258.725628409635,258.725628409635,258.725628409635,258.725628409635
1270,258.725628409635,258.725628409635,258.725628409635,258.725628409635
1280,258.725628409635,258.725628409635,258.725628409635,258.725628409635
1290,258.725628409635,258.725628409635,258.725628409635,258.725628409635
1300,258.725628409635,258.725628409635,258.725628409635,258.725628409635
1310,258.725628409635,258.725628409635,258.725628409635,258.725628409635
1320,258.725628409635,258.725628409635,258.725628409635,258.725628409635
1330,258.725628409635,258.725628409635,258.725628409635,258.725628409635
1340,258.725628409635,258.725628409635,258.725628409635,258.725628409635
1350,258.725628409635,258.725628409635,258.725628409635,258.725628409635
1360,258.725628409635,258.725628409635,258.725628409635,258.725628409635
1370,258.725628409635,258.725628409635,258.725628409635,258.725628409635
1380,258.725628409635,258.725628409635,258.725628409635,258.725628409635
1390,258.725628409635,258.725628409635,258.725628409635,258.725628409635
1400,258.725628409635,258.725628409635,258.725628409635,258.725628409635
1410,258.725628409635,258.725628409635,258.725628409635,258.725628409635
1420,258.725628409635,258.725628409635,258.725628409635,258.725628409635
1430,258.725628409635,258.725628409635,258.725628409635,258.725628409635
1440,258.725628409635,258.725628409635,258.725628409635,258.725628409635
1440,258.725628409635,258.725628409635,258.725628409635,258.725628409635
1450,258.7259198489927,259.65458651565933,258.8059198489927,259.6917351237641
1460,258.7262112883503,260.5835446216837,258.88621128835035,260.6578418378931
1470,258.726502727708,261.512502727708,258.966502727708,261.62394855202217
1480,258.7267941670657,262.4414608337324,259.0467941670657,262.59005526615124
1490,258.7270856064234,263.3704189397567,259.12708560642335,263.5561619802803
1500,258.727377045781,264.299377045781,259.207377045781,264.5222686944093
1510,258.7276684851387,265.22833515180537,259.2876684851387,265.4883754085384
1520,258.72795992449636,266.1572932578297,259.36795992449635,266.45448212266746
1530,258.72825136385404,267.08625136385405,259.448251363854,267.4205888367965
1540,258.72854280321167,268.01520946987836,259.5285428032117,268.38669555092554
1550,258.72883424256935,268.94416757590267,259.60883424256934,269.3528022650546
1560,258.72912568192703,269.87312568192704,259.689125681927,270.3189089791837
1570,258.7294171212847,270.80208378795135,259.7694171212847,271.28501569331274
1580,258.72970856064234,271.7310418939757,259.84970856064234,272.25112240744176
1590,258.73,272.66,259.93,273.2172291215708
1600,258.73,273.5626666666667,260.0593333333333,274.1325656288613
1610,258.73,274.4653333333334,260.1886666666667,275.0479021361518
1620,258.73,275.368,260.318,275.96323864344225
1630,258.73,276.27066666666667,260.44733333333335,276.87857515073273
1640,258.73,277.17333333333335,260.57666666666665,277.7939116580232
1650,258.73,278.076,260.706,278.7092481653137
1660,258.73,278.9786666666667,260.8353333333333,279.62458467260416
1670,258.73,279.8813333333333,260.9646666666667,280.5399211798947
1680,258.73,280.784,261.094,281.45525768718517
1690,258.73,281.68666666666667,261.22333333333336,282.37059419447564
1700,258.73,282.58933333333334,261.35266666666666,283.2859307017661
1710,258.73,283.492,261.482,284.2012672090566
1720,258.73,284.39466666666664,261.61133333333333,285.1166037163471
1730,258.73,285.2973333333333,261.7406666666667,286.03194022363755
1740,258.73,286.2,261.87,286.947276730928
1750,258.73,287.04866666666663,262.024,287.80475828430025
1760,258.73,287.89733333333334,262.178,288.6622398376724
1770,258.73,288.746,262.332,289.51972139104464
1780,258.73,289.5946666666667,262.486,290.3772029444168
1790,258.73,290.4433333333333,262.64,291.23468449778903
1800,258.73,291.292,262.794,292.0921660511612
1810,258.73,292.1406666666667,262.948,292.9496476045334
1820,258.73,292.9893333333333,263.10200000000003,293.8071291579056
1830,258.73,293.838,263.25600000000003,294.6646107112778
1840,258.73,294.68666666666667,263.41,295.52209226465
1850,258.73,295.5353333333333,263.564,296.3795738180222
1860,258.73,296.384,263.718,297.2370553713944
1870,258.73,297.23266666666666,263.872,298.0945369247666
1880,258.73,298.08133333333336,264.026,298.95201847813877
1890,258.73,298.93,264.18,299.809500031511
1900,258.73133333333334,299.7153333333333,264.3453333333333,300.6020418838852
1910,258.73266666666666,300.5006666666667,264.5106666666667,301.3945837362594
1920,258.73400000000004,301.286,264.676,302.1871255886336
1930,258.73533333333336,302.0713333333333,264.84133333333335,302.9796674410078
1940,258.7366666666667,302.8566666666667,265.00666666666666,303.772209293382
1950,258.738,303.642,265.172,304.5647511457562
1960,258.7393333333333,304.4273333333333,265.33733333333333,305.3572929981304
1970,258.7406666666667,305.2126666666667,265.5026666666667,306.1498348505046
1980,258.742,305.998,265.668,306.9423767028788
1990,258.74333333333334,306.7833333333333,265.83333333333337,307.734918555253
2000,258.74466666666666,307.5686666666667,265.9986666666667,308.5274604076272
2010,258.746,308.354,266.16400000000004,309.3200022600014
2020,258.74733333333336,309.1393333333333,266.32933333333335,310.1125441123756
2030,258.7486666666667,309.92466666666667,266.4946666666667,310.9050859647498
2040,258.75,310.71,266.66,311.697627817124
2050,258.75333333333333,311.616,266.84933333333333,312.6167417797005
2060,258.75666666666666,312.522,267.0386666666667,313.53585574227696
2070,258.76,313.428,267.228,314.4549697048535
2080,258.7633333333333,314.334,267.4173333333334,315.37408366743
2090,258.76666666666665,315.24,267.6066666666667,316.2931976300065
2100,258.77,316.146,267.796,317.212311592583
2110,258.7733333333333,317.052,267.98533333333336,318.13142555515947
2120,258.7766666666667,317.95799999999997,268.17466666666667,319.050539517736
2130,258.78000000000003,318.864,268.36400000000003,319.9696534803125
2140,258.78333333333336,319.77,268.55333333333334,320.888767442889
2150,258.7866666666667,320.676,268.74266666666665,321.8078814054655
2160,258.79,321.582,268.932,322.72699536804197
2170,258.79333333333335,322.488,269.1213333333333,323.6461093306185
2180,258.7966666666667,323.394,269.3106666666667,324.565223293195
2190,258.8,324.3,269.5,325.4843372557715
2200,258.808,325.3966666666667,269.7246666666667,326.6000390522545
2210,258.81600000000003,326.49333333333334,269.94933333333336,327.7157408487375
2220,258.824,327.59000000000003,270.174,328.8314426452205
2230,258.832,328.68666666666667,270.39866666666666,329.94714444170353
2240,258.84000000000003,329.78333333333336,270.62333333333333,331.0628462381865
2250,258.848,330.88,270.848,332.1785480346695
2260,258.856,331.9766666666667,271.0726666666667,333.2942498311525
2270,258.86400000000003,333.0733333333333,271.2973333333333,334.4099516276355
2280,258.872,334.17,271.522,335.5256534241185
2290,258.88,335.26666666666665,271.74666666666667,336.6413552206015
2300,258.88800000000003,336.36333333333334,271.97133333333335,337.7570570170845
2310,258.896,337.46,272.196,338.87275881356754
2320,258.904,338.5566666666667,272.42066666666665,339.98846061005054
2330,258.91200000000003,339.6533333333333,272.6453333333333,341.10416240653353
2340,258.92,340.75,272.87,342.2198642030165
2350,258.93466666666666,341.76533333333333,273.118,343.23364036014317
2360,258.94933333333336,342.78066666666666,273.366,344.24741651726976
2370,258.964,343.796,273.614,345.2611926743964
2380,258.9786666666667,344.8113333333333,273.862,346.274968831523
2390,258.99333333333334,345.82666666666665,274.11,347.2887449886496
2400,259.008,346.842,274.358,348.3025211457762
2410,259.0226666666667,347.8573333333333,274.606,349.31629730290285
2420,259.0373333333333,348.8726666666667,274.854,350.33007346002944
2430,259.052,349.88800000000003,275.102,351.3438496171561
2440,259.06666666666666,350.90333333333336,275.34999999999997,352.35762577428267
2450,259.0813333333333,351.9186666666667,275.59799999999996,353.3714019314093
2460,259.096,352.934,275.846,354.3851780885359
2470,259.11066666666665,353.94933333333336,276.094,355.39895424566254
2480,259.12533333333334,354.9646666666667,276.342,356.4127304027891
2490,259.14,355.98,276.59,357.42650655991577
2500,259.162,356.5926666666667,276.8113333333333,358.03984360442314
2510,259.18399999999997,357.20533333333333,277.03266666666667,358.65318064893046
2520,259.206,357.81800000000004,277.25399999999996,359.26651769343783
2530,259.228,358.4306666666667,277.4753333333333,359.87985473794515
2540,259.25,359.04333333333335,277.69666666666666,360.4931917824525
2550,259.272,359.656,277.918,361.10652882695985
2560,259.294,360.26866666666666,278.13933333333335,361.7198658714672
2570,259.31600000000003,360.8813333333334,278.36066666666665,362.33320291597454
2580,259.338,361.494,278.582,362.9465399604819
2590,259.36,362.1066666666667,278.80333333333334,363.55987700498923
2600,259.382,362.71933333333334,279.0246666666667,364.1732140494966
2610,259.404,363.332,279.24600000000004,364.7865510940039
2620,259.42600000000004,363.9446666666667,279.46733333333333,365.3998881385113
2630,259.44800000000004,364.55733333333336,279.6886666666667,366.0132251830186
2640,259.47,365.17,279.91,366.626562227526
2650,259.5006666666667,366.40333333333336,280.1806666666667,367.8871849685351
2660,259.53133333333335,367.63666666666666,280.45133333333337,369.14780770954417
2670,259.562,368.87,280.72200000000004,370.4084304505533
2680,259.5926666666667,370.10333333333335,280.9926666666667,371.6690531915624
2690,259.62333333333333,371.3366666666667,281.2633333333334,372.9296759325715
2700,259.654,372.57,281.53400000000005,374.19029867358057
2710,259.68466666666666,373.80333333333334,281.8046666666667,375.4509214145897
2720,259.7153333333334,375.0366666666667,282.07533333333333,376.7115441555988
2730,259.74600000000004,376.27000000000004,282.346,377.9721668966079
2740,259.7766666666667,377.50333333333333,282.6166666666667,379.232789637617
2750,259.80733333333336,378.7366666666667,282.88733333333334,380.4934123786261
2760,259.838,379.97,283.158,381.7540351196352
2770,259.8686666666667,381.2033333333334,283.4286666666667,383.0146578606443
2780,259.89933333333335,382.43666666666667,283.69933333333336,384.2752806016534
2790,259.93,383.67,283.97,385.5359033426625
2800,259.97133333333335,384.7033333333334,284.25600000000003,386.5700755445488
2810,260.0126666666667,385.7366666666667,284.54200000000003,387.6042477464351
2820,260.05400000000003,386.77000000000004,284.82800000000003,388.63841994832137
2830,260.0953333333333,387.80333333333334,285.11400000000003,389.6725921502077
2840,260.13666666666666,388.8366666666667,285.40000000000003,390.706764352094
2850,260.178,389.87,285.68600000000004,391.7409365539803
2860,260.21933333333334,390.90333333333336,285.97200000000004,392.7751087558666
2870,260.2606666666667,391.93666666666667,286.258,393.8092809577529
2880,260.302,392.97,286.544,394.8434531596392
2890,260.34333333333336,394.00333333333333,286.83,395.8776253615255
2900,260.3846666666667,395.0366666666667,287.116,396.91179756341177
2910,260.426,396.07,287.402,397.9459697652981
2920,260.46733333333333,397.10333333333335,287.688,398.9801419671844
2930,260.50866666666667,398.13666666666666,287.974,400.0143141690707
2940,260.55,399.17,288.26,401.048486370957
2950,260.60133333333334,399.8113333333333,288.52933333333334,401.67614224051135
2960,260.6526666666667,400.4526666666667,288.79866666666663,402.30379811006566
2970,260.704,401.094,289.068,402.93145397962
2980,260.75533333333334,401.73533333333336,289.33733333333333,403.5591098491743
2990,260.8066666666667,402.37666666666667,289.6066666666667,404.1867657187287
3000,260.858,403.01800000000003,289.876,404.814421588283
3010,260.90933333333334,403.65933333333334,290.1453333333333,405.44207745783734
3020,260.96066666666667,404.3006666666667,290.4146666666667,406.06973332739165
3030,261.012,404.942,290.684,406.697389196946
3040,261.06333333333333,405.58333333333337,290.9533333333333,407.3250450665003
3050,261.11466666666666,406.2246666666667,291.22266666666667,407.95270093605467
3060,261.166,406.86600000000004,291.492,408.580356805609
3070,261.21733333333333,407.50733333333335,291.76133333333337,409.20801267516333
3080,261.26866666666666,408.1486666666667,292.03066666666666,409.83566854471763
3090,261.32,408.79,292.3,410.463324414272
3100,261.38266666666664,408.84200000000004,292.50466666666665,410.5043981582852
3110,261.44533333333334,408.894,292.70933333333335,410.5454719022984
3120,261.508,408.946,292.914,410.5865456463116
3130,261.5706666666667,408.998,293.1186666666667,410.6276193903248
3140,261.6333333333333,409.05,293.3233333333333,410.668693134338
3150,261.69599999999997,409.10200000000003,293.528,410.7097668783512
3160,261.75866666666667,409.154,293.73266666666666,410.7508406223644
3170,261.8213333333333,409.206,293.93733333333336,410.79191436637757
3180,261.884,409.258,294.142,410.8329881103908
3190,261.94666666666666,409.31,294.3466666666667,410.874061854404
3200,262.0093333333333,409.362,294.55133333333333,410.9151355984172
3210,262.072,409.414,294.75600000000003,410.9562093424304
3220,262.13466666666665,409.466,294.96066666666667,410.9972830864436
3230,262.19733333333335,409.518,295.16533333333336,411.0383568304568
3240,262.26,409.57,295.37,411.07943057447
3250,262.33466666666664,409.36,295.5266666666667,410.8541228471681
3260,262.40933333333334,409.15,295.68333333333334,410.6288151198663
3270,262.484,408.94,295.84000000000003,410.40350739256445
3280,262.5586666666667,408.73,295.99666666666667,410.1781996652626
3290,262.6333333333333,408.52,296.15333333333336,409.9528919379607
3300,262.70799999999997,408.31,296.31,409.7275842106589
3310,262.78266666666667,408.1,296.4666666666667,409.50227648335704
3320,262.8573333333333,407.89,296.62333333333333,409.27696875605517
3330,262.932,407.68,296.78000000000003,409.0516610287533
3340,263.00666666666666,407.47,296.93666666666667,408.8263533014515
3350,263.0813333333333,407.26,297.09333333333336,408.6010455741496
3360,263.156,407.05,297.25,408.37573784684776
3370,263.23066666666665,406.84000000000003,297.4066666666667,408.1504301195459
3380,263.30533333333335,406.63,297.56333333333333,407.9251223922441
3390,263.38,406.42,297.72,407.6998146649422
3400,263.466,406.39933333333335,297.86,407.68105615673375
3410,263.552,406.3786666666667,298.0,407.66229764852534
3420,263.638,406.358,298.14000000000004,407.6435391403169
3430,263.724,406.33733333333333,298.28000000000003,407.6247806321084
3440,263.81,406.31666666666666,298.42,407.60602212389995
3450,263.896,406.296,298.56,407.58726361569154
3460,263.982,406.2753333333333,298.7,407.5685051074831
3470,264.068,406.2546666666667,298.84000000000003,407.5497465992746
3480,264.154,406.23400000000004,298.98,407.53098809106615
3490,264.24,406.21333333333337,299.12,407.51222958285774
3500,264.326,406.1926666666667,299.26,407.4934710746493
3510,264.41200000000003,406.172,299.4,407.4747125664408
3520,264.498,406.15133333333335,299.54,407.45595405823235
3530,264.584,406.1306666666667,299.68,407.43719555002394
3540,264.67,406.11,299.82,407.4184370418155
3550,264.7666666666667,406.23333333333335,299.966,407.54308159845294
3560,264.86333333333334,406.3566666666667,300.11199999999997,407.6677261550904
3570,264.96000000000004,406.48,300.258,407.79237071172787
3580,265.0566666666667,406.60333333333335,300.404,407.91701526836533
3590,265.15333333333336,406.7266666666667,300.55,408.0416598250028
3600,265.25,406.85,300.69599999999997,408.16630438164026
3610,265.3466666666667,406.97333333333336,300.842,408.2909489382777
3620,265.4433333333333,407.09666666666664,300.988,408.41559349491524
3630,265.54,407.21999999999997,301.134,408.5402380515527
3640,265.63666666666666,407.3433333333333,301.28,408.66488260819017
3650,265.73333333333335,407.46666666666664,301.426,408.78952716482763
3660,265.83,407.59,301.572,408.9141717214651
3670,265.9266666666667,407.7133333333333,301.718,409.03881627810256
3680,266.0233333333333,407.83666666666664,301.864,409.16346083474
3690,266.12,407.96,302.01,409.2881053913775
3700,266.2266666666667,408.1633333333333,302.162,409.4930068586134
3710,266.3333333333333,408.3666666666667,302.314,409.6979083258493
3720,266.44,408.57,302.466,409.90280979308517
3730,266.5466666666667,408.7733333333333,302.618,410.1077112603211
3740,266.65333333333336,408.97666666666663,302.77,410.312612727557
3750,266.76,409.18,302.922,410.5175141947929
3760,266.8666666666667,409.3833333333333,303.074,410.7224156620288
3770,266.97333333333336,409.58666666666664,303.226,410.9273171292647
3780,267.08000000000004,409.78999999999996,303.378,411.1322185965006
3790,267.18666666666667,409.99333333333334,303.53000000000003,411.3371200637365
3800,267.29333333333335,410.19666666666666,303.682,411.5420215309724
3810,267.40000000000003,410.4,303.834,411.74692299820833
3820,267.5066666666667,410.6033333333333,303.986,411.9518244654442
3830,267.61333333333334,410.8066666666667,304.13800000000003,412.1567259326801
3840,267.72,411.01,304.29,412.361627399916
3850,267.834,410.7,304.40133333333335,412.0321227306825
3860,267.94800000000004,410.39,304.5126666666667,411.7026180614489
3870,268.062,410.08,304.624,411.3731133922154
3880,268.17600000000004,409.77,304.73533333333336,411.04360872298184
3890,268.29,409.46,304.8466666666667,410.71410405374826
3900,268.404,409.15,304.958,410.38459938451473
3910,268.51800000000003,408.84,305.06933333333336,410.0550947152812
3920,268.632,408.53000000000003,305.18066666666664,409.7255900460476
3930,268.74600000000004,408.22,305.292,409.3960853768141
3940,268.86,407.91,305.4033333333333,409.06658070758056
3950,268.974,407.6,305.51466666666664,408.73707603834697
3960,269.088,407.29,305.626,408.40757136911344
3970,269.202,406.98,305.7373333333333,408.0780666998799
3980,269.31600000000003,406.67,305.84866666666665,407.7485620306463
3990,269.43,406.36,305.96,407.4190573614128
4000,269.55,406.08933333333334,306.048,407.1428461597312
4010,269.67,405.8186666666667,306.13599999999997,406.86663495804964
4020,269.79,405.548,306.224,406.590423756368
4030,269.91,405.27733333333333,306.31199999999995,406.31421255468643
4040,270.03000000000003,405.00666666666666,306.4,406.03800135300486
4050,270.15000000000003,404.736,306.488,405.7617901513233
4060,270.27000000000004,404.4653333333333,306.57599999999996,405.4855789496417
4070,270.39,404.1946666666667,306.664,405.2093677479601
4080,270.51,403.92400000000004,306.75199999999995,404.9331565462785
4090,270.63,403.65333333333336,306.84,404.6569453445969
4100,270.75,403.3826666666667,306.928,404.38073414291534
4110,270.87,403.112,307.01599999999996,404.10452294123377
4120,270.99,402.84133333333335,307.104,403.82831173955213
4130,271.11,402.5706666666667,307.19199999999995,403.55210053787056
4140,271.23,402.3,307.28,403.275889336189
4150,271.35333333333335,402.29466666666667,307.3693333333333,403.2843047576495
4160,271.4766666666667,402.28933333333333,307.45866666666666,403.2927201791101
4170,271.6,402.284,307.548,403.30113560057066
4180,271.72333333333336,402.2786666666667,307.6373333333333,403.30955102203126
4190,271.8466666666667,402.27333333333337,307.72666666666663,403.3179664434918
4200,271.97,402.26800000000003,307.816,403.3263818649524
4210,272.09333333333336,402.2626666666667,307.9053333333333,403.33479728641294
4220,272.21666666666664,402.25733333333335,307.99466666666666,403.34321270787353
4230,272.34,402.252,308.084,403.3516281293341
4240,272.4633333333333,402.24666666666667,308.17333333333335,403.36004355079467
4250,272.58666666666664,402.24133333333333,308.2626666666667,403.3684589722552
4260,272.71,402.23600000000005,308.352,403.3768743937158
4270,272.8333333333333,402.2306666666667,308.4413333333333,403.38528981517635
4280,272.95666666666665,402.22533333333337,308.53066666666666,403.39370523663695
4290,273.08,402.22,308.62,403.4021206580975
4300,273.20666666666665,402.73400000000004,308.7646666666667,403.92649585829037
4310,273.3333333333333,403.24800000000005,308.90933333333334,404.4508710584833
4320,273.46,403.762,309.05400000000003,404.9752462586762
4330,273.58666666666664,404.276,309.19866666666667,405.4996214588691
4340,273.7133333333333,404.79,309.34333333333336,406.023996659062
4350,273.84,405.30400000000003,309.488,406.54837185925487
4360,273.96666666666664,405.81800000000004,309.6326666666667,407.0727470594478
4370,274.09333333333336,406.332,309.77733333333333,407.5971222596407
4380,274.22,406.846,309.922,408.1214974598336
4390,274.3466666666667,407.36,310.06666666666666,408.6458726600265
4400,274.47333333333336,407.874,310.21133333333336,409.1702478602194
4410,274.6,408.38800000000003,310.356,409.6946230604123
4420,274.7266666666667,408.902,310.5006666666667,410.2189982606052
4430,274.85333333333335,409.416,310.6453333333333,410.7433734607981
4440,274.98,409.93,310.79,411.267748660991
4450,275.1073333333334,409.79533333333336,310.9046666666667,411.1146339052163
4460,275.23466666666667,409.66066666666666,311.01933333333335,410.9615191494416
4470,275.362,409.526,311.134,410.8084043936669
4480,275.4893333333333,409.39133333333336,311.2486666666667,410.6552896378922
4490,275.6166666666667,409.25666666666666,311.36333333333334,410.5021748821175
4500,275.744,409.122,311.478,410.3490601263428
4510,275.8713333333333,408.98733333333337,311.5926666666667,410.1959453705681
4520,275.9986666666667,408.85266666666666,311.70733333333334,410.0428306147934
4530,276.126,408.718,311.822,409.8897158590187
4540,276.25333333333333,408.58333333333337,311.93666666666667,409.73660110324397
4550,276.3806666666667,408.44866666666667,312.05133333333333,409.58348634746926
4560,276.508,408.314,312.166,409.4303715916946
4570,276.63533333333334,408.1793333333334,312.28066666666666,409.2772568359199
4580,276.76266666666663,408.04466666666667,312.3953333333333,409.1241420801452
4590,276.89,407.91,312.51,408.9710273243705
4600,277.01866666666666,407.74533333333335,312.60333333333335,408.80033920340986
4610,277.14733333333334,407.5806666666667,312.69666666666666,408.6296510824492
4620,277.276,407.416,312.79,408.45896296148857
4630,277.4046666666666,407.2513333333334,312.8833333333333,408.28827484052795
4640,277.5333333333333,407.0866666666667,312.9766666666667,408.1175867195673
4650,277.662,406.922,313.07,407.94689859860665
4660,277.79066666666665,406.75733333333335,313.16333333333336,407.77621047764603
4670,277.9193333333333,406.5926666666667,313.25666666666666,407.6055223566854
4680,278.048,406.428,313.35,407.4348342357248
4690,278.1766666666667,406.2633333333333,313.4433333333333,407.2641461147641
4700,278.30533333333335,406.09866666666665,313.5366666666667,407.0934579938035
4710,278.43399999999997,405.934,313.63,406.9227698728429
4720,278.56266666666664,405.76933333333335,313.72333333333336,406.75208175188226
4730,278.6913333333333,405.6046666666667,313.81666666666666,406.5813936309216
4740,278.82,405.44,313.91,406.41070550996096
4750,278.94733333333335,405.44933333333336,314.0006666666667,406.43014039186625
4760,279.07466666666664,405.45866666666666,314.09133333333335,406.44957527377153
4770,279.202,405.468,314.182,406.4690101556768
4780,279.32933333333335,405.4773333333333,314.2726666666667,406.4884450375821
4790,279.45666666666665,405.4866666666667,314.36333333333334,406.5078799194874
4800,279.584,405.496,314.454,406.52731480139266
4810,279.71133333333336,405.50533333333334,314.54466666666667,406.54674968329795
4820,279.83866666666665,405.51466666666664,314.63533333333334,406.56618456520323
4830,279.966,405.524,314.726,406.5856194471085
4840,280.09333333333336,405.5333333333333,314.81666666666666,406.6050543290138
4850,280.22066666666666,405.54266666666666,314.9073333333333,406.6244892109191
4860,280.348,405.55199999999996,314.998,406.64392409282436
4870,280.47533333333337,405.5613333333333,315.08866666666665,406.66335897472965
4880,280.60266666666666,405.5706666666666,315.1793333333333,406.68279385663493
4890,280.73,405.58,315.27,406.7022287385402
4900,280.8573333333334,405.9893333333333,315.4026666666667,407.11948299136327
4910,280.98466666666667,406.39866666666666,315.5353333333333,407.5367372441863
4920,281.112,406.808,315.668,407.9539914970094
4930,281.2393333333333,407.21733333333333,315.80066666666664,408.37124574983244
4940,281.3666666666667,407.62666666666667,315.93333333333334,408.7885000026555
4950,281.494,408.036,316.066,409.20575425547855
4960,281.6213333333333,408.44533333333334,316.19866666666667,409.6230085083016
4970,281.7486666666667,408.8546666666667,316.3313333333333,410.0402627611246
4980,281.876,409.264,316.464,410.45751701394767
4990,282.00333333333333,409.67333333333335,316.59666666666664,410.8747712667707
5000,282.1306666666667,410.0826666666667,316.72933333333333,411.2920255195938
5010,282.258,410.492,316.86199999999997,411.70927977241683
5020,282.38533333333334,410.90133333333335,316.99466666666666,412.1265340252399
5030,282.51266666666663,411.3106666666667,317.1273333333333,412.54378827806295
5040,282.64,411.72,317.26,412.961042530886
5050,282.76666666666665,411.24733333333336,317.33799999999997,412.45870187868076
5060,282.8933333333333,410.7746666666667,317.416,411.9563612264755
5070,283.02,410.302,317.49399999999997,411.45402057427026
5080,283.14666666666665,409.82933333333335,317.572,410.951679922065
5090,283.2733333333333,409.3566666666667,317.65,410.44933926985976
5100,283.4,408.884,317.728,409.9469986176545
5110,283.52666666666664,408.41133333333335,317.806,409.44465796544927
5120,283.65333333333336,407.9386666666667,317.884,408.94231731324396
5130,283.78000000000003,407.466,317.962,408.4399766610387
5140,283.9066666666667,406.99333333333334,318.04,407.93763600883346
5150,284.03333333333336,406.52066666666667,318.118,407.4352953566282
5160,284.16,406.048,318.196,406.93295470442297
5170,284.2866666666667,405.57533333333333,318.274,406.4306140522177
5180,284.41333333333336,405.10266666666666,318.35200000000003,405.9282734000125
5190,284.54,404.63,318.43,405.4259327478072
5200,284.66533333333336,404.6333333333333,318.50600000000003,405.4440736791325
5210,284.7906666666667,404.63666666666666,318.582,405.4622146104578
5220,284.916,404.64,318.658,405.48035554178307
5230,285.04133333333334,404.6433333333333,318.734,405.49849647310833
5240,285.1666666666667,404.64666666666665,318.81,405.51663740443365
5250,285.29200000000003,404.65,318.886,405.5347783357589
5260,285.4173333333334,404.6533333333333,318.962,405.5529192670842
5270,285.54266666666666,404.6566666666667,319.038,405.5710601984095
5280,285.668,404.66,319.114,405.58920112973476
5290,285.79333333333335,404.66333333333336,319.19,405.60734206106
5300,285.9186666666667,404.6666666666667,319.266,405.62548299238534
5310,286.04400000000004,404.67,319.342,405.6436239237106
5320,286.1693333333333,404.67333333333335,319.418,405.66176485503587
5330,286.29466666666667,404.6766666666667,319.49399999999997,405.6799057863612
5340,286.42,404.68,319.57,405.69804671768645
5350,286.54466666666667,404.8573333333333,319.6773333333333,405.87335143968374
5360,286.6693333333333,405.0346666666667,319.7846666666667,406.04865616168104
5370,286.79400000000004,405.212,319.892,406.2239608836783
5380,286.9186666666667,405.38933333333335,319.9993333333333,406.39926560567557
5390,287.04333333333335,405.56666666666666,320.1066666666667,406.57457032767286
5400,287.168,405.74399999999997,320.214,406.74987504967015
5410,287.29266666666666,405.92133333333334,320.3213333333333,406.92517977166744
5420,287.4173333333334,406.09866666666665,320.4286666666667,407.1004844936647
5430,287.54200000000003,406.276,320.536,407.275789215662
5440,287.6666666666667,406.4533333333333,320.6433333333333,407.45109393765927
5450,287.79133333333334,406.6306666666666,320.7506666666667,407.62639865965656
5460,287.916,406.808,320.858,407.80170338165385
5470,288.0406666666667,406.9853333333333,320.9653333333333,407.9770081036511
5480,288.16533333333336,407.16266666666667,321.0726666666667,408.1523128256484
5490,288.29,407.34,321.18,408.3276175476457
5500,288.41200000000003,407.31333333333333,321.2726666666667,408.2967682674564
5510,288.534,407.28666666666663,321.36533333333335,408.2659189872672
5520,288.656,407.26,321.458,408.2350697070779
5530,288.778,407.2333333333333,321.55066666666664,408.2042204268887
5540,288.90000000000003,407.20666666666665,321.6433333333333,408.1733711466994
5550,289.022,407.18,321.736,408.1425218665102
5560,289.144,407.1533333333333,321.82866666666666,408.11167258632094
5570,289.266,407.12666666666667,321.92133333333334,408.0808233061317
5580,289.38800000000003,407.09999999999997,322.014,408.04997402594245
5590,289.51,407.0733333333333,322.1066666666667,408.01912474575323
5600,289.632,407.0466666666667,322.19933333333336,407.98827546556396
5610,289.754,407.02,322.292,407.95742618537474
5620,289.87600000000003,406.99333333333334,322.38466666666665,407.92657690518547
5630,289.998,406.96666666666664,322.4773333333333,407.89572762499625
5640,290.12,406.94,322.57,407.864878344807
5650,290.2373333333333,406.80466666666666,322.64666666666665,407.7233439580307
5660,290.3546666666667,406.6693333333333,322.72333333333336,407.5818095712544
5670,290.472,406.534,322.8,407.4402751844781
5680,290.58933333333334,406.39866666666666,322.87666666666667,407.2987407977018
5690,290.70666666666665,406.2633333333333,322.9533333333333,407.1572064109255
5700,290.824,406.128,323.03000000000003,407.0156720241492
5710,290.9413333333333,405.99266666666665,323.1066666666667,406.8741376373729
5720,291.0586666666667,405.8573333333334,323.18333333333334,406.7326032505966
5730,291.176,405.72200000000004,323.26,406.5910688638203
5740,291.29333333333335,405.5866666666667,323.3366666666667,406.449534477044
5750,291.41066666666666,405.45133333333337,323.41333333333336,406.3080000902677
5760,291.528,405.31600000000003,323.49,406.1664657034914
5770,291.6453333333333,405.1806666666667,323.56666666666666,406.0249313167151
5780,291.7626666666667,405.04533333333336,323.6433333333334,405.8833969299388
5790,291.88,404.91,323.72,405.7418625431625
5800,291.99466666666666,404.76000000000005,323.7866666666667,405.5884924962869
5810,292.1093333333333,404.61,323.85333333333335,405.4351224494114
5820,292.224,404.46000000000004,323.92,405.2817524025358
5830,292.33866666666665,404.31,323.9866666666667,405.1283823556602
5840,292.4533333333333,404.16,324.05333333333334,404.97501230878464
5850,292.568,404.01000000000005,324.12,404.8216422619091
5860,292.68266666666665,403.86,324.18666666666667,404.66827221503354
5870,292.79733333333337,403.71000000000004,324.2533333333334,404.51490216815796
5880,292.91200000000003,403.56,324.32000000000005,404.3615321212824
5890,293.0266666666667,403.41,324.3866666666667,404.20816207440686
5900,293.14133333333336,403.26000000000005,324.4533333333334,404.0547920275313
5910,293.25600000000003,403.11,324.52000000000004,403.9014219806557
5920,293.3706666666667,402.96000000000004,324.5866666666667,403.7480519337801
5930,293.48533333333336,402.81,324.65333333333336,403.5946818869046
5940,293.6,402.66,324.72,403.441311840029
5950,293.71333333333337,402.53000000000003,324.78000000000003,403.30975861780314
5960,293.8266666666667,402.40000000000003,324.84000000000003,403.17820539557727
5970,293.94,402.27000000000004,324.90000000000003,403.0466521733514
5980,294.05333333333334,402.14,324.96000000000004,402.9150989511256
5990,294.1666666666667,402.01,325.02000000000004,402.7835457288997
6000,294.28000000000003,401.88,325.08000000000004,402.6519925066738
6010,294.3933333333334,401.75,325.14000000000004,402.52043928444795
6020,294.50666666666666,401.62,325.2,402.38888606222207
6030,294.62,401.49,325.26,402.2573328399962
6040,294.73333333333335,401.36,325.32,402.1257796177703
6050,294.8466666666667,401.23,325.38,401.99422639554444
6060,294.96000000000004,401.09999999999997,325.44,401.8626731733186
6070,295.0733333333333,400.96999999999997,325.5,401.73111995109275
6080,295.18666666666667,400.84,325.56,401.5995667288669
6090,295.3,400.71,325.62,401.468013506641
6100,295.41200000000003,400.63466666666665,325.682,401.3919295938138
6110,295.524,400.5593333333333,325.744,401.3158456809866
6120,295.636,400.484,325.806,401.2397617681594
6130,295.748,400.40866666666665,325.868,401.1636778553322
6140,295.86,400.3333333333333,325.93,401.087593942505
6150,295.97200000000004,400.258,325.992,401.0115100296778
6160,296.084,400.18266666666665,326.05400000000003,400.93542611685064
6170,296.196,400.1073333333333,326.116,400.8593422040234
6180,296.308,400.032,326.178,400.7832582911962
6190,296.42,399.95666666666665,326.24,400.707174378369
6200,296.53200000000004,399.8813333333333,326.302,400.63109046554183
6210,296.644,399.806,326.36400000000003,400.55500655271464
6220,296.75600000000003,399.73066666666665,326.426,400.4789226398874
6230,296.868,399.6553333333333,326.488,400.4028387270602
6240,296.98,399.58,326.55,400.326754814233
6250,297.09000000000003,399.82666666666665,326.636,400.5841400384688
6260,297.2,400.0733333333333,326.722,400.8415252627045
6270,297.31,400.32,326.808,401.09891048694027
6280,297.42,400.56666666666666,326.894,401.356295711176
6290,297.53000000000003,400.81333333333333,326.98,401.61368093541176
6300,297.64,401.06,327.066,401.8710661596475
6310,297.75,401.3066666666667,327.152,402.12845138388326
6320,297.86,401.5533333333333,327.238,402.38583660811906
6330,297.97,401.79999999999995,327.324,402.6432218323548
6340,298.08,402.0466666666666,327.40999999999997,402.90060705659056
6350,298.19,402.2933333333333,327.496,403.1579922808263
6360,298.3,402.53999999999996,327.582,403.41537750506205
6370,298.41,402.78666666666663,327.668,403.6727627292978
6380,298.52,403.0333333333333,327.75399999999996,403.93014795353355
6390,298.63,403.28,327.84,404.1875331777693
6400,298.738,403.272,327.9233333333333,404.1706230679682
6410,298.846,403.26399999999995,328.00666666666666,404.1537129581671
6420,298.954,403.256,328.09,404.136802848366
6430,299.062,403.248,328.1733333333333,404.11989273856494
6440,299.17,403.24,328.25666666666666,404.10298262876387
6450,299.278,403.23199999999997,328.34,404.08607251896274
6460,299.386,403.224,328.4233333333333,404.06916240916166
6470,299.49399999999997,403.216,328.50666666666666,404.0522522993606
6480,299.602,403.208,328.59,404.0353421895595
6490,299.71,403.2,328.6733333333333,404.0184320797584
6500,299.818,403.192,328.75666666666666,404.0015219699573
6510,299.926,403.184,328.84,403.98461186015624
6520,300.034,403.17600000000004,328.9233333333333,403.96770175035516
6530,300.142,403.168,329.00666666666666,403.95079164055403
6540,300.25,403.16,329.09,403.93388153075296
6550,300.3553333333333,403.1673333333334,329.16066666666666,403.9485392581157
6560,300.46066666666667,403.17466666666667,329.2313333333333,403.9631969854785
6570,300.566,403.182,329.30199999999996,403.97785471284124
6580,300.67133333333334,403.18933333333337,329.37266666666665,403.99251244020394
6590,300.77666666666664,403.19666666666666,329.4433333333333,404.0071701675667
6600,300.882,403.204,329.51399999999995,404.02182789492946
6610,300.9873333333333,403.21133333333336,329.58466666666664,404.0364856222922
6620,301.0926666666667,403.21866666666665,329.6553333333333,404.051143349655
6630,301.198,403.226,329.726,404.06580107701774
6640,301.30333333333334,403.23333333333335,329.7966666666666,404.0804588043805
6650,301.40866666666665,403.24066666666664,329.8673333333333,404.09511653174326
6660,301.514,403.248,329.938,404.10977425910596
6670,301.6193333333333,403.25533333333334,330.00866666666667,404.1244319864687
6680,301.7246666666667,403.26266666666663,330.0793333333333,404.1390897138315
6690,301.83,403.27,330.15,404.15374744119424
6700,301.93333333333334,403.6153333333333,330.25466666666665,404.5058361769215
6710,302.03666666666663,403.96066666666667,330.3593333333333,404.85792491264874
6720,302.14,404.306,330.464,405.210013648376
6730,302.24333333333334,404.6513333333333,330.5686666666667,405.56210238410324
6740,302.34666666666664,404.99666666666667,330.67333333333335,405.9141911198305
6750,302.45,405.342,330.778,406.26627985555774
6760,302.55333333333334,405.6873333333333,330.8826666666667,406.618368591285
6770,302.65666666666664,406.03266666666667,330.9873333333333,406.97045732701224
6780,302.76,406.378,331.092,407.3225460627395
6790,302.86333333333334,406.7233333333333,331.19666666666666,407.67463479846674
6800,302.96666666666664,407.0686666666667,331.30133333333333,408.026723534194
6810,303.07,407.414,331.406,408.37881226992124
6820,303.17333333333335,407.7593333333333,331.5106666666667,408.7309010056485
6830,303.27666666666664,408.1046666666667,331.61533333333335,409.08298974137574
6840,303.38,408.45,331.72,409.435078477103
6850,303.48133333333334,408.236,331.79400000000004,409.20406029948276
6860,303.5826666666667,408.022,331.868,408.9730421218625
6870,303.68399999999997,407.808,331.942,408.74202394424225
6880,303.7853333333333,407.594,332.016,408.511005766622
6890,303.88666666666666,407.38,332.09000000000003,408.27998758900173
6900,303.988,407.166,332.164,408.0489694113815
6910,304.08933333333334,406.952,332.238,407.8179512337613
6920,304.19066666666663,406.738,332.312,407.586933056141
6930,304.292,406.524,332.386,407.35591487852076
6940,304.3933333333333,406.31,332.46,407.12489670090054
6950,304.49466666666666,406.096,332.534,406.89387852328025
6960,304.596,405.882,332.608,406.66286034566
6970,304.6973333333333,405.668,332.682,406.4318421680398
6980,304.79866666666663,405.454,332.756,406.2008239904195
6990,304.9,405.24,332.83,405.9698058127993
7000,305.0,405.356,332.9073333333333,406.0969852940055
7010,305.09999999999997,405.47200000000004,332.98466666666667,406.2241647752117
7020,305.2,405.588,333.062,406.3513442564179
7030,305.29999999999995,405.704,333.1393333333333,406.47852373762413
7040,305.4,405.82,333.21666666666664,406.60570321883034
7050,305.5,405.93600000000004,333.294,406.73288270003655
7060,305.59999999999997,406.052,333.3713333333333,406.86006218124277
7070,305.7,406.168,333.44866666666667,406.98724166244904
7080,305.79999999999995,406.284,333.526,407.11442114365525
7090,305.9,406.40000000000003,333.60333333333335,407.24160062486146
7100,306.0,406.516,333.6806666666667,407.3687801060677
7110,306.09999999999997,406.632,333.758,407.4959595872739
7120,306.2,406.748,333.8353333333333,407.6231390684801
7130,306.29999999999995,406.86400000000003,333.91266666666667,407.7503185496863
7140,306.4,406.98,333.99,407.8774980308925
7150,306.498,407.1646666666667,334.088,408.0584286521126
7160,306.596,407.34933333333333,334.186,408.2393592733327
7170,306.69399999999996,407.534,334.284,408.42028989455275
7180,306.792,407.7186666666667,334.382,408.6012205157728
7190,306.89,407.90333333333336,334.48,408.78215113699287
7200,306.988,408.088,334.578,408.963081758213
7210,307.086,408.2726666666667,334.676,409.14401237943304
7220,307.18399999999997,408.45733333333334,334.774,409.3249430006531
7230,307.282,408.642,334.872,409.50587362187315
7240,307.38,408.82666666666665,334.96999999999997,409.68680424309326
7250,307.478,409.0113333333333,335.068,409.8677348643133
7260,307.576,409.196,335.166,410.0486654855334
7270,307.674,409.3806666666667,335.264,410.22959610675343
7280,307.772,409.56533333333334,335.36199999999997,410.41052672797355
7290,307.87,409.75,335.46,410.5914573491936
7300,307.9666666666667,409.684,335.53866666666664,410.5216925916149
7310,308.06333333333333,409.618,335.6173333333333,410.4519278340362
7320,308.16,409.552,335.69599999999997,410.38216307645746
7330,308.25666666666666,409.486,335.77466666666663,410.31239831887876
7340,308.35333333333335,409.42,335.8533333333333,410.24263356130007
7350,308.45,409.354,335.93199999999996,410.17286880372137
7360,308.5466666666667,409.288,336.0106666666666,410.1031040461427
7370,308.6433333333333,409.222,336.08933333333334,410.0333392885639
7380,308.74,409.156,336.168,409.9635745309852
7390,308.83666666666664,409.09,336.24666666666667,409.89380977340653
7400,308.93333333333334,409.024,336.32533333333333,409.82404501582783
7410,309.03,408.95799999999997,336.404,409.75428025824914
7420,309.12666666666667,408.892,336.48266666666666,409.6845155006704
7430,309.2233333333333,408.82599999999996,336.5613333333333,409.6147507430917
7440,309.32,408.76,336.64,409.544985985513
7450,309.416,408.658,336.70666666666665,409.4389035035732
7460,309.512,408.556,336.7733333333333,409.3328210216334
7470,309.608,408.454,336.84,409.2267385396936
7480,309.704,408.352,336.90666666666664,409.1206560577538
7490,309.8,408.25,336.9733333333333,409.014573575814
7500,309.896,408.148,337.03999999999996,408.9084910938742
7510,309.992,408.046,337.1066666666666,408.8024086119344
7520,310.08799999999997,407.944,337.17333333333335,408.6963261299946
7530,310.18399999999997,407.842,337.24,408.5902436480548
7540,310.28,407.74,337.3066666666667,408.48416116611503
7550,310.376,407.63800000000003,337.37333333333333,408.3780786841752
7560,310.472,407.536,337.44,408.2719962022354
7570,310.568,407.434,337.50666666666666,408.16591372029563
7580,310.664,407.332,337.5733333333333,408.0598312383558
7590,310.76,407.23,337.64,407.953748756416
7600,310.8553333333333,407.03066666666666,337.69399999999996,407.74758057584984
7610,310.9506666666667,406.83133333333336,337.748,407.5414123952836
7620,311.046,406.632,337.80199999999996,407.3352442147174
7630,311.1413333333333,406.4326666666667,337.856,407.1290760341512
7640,311.2366666666667,406.23333333333335,337.90999999999997,406.922907853585
7650,311.332,406.034,337.964,406.7167396730188
7660,311.4273333333333,405.8346666666667,338.018,406.5105714924526
7670,311.5226666666667,405.63533333333334,338.072,406.3044033118864
7680,311.618,405.43600000000004,338.126,406.09823513132017
7690,311.7133333333333,405.2366666666667,338.18,405.892066950754
7700,311.8086666666667,405.0373333333333,338.234,405.6858987701878
7710,311.904,404.838,338.288,405.47973058962157
7720,311.9993333333333,404.63866666666667,338.342,405.2735624090554
7730,312.0946666666667,404.43933333333337,338.396,405.06739422848915
7740,312.19,404.24,338.45,404.86122604792297
7750,312.284,404.22533333333337,338.50066666666663,404.85953330374696
7760,312.378,404.21066666666667,338.55133333333333,404.85784055957095
7770,312.472,404.196,338.602,404.85614781539493
7780,312.56600000000003,404.1813333333333,338.6526666666667,404.8544550712189
7790,312.66,404.1666666666667,338.7033333333333,404.8527623270429
7800,312.754,404.152,338.75399999999996,404.8510695828669
7810,312.848,404.13733333333334,338.80466666666666,404.8493768386909
7820,312.942,404.12266666666665,338.8553333333333,404.8476840945148
7830,313.036,404.108,338.906,404.8459913503388
7840,313.13,404.0933333333333,338.95666666666665,404.8442986061628
7850,313.224,404.07866666666666,339.0073333333333,404.8426058619868
7860,313.31800000000004,404.06399999999996,339.058,404.84091311781077
7870,313.41200000000003,404.0493333333333,339.10866666666664,404.83922037363476
7880,313.50600000000003,404.0346666666666,339.15933333333334,404.83752762945875
7890,313.6,404.02,339.21,404.83583488528274
7900,313.6933333333333,404.51666666666665,339.31533333333334,405.34317871251346
7910,313.7866666666667,405.0133333333333,339.42066666666665,405.85052253974425
7920,313.88,405.51,339.526,406.357866366975
7930,313.97333333333336,406.00666666666666,339.6313333333333,406.86521019420576
7940,314.06666666666666,406.50333333333333,339.7366666666667,407.3725540214365
7950,314.16,407.0,339.842,407.8798978486672
7960,314.25333333333333,407.49666666666667,339.94733333333335,408.387241675898
7970,314.3466666666667,407.99333333333334,340.05266666666665,408.8945855031287
7980,314.44,408.49,340.158,409.4019293303595
7990,314.53333333333336,408.9866666666667,340.2633333333333,409.90927315759023
8000,314.62666666666667,409.48333333333335,340.3686666666667,410.41661698482096
8010,314.72,409.98,340.474,410.92396081205175
8020,314.81333333333333,410.4766666666667,340.57933333333335,411.4313046392825
8030,314.9066666666667,410.97333333333336,340.68466666666666,411.93864846651326
8040,315.0,411.47,340.79,412.445992293744
8050,315.092,411.0486666666667,340.844,411.99615200258216
8060,315.184,410.62733333333335,340.898,411.5463117114204
8070,315.276,410.206,340.952,411.0964714202586
8080,315.368,409.7846666666667,341.00600000000003,410.64663112909676
8090,315.46,409.36333333333334,341.06,410.196790837935
8100,315.552,408.942,341.11400000000003,409.7469505467732
8110,315.644,408.52066666666667,341.168,409.29711025561136
8120,315.736,408.09933333333333,341.22200000000004,408.8472699644496
8130,315.828,407.678,341.276,408.3974296732878
8140,315.92,407.25666666666666,341.33000000000004,407.94758938212595
8150,316.012,406.8353333333333,341.384,407.4977490909642
8160,316.104,406.414,341.43800000000005,407.04790879980237
8170,316.19599999999997,405.99266666666665,341.492,406.59806850864055
8180,316.288,405.5713333333333,341.54600000000005,406.1482282174788
8190,316.38,405.15,341.6,405.69838792631697
8200,316.47066666666666,405.26733333333334,341.65933333333334,405.8341200015166
8210,316.5613333333333,405.38466666666665,341.7186666666667,405.9698520767162
8220,316.652,405.502,341.778,406.1055841519159
8230,316.74266666666665,405.6193333333333,341.83733333333333,406.24131622711553
8240,316.8333333333333,405.7366666666667,341.8966666666667,406.37704830231513
8250,316.924,405.854,341.956,406.5127803775148
8260,317.01466666666664,405.97133333333335,342.01533333333333,406.64851245271444
8270,317.10533333333336,406.08866666666665,342.0746666666667,406.78424452791404
8280,317.196,406.206,342.134,406.9199766031137
8290,317.2866666666667,406.3233333333333,342.1933333333333,407.05570867831335
8300,317.37733333333335,406.4406666666667,342.2526666666667,407.19144075351295
8310,317.468,406.558,342.312,407.3271728287126
8320,317.5586666666667,406.67533333333336,342.3713333333333,407.46290490391226
8330,317.64933333333335,406.79266666666666,342.4306666666667,407.59863697911186
8340,317.74,406.91,342.49,407.7343690543115
8350,317.82933333333335,407.0566666666667,342.57866666666666,407.86820562028083
8360,317.9186666666667,407.2033333333334,342.6673333333333,408.0020421862502
8370,318.008,407.35,342.75600000000003,408.1358787522195
8380,318.0973333333333,407.49666666666667,342.8446666666667,408.2697153181889
8390,318.18666666666667,407.6433333333334,342.93333333333334,408.4035518841582
8400,318.276,407.79,343.022,408.5373884501276
8410,318.36533333333335,407.93666666666667,343.11066666666665,408.6712250160969
8420,318.45466666666664,408.08333333333337,343.19933333333336,408.8050615820663
8430,318.544,408.23,343.288,408.9388981480356
8440,318.6333333333333,408.37666666666667,343.37666666666667,409.072734714005
8450,318.72266666666667,408.52333333333337,343.4653333333333,409.2065712799743
8460,318.812,408.67,343.554,409.3404078459437
8470,318.9013333333333,408.81666666666666,343.6426666666667,409.474244411913
8480,318.99066666666664,408.96333333333337,343.73133333333334,409.60808097788237
8490,319.08,409.11,343.82,409.7419175438517
8500,319.168,408.666,343.85333333333335,409.286390724999
8510,319.256,408.22200000000004,343.88666666666666,408.8308639061464
8520,319.344,407.778,343.92,408.37533708729376
8530,319.43199999999996,407.334,343.9533333333333,407.9198102684411
8540,319.52,406.89,343.9866666666667,407.46428344958844
8550,319.608,406.446,344.02,407.00875663073583
8560,319.69599999999997,406.002,344.05333333333334,406.55322981188317
8570,319.784,405.558,344.08666666666664,406.0977029930305
8580,319.87199999999996,405.114,344.12,405.64217617417785
8590,319.96,404.67,344.1533333333333,405.18664935532524
8600,320.048,404.226,344.18666666666667,404.7311225364726
8610,320.13599999999997,403.782,344.21999999999997,404.2755957176199
8620,320.224,403.33799999999997,344.25333333333333,403.82006889876726
8630,320.31199999999995,402.894,344.28666666666663,403.36454207991466
8640,320.4,402.45,344.32,402.909015261062
8650,320.4873333333333,400.7513333333333,344.2273333333333,401.1537730602337
8660,320.57466666666664,399.05266666666665,344.13466666666665,399.3985308594054
8670,320.662,397.354,344.042,397.6432886585771
8680,320.7493333333333,395.6553333333333,343.94933333333336,395.88804645774877
8690,320.83666666666664,393.95666666666665,343.8566666666667,394.1328042569205
8700,320.924,392.258,343.764,392.3775620560922
8710,321.0113333333333,390.5593333333333,343.67133333333334,390.62231985526387
8720,321.09866666666665,388.8606666666667,343.57866666666666,388.8670776544356
8730,321.186,387.16200000000003,343.486,387.1118354536073
8740,321.2733333333333,385.46333333333337,343.3933333333333,385.35659325277896
8750,321.36066666666665,383.7646666666667,343.30066666666664,383.6013510519507
8760,321.448,382.06600000000003,343.208,381.8461088511224
8770,321.5353333333333,380.36733333333336,343.11533333333335,380.09086665029406
8780,321.62266666666665,378.6686666666667,343.0226666666667,378.3356244494658
8790,321.71,376.97,342.93,376.5803822486375
8800,321.7953333333333,376.05533333333335,342.81,375.6792129777851
8810,321.8806666666666,375.1406666666667,342.69,374.7780437069327
8820,321.966,374.226,342.57,373.8768744360803
8830,322.05133333333333,373.3113333333334,342.45,372.9757051652279
8840,322.13666666666666,372.3966666666667,342.33,372.0745358943755
8850,322.222,371.482,342.21,371.1733666235231
8860,322.3073333333333,370.56733333333335,342.09,370.27219735267073
8870,322.3926666666667,369.6526666666667,341.97,369.3710280818183
8880,322.478,368.738,341.85,368.4698588109659
8890,322.56333333333333,367.8233333333333,341.73,367.5686895401135
8900,322.64866666666666,366.90866666666665,341.61,366.6675202692611
8910,322.734,365.994,341.49,365.7663509984087
8920,322.81933333333336,365.07933333333335,341.37,364.8651817275563
8930,322.9046666666667,364.1646666666667,341.25,363.9640124567039
8940,322.99,363.25,341.13,363.06284318585153
8950,323.0713333333333,362.5726666666667,341.038,362.3694186105016
8960,323.1526666666667,361.8953333333333,340.94599999999997,361.6759940351517
8970,323.234,361.218,340.854,360.98256945980177
8980,323.31533333333334,360.54066666666665,340.762,360.28914488445184
8990,323.39666666666665,359.86333333333334,340.67,359.5957203091019
9000,323.478,359.186,340.578,358.902295733752
9010,323.5593333333333,358.50866666666667,340.486,358.2088711584021
9020,323.6406666666667,357.8313333333333,340.394,357.5154465830522
9030,323.722,357.154,340.302,356.8220220077023
9040,323.80333333333334,356.47666666666663,340.21,356.12859743235236
9050,323.88466666666665,355.7993333333333,340.118,355.43517285700244
9060,323.966,355.12199999999996,340.026,354.7417482816525
9070,324.0473333333333,354.44466666666665,339.934,354.0483237063026
9080,324.1286666666667,353.7673333333333,339.842,353.3548991309527
9090,324.21,353.09,339.75,352.66147455560275
9100,324.28866666666664,351.974,339.6046666666667,351.5294664412819
9110,324.3673333333333,350.858,339.45933333333335,350.39745832696104
9120,324.44599999999997,349.74199999999996,339.314,349.2654502126402
9130,324.52466666666663,348.626,339.16866666666664,348.13344209831934
9140,324.6033333333333,347.51,339.0233333333333,347.0014339839985
9150,324.68199999999996,346.394,338.878,345.8694258696776
9160,324.7606666666666,345.278,338.73266666666666,344.7374177553568
9170,324.83933333333334,344.162,338.58733333333333,343.605409641036
9180,324.918,343.046,338.442,342.4734015267151
9190,324.99666666666667,341.93,338.2966666666667,341.34139341239427
9200,325.07533333333333,340.814,338.15133333333335,340.2093852980734
9210,325.154,339.69800000000004,338.006,339.07737718375256
9220,325.23266666666666,338.582,337.86066666666665,337.9453690694317
9230,325.3113333333333,337.466,337.7153333333333,336.81336095511085
9240,325.39,336.35,337.57,335.68135284079
9250,325.46466666666663,335.43333333333334,337.412,334.7599017536083
9260,325.53933333333333,334.5166666666667,337.254,333.8384506664266
9270,325.614,333.6,337.096,332.9169995792449
9280,325.6886666666667,332.68333333333334,336.938,331.9955484920632
9290,325.7633333333333,331.7666666666667,336.78,331.0740974048815
9300,325.83799999999997,330.85,336.622,330.1526463176998
9310,325.91266666666667,329.93333333333334,336.464,329.2311952305181
9320,325.9873333333333,329.0166666666667,336.306,328.3097441433364
9330,326.062,328.1,336.14799999999997,327.3882930561547
9340,326.13666666666666,327.18333333333334,335.99,326.466841968973
9350,326.2113333333333,326.2666666666667,335.832,325.54539088179126
9360,326.286,325.35,335.674,324.6239397946096
9370,326.36066666666665,324.43333333333334,335.51599999999996,323.7024887074279
9380,326.43533333333335,323.5166666666667,335.358,322.7810376202462
9390,326.51,322.6,335.2,321.8595865330645
9400,326.57866666666666,322.024,335.05,321.29073364174474
9410,326.64733333333334,321.44800000000004,334.9,320.72188075042493
9420,326.716,320.872,334.75,320.1530278591052
9430,326.7846666666667,320.296,334.59999999999997,319.58417496778543
9440,326.85333333333335,319.72,334.45,319.0153220764657
9450,326.922,319.144,334.3,318.4464691851459
9460,326.9906666666667,318.568,334.15,317.8776162938261
9470,327.0593333333333,317.992,334.0,317.3087634025064
9480,327.128,317.416,333.84999999999997,316.7399105111866
9490,327.19666666666666,316.84,333.7,316.1710576198668
9500,327.26533333333333,316.264,333.55,315.60220472854706
9510,327.334,315.688,333.4,315.0333518372273
9520,327.4026666666667,315.11199999999997,333.25,314.46449894590756
9530,327.47133333333335,314.536,333.09999999999997,313.89564605458776
9540,327.54,313.96,332.95,313.326793163268
9550,327.6006666666667,313.3546666666667,332.81466666666665,312.7059034253952
9560,327.66133333333335,312.7493333333333,332.6793333333333,312.08501368752235
9570,327.72200000000004,312.144,332.544,311.46412394964955
9580,327.78266666666667,311.53866666666664,332.40866666666665,310.84323421177675
9590,327.84333333333336,310.93333333333334,332.2733333333333,310.22234447390395
9600,327.904,310.328,332.138,309.6014547360311
9610,327.9646666666667,309.72266666666667,332.00266666666664,308.9805649981583
9620,328.0253333333333,309.1173333333333,331.86733333333336,308.3596752602855
9630,328.086,308.512,331.732,307.7387855224127
9640,328.14666666666665,307.90666666666664,331.5966666666667,307.1178957845398
9650,328.20733333333334,307.30133333333333,331.46133333333336,306.497006046667
9660,328.268,306.69599999999997,331.326,305.8761163087942
9670,328.32866666666666,306.09066666666666,331.1906666666667,305.2552265709214
9680,328.3893333333333,305.4853333333333,331.05533333333335,304.63433683304856
9690,328.45,304.88,330.92,304.01344709517576
9700,328.50266666666664,303.81733333333335,330.73133333333334,302.9358854683349
9710,328.55533333333335,302.75466666666665,330.54266666666666,301.85832384149404
9720,328.608,301.692,330.354,300.78076221465324
9730,328.66066666666666,300.6293333333333,330.16533333333336,299.7032005878124
9740,328.7133333333333,299.56666666666666,329.9766666666667,298.6256389609715
9750,328.766,298.504,329.788,297.54807733413065
9760,328.8186666666667,297.4413333333333,329.59933333333333,296.4705157072898
9770,328.8713333333333,296.3786666666667,329.41066666666666,295.392954080449
9780,328.924,295.316,329.222,294.3153924536081
9790,328.9766666666667,294.25333333333333,329.0333333333333,293.23783082676727
9800,329.02933333333334,293.1906666666667,328.8446666666666,292.1602691999264
9810,329.082,292.128,328.656,291.08270757308554
9820,329.13466666666665,291.06533333333334,328.46733333333333,290.00514594624474
9830,329.18733333333336,290.00266666666664,328.27866666666665,288.9275843194039
9840,329.24,288.94,328.09,287.850022692563
9850,329.28266666666667,288.30466666666666,327.91066666666666,287.22025582886175
9860,329.32533333333333,287.6693333333333,327.7313333333333,286.5904889651605
9870,329.368,287.034,327.55199999999996,285.9607221014593
9880,329.41066666666666,286.39866666666666,327.37266666666665,285.330955237758
9890,329.4533333333333,285.7633333333333,327.1933333333333,284.70118837405676
9900,329.496,285.128,327.01399999999995,284.0714215103555
9910,329.53866666666664,284.49266666666665,326.83466666666664,283.44165464665423
9920,329.58133333333336,283.8573333333334,326.6553333333333,282.811887782953
9930,329.624,283.22200000000004,326.476,282.18212091925176
9940,329.6666666666667,282.5866666666667,326.2966666666666,281.5523540555505
9950,329.70933333333335,281.95133333333337,326.1173333333333,280.92258719184923
9960,329.752,281.31600000000003,325.938,280.29282032814797
9970,329.79466666666667,280.6806666666667,325.75866666666667,279.66305346444676
9980,329.83733333333333,280.04533333333336,325.5793333333333,279.0332866007455
9990,329.88,279.41,325.4,278.40351973704423
10000,329.912,278.54200000000003,325.20399999999995,277.51811766232373
10010,329.944,277.67400000000004,325.008,276.6327155876033
10020,329.976,276.80600000000004,324.81199999999995,275.7473135128828
10030,330.008,275.938,324.616,274.8619114381623
10040,330.04,275.07,324.41999999999996,273.97650936344183
10050,330.072,274.202,324.224,273.09110728872133
10060,330.104,273.334,324.02799999999996,272.20570521400083
10070,330.136,272.466,323.832,271.3203031392804
10080,330.168,271.598,323.63599999999997,270.4349010645599
10090,330.2,270.73,323.44,269.5494989898394
10100,330.232,269.862,323.24399999999997,268.66409691511893
10110,330.264,268.99399999999997,323.048,267.77869484039843
10120,330.296,268.126,322.852,266.8932927656779
10130,330.32800000000003,267.258,322.656,266.0078906909575
10140,330.36,266.39,322.46,265.122488616237
10150,330.382,265.75,322.25066666666663,264.49976237471407
10160,330.404,265.11,322.04133333333334,263.87703613319115
10170,330.426,264.46999999999997,321.832,263.25430989166824
10180,330.44800000000004,263.83,321.62266666666665,262.63158365014533
10190,330.47,263.19,321.4133333333333,262.0088574086224
10200,330.492,262.55,321.204,261.3861311670995
10210,330.514,261.91,320.99466666666666,260.7634049255766
10220,330.536,261.27,320.7853333333333,260.1406786840537
10230,330.558,260.63,320.57599999999996,259.51795244253077
10240,330.58,259.99,320.3666666666667,258.89522620100786
10250,330.602,259.35,320.1573333333333,258.27249995948495
10260,330.624,258.71000000000004,319.948,257.64977371796203
10270,330.646,258.07,319.73866666666663,257.0270474764391
10280,330.668,257.43,319.52933333333334,256.4043212349162
10290,330.69,256.79,319.32,255.78159499339327
10300,330.7006666666667,256.93466666666666,319.19466666666665,255.93985562928472
10310,330.71133333333336,257.07933333333335,319.0693333333333,256.09811626517615
10320,330.722,257.224,318.944,256.2563769010676
10330,330.73266666666666,257.3686666666667,318.8186666666667,256.41463753695905
10340,330.74333333333334,257.5133333333333,318.6933333333333,256.5728981728505
10350,330.754,257.658,318.568,256.73115880874195
10360,330.7646666666667,257.80266666666665,318.44266666666664,256.8894194446334
10370,330.7753333333333,257.94733333333335,318.31733333333335,257.04768008052486
10380,330.786,258.092,318.192,257.2059407164163
10390,330.7966666666667,258.2366666666667,318.06666666666666,257.36420135230776
10400,330.80733333333336,258.3813333333333,317.9413333333333,257.5224619881992
10410,330.81800000000004,258.526,317.816,257.68072262409066
10420,330.82866666666666,258.67066666666665,317.6906666666667,257.8389832599821
10430,330.83933333333334,258.81533333333334,317.56533333333334,257.99724389587357
10440,330.85,258.96,317.44,258.155504531765
10450,330.84933333333333,258.5793333333333,317.30466666666666,257.7618016846865
10460,330.8486666666667,258.19866666666667,317.1693333333333,257.36809883760793
10470,330.848,257.818,317.034,256.9743959905294
10480,330.8473333333333,257.4373333333333,316.89866666666666,256.5806931434508
10490,330.8466666666667,257.0566666666667,316.7633333333333,256.18699029637224
10500,330.846,256.676,316.628,255.7932874492937
10510,330.8453333333333,256.2953333333333,316.49266666666665,255.39958460221516
10520,330.8446666666667,255.91466666666665,316.3573333333334,255.0058817551366
10530,330.844,255.534,316.22200000000004,254.61217890805807
10540,330.8433333333333,255.15333333333334,316.0866666666667,254.2184760609795
10550,330.8426666666667,254.77266666666665,315.95133333333337,253.82477321390095
10560,330.842,254.392,315.81600000000003,253.4310703668224
10570,330.8413333333333,254.01133333333334,315.6806666666667,253.03736751974387
10580,330.84066666666666,253.63066666666666,315.54533333333336,252.6436646726653
10590,330.84,253.25,315.41,252.24996182558675
10600,330.82866666666666,253.476,315.31,252.5039262852474
10610,330.8173333333333,253.702,315.21000000000004,252.75789074490805
10620,330.806,253.928,315.11,253.0118552045687
10630,330.79466666666667,254.154,315.01000000000005,253.26581966422935
10640,330.7833333333333,254.38,314.91,253.51978412389
10650,330.772,254.606,314.81,253.77374858355066
10660,330.7606666666667,254.832,314.71000000000004,254.0277130432113
10670,330.7493333333333,255.058,314.61,254.28167750287196
10680,330.738,255.284,314.51000000000005,254.5356419625326
10690,330.7266666666667,255.51,314.41,254.78960642219326
10700,330.7153333333333,255.736,314.31,255.0435708818539
10710,330.704,255.962,314.21000000000004,255.29753534151456
10720,330.6926666666667,256.188,314.11,255.5514998011752
10730,330.6813333333333,256.414,314.01000000000005,255.80546426083586
10740,330.67,256.64,313.91,256.0594287204965
10750,330.64733333333334,257.00266666666664,313.868,256.4207916738638
10760,330.62466666666666,257.3653333333333,313.826,256.782154627231
10770,330.60200000000003,257.728,313.784,257.1435175805983
10780,330.57933333333335,258.09066666666666,313.742,257.50488053396555
10790,330.5566666666667,258.4533333333333,313.7,257.86624348733284
10800,330.534,258.816,313.658,258.22760644070013
10810,330.5113333333333,259.17866666666663,313.616,258.58896939406736
10820,330.4886666666667,259.54133333333334,313.574,258.95033234743465
10830,330.466,259.904,313.532,259.3116953008019
10840,330.4433333333333,260.26666666666665,313.49,259.6730582541692
10850,330.42066666666665,260.6293333333333,313.448,260.03442120753647
10860,330.39799999999997,260.99199999999996,313.406,260.3957841609037
10870,330.37533333333334,261.3546666666667,313.364,260.757147114271
10880,330.35266666666666,261.71733333333333,313.322,261.1185100676382
10890,330.33,262.08,313.28,261.4798730210055
10900,330.2973333333333,262.0113333333333,313.21466666666663,261.4083656550468
10910,330.26466666666664,261.94266666666664,313.1493333333333,261.3368582890881
10920,330.23199999999997,261.87399999999997,313.084,261.2653509231294
10930,330.1993333333333,261.80533333333335,313.01866666666666,261.19384355717074
10940,330.16666666666663,261.7366666666667,312.9533333333333,261.122336191212
10950,330.13399999999996,261.668,312.888,261.0508288252533
10960,330.1013333333333,261.59933333333333,312.82266666666663,260.9793214592946
10970,330.0686666666667,261.53066666666666,312.75733333333335,260.9078140933359
10980,330.036,261.462,312.692,260.83630672737723
10990,330.00333333333333,261.3933333333333,312.62666666666667,260.7647993614185
11000,329.97066666666666,261.32466666666664,312.5613333333333,260.6932919954598
11010,329.938,261.25600000000003,312.496,260.6217846295011
11020,329.9053333333333,261.18733333333336,312.4306666666667,260.5502772635424
11030,329.87266666666665,261.1186666666667,312.36533333333335,260.47876989758373
11040,329.84,261.05,312.3,260.407262531625
11050,329.79999999999995,261.0133333333333,312.23266666666666,260.3717002698665
11060,329.76,260.9766666666667,312.16533333333336,260.33613800810804
11070,329.71999999999997,260.94,312.098,260.3005757463495
11080,329.68,260.90333333333336,312.03066666666666,260.265013484591
11090,329.64,260.8666666666667,311.96333333333337,260.2294512228325
11100,329.59999999999997,260.83,311.896,260.19388896107404
11110,329.56,260.79333333333335,311.82866666666666,260.1583266993155
11120,329.52,260.75666666666666,311.76133333333337,260.122764437557
11130,329.48,260.72,311.694,260.0872021757985
11140,329.44,260.68333333333334,311.62666666666667,260.05163991404004
11150,329.4,260.64666666666665,311.55933333333337,260.0160776522815
11160,329.36,260.61,311.492,259.980515390523
11170,329.32,260.5733333333333,311.42466666666667,259.9449531287645
11180,329.28000000000003,260.5366666666667,311.3573333333334,259.90939086700604
11190,329.24,260.5,311.29,259.8738286052475
11200,329.1926666666667,260.514,311.2286666666667,259.8911228273442
11210,329.1453333333333,260.528,311.1673333333334,259.90841704944086
11220,329.098,260.542,311.106,259.9257112715375
11230,329.05066666666664,260.556,311.04466666666667,259.9430054936342
11240,329.00333333333333,260.57,310.98333333333335,259.96029971573086
11250,328.956,260.584,310.922,259.9775939378275
11260,328.90866666666665,260.598,310.8606666666667,259.9948881599242
11270,328.86133333333333,260.61199999999997,310.7993333333333,260.01218238202085
11280,328.81399999999996,260.626,310.738,260.0294766041175
11290,328.76666666666665,260.64,310.6766666666667,260.0467708262142
11300,328.71933333333334,260.654,310.61533333333335,260.06406504831085
11310,328.67199999999997,260.668,310.55400000000003,260.0813592704075
11320,328.62466666666666,260.68199999999996,310.49266666666665,260.0986534925042
11330,328.5773333333333,260.69599999999997,310.4313333333333,260.11594771460085
11340,328.53,260.71,310.37,260.1332419366975
11350,328.47799999999995,260.652,310.31,260.0692655054669
11360,328.426,260.594,310.25,260.00528907423626
11370,328.37399999999997,260.536,310.19,259.94131264300563
11380,328.322,260.47799999999995,310.13,259.877336211775
11390,328.27,260.41999999999996,310.07,259.8133597805444
11400,328.21799999999996,260.36199999999997,310.01,259.74938334931375
11410,328.166,260.304,309.95,259.6854069180831
11420,328.114,260.246,309.89000000000004,259.62143048685243
11430,328.062,260.188,309.83000000000004,259.5574540556218
11440,328.01,260.13,309.77000000000004,259.4934776243912
11450,327.95799999999997,260.072,309.71000000000004,259.42950119316055
11460,327.906,260.01399999999995,309.65000000000003,259.3655247619299
11470,327.854,259.95599999999996,309.59000000000003,259.3015483306993
11480,327.802,259.89799999999997,309.53000000000003,259.23757189946866
11490,327.75,259.84,309.47,259.17359546823803
11500,327.69533333333334,259.5653333333333,309.3866666666667,258.89422124649764
11510,327.6406666666667,259.29066666666665,309.30333333333334,258.61484702475724
11520,327.586,259.01599999999996,309.22,258.33547280301684
11530,327.53133333333335,258.74133333333333,309.1366666666667,258.05609858127644
11540,327.4766666666667,258.46666666666664,309.05333333333334,257.77672435953605
11550,327.422,258.192,308.97,257.4973501377956
11560,327.36733333333336,257.9173333333333,308.8866666666667,257.2179759160552
11570,327.31266666666664,257.6426666666666,308.80333333333334,256.9386016943148
11580,327.258,257.368,308.72,256.6592274725744
11590,327.2033333333333,257.0933333333333,308.6366666666667,256.379853250834
11600,327.14866666666666,256.8186666666667,308.55333333333334,256.1004790290936
11610,327.094,256.544,308.47,255.8211048073532
11620,327.03933333333333,256.26933333333335,308.3866666666667,255.54173058561278
11630,326.98466666666667,255.99466666666666,308.30333333333334,255.26235636387239
11640,326.93,255.72,308.22,254.982982142132
11650,326.87266666666665,255.85866666666666,308.16133333333335,255.13506453603108
11660,326.81533333333334,255.99733333333333,308.10266666666666,255.28714692993017
11670,326.758,256.136,308.04400000000004,255.4392293238293
11680,326.7006666666667,256.2746666666667,307.98533333333336,255.5913117177284
11690,326.6433333333333,256.41333333333336,307.9266666666667,255.74339411162748
11700,326.586,256.552,307.868,255.89547650552657
11710,326.52866666666665,256.6906666666667,307.8093333333333,256.04755889942567
11720,326.47133333333335,256.82933333333335,307.7506666666667,256.19964129332476
11730,326.414,256.968,307.692,256.35172368722385
11740,326.3566666666667,257.1066666666667,307.6333333333333,256.503806081123
11750,326.2993333333333,257.24533333333335,307.57466666666664,256.6558884750221
11760,326.242,257.384,307.51599999999996,256.8079708689212
11770,326.18466666666666,257.5226666666667,307.45733333333334,256.9600532628203
11780,326.12733333333335,257.66133333333335,307.39866666666666,257.1121356567194
11790,326.07,257.8,307.34,257.26421805061847
11800,326.0106666666667,257.8346666666667,307.28933333333333,257.2968056204523
11810,325.9513333333333,257.8693333333333,307.23866666666663,257.32939319028605
11820,325.892,257.904,307.188,257.3619807601199
11830,325.8326666666667,257.9386666666667,307.1373333333333,257.3945683299537
11840,325.7733333333333,257.97333333333336,307.08666666666664,257.42715589978746
11850,325.714,258.008,307.036,257.4597434696213
11860,325.6546666666667,258.04266666666666,306.9853333333333,257.4923310394551
11870,325.5953333333333,258.07733333333334,306.93466666666666,257.5249186092889
11880,325.536,258.112,306.88399999999996,257.5575061791227
11890,325.4766666666667,258.14666666666665,306.8333333333333,257.5900937489565
11900,325.4173333333333,258.1813333333333,306.78266666666667,257.6226813187903
11910,325.358,258.216,306.73199999999997,257.6552688886241
11920,325.2986666666667,258.2506666666667,306.6813333333333,257.68785645845793
11930,325.2393333333333,258.2853333333333,306.6306666666666,257.7204440282917
11940,325.18,258.32,306.58,257.7530315981255
11950,325.12,258.292,306.52466666666663,257.72507901975644
11960,325.06,258.264,306.46933333333334,257.6971264413873
11970,325.0,258.236,306.414,257.6691738630182
11980,324.94,258.20799999999997,306.35866666666664,257.64122128464913
11990,324.88,258.18,306.30333333333334,257.61326870628
12000,324.82,258.152,306.248,257.5853161279109
12010,324.76,258.12399999999997,306.19266666666664,257.55736354954183
12020,324.7,258.096,306.13733333333334,257.5294109711727
12030,324.64,258.068,306.082,257.5014583928036
12040,324.58,258.03999999999996,306.02666666666664,257.47350581443453
12050,324.52,258.012,305.97133333333335,257.4455532360654
12060,324.46,257.984,305.916,257.4176006576963
12070,324.4,257.95599999999996,305.86066666666665,257.38964807932723
12080,324.34,257.928,305.80533333333335,257.3616955009581
12090,324.28,257.9,305.75,257.333742922589
12100,324.2193333333333,257.87,305.69466666666665,257.3042048718794
12110,324.15866666666665,257.84,305.63933333333335,257.27466682116983
12120,324.09799999999996,257.81,305.584,257.2451287704602
12130,324.0373333333333,257.78,305.52866666666665,257.2155907197506
12140,323.97666666666663,257.75,305.47333333333336,257.18605266904103
12150,323.916,257.71999999999997,305.418,257.1565146183314
12160,323.8553333333333,257.69,305.36266666666666,257.1269765676218
12170,323.79466666666667,257.65999999999997,305.30733333333336,257.09743851691223
12180,323.734,257.63,305.252,257.0679004662026
12190,323.67333333333335,257.59999999999997,305.19666666666666,257.038362415493
12200,323.61266666666666,257.57,305.14133333333336,257.00882436478344
12210,323.552,257.53999999999996,305.086,256.9792863140738
12220,323.49133333333333,257.51,305.03066666666666,256.9497482633642
12230,323.4306666666667,257.47999999999996,304.97533333333337,256.92021021265464
12240,323.37,257.45,304.92,256.890672161945
12250,323.308,257.28933333333333,304.85333333333335,256.72493389513204
12260,323.246,257.1286666666667,304.7866666666667,256.559195628319
12270,323.184,256.96799999999996,304.72,256.393457361506
12280,323.122,256.8073333333333,304.65333333333336,256.22771909469304
12290,323.06,256.64666666666665,304.5866666666667,256.06198082788
12300,322.998,256.486,304.52000000000004,255.89624256106703
12310,322.936,256.32533333333333,304.4533333333334,255.73050429425402
12320,322.874,256.1646666666667,304.38666666666666,255.564766027441
12330,322.812,256.004,304.32,255.399027760628
12340,322.75,255.84333333333333,304.25333333333333,255.23328949381502
12350,322.688,255.68266666666665,304.18666666666667,255.067551227002
12360,322.626,255.522,304.12,254.901812960189
12370,322.564,255.36133333333333,304.05333333333334,254.736074693376
12380,322.502,255.20066666666665,303.9866666666667,254.57033642656302
12390,322.44,255.04,303.92,254.40459815975
12400,322.3786666666667,254.97,303.85400000000004,254.3378943924764
12410,322.31733333333335,254.9,303.788,254.27119062520273
12420,322.256,254.82999999999998,303.72200000000004,254.2044868579291
12430,322.19466666666665,254.76,303.656,254.13778309065546
12440,322.1333333333333,254.69,303.59000000000003,254.07107932338184
12450,322.072,254.62,303.524,254.00437555610822
12460,322.0106666666667,254.55,303.458,253.93767178883456
12470,321.9493333333333,254.48,303.392,253.87096802156094
12480,321.888,254.41,303.326,253.8042642542873
12490,321.82666666666665,254.34,303.26,253.73756048701367
12500,321.76533333333333,254.27,303.194,253.67085671974004
12510,321.704,254.20000000000002,303.128,253.6041529524664
12520,321.6426666666666,254.13,303.062,253.53744918519277
12530,321.5813333333333,254.06,302.996,253.47074541791912
12540,321.52,253.99,302.93,253.4040416506455
12550,321.45799999999997,254.018,302.87333333333333,253.43656943131404
12560,321.39599999999996,254.04600000000002,302.81666666666666,253.46909721198256
12570,321.334,254.074,302.76,253.5016249926511
12580,321.272,254.102,302.7033333333333,253.53415277331962
12590,321.21,254.13,302.64666666666665,253.56668055398816
12600,321.14799999999997,254.15800000000002,302.59,253.5992083346567
12610,321.08599999999996,254.186,302.5333333333333,253.63173611532523
12620,321.024,254.214,302.4766666666667,253.66426389599377
12630,320.962,254.242,302.42,253.6967916766623
12640,320.9,254.27,302.36333333333334,253.72931945733083
12650,320.83799999999997,254.298,302.3066666666667,253.76184723799938
12660,320.77599999999995,254.326,302.25,253.7943750186679
12670,320.714,254.35399999999998,302.1933333333333,253.82690279933644
12680,320.652,254.382,302.13666666666666,253.85943058000495
12690,320.59,254.41,302.08,253.8919583606735
12700,320.52799999999996,254.53799999999998,302.03933333333333,254.023914737687
12710,320.466,254.666,301.9986666666667,254.1558711147005
12720,320.404,254.79399999999998,301.95799999999997,254.287827491714
12730,320.342,254.922,301.9173333333333,254.4197838687275
12740,320.28,255.04999999999998,301.87666666666667,254.551740245741
12750,320.218,255.178,301.836,254.6836966227545
12760,320.156,255.30599999999998,301.79533333333336,254.815652999768
12770,320.094,255.434,301.75466666666665,254.94760937678151
12780,320.032,255.56199999999998,301.714,255.079565753795
12790,319.97,255.69,301.67333333333335,255.2115221308085
12800,319.908,255.81799999999998,301.6326666666667,255.343478507822
12810,319.846,255.946,301.59200000000004,255.4754348848355
12820,319.784,256.074,301.55133333333333,255.60739126184902
12830,319.72200000000004,256.202,301.5106666666667,255.7393476388625
12840,319.66,256.33,301.47,255.871304015876
12850,319.5986666666667,256.19266666666664,301.4146666666667,255.72575215199944
12860,319.5373333333334,256.0553333333333,301.3593333333334,255.5802002881229
12870,319.476,255.91799999999998,301.30400000000003,255.43464842424635
12880,319.4146666666667,255.78066666666666,301.2486666666667,255.2890965603698
12890,319.35333333333335,255.64333333333332,301.1933333333333,255.14354469649325
12900,319.29200000000003,255.506,301.13800000000003,254.99799283261672
12910,319.2306666666667,255.36866666666666,301.0826666666667,254.85244096874015
12920,319.1693333333333,255.23133333333334,301.02733333333333,254.70688910486362
12930,319.108,255.094,300.972,254.56133724098706
12940,319.0466666666667,254.95666666666668,300.9166666666667,254.41578537711052
12950,318.98533333333336,254.81933333333333,300.86133333333333,254.27023351323396
12960,318.92400000000004,254.68200000000002,300.806,254.12468164935743
12970,318.86266666666666,254.54466666666667,300.75066666666663,253.97912978548086
12980,318.80133333333333,254.40733333333336,300.69533333333334,253.83357792160433
12990,318.74,254.27,300.64,253.68802605772777
13000,318.678,254.45666666666668,300.59866666666665,253.88942803138974
13010,318.616,254.64333333333335,300.5573333333333,254.09083000505174
13020,318.55400000000003,254.83,300.51599999999996,254.29223197871372
13030,318.492,255.01666666666668,300.4746666666667,254.49363395237572
13040,318.43,255.20333333333335,300.43333333333334,254.6950359260377
13050,318.368,255.39000000000001,300.392,254.89643789969966
13060,318.306,255.57666666666668,300.35066666666665,255.09783987336166
13070,318.244,255.76333333333332,300.3093333333333,255.29924184702364
13080,318.182,255.95,300.268,255.50064382068564
13090,318.12,256.13666666666666,300.22666666666663,255.7020457943476
13100,318.058,256.3233333333333,300.1853333333333,255.90344776800958
13110,317.996,256.51,300.144,256.10484974167156
13120,317.934,256.69666666666666,300.10266666666666,256.3062517153336
13130,317.872,256.8833333333333,300.0613333333333,256.50765368899556
13140,317.81,257.07,300.02,256.70905566265753
13150,317.7486666666667,257.358,300.0093333333333,256.998333433573
13160,317.68733333333336,257.646,299.9986666666667,257.2876112044885
13170,317.626,257.93399999999997,299.988,257.5768889754039
13180,317.56466666666665,258.222,299.9773333333333,257.8661667463194
13190,317.50333333333333,258.51,299.96666666666664,258.15544451723486
13200,317.442,258.798,299.956,258.44472228815033
13210,317.3806666666667,259.086,299.94533333333334,258.7340000590658
13220,317.3193333333333,259.37399999999997,299.93466666666666,259.0232778299812
13230,317.258,259.662,299.924,259.3125556008967
13240,317.19666666666666,259.95,299.91333333333336,259.6018333718122
13250,317.13533333333334,260.238,299.9026666666667,259.89111114272765
13260,317.074,260.526,299.892,260.1803889136431
13270,317.01266666666663,260.81399999999996,299.8813333333333,260.46966668455855
13280,316.9513333333333,261.102,299.8706666666667,260.758944455474
13290,316.89,261.39,299.86,261.0482222263895
13300,316.82866666666666,261.5073333333333,299.8426666666667,261.1662977542734
13310,316.76733333333334,261.62466666666666,299.82533333333333,261.2843732821573
13320,316.706,261.74199999999996,299.808,261.4024488100412
13330,316.64466666666664,261.8593333333333,299.7906666666667,261.5205243379251
13340,316.5833333333333,261.97666666666663,299.77333333333337,261.638599865809
13350,316.522,262.094,299.75600000000003,261.7566753936929
13360,316.46066666666667,262.2113333333333,299.7386666666667,261.8747509215768
13370,316.39933333333335,262.32866666666666,299.72133333333335,261.9928264494607
13380,316.338,262.44599999999997,299.704,262.1109019773446
13390,316.2766666666667,262.56333333333333,299.68666666666667,262.2289775052285
13400,316.2153333333334,262.68066666666664,299.6693333333333,262.3470530331124
13410,316.154,262.798,299.65200000000004,262.4651285609963
13420,316.0926666666667,262.9153333333333,299.6346666666667,262.5832040888802
13430,316.03133333333335,263.03266666666667,299.61733333333336,262.7012796167641
13440,315.97,263.15,299.6,262.819355144648
13450,315.90933333333334,262.5553333333333,299.52333333333337,262.1978821550907
13460,315.8486666666667,261.96066666666667,299.44666666666666,261.5764091655334
13470,315.788,261.366,299.37,260.9549361759761
13480,315.7273333333334,260.7713333333333,299.29333333333335,260.3334631864188
13490,315.6666666666667,260.1766666666666,299.2166666666667,259.7119901968615
13500,315.606,259.582,299.14,259.0905172073042
13510,315.54533333333336,258.9873333333333,299.06333333333333,258.4690442177469
13520,315.48466666666667,258.3926666666666,298.9866666666667,257.8475712281896
13530,315.42400000000004,257.798,298.91,257.2260982386323
13540,315.36333333333334,257.2033333333333,298.8333333333333,256.604625249075
13550,315.30266666666665,256.60866666666664,298.75666666666666,255.98315225951768
13560,315.242,256.014,298.68,255.3616792699604
13570,315.1813333333333,255.41933333333333,298.60333333333335,254.7402062804031
13580,315.1206666666667,254.82466666666664,298.52666666666664,254.1187332908458
13590,315.06,254.23,298.45,253.4972603012885
13600,315.0,254.22199999999998,298.3793333333333,253.50922727560845
13610,314.94,254.214,298.3086666666667,253.5211942499284
13620,314.88,254.206,298.238,253.5331612242484
13630,314.82,254.198,298.1673333333333,253.54512819856836
13640,314.76,254.19,298.09666666666664,253.55709517288832
13650,314.7,254.182,298.026,253.56906214720829
13660,314.64,254.174,297.95533333333333,253.58102912152825
13670,314.58000000000004,254.166,297.88466666666665,253.59299609584824
13680,314.52000000000004,254.15800000000002,297.81399999999996,253.6049630701682
13690,314.46000000000004,254.15,297.74333333333334,253.61693004448816
13700,314.40000000000003,254.142,297.67266666666666,253.62889701880812
13710,314.34000000000003,254.13400000000001,297.602,253.64086399312808
13720,314.28000000000003,254.126,297.5313333333333,253.65283096744807
13730,314.22,254.11800000000002,297.46066666666667,253.66479794176803
13740,314.16,254.11,297.39,253.676764916088
13750,314.10133333333334,254.238,297.35866666666664,253.7986957099277
13760,314.04266666666666,254.366,297.32733333333334,253.92062650376738
13770,313.98400000000004,254.494,297.296,254.0425572976071
13780,313.92533333333336,254.622,297.26466666666664,254.1644880914468
13790,313.8666666666667,254.75,297.23333333333335,254.2864188852865
13800,313.808,254.878,297.202,254.4083496791262
13810,313.7493333333333,255.006,297.17066666666665,254.5302804729659
13820,313.6906666666667,255.134,297.13933333333335,254.6522112668056
13830,313.632,255.262,297.108,254.77414206064532
13840,313.5733333333333,255.39,297.07666666666665,254.896072854485
13850,313.51466666666664,255.51799999999997,297.04533333333336,255.0180036483247
13860,313.45599999999996,255.646,297.014,255.13993444216442
13870,313.39733333333334,255.77399999999997,296.98266666666666,255.26186523600413
13880,313.33866666666665,255.902,296.95133333333337,255.3837960298438
13890,313.28,256.03,296.92,255.50572682368352
13900,313.22266666666667,255.74533333333332,296.85200000000003,255.21414529268543
13910,313.1653333333333,255.46066666666664,296.784,254.92256376168731
13920,313.108,255.176,296.716,254.63098223068923
13930,313.05066666666664,254.8913333333333,296.648,254.3394006996911
13940,312.99333333333334,254.60666666666665,296.58,254.04781916869302
13950,312.936,254.32199999999997,296.512,253.7562376376949
13960,312.8786666666667,254.03733333333332,296.444,253.46465610669682
13970,312.8213333333333,253.75266666666664,296.376,253.1730745756987
13980,312.764,253.468,296.308,252.88149304470062
13990,312.70666666666665,253.1833333333333,296.24,252.5899115137025
14000,312.64933333333335,252.89866666666666,296.17199999999997,252.29832998270442
14010,312.592,252.61399999999998,296.104,252.0067484517063
14020,312.5346666666667,252.32933333333332,296.036,251.7151669207082
14030,312.4773333333333,252.04466666666664,295.96799999999996,251.4235853897101
14040,312.42,251.76,295.9,251.132003858712
14050,312.36333333333334,252.2,295.88,251.59676310213766
14060,312.3066666666667,252.64,295.85999999999996,252.0615223455633
14070,312.25,253.07999999999998,295.84,252.52628158898895
14080,312.1933333333333,253.52,295.82,252.9910408324146
14090,312.13666666666666,253.96,295.8,253.45580007584024
14100,312.08,254.4,295.78,253.9205593192659
14110,312.0233333333333,254.84,295.76,254.38531856269154
14120,311.9666666666667,255.28,295.74,254.8500778061172
14130,311.91,255.72,295.72,255.31483704954286
14140,311.85333333333335,256.16,295.7,255.7795962929685
14150,311.7966666666667,256.6,295.68,256.24435553639415
14160,311.74,257.04,295.66,256.7091147798198
14170,311.68333333333334,257.48,295.64000000000004,257.17387402324545
14180,311.62666666666667,257.92,295.62,257.6386332666711
14190,311.57,258.36,295.6,258.10339251009674
14200,311.51466666666664,258.598,295.5966666666667,258.33936876120123
14210,311.45933333333335,258.836,295.59333333333336,258.5753450123058
14220,311.404,259.074,295.59000000000003,258.81132126341026
14230,311.34866666666665,259.312,295.5866666666667,259.0472975145148
14240,311.29333333333335,259.55,295.58333333333337,259.2832737656193
14250,311.238,259.788,295.58000000000004,259.51925001672384
14260,311.18266666666665,260.026,295.5766666666667,259.75522626782833
14270,311.12733333333335,260.264,295.5733333333333,259.9912025189329
14280,311.072,260.502,295.57,260.22717877003737
14290,311.01666666666665,260.74,295.56666666666666,260.4631550211419
14300,310.96133333333336,260.978,295.56333333333333,260.6991312722464
14310,310.906,261.216,295.56,260.93510752335095
14320,310.85066666666665,261.454,295.5566666666667,261.17108377445544
14330,310.79533333333336,261.692,295.55333333333334,261.40706002556
14340,310.74,261.93,295.55,261.6430362766645
14350,310.68466666666666,261.82733333333334,295.5253333333333,261.5242830721782
14360,310.62933333333336,261.7246666666667,295.5006666666667,261.405529867692
14370,310.574,261.622,295.476,261.2867766632057
14380,310.51866666666666,261.51933333333335,295.45133333333337,261.16802345871946
14390,310.46333333333337,261.4166666666667,295.4266666666667,261.04927025423325
14400,310.408,261.314,295.402,260.930517049747
14410,310.35266666666666,261.21133333333336,295.37733333333335,260.8117638452607
14420,310.29733333333337,261.10866666666664,295.35266666666666,260.6930106407745
14430,310.242,261.006,295.32800000000003,260.57425743628824
14440,310.18666666666667,260.9033333333333,295.30333333333334,260.45550423180197
14450,310.1313333333334,260.80066666666664,295.27866666666665,260.33675102731576
14460,310.076,260.698,295.254,260.2179978228295
14470,310.02066666666667,260.5953333333333,295.22933333333333,260.0992446183432
14480,309.9653333333334,260.49266666666665,295.2046666666667,259.980491413857
14490,309.91,260.39,295.18,259.86173820937074
14500,309.8546666666667,259.804,295.094,259.2623090860241
14510,309.7993333333334,259.21799999999996,295.008,258.66287996267744
14520,309.744,258.632,294.922,258.0634508393308
14530,309.6886666666667,258.046,294.836,257.46402171598413
14540,309.6333333333333,257.46,294.75,256.8645925926375
14550,309.57800000000003,256.87399999999997,294.664,256.2651634692908
14560,309.5226666666667,256.288,294.578,255.6657343459442
14570,309.46733333333333,255.702,294.492,255.06630522259755
14580,309.412,255.11599999999999,294.406,254.4668760992509
14590,309.3566666666667,254.53,294.32,253.86744697590424
14600,309.30133333333333,253.944,294.234,253.2680178525576
14610,309.246,253.358,294.14799999999997,252.66858872921097
14620,309.19066666666663,252.772,294.062,252.06915960586431
14630,309.13533333333334,252.18599999999998,293.976,251.46973048251766
14640,309.08,251.6,293.89,250.870301359171
14650,309.026,252.13133333333332,293.87,251.43739522643742
14660,308.972,252.66266666666667,293.84999999999997,252.00448909370382
14670,308.918,253.194,293.83,252.5715829609702
14680,308.864,253.72533333333334,293.81,253.1386768282366
14690,308.81,254.25666666666666,293.78999999999996,253.70577069550302
14700,308.756,254.78799999999998,293.77,254.27286456276943
14710,308.702,255.31933333333333,293.75,254.83995843003584
14720,308.64799999999997,255.85066666666665,293.72999999999996,255.40705229730222
14730,308.594,256.382,293.71,255.97414616456862
14740,308.53999999999996,256.9133333333333,293.69,256.54124003183506
14750,308.486,257.44466666666665,293.66999999999996,257.1083338991014
14760,308.43199999999996,257.976,293.65,257.6754277663678
14770,308.378,258.50733333333335,293.63,258.2425216336342
14780,308.32399999999996,259.03866666666664,293.60999999999996,258.80961550090063
14790,308.27,259.57,293.59,259.37670936816704
14800,308.21733333333333,259.38599999999997,293.56,259.16654496501513
14810,308.1646666666667,259.202,293.53,258.95638056186317
14820,308.11199999999997,259.018,293.5,258.74621615871126
14830,308.0593333333333,258.834,293.46999999999997,258.5360517555593
14840,308.00666666666666,258.65,293.44,258.3258873524074
14850,307.954,258.466,293.40999999999997,258.1157229492554
14860,307.90133333333335,258.282,293.38,257.9055585461035
14870,307.84866666666665,258.098,293.34999999999997,257.69539414295156
14880,307.796,257.914,293.32,257.48522973979965
14890,307.74333333333334,257.73,293.28999999999996,257.2750653366477
14900,307.6906666666667,257.546,293.26,257.0649009334958
14910,307.63800000000003,257.362,293.22999999999996,256.8547365303438
14920,307.5853333333333,257.178,293.2,256.6445721271919
14930,307.53266666666667,256.994,293.16999999999996,256.43440772403994
14940,307.48,256.81,293.14,256.22424332088804
14950,307.4286666666667,256.54200000000003,293.06333333333333,255.9692741960044
14960,307.37733333333335,256.274,292.9866666666667,255.71430507112078
14970,307.326,256.006,292.90999999999997,255.45933594623713
14980,307.2746666666667,255.738,292.8333333333333,255.2043668213535
14990,307.22333333333336,255.47,292.75666666666666,254.94939769646984
15000,307.172,255.202,292.68,254.69442857158623
15010,307.1206666666667,254.934,292.60333333333335,254.43945944670259
15020,307.0693333333333,254.666,292.52666666666664,254.18449032181894
15030,307.018,254.398,292.45,253.9295211969353
15040,306.96666666666664,254.13,292.37333333333333,253.67455207205168
15050,306.9153333333333,253.862,292.2966666666667,253.41958294716804
15060,306.864,253.594,292.22,253.1646138222844
15070,306.81266666666664,253.326,292.1433333333333,252.90964469740075
15080,306.7613333333333,253.058,292.06666666666666,252.65467557251714
15090,306.71,252.79,291.99,252.3997064476335
15100,306.65933333333334,253.21066666666667,291.978,252.8323861497048
15110,306.60866666666664,253.63133333333332,291.966,253.2650658517761
15120,306.558,254.052,291.954,253.6977455538474
15130,306.5073333333333,254.47266666666667,291.942,254.13042525591868
15140,306.45666666666665,254.89333333333335,291.93,254.56310495799
15150,306.406,255.314,291.918,254.9957846600613
15160,306.3553333333333,255.73466666666667,291.906,255.4284643621326
15170,306.30466666666666,256.1553333333333,291.894,255.8611440642039
15180,306.25399999999996,256.576,291.882,256.2938237662752
15190,306.2033333333333,256.99666666666667,291.87,256.7265034683465
15200,306.1526666666667,257.4173333333334,291.858,257.1591831704178
15210,306.102,257.838,291.846,257.5918628724891
15220,306.05133333333333,258.25866666666667,291.834,258.02454257456037
15230,306.00066666666663,258.6793333333334,291.822,258.4572222766317
15240,305.95,259.1,291.81,258.889901978703
15250,305.9,259.17133333333334,291.794,258.95483559182196
15260,305.84999999999997,259.2426666666667,291.778,259.01976920494087
15270,305.8,259.314,291.762,259.08470281805984
15280,305.75,259.38533333333334,291.746,259.1496364311788
15290,305.7,259.4566666666667,291.73,259.2145700442978
15300,305.65,259.528,291.714,259.2795036574167
15310,305.59999999999997,259.59933333333333,291.698,259.34443727053565
15320,305.55,259.6706666666667,291.682,259.4093708836546
15330,305.5,259.742,291.666,259.4743044967736
15340,305.45,259.81333333333333,291.65,259.5392381098925
15350,305.4,259.8846666666667,291.634,259.60417172301146
15360,305.34999999999997,259.956,291.618,259.66910533613043
15370,305.3,260.02733333333333,291.602,259.7340389492494
15380,305.25,260.0986666666667,291.586,259.7989725623683
15390,305.2,260.17,291.57,259.8639061754873
15400,305.15066666666667,260.09000000000003,291.53933333333333,259.7773911845734
15410,305.10133333333334,260.01,291.50866666666667,259.6908761936595
15420,305.05199999999996,259.93,291.478,259.6043612027456
15430,305.00266666666664,259.85,291.44733333333335,259.51784621183174
15440,304.9533333333333,259.77000000000004,291.4166666666667,259.43133122091785
15450,304.904,259.69,291.386,259.34481623000397
15460,304.8546666666667,259.61,291.35533333333336,259.2583012390901
15470,304.8053333333333,259.53000000000003,291.32466666666664,259.1717862481762
15480,304.756,259.45000000000005,291.294,259.0852712572623
15490,304.70666666666665,259.37,291.2633333333333,258.99875626634844
15500,304.6573333333333,259.29,291.23266666666666,258.91224127543455
15510,304.608,259.21000000000004,291.202,258.82572628452067
15520,304.5586666666666,259.13000000000005,291.17133333333334,258.7392112936068
15530,304.5093333333333,259.05,291.1406666666667,258.6526963026929
15540,304.46,258.97,291.11,258.566181311779
15550,304.4113333333333,258.862,291.06666666666666,258.4589586434509
15560,304.36266666666666,258.754,291.02333333333337,258.3517359751227
15570,304.31399999999996,258.646,290.98,258.2445133067946
15580,304.26533333333333,258.538,290.93666666666667,258.1372906384665
15590,304.21666666666664,258.43,290.8933333333333,258.03006797013836
15600,304.168,258.322,290.85,257.9228453018102
15610,304.1193333333333,258.214,290.8066666666667,257.81562263348206
15620,304.0706666666667,258.10600000000005,290.7633333333333,257.70839996515394
15630,304.022,257.99800000000005,290.71999999999997,257.6011772968258
15640,303.97333333333336,257.89000000000004,290.6766666666667,257.49395462849765
15650,303.92466666666667,257.78200000000004,290.6333333333333,257.3867319601695
15660,303.87600000000003,257.67400000000004,290.59,257.2795092918414
15670,303.82733333333334,257.56600000000003,290.5466666666666,257.1722866235133
15680,303.7786666666667,257.458,290.50333333333333,257.0650639551851
15690,303.73,257.35,290.46,256.957841286857
15700,303.6826666666667,257.35133333333334,290.4233333333333,256.9606518677332
15710,303.63533333333334,257.35266666666666,290.38666666666666,256.9634624486094
15720,303.588,257.35400000000004,290.34999999999997,256.9662730294856
15730,303.54066666666665,257.35533333333336,290.31333333333333,256.9690836103618
15740,303.49333333333334,257.3566666666667,290.27666666666664,256.971894191238
15750,303.446,257.358,290.24,256.9747047721142
15760,303.39866666666666,257.3593333333333,290.2033333333333,256.9775153529904
15770,303.35133333333334,257.3606666666667,290.1666666666667,256.9803259338666
15780,303.304,257.362,290.13,256.9831365147428
15790,303.25666666666666,257.36333333333334,290.09333333333336,256.985947095619
15800,303.20933333333335,257.36466666666666,290.0566666666667,256.9887576764952
15810,303.162,257.366,290.02000000000004,256.9915682573714
15820,303.11466666666666,257.36733333333336,289.98333333333335,256.9943788382476
15830,303.0673333333333,257.3686666666667,289.9466666666667,256.9971894191238
15840,303.02,257.37,289.91,257.0
