Time (s),T_outer (C),T_inner (C),T_avg (C),Input Temperature (C)
0,291.77722085084145,291.77722085084145,291.77722085084145,291.77722085084145
10,291.77722085084145,291.77722085084145,291.77722085084145,291.77722085084145
20,291.77722085084145,291.77722085084145,291.77722085084145,291.77722085084145
30,291.77722085084145,291.77722085084145,291.77722085084145,291.77722085084145
40,291.77722085084145,291.77722085084145,291.77722085084145,291.77722085084145
50,291.77722085084145,291.77722085084145,291.77722085084145,291.77722085084145
60,291.77722085084145,291.77722085084145,291.77722085084145,291.77722085084145
70,291.77722085084145,291.77722085084145,291.77722085084145,291.77722085084145
80,291.77722085084145,291.77722085084145,291.77722085084145,291.77722085084145
90,291.77722085084145,291.77722085084145,291.77722085084145,291.77722085084145
100,291.77722085084145,291.77722085084145,291.77722085084145,291.77722085084145
110,291.77722085084145,291.77722085084145,291.77722085084145,291.77722085084145
120,291.77722085084145,291.77722085084145,291.77722085084145,291.77722085084145
130,291.77722085084145,291.77722085084145,291.77722085084145,291.77722085084145
140,291.77722085084145,291.77722085084145,291.77722085084145,291.77722085084145
150,291.77722085084145,291.77722085084145,291.77722085084145,291.77722085084145
160,291.77722085084145,291.77722085084145,291.77722085084145,291.77722085084145
170,291.77722085084145,291.77722085084145,291.77722085084145,291.77722085084145
180,291.77722085084145,291.77722085084145,291.77722085084145,291.77722085084145
190,291.77722085084145,291.77722085084145,291.77722085084145,291.77722085084145
200,291.77722085084145,291.77722085084145,291.77722085084145,291.77722085084145
210,291.77722085084145,291.77722085084145,291.77722085084145,291.77722085084145
220,291.77722085084145,291.77722085084145,291.77722085084145,291.77722085084145
230,291.77722085084145,291.77722085084145,291.77722085084145,291.77722085084145
240,291.77722085084145,291.77722085084145,291.77722085084145,291.77722085084145
250,291.77722085084145,291.77722085084145,291.77722085084145,291.77722085084145
260,291.77722085084145,291.77722085084145,291.77722085084145,291.77722085084145
270,291.77722085084145,291.77722085084145,291.77722085084145,291.77722085084145
280,291.77722085084145,291.77722085084145,291.77722085084145,291.77722085084145
290,291.77722085084145,291.77722085084145,291.77722085084145,291.77722085084145
300,291.77722085084145,291.77722085084145,291.77722085084145,291.77722085084145
310,291.77722085084145,291.77722085084145,291.77722085084145,291.77722085084145
320,291.77722085084145,291.77722085084145,291.77722085084145,291.77722085084145
330,291.77722085084145,291.77722085084145,291.77722085084145,291.77722085084145
340,291.77722085084145,291.77722085084145,291.77722085084145,291.77722085084145
350,291.77722085084145,291.77722085084145,291.77722085084145,291.77722085084145
360,291.77722085084145,291.77722085084145,291.77722085084145,291.77722085084145
370,291.77722085084145,291.77722085084145,291.77722085084145,291.77722085084145
380,291.77722085084145,291.77722085084145,291.77722085084145,291.77722085084145
390,291.77722085084145,291.77722085084145,291.77722085084145,291.77722085084145
400,291.77722085084145,291.77722085084145,291.77722085084145,291.77722085084145
410,291.77722085084145,291.77722085084145,291.77722085084145,291.77722085084145
420,291.77722085084145,291.77722085084145,291.77722085084145,291.77722085084145
430,291.77722085084145,291.77722085084145,291.77722085084145,291.77722085084145
440,291.77722085084145,291.77722085084145,291.77722085084145,291.77722085084145
450,291.77722085084145,291.77722085084145,291.77722085084145,291.77722085084145
460,291.77722085084145,291.77722085084145,291.77722085084145,291.77722085084145
470,291.77722085084145,291.77722085084145,291.77722085084145,291.77722085084145
480,291.77722085084145,291.77722085084145,291.77722085084145,291.77722085084145
490,291.77722085084145,291.77722085084145,291.77722085084145,291.77722085084145
500,291.77722085084145,291.77722085084145,291.77722085084145,291.77722085084145
510,291.77722085084145,291.77722085084145,291.77722085084145,291.77722085084145
520,291.77722085084145,291.77722085084145,291.77722085084145,291.77722085084145
530,291.77722085084145,291.77722085084145,291.77722085084145,291.77722085084145
540,291.77722085084145,291.77722085084145,291.77722085084145,291.77722085084145
550,291.77722085084145,291.77722085084145,291.77722085084145,291.77722085084145
560,291.77722085084145,291.77722085084145,291.77722085084145,291.77722085084145
570,291.77722085084145,291.77722085084145,291.77722085084145,291.77722085084145
580,291.77722085084145,291.77722085084145,291.77722085084145,291.77722085084145
590,291.77722085084145,291.77722085084145,291.77722085084145,291.77722085084145
600,291.77722085084145,291.77722085084145,291.77722085084145,291.77722085084145
610,291.77722085084145,291.77722085084145,291.77722085084145,291.77722085084145
620,291.77722085084145,291.77722085084145,291.77722085084145,291.77722085084145
630,291.77722085084145,291.77722085084145,291.77722085084145,291.77722085084145
640,291.77722085084145,291.77722085084145,291.77722085084145,291.77722085084145
650,291.77722085084145,291.77722085084145,291.77722085084145,291.77722085084145
660,291.77722085084145,291.77722085084145,291.77722085084145,291.77722085084145
670,291.77722085084145,291.77722085084145,291.77722085084145,291.77722085084145
680,291.77722085084145,291.77722085084145,291.77722085084145,291.77722085084145
690,291.77722085084145,291.77722085084145,291.77722085084145,291.77722085084145
700,291.77722085084145,291.77722085084145,291.77722085084145,291.77722085084145
710,291.77722085084145,291.77722085084145,291.77722085084145,291.77722085084145
720,291.77722085084145,291.77722085084145,291.77722085084145,291.77722085084145
730,291.77722085084145,291.77722085084145,291.77722085084145,291.77722085084145
740,291.77722085084145,291.77722085084145,291.77722085084145,291.77722085084145
750,291.77722085084145,291.77722085084145,291.77722085084145,291.77722085084145
760,291.77722085084145,291.77722085084145,291.77722085084145,291.77722085084145
770,291.77722085084145,291.77722085084145,291.77722085084145,291.77722085084145
780,291.77722085084145,291.77722085084145,291.77722085084145,291.77722085084145
790,291.77722085084145,291.77722085084145,291.77722085084145,291.77722085084145
800,291.77722085084145,291.77722085084145,291.77722085084145,291.77722085084145
810,291.77722085084145,291.77722085084145,291.77722085084145,291.77722085084145
820,291.77722085084145,291.77722085084145,291.77722085084145,291.77722085084145
830,291.77722085084145,291.77722085084145,291.77722085084145,291.77722085084145
840,291.77722085084145,291.77722085084145,291.77722085084145,291.77722085084145
850,291.77722085084145,291.77722085084145,291.77722085084145,291.77722085084145
860,291.77722085084145,291.77722085084145,291.77722085084145,291.77722085084145
870,291.77722085084145,291.77722085084145,291.77722085084145,291.77722085084145
880,291.77722085084145,291.77722085084145,291.77722085084145,291.77722085084145
890,291.77722085084145,291.77722085084145,291.77722085084145,291.77722085084145
900,291.77722085084145,291.77722085084145,291.77722085084145,291.77722085084145
910,291.77722085084145,291.77722085084145,291.77722085084145,291.77722085084145
920,291.77722085084145,291.77722085084145,291.77722085084145,291.77722085084145
930,291.77722085084145,291.77722085084145,291.77722085084145,291.77722085084145
940,291.77722085084145,291.77722085084145,291.77722085084145,291.77722085084145
950,291.77722085084145,291.77722085084145,291.77722085084145,291.77722085084145
960,291.77722085084145,291.77722085084145,291.77722085084145,291.77722085084145
970,291.77722085084145,291.77722085084145,291.77722085084145,291.77722085084145
980,291.77722085084145,291.77722085084145,291.77722085084145,291.77722085084145
990,291.77722085084145,291.77722085084145,291.77722085084145,291.77722085084145
1000,291.77722085084145,291.77722085084145,291.77722085084145,291.77722085084145
1010,291.77722085084145,291.77722085084145,291.77722085084145,291.77722085084145
1020,291.77722085084145,291.77722085084145,291.77722085084145,291.77722085084145
1030,291.77722085084145,291.77722085084145,291.77722085084145,291.77722085084145
1040,291.77722085084145,291.77722085084145,291.77722085084145,291.77722085084145
1050,291.77722085084145,291.77722085084145,291.77722085084145,291.77722085084145
1060,291.77722085084145,291.77722085084145,291.77722085084145,291.77722085084145
1070,291.77722085084145,291.77722085084145,291.77722085084145,291.77722085084145
1080,291.77722085084145,291.77722085084145,291.77722085084145,291.77722085084145
1090,291.77722085084145,291.77722085084145,291.77722085084145,291.77722085084145
1100,291.77722085084145,291.77722085084145,291.77722085084145,291.77722085084145
1110,291.77722085084145,291.77722085084145,291.77722085084145,291.77722085084145
1120,291.77722085084145,291.77722085084145,291.77722085084145,291.77722085084145
1130,291.77722085084145,291.77722085084145,291.77722085084145,291.77722085084145
1140,291.77722085084145,291.77722085084145,291.77722085084145,291.77722085084145
1150,291.77722085084145,291.77722085084145,291.77722085084145,291.77722085084145
1160,291.77722085084145,291.77722085084145,291.77722085084145,291.77722085084145
1170,291.77722085084145,291.77722085084145,291.77722085084145,291.77722085084145
1180,291.77722085084145,291.77722085084145,291.77722085084145,291.77722085084145
1190,291.77722085084145,291.77722085084145,291.77722085084145,291.77722085084145
1200,291.77722085084145,291.77722085084145,291.77722085084145,291.77722085084145
1210,291.77722085084145,291.77722085084145,291.77722085084145,291.77722085084145
1220,291.77722085084145,291.77722085084145,291.77722085084145,291.77722085084145
1230,291.77722085084145,291.77722085084145,291.77722085084145,291.77722085084145
1240,291.77722085084145,291.77722085084145,291.77722085084145,291.77722085084145
1250,291.77722085084145,291.77722085084145,291.77722085084145,291.77722085084145
1260,291.77722085084145,291.77722085084145,291.77722085084145,291.77722085084145
1270,291.77722085084145,291.77722085084145,291.77722085084145,291.77722085084145
1280,291.77722085084145,291.77722085084145,291.77722085084145,291.77722085084145
1290,291.77722085084145,291.77722085084145,291.77722085084145,291.77722085084145
1300,291.77722085084145,291.77722085084145,291.77722085084145,291.77722085084145
1310,291.77722085084145,291.77722085084145,291.77722085084145,291.77722085084145
1320,291.77722085084145,291.77722085084145,291.77722085084145,291.77722085084145
1330,291.77722085084145,291.77722085084145,291.77722085084145,291.77722085084145
1340,291.77722085084145,291.77722085084145,291.77722085084145,291.77722085084145
1350,291.77722085084145,291.77722085084145,291.77722085084145,291.77722085084145
1360,291.77722085084145,291.77722085084145,291.77722085084145,291.77722085084145
1370,291.77722085084145,291.77722085084145,291.77722085084145,291.77722085084145
1380,291.77722085084145,291.77722085084145,291.77722085084145,291.77722085084145
1390,291.77722085084145,291.77722085084145,291.77722085084145,291.77722085084145
1400,291.77722085084145,291.77722085084145,291.77722085084145,291.77722085084145
1410,291.77722085084145,291.77722085084145,291.77722085084145,291.77722085084145
1420,291.77722085084145,291.77722085084145,291.77722085084145,291.77722085084145
1430,291.77722085084145,291.77722085084145,291.77722085084145,291.77722085084145
1440,291.77722085084145,291.77722085084145,291.77722085084145,291.77722085084145
1440,291.77722085084145,291.77722085084145,291.77722085084145,291.77722085084145
1450,291.777406127452,291.93873946078537,291.79073946078535,291.9452082179759
1460,291.7775914040626,292.10025807072924,291.80425807072925,292.1131955851104
1470,291.7777766806731,292.26177668067317,291.81777668067315,292.2811829522449
1480,291.7779619572837,292.42329529061703,291.83129529061705,292.44917031937933
1490,291.7781472338943,292.58481390056096,291.84481390056095,292.61715768651385
1500,291.77833251050487,292.7463325105049,291.85833251050485,292.7851450536483
1510,291.77851778711545,292.90785112044875,291.87185112044875,292.95313242078277
1520,291.77870306372597,293.0693697303927,291.8853697303927,293.1211197879173
1530,291.77888834033655,293.23088834033655,291.8988883403366,293.28910715505174
1540,291.77907361694713,293.3924069502805,291.9124069502805,293.4570945221862
1550,291.7792588935577,293.5539255602244,291.9259255602244,293.6250818893207
1560,291.7794441701683,293.71544417016827,291.9394441701683,293.79306925645517
1570,291.7796294467788,293.8769627801122,291.9529627801122,293.9610566235896
1580,291.7798147233894,294.03848139005606,291.9664813900561,294.12904399072414
1590,291.78,294.2,291.98,294.2970313578586
1600,291.78,294.43,292.00733333333335,294.5327547202742
1610,291.78,294.65999999999997,292.0346666666667,294.7684780826899
1620,291.78,294.89,292.062,295.00420144510554
1630,291.78,295.12,292.08933333333334,295.2399248075212
1640,291.78,295.34999999999997,292.1166666666667,295.47564816993685
1650,291.78,295.58,292.144,295.71137153235253
1660,291.78,295.81,292.17133333333334,295.94709489476816
1670,291.78,296.03999999999996,292.19866666666667,296.18281825718384
1680,291.78,296.27,292.226,296.41854161959947
1690,291.78,296.5,292.25333333333333,296.65426498201515
1700,291.78,296.72999999999996,292.28066666666666,296.8899883444308
1710,291.78,296.96,292.308,297.12571170684646
1720,291.78,297.19,292.3353333333333,297.3614350692621
1730,291.78,297.41999999999996,292.36266666666666,297.59715843167777
1740,291.78,297.65,292.39,297.8328817940934
1750,291.78,297.93466666666666,292.43199999999996,298.1230502467169
1760,291.78,298.21933333333334,292.474,298.4132186993404
1770,291.78,298.50399999999996,292.51599999999996,298.70338715196397
1780,291.78,298.78866666666664,292.558,298.99355560458747
1790,291.78,299.0733333333333,292.59999999999997,299.283724057211
1800,291.78,299.358,292.642,299.5738925098345
1810,291.78,299.6426666666667,292.68399999999997,299.864060962458
1820,291.78,299.9273333333333,292.726,300.15422941508155
1830,291.78,300.212,292.768,300.44439786770505
1840,291.78,300.49666666666667,292.81,300.73456632032855
1850,291.78,300.78133333333335,292.852,301.02473477295206
1860,291.78,301.06600000000003,292.894,301.31490322557556
1870,291.78,301.35066666666665,292.936,301.6050716781991
1880,291.78,301.63533333333334,292.978,301.89524013082263
1890,291.78,301.92,293.02,302.18540858344613
1900,291.78,302.24666666666667,293.07533333333333,302.51673122120417
1910,291.78,302.5733333333333,293.1306666666666,302.84805385896226
1920,291.78,302.90000000000003,293.186,303.1793764967203
1930,291.78,303.2266666666667,293.24133333333333,303.5106991344784
1940,291.78,303.55333333333334,293.2966666666667,303.8420217722364
1950,291.78,303.88,293.352,304.1733444099945
1960,291.78,304.20666666666665,293.4073333333333,304.50466704775255
1970,291.78,304.53333333333336,293.4626666666667,304.83598968551064
1980,291.78,304.86,293.51800000000003,305.1673123232687
1990,291.78,305.18666666666667,293.5733333333333,305.49863496102677
2000,291.78,305.5133333333333,293.6286666666667,305.8299575987848
2010,291.78,305.84,293.684,306.1612802365429
2020,291.78,306.1666666666667,293.7393333333334,306.4926028743009
2030,291.78,306.49333333333334,293.79466666666667,306.823925512059
2040,291.78,306.82,293.85,307.15524814981706
2050,291.78066666666666,307.3333333333333,293.93,307.67963846664554
2060,291.7813333333333,307.84666666666664,294.01000000000005,308.20402878347403
2070,291.782,308.36,294.09000000000003,308.7284191003025
2080,291.78266666666667,308.87333333333333,294.17,309.25280941713095
2090,291.7833333333333,309.38666666666666,294.25,309.77719973395943
2100,291.784,309.9,294.33000000000004,310.3015900507879
2110,291.7846666666667,310.4133333333333,294.41,310.8259803676164
2120,291.7853333333333,310.9266666666667,294.49,311.3503706844449
2130,291.786,311.44,294.57,311.8747610012734
2140,291.7866666666667,311.9533333333333,294.65000000000003,312.3991513181019
2150,291.7873333333333,312.46666666666664,294.73,312.92354163493036
2160,291.788,312.97999999999996,294.81,313.4479319517588
2170,291.7886666666667,313.49333333333334,294.89,313.9723222685873
2180,291.78933333333333,314.00666666666666,294.97,314.49671258541576
2190,291.79,314.52,295.05,315.02110290224425
2200,291.79133333333334,314.87399999999997,295.13533333333334,315.37375062564405
2210,291.79266666666666,315.228,295.22066666666666,315.72639834904385
2220,291.79400000000004,315.582,295.306,316.07904607244365
2230,291.79533333333336,315.936,295.39133333333336,316.43169379584344
2240,291.7966666666667,316.28999999999996,295.4766666666667,316.78434151924324
2250,291.798,316.644,295.562,317.13698924264304
2260,291.7993333333333,316.998,295.64733333333334,317.48963696604284
2270,291.8006666666667,317.352,295.73266666666666,317.84228468944264
2280,291.802,317.70599999999996,295.818,318.19493241284243
2290,291.80333333333334,318.06,295.9033333333333,318.54758013624223
2300,291.80466666666666,318.414,295.98866666666663,318.90022785964203
2310,291.806,318.768,296.074,319.2528755830418
2320,291.80733333333336,319.12199999999996,296.15933333333334,319.6055233064416
2330,291.8086666666667,319.476,296.24466666666666,319.9581710298414
2340,291.81,319.83,296.33,320.3108187532412
2350,291.81333333333333,320.116,296.40999999999997,320.5991582044364
2360,291.81666666666666,320.402,296.49,320.8874976556315
2370,291.82,320.688,296.57,321.17583710682663
2380,291.8233333333333,320.974,296.65,321.46417655802173
2390,291.82666666666665,321.26,296.72999999999996,321.7525160092169
2400,291.83,321.546,296.81,322.040855460412
2410,291.8333333333333,321.832,296.89,322.32919491160715
2420,291.8366666666667,322.118,296.96999999999997,322.61753436280225
2430,291.84000000000003,322.404,297.04999999999995,322.9058738139974
2440,291.84333333333336,322.69,297.13,323.1942132651925
2450,291.8466666666667,322.976,297.21,323.48255271638766
2460,291.85,323.262,297.28999999999996,323.77089216758276
2470,291.85333333333335,323.548,297.36999999999995,324.0592316187779
2480,291.8566666666667,323.834,297.45,324.347571069973
2490,291.86,324.12,297.53,324.63591052116817
2500,291.86533333333335,324.448,297.6166666666666,324.9673760213827
2510,291.8706666666667,324.776,297.7033333333333,325.2988415215971
2520,291.87600000000003,325.104,297.78999999999996,325.63030702181163
2530,291.8813333333333,325.432,297.87666666666667,325.96177252202614
2540,291.88666666666666,325.76,297.9633333333333,326.2932380222406
2550,291.892,326.088,298.04999999999995,326.6247035224551
2560,291.89733333333334,326.416,298.13666666666666,326.9561690226696
2570,291.9026666666667,326.744,298.2233333333333,327.28763452288405
2580,291.908,327.072,298.31,327.61910002309855
2590,291.91333333333336,327.40000000000003,298.39666666666665,327.95056552331306
2600,291.9186666666667,327.728,298.4833333333333,328.2820310235275
2610,291.924,328.05600000000004,298.57,328.613496523742
2620,291.9293333333333,328.384,298.65666666666664,328.9449620239565
2630,291.93466666666666,328.71200000000005,298.74333333333334,329.27642752417097
2640,291.94,329.04,298.83,329.6078930243855
2650,291.948,329.526,298.93466666666666,330.1027627215638
2660,291.956,330.012,299.03933333333333,330.59763241874214
2670,291.964,330.498,299.144,331.09250211592047
2680,291.972,330.98400000000004,299.2486666666666,331.58737181309874
2690,291.98,331.47,299.3533333333333,332.0822415102771
2700,291.988,331.956,299.45799999999997,332.5771112074554
2710,291.996,332.442,299.56266666666664,333.07198090463373
2720,292.004,332.928,299.6673333333333,333.56685060181206
2730,292.012,333.414,299.772,334.0617202989904
2740,292.02,333.9,299.87666666666667,334.5565899961687
2750,292.028,334.38599999999997,299.98133333333334,335.05145969334706
2760,292.036,334.872,300.08599999999996,335.54632939052533
2770,292.044,335.358,300.19066666666663,336.04119908770366
2780,292.052,335.844,300.2953333333333,336.536068784882
2790,292.06,336.33,300.4,337.0309384820603
2800,292.0713333333333,336.64599999999996,300.50266666666664,337.3429355515648
2810,292.0826666666667,336.962,300.6053333333333,337.6549326210692
2820,292.094,337.27799999999996,300.70799999999997,337.96692969057364
2830,292.10533333333336,337.594,300.81066666666663,338.2789267600781
2840,292.1166666666667,337.90999999999997,300.9133333333333,338.5909238295825
2850,292.128,338.226,301.01599999999996,338.90292089908695
2860,292.13933333333335,338.542,301.1186666666666,339.2149179685914
2870,292.15066666666667,338.858,301.22133333333335,339.5269150380958
2880,292.16200000000003,339.174,301.324,339.83891210760027
2890,292.17333333333335,339.49,301.4266666666667,340.1509091771047
2900,292.18466666666666,339.806,301.52933333333334,340.4629062466091
2910,292.196,340.122,301.632,340.7749033161136
2920,292.20733333333334,340.438,301.73466666666667,341.08690038561804
2930,292.2186666666667,340.754,301.83733333333333,341.39889745512244
2940,292.23,341.07,301.94,341.7108945246269
2950,292.24600000000004,341.322,302.0346666666667,341.96592036216566
2960,292.262,341.574,302.1293333333333,342.2209461997045
2970,292.278,341.826,302.224,342.47597203724325
2980,292.29400000000004,342.078,302.3186666666667,342.730997874782
2990,292.31,342.33,302.41333333333336,342.9860237123208
3000,292.326,342.582,302.508,343.2410495498596
3010,292.34200000000004,342.834,302.60266666666666,343.4960753873984
3020,292.358,343.086,302.69733333333335,343.75110122493714
3030,292.374,343.338,302.79200000000003,344.0061270624759
3040,292.39000000000004,343.59000000000003,302.88666666666666,344.26115290001474
3050,292.406,343.84200000000004,302.98133333333334,344.5161787375535
3060,292.422,344.094,303.076,344.77120457509227
3070,292.43800000000005,344.346,303.1706666666667,345.02623041263104
3080,292.454,344.598,303.26533333333333,345.28125625016986
3090,292.47,344.85,303.36,345.5362820877086
3100,292.4893333333334,345.17133333333334,303.46133333333336,345.86023808899
3110,292.50866666666667,345.4926666666667,303.5626666666667,346.1841940902713
3120,292.528,345.814,303.664,346.5081500915527
3130,292.54733333333337,346.13533333333334,303.76533333333333,346.832106092834
3140,292.56666666666666,346.4566666666667,303.8666666666667,347.1560620941154
3150,292.586,346.778,303.968,347.48001809539676
3160,292.60533333333336,347.09933333333333,304.06933333333336,347.8039740966781
3170,292.62466666666666,347.4206666666667,304.17066666666665,348.12793009795945
3180,292.644,347.742,304.272,348.45188609924077
3190,292.66333333333336,348.06333333333333,304.37333333333333,348.77584210052214
3200,292.68266666666665,348.3846666666667,304.4746666666667,349.0997981018035
3210,292.702,348.706,304.576,349.42375410308483
3220,292.72133333333335,349.02733333333333,304.6773333333333,349.7477101043662
3230,292.74066666666664,349.3486666666667,304.77866666666665,350.0716661056475
3240,292.76,349.67,304.88,350.3956221069289
3250,292.784,350.134,304.998,350.8679442439132
3260,292.808,350.598,305.116,351.3402663808975
3270,292.832,351.062,305.234,351.8125885178818
3280,292.856,351.526,305.352,352.2849106548661
3290,292.88,351.99,305.46999999999997,352.7572327918504
3300,292.904,352.454,305.58799999999997,353.2295549288347
3310,292.928,352.918,305.70599999999996,353.701877065819
3320,292.952,353.382,305.824,354.1741992028033
3330,292.976,353.846,305.942,354.6465213397876
3340,293.0,354.31,306.06,355.11884347677193
3350,293.024,354.774,306.178,355.59116561375623
3360,293.048,355.238,306.296,356.06348775074053
3370,293.072,355.702,306.414,356.53580988772484
3380,293.096,356.166,306.532,357.00813202470914
3390,293.12,356.63,306.65,357.48045416169344
3400,293.14866666666666,356.8573333333333,306.76266666666663,357.70063942648886
3410,293.17733333333337,357.0846666666667,306.8753333333333,357.9208246912843
3420,293.206,357.312,306.988,358.1410099560797
3430,293.23466666666667,357.53933333333333,307.10066666666665,358.3611952208751
3440,293.2633333333333,357.76666666666665,307.2133333333333,358.58138048567054
3450,293.29200000000003,357.994,307.32599999999996,358.80156575046595
3460,293.3206666666667,358.22133333333335,307.4386666666666,359.0217510152614
3470,293.34933333333333,358.44866666666667,307.55133333333333,359.2419362800568
3480,293.378,358.676,307.664,359.4621215448522
3490,293.4066666666667,358.90333333333336,307.77666666666664,359.6823068096476
3500,293.43533333333335,359.1306666666667,307.8893333333333,359.90249207444305
3510,293.464,359.358,308.00199999999995,360.12267733923846
3520,293.49266666666665,359.5853333333333,308.11466666666666,360.3428626040339
3530,293.52133333333336,359.8126666666667,308.2273333333333,360.5630478688293
3540,293.55,360.04,308.34,360.7832331336247
3550,293.5826666666667,360.25666666666666,308.4393333333333,361.0071251429431
3560,293.61533333333335,360.47333333333336,308.53866666666664,361.23101715226153
3570,293.648,360.69,308.638,361.4549091615799
3580,293.6806666666667,360.9066666666667,308.7373333333333,361.67880117089834
3590,293.71333333333337,361.12333333333333,308.83666666666664,361.9026931802167
3600,293.74600000000004,361.34000000000003,308.936,362.1265851895351
3610,293.7786666666667,361.5566666666667,309.0353333333333,362.3504771988535
3620,293.8113333333333,361.77333333333337,309.13466666666665,362.5743692081719
3630,293.844,361.99,309.234,362.79826121749034
3640,293.87666666666667,362.2066666666667,309.3333333333333,363.0221532268087
3650,293.90933333333334,362.42333333333335,309.43266666666665,363.2460452361271
3660,293.942,362.64000000000004,309.532,363.4699372454455
3670,293.9746666666667,362.8566666666667,309.6313333333333,363.6938292547639
3680,294.00733333333335,363.0733333333334,309.73066666666665,363.91772126408233
3690,294.04,363.29,309.83,364.1416132734007
3700,294.07733333333334,363.7666666666667,309.95666666666665,364.62505564395394
3710,294.11466666666666,364.24333333333334,310.0833333333333,365.10849801450723
3720,294.15200000000004,364.72,310.21,365.59194038506047
3730,294.18933333333337,365.19666666666666,310.33666666666664,366.0753827556137
3740,294.2266666666667,365.67333333333335,310.4633333333333,366.55882512616694
3750,294.264,366.15000000000003,310.59,367.0422674967202
3760,294.30133333333333,366.62666666666667,310.71666666666664,367.52570986727346
3770,294.3386666666667,367.10333333333335,310.84333333333336,368.0091522378267
3780,294.37600000000003,367.58,310.97,368.49259460837993
3790,294.41333333333336,368.0566666666667,311.0966666666667,368.9760369789332
3800,294.4506666666667,368.53333333333336,311.22333333333336,369.45947934948646
3810,294.488,369.01,311.35,369.9429217200397
3820,294.5253333333334,369.4866666666667,311.4766666666667,370.4263640905929
3830,294.5626666666667,369.9633333333333,311.60333333333335,370.9098064611462
3840,294.6,370.44,311.73,371.39324883169945
3850,294.642,370.788,311.858,371.7404285399551
3860,294.684,371.136,311.986,372.08760824821076
3870,294.726,371.484,312.11400000000003,372.4347879564664
3880,294.76800000000003,371.832,312.242,372.781967664722
3890,294.81,372.18,312.37,373.1291473729777
3900,294.85200000000003,372.528,312.498,373.4763270812333
3910,294.894,372.87600000000003,312.626,373.82350678948893
3920,294.93600000000004,373.224,312.754,374.1706864977446
3930,294.978,373.572,312.882,374.51786620600024
3940,295.02000000000004,373.92,313.01,374.86504591425586
3950,295.062,374.26800000000003,313.138,375.21222562251154
3960,295.10400000000004,374.61600000000004,313.26599999999996,375.55940533076716
3970,295.146,374.964,313.394,375.9065850390228
3980,295.18800000000005,375.312,313.522,376.25376474727847
3990,295.23,375.66,313.65,376.6009444555341
4000,295.276,375.92733333333337,313.774,376.8669730268115
4010,295.322,376.1946666666667,313.89799999999997,377.13300159808887
4020,295.368,376.46200000000005,314.022,377.39903016936626
4030,295.41400000000004,376.72933333333333,314.14599999999996,377.66505874064364
4040,295.46000000000004,376.99666666666667,314.27,377.93108731192103
4050,295.50600000000003,377.264,314.394,378.1971158831984
4060,295.552,377.53133333333335,314.518,378.4631444544758
4070,295.598,377.7986666666667,314.642,378.72917302575325
4080,295.644,378.06600000000003,314.76599999999996,378.99520159703064
4090,295.69,378.33333333333337,314.89,379.26123016830803
4100,295.736,378.6006666666667,315.014,379.5272587395854
4110,295.78200000000004,378.868,315.138,379.7932873108628
4120,295.82800000000003,379.13533333333334,315.262,380.0593158821402
4130,295.874,379.4026666666667,315.38599999999997,380.3253444534176
4140,295.92,379.67,315.51,380.591373024695
4150,295.97,379.944,315.6286666666667,380.86809897855767
4160,296.02000000000004,380.218,315.7473333333333,381.14482493242036
4170,296.07,380.492,315.866,381.421550886283
4180,296.12,380.766,315.98466666666667,381.6982768401457
4190,296.17,381.04,316.10333333333335,381.9750027940084
4200,296.22,381.314,316.222,382.2517287478711
4210,296.27000000000004,381.588,316.34066666666666,382.5284547017338
4220,296.32,381.86199999999997,316.45933333333335,382.8051806555964
4230,296.37,382.13599999999997,316.57800000000003,383.0819066094591
4240,296.42,382.40999999999997,316.69666666666666,383.3586325633218
4250,296.47,382.68399999999997,316.81533333333334,383.6353585171845
4260,296.52000000000004,382.95799999999997,316.934,383.9120844710472
4270,296.57,383.23199999999997,317.0526666666667,384.18881042490983
4280,296.62,383.506,317.17133333333334,384.4655363787725
4290,296.67,383.78,317.29,384.7422623326352
4300,296.7246666666667,384.1553333333333,317.4186666666667,385.1215341886467
4310,296.77933333333334,384.53066666666666,317.54733333333337,385.50080604465825
4320,296.834,384.906,317.67600000000004,385.88007790066973
4330,296.88866666666667,385.2813333333333,317.80466666666666,386.2593497566812
4340,296.9433333333333,385.65666666666664,317.93333333333334,386.63862161269276
4350,296.998,386.032,318.062,387.01789346870424
4360,297.05266666666665,386.4073333333333,318.1906666666667,387.39716532471573
4370,297.1073333333334,386.78266666666667,318.31933333333336,387.77643718072727
4380,297.16200000000003,387.158,318.44800000000004,388.15570903673876
4390,297.2166666666667,387.53333333333336,318.5766666666667,388.53498089275024
4400,297.27133333333336,387.9086666666667,318.7053333333334,388.9142527487618
4410,297.326,388.284,318.834,389.29352460477327
4420,297.3806666666667,388.65933333333334,318.9626666666667,389.67279646078475
4430,297.43533333333335,389.0346666666667,319.09133333333335,390.0520683167963
4440,297.49,389.41,319.22,390.4313401728078
4450,297.548,389.6093333333334,319.34133333333335,390.62652210435255
4460,297.606,389.8086666666667,319.4626666666667,390.8217040358973
4470,297.664,390.00800000000004,319.584,391.016885967442
4480,297.72200000000004,390.20733333333334,319.7053333333334,391.2120678989868
4490,297.78000000000003,390.4066666666667,319.8266666666667,391.40724983053155
4500,297.838,390.606,319.94800000000004,391.6024317620763
4510,297.896,390.80533333333335,320.06933333333336,391.7976136936211
4520,297.954,391.00466666666665,320.1906666666667,391.9927956251658
4530,298.012,391.204,320.312,392.18797755671056
4540,298.07,391.4033333333333,320.43333333333334,392.38315948825533
4550,298.128,391.60266666666666,320.55466666666666,392.5783414198001
4560,298.18600000000004,391.80199999999996,320.67600000000004,392.77352335134486
4570,298.244,392.0013333333333,320.79733333333337,392.9687052828896
4580,298.302,392.2006666666666,320.9186666666667,393.16388721443434
4590,298.36,392.4,321.04,393.3590691459791
4600,298.422,392.68399999999997,321.16333333333336,393.64754475555515
4610,298.48400000000004,392.96799999999996,321.2866666666667,393.9360203651312
4620,298.546,393.252,321.41,394.2244959747072
4630,298.608,393.536,321.53333333333336,394.51297158428326
4640,298.67,393.82,321.6566666666667,394.8014471938593
4650,298.732,394.104,321.78000000000003,395.08992280343534
4660,298.79400000000004,394.388,321.90333333333336,395.3783984130114
4670,298.856,394.672,322.02666666666664,395.6668740225874
4680,298.918,394.956,322.15,395.95534963216346
4690,298.98,395.24,322.2733333333333,396.2438252417395
4700,299.04200000000003,395.524,322.39666666666665,396.53230085131554
4710,299.10400000000004,395.808,322.52,396.8207764608916
4720,299.166,396.09200000000004,322.6433333333333,397.1092520704676
4730,299.228,396.37600000000003,322.76666666666665,397.39772768004366
4740,299.29,396.66,322.89,397.6862032896197
4750,299.356,397.0306666666667,323.02466666666663,398.06249028295576
4760,299.422,397.40133333333335,323.15933333333334,398.43877727629183
4770,299.488,397.77200000000005,323.294,398.8150642696279
4780,299.55400000000003,398.1426666666667,323.4286666666667,399.19135126296396
4790,299.62,398.5133333333334,323.56333333333333,399.56763825630003
4800,299.686,398.884,323.698,399.9439252496361
4810,299.752,399.2546666666667,323.8326666666667,400.32021224297216
4820,299.818,399.62533333333334,323.96733333333333,400.6964992363082
4830,299.884,399.99600000000004,324.10200000000003,401.0727862296443
4840,299.95,400.3666666666667,324.2366666666667,401.44907322298036
4850,300.01599999999996,400.73733333333337,324.3713333333333,401.8253602163164
4860,300.082,401.108,324.50600000000003,402.2016472096525
4870,300.14799999999997,401.4786666666667,324.6406666666667,402.57793420298856
4880,300.214,401.84933333333333,324.7753333333334,402.9542211963246
4890,300.28,402.22,324.91,403.3305081896607
4900,300.34999999999997,402.67333333333335,325.06,403.78912427248554
4910,300.41999999999996,403.12666666666667,325.21000000000004,404.2477403553104
4920,300.48999999999995,403.58000000000004,325.36,404.70635643813523
4930,300.56,404.03333333333336,325.51000000000005,405.16497252096
4940,300.63,404.4866666666667,325.66,405.62358860378487
4950,300.7,404.94,325.81,406.0822046866097
4960,300.77,405.3933333333333,325.96000000000004,406.54082076943456
4970,300.84,405.8466666666667,326.11,406.9994368522594
4980,300.90999999999997,406.3,326.26000000000005,407.45805293508425
4990,300.97999999999996,406.75333333333333,326.41,407.9166690179091
5000,301.04999999999995,407.20666666666665,326.56,408.37528510073395
5010,301.12,407.65999999999997,326.71000000000004,408.83390118355874
5020,301.19,408.11333333333334,326.86,409.2925172663836
5030,301.26,408.56666666666666,327.01000000000005,409.75113334920843
5040,301.33,409.02,327.16,410.2097494320333
5050,301.4026666666667,409.0926666666667,327.2873333333334,410.27148736365416
5060,301.4753333333333,409.1653333333333,327.4146666666667,410.333225295275
5070,301.548,409.238,327.54200000000003,410.39496322689587
5080,301.62066666666664,409.31066666666663,327.6693333333333,410.4567011585167
5090,301.6933333333333,409.3833333333333,327.7966666666667,410.5184390901376
5100,301.766,409.456,327.92400000000004,410.5801770217584
5110,301.83866666666665,409.52866666666665,328.05133333333333,410.6419149533793
5120,301.91133333333335,409.60133333333334,328.1786666666667,410.7036528850001
5130,301.984,409.674,328.306,410.765390816621
5140,302.0566666666667,409.74666666666667,328.43333333333334,410.8271287482418
5150,302.12933333333336,409.81933333333336,328.5606666666667,410.8888666798627
5160,302.202,409.892,328.688,410.9506046114835
5170,302.2746666666667,409.9646666666667,328.81533333333334,411.0123425431044
5180,302.3473333333333,410.0373333333333,328.94266666666664,411.07408047472524
5190,302.42,410.11,329.07,411.1358184063461
5200,302.49666666666667,410.25333333333333,329.1893333333333,411.28061353157915
5210,302.5733333333333,410.3966666666667,329.3086666666667,411.4254086568122
5220,302.65000000000003,410.54,329.428,411.5702037820452
5230,302.7266666666667,410.68333333333334,329.5473333333333,411.71499890727824
5240,302.80333333333334,410.82666666666665,329.6666666666667,411.8597940325113
5250,302.88,410.97,329.786,412.0045891577443
5260,302.95666666666665,411.11333333333334,329.9053333333333,412.14938428297734
5270,303.03333333333336,411.25666666666666,330.0246666666667,412.29417940821037
5280,303.11,411.4,330.144,412.4389745334434
5290,303.18666666666667,411.54333333333335,330.2633333333333,412.58376965867643
5300,303.2633333333333,411.68666666666667,330.3826666666667,412.72856478390946
5310,303.34,411.83,330.502,412.8733599091425
5320,303.4166666666667,411.9733333333333,330.6213333333333,413.0181550343755
5330,303.49333333333334,412.1166666666667,330.7406666666667,413.16295015960856
5340,303.57,412.26,330.86,413.3077452848416
5350,303.65,412.2873333333333,330.97266666666667,413.3235483687571
5360,303.73,412.31466666666665,331.0853333333333,413.3393514526726
5370,303.81,412.342,331.19800000000004,413.3551545365881
5380,303.89,412.3693333333333,331.3106666666667,413.37095762050353
5390,303.96999999999997,412.39666666666665,331.42333333333335,413.38676070441903
5400,304.05,412.424,331.536,413.40256378833453
5410,304.13,412.4513333333333,331.64866666666666,413.41836687225003
5420,304.21,412.4786666666667,331.76133333333337,413.43416995616553
5430,304.28999999999996,412.50600000000003,331.874,413.44997304008103
5440,304.37,412.53333333333336,331.9866666666667,413.46577612399653
5450,304.45,412.5606666666667,332.09933333333333,413.48157920791203
5460,304.53,412.588,332.212,413.4973822918275
5470,304.60999999999996,412.61533333333335,332.3246666666667,413.513185375743
5480,304.69,412.6426666666667,332.43733333333336,413.5289884596585
5490,304.77,412.67,332.55,413.544791543574
5500,304.8533333333333,412.35400000000004,332.6206666666667,413.2195533512422
5510,304.93666666666667,412.038,332.6913333333333,412.89431515891044
5520,305.02,411.72200000000004,332.762,412.5690769665787
5530,305.1033333333333,411.406,332.8326666666667,412.24383877424697
5540,305.18666666666667,411.09000000000003,332.90333333333336,411.9186005819152
5550,305.27,410.774,332.974,411.59336238958343
5560,305.3533333333333,410.458,333.04466666666667,411.26812419725167
5570,305.43666666666667,410.142,333.11533333333335,410.9428860049199
5580,305.52,409.826,333.18600000000004,410.61764781258813
5590,305.6033333333333,409.51,333.25666666666666,410.29240962025636
5600,305.68666666666667,409.194,333.32733333333334,409.9671714279246
5610,305.77,408.878,333.398,409.6419332355929
5620,305.8533333333333,408.562,333.4686666666667,409.3166950432611
5630,305.93666666666667,408.246,333.53933333333333,408.99145685092935
5640,306.02,407.93,333.61,408.6662186585976
5650,306.1066666666666,408.00666666666666,333.6913333333333,408.75164082812563
5660,306.1933333333333,408.0833333333333,333.7726666666667,408.8370629976537
5670,306.28,408.16,333.854,408.92248516718166
5680,306.3666666666667,408.2366666666667,333.93533333333335,409.0079073367097
5690,306.4533333333333,408.31333333333333,334.01666666666665,409.09332950623775
5700,306.53999999999996,408.39,334.098,409.1787516757658
5710,306.62666666666667,408.46666666666664,334.1793333333333,409.26417384529384
5720,306.7133333333333,408.54333333333335,334.2606666666667,409.3495960148218
5730,306.8,408.62,334.342,409.4350181843499
5740,306.88666666666666,408.69666666666666,334.42333333333335,409.5204403538779
5750,306.9733333333333,408.7733333333333,334.50466666666665,409.60586252340596
5760,307.06,408.84999999999997,334.586,409.691284692934
5770,307.14666666666665,408.9266666666667,334.6673333333333,409.776706862462
5780,307.23333333333335,409.00333333333333,334.7486666666667,409.86212903199004
5790,307.32,409.08,334.83,409.9475512015181
5800,307.40933333333334,409.0933333333333,334.914,409.95803689469744
5810,307.4986666666667,409.1066666666666,334.998,409.9685225878768
5820,307.588,409.12,335.082,409.9790082810561
5830,307.6773333333333,409.1333333333333,335.166,409.9894939742355
5840,307.76666666666665,409.14666666666665,335.25,409.99997966741483
5850,307.856,409.15999999999997,335.334,410.0104653605942
5860,307.94533333333334,409.1733333333333,335.418,410.02095105377356
5870,308.0346666666667,409.18666666666667,335.50199999999995,410.03143674695286
5880,308.124,409.2,335.58599999999996,410.0419224401322
5890,308.21333333333337,409.2133333333333,335.66999999999996,410.0524081333116
5900,308.3026666666667,409.22666666666663,335.75399999999996,410.06289382649095
5910,308.392,409.23999999999995,335.83799999999997,410.0733795196703
5920,308.48133333333334,409.25333333333333,335.92199999999997,410.0838652128496
5930,308.5706666666667,409.26666666666665,336.006,410.094350906029
5940,308.66,409.28,336.09,410.10483659920834
5950,308.7513333333334,409.20599999999996,336.1646666666666,410.02516395279565
5960,308.8426666666667,409.132,336.2393333333333,409.945491306383
5970,308.934,409.058,336.31399999999996,409.86581865997033
5980,309.0253333333333,408.984,336.38866666666667,409.7861460135577
5990,309.1166666666667,408.90999999999997,336.4633333333333,409.706473367145
6000,309.208,408.836,336.53799999999995,409.6268007207324
6010,309.2993333333333,408.762,336.61266666666666,409.5471280743197
6020,309.3906666666667,408.688,336.6873333333333,409.46745542790705
6030,309.48199999999997,408.614,336.762,409.38778278149437
6040,309.5733333333333,408.54,336.83666666666664,409.30811013508173
6050,309.6646666666667,408.466,336.9113333333333,409.22843748866904
6060,309.756,408.392,336.986,409.1487648422564
6070,309.8473333333333,408.318,337.06066666666663,409.0690921958437
6080,309.9386666666666,408.244,337.13533333333334,408.9894195494311
6090,310.03,408.17,337.21,408.9097469030184
6100,310.12266666666665,407.9893333333333,337.26733333333334,408.7246940537704
6110,310.2153333333333,407.8086666666667,337.32466666666664,408.5396412045224
6120,310.308,407.628,337.382,408.3545883552744
6130,310.40066666666667,407.44733333333335,337.4393333333333,408.1695355060264
6140,310.49333333333334,407.26666666666665,337.49666666666667,407.9844826567784
6150,310.586,407.086,337.554,407.79942980753043
6160,310.6786666666667,406.9053333333333,337.61133333333333,407.61437695828243
6170,310.7713333333333,406.7246666666667,337.66866666666664,407.4293241090344
6180,310.864,406.544,337.726,407.2442712597864
6190,310.95666666666665,406.36333333333334,337.7833333333333,407.0592184105384
6200,311.0493333333333,406.18266666666665,337.84066666666666,406.8741655612904
6210,311.142,406.002,337.89799999999997,406.6891127120424
6220,311.23466666666667,405.8213333333333,337.95533333333333,406.5040598627944
6230,311.32733333333334,405.6406666666667,338.01266666666663,406.3190070135464
6240,311.42,405.46,338.07,406.1339541642984
6250,311.5133333333333,405.60066666666665,338.14466666666664,406.28335984069
6260,311.6066666666667,405.74133333333333,338.21933333333334,406.43276551708163
6270,311.7,405.882,338.294,406.5821711934733
6280,311.79333333333335,406.0226666666666,338.3686666666667,406.7315768698649
6290,311.88666666666666,406.1633333333333,338.4433333333333,406.8809825462565
6300,311.98,406.304,338.518,407.0303882226481
6310,312.0733333333333,406.44466666666665,338.5926666666667,407.17979389903974
6320,312.1666666666667,406.5853333333333,338.6673333333333,407.3291995754314
6330,312.26,406.726,338.742,407.478605251823
6340,312.35333333333335,406.8666666666667,338.81666666666666,407.6280109282146
6350,312.44666666666666,407.00733333333335,338.8913333333333,407.77741660460623
6360,312.54,407.14799999999997,338.966,407.92682228099784
6370,312.6333333333333,407.28866666666664,339.04066666666665,408.0762279573895
6380,312.7266666666667,407.4293333333333,339.11533333333335,408.2256336337811
6390,312.82,407.57,339.19,408.3750393101727
6400,312.91333333333336,407.536,339.2626666666667,408.3344603564686
6410,313.00666666666666,407.502,339.3353333333333,408.2938814027644
6420,313.1,407.468,339.408,408.25330244906024
6430,313.1933333333333,407.43399999999997,339.48066666666665,408.2127234953561
6440,313.2866666666667,407.4,339.55333333333334,408.17214454165196
6450,313.38,407.366,339.626,408.13156558794776
6460,313.47333333333336,407.332,339.69866666666667,408.0909866342436
6470,313.56666666666666,407.298,339.7713333333333,408.0504076805395
6480,313.66,407.264,339.844,408.00982872683534
6490,313.75333333333333,407.23,339.91666666666663,407.96924977313114
6500,313.8466666666667,407.196,339.9893333333333,407.928670819427
6510,313.94,407.162,340.06199999999995,407.88809186572286
6520,314.03333333333336,407.128,340.13466666666665,407.8475129120187
6530,314.12666666666667,407.094,340.2073333333333,407.8069339583145
6540,314.22,407.06,340.28,407.7663550046104
6550,314.31333333333333,407.052,340.3433333333333,407.76380930448266
6560,314.4066666666667,407.044,340.40666666666664,407.76126360435495
6570,314.5,407.036,340.46999999999997,407.75871790422724
6580,314.59333333333336,407.028,340.5333333333333,407.75617220409947
6590,314.68666666666667,407.02,340.59666666666664,407.75362650397176
6600,314.78000000000003,407.012,340.65999999999997,407.75108080384405
6610,314.87333333333333,407.004,340.7233333333333,407.74853510371634
6620,314.9666666666667,406.996,340.7866666666667,407.7459894035886
6630,315.06,406.988,340.85,407.7434437034609
6640,315.15333333333336,406.98,340.91333333333336,407.7408980033332
6650,315.24666666666667,406.972,340.9766666666667,407.7383523032055
6660,315.34000000000003,406.964,341.04,407.7358066030777
6670,315.43333333333334,406.956,341.10333333333335,407.73326090295
6680,315.5266666666667,406.948,341.1666666666667,407.7307152028223
6690,315.62,406.94,341.23,407.7281695026946
6700,315.712,407.198,341.32,407.9916749398155
6710,315.80400000000003,407.456,341.41,408.2551803769364
6720,315.896,407.714,341.5,408.5186858140573
6730,315.988,407.972,341.59000000000003,408.78219125117823
6740,316.08,408.23,341.68,409.04569668829913
6750,316.172,408.488,341.77,409.30920212542003
6760,316.264,408.746,341.86,409.5727075625409
6770,316.356,409.004,341.95,409.8362129996618
6780,316.448,409.262,342.04,410.0997184367827
6790,316.54,409.52,342.13,410.3632238739036
6800,316.632,409.778,342.21999999999997,410.6267293110245
6810,316.724,410.036,342.31,410.8902347481455
6820,316.816,410.294,342.4,411.1537401852664
6830,316.908,410.552,342.49,411.41724562238727
6840,317.0,410.81,342.58,411.68075105950817
6850,317.09066666666666,410.65066666666667,342.64666666666665,411.50791029829986
6860,317.1813333333333,410.49133333333333,342.7133333333333,411.3350695370916
6870,317.272,410.332,342.78,411.1622287758833
6880,317.36266666666666,410.17266666666666,342.84666666666664,410.989388014675
6890,317.4533333333333,410.0133333333333,342.9133333333333,410.8165472534667
6900,317.544,409.854,342.97999999999996,410.64370649225845
6910,317.63466666666665,409.69466666666665,343.0466666666666,410.47086573105014
6920,317.72533333333337,409.53533333333337,343.11333333333334,410.29802496984183
6930,317.81600000000003,409.37600000000003,343.18,410.1251842086335
6940,317.9066666666667,409.2166666666667,343.24666666666667,409.9523434474253
6950,317.99733333333336,409.05733333333336,343.31333333333333,409.779502686217
6960,318.088,408.898,343.38,409.60666192500867
6970,318.1786666666667,408.7386666666667,343.44666666666666,409.43382116380036
6980,318.26933333333335,408.57933333333335,343.5133333333333,409.2609804025921
6990,318.36,408.42,343.58,409.0881396413838
7000,318.45,408.42400000000004,343.644,409.09640104867896
7010,318.54,408.428,343.70799999999997,409.10466245597405
7020,318.63,408.432,343.772,409.1129238632692
7030,318.72,408.43600000000004,343.836,409.1211852705643
7040,318.81,408.44,343.9,409.12944667785945
7050,318.9,408.444,343.964,409.13770808515454
7060,318.99,408.44800000000004,344.028,409.1459694924497
7070,319.08,408.452,344.092,409.1542308997448
7080,319.17,408.456,344.156,409.16249230703994
7090,319.26,408.46000000000004,344.22,409.17075371433504
7100,319.34999999999997,408.464,344.284,409.1790151216302
7110,319.44,408.468,344.348,409.1872765289253
7120,319.53,408.47200000000004,344.41200000000003,409.19553793622043
7130,319.62,408.476,344.476,409.2037993435155
7140,319.71,408.48,344.54,409.2120607508107
7150,319.7993333333333,408.5266666666667,344.612,409.2564483530709
7160,319.88866666666667,408.5733333333333,344.684,409.30083595533114
7170,319.978,408.62,344.75600000000003,409.34522355759134
7180,320.0673333333333,408.6666666666667,344.82800000000003,409.3896111598516
7190,320.15666666666664,408.71333333333337,344.90000000000003,409.4339987621118
7200,320.246,408.76,344.97200000000004,409.47838636437206
7210,320.3353333333333,408.8066666666667,345.04400000000004,409.52277396663226
7220,320.42466666666667,408.85333333333335,345.116,409.5671615688925
7230,320.514,408.90000000000003,345.188,409.6115491711527
7240,320.60333333333335,408.94666666666666,345.26,409.655936773413
7250,320.6926666666667,408.99333333333334,345.332,409.7003243756732
7260,320.782,409.04,345.404,409.74471197793343
7270,320.8713333333333,409.0866666666667,345.476,409.78909958019364
7280,320.96066666666667,409.1333333333333,345.548,409.8334871824539
7290,321.05,409.18,345.62,409.8778747847141
7300,321.13800000000003,409.118,345.6813333333333,409.8134126084011
7310,321.226,409.056,345.74266666666665,409.7489504320881
7320,321.314,408.994,345.80400000000003,409.68448825577514
7330,321.402,408.932,345.86533333333335,409.6200260794621
7340,321.49,408.87,345.9266666666667,409.5555639031491
7350,321.57800000000003,408.808,345.988,409.4911017268361
7360,321.666,408.746,346.0493333333333,409.42663955052313
7370,321.754,408.684,346.1106666666667,409.36217737421015
7380,321.842,408.622,346.172,409.29771519789716
7390,321.93,408.56,346.23333333333335,409.2332530215842
7400,322.01800000000003,408.498,346.29466666666667,409.1687908452712
7410,322.106,408.436,346.356,409.10432866895815
7420,322.194,408.374,346.4173333333334,409.03986649264516
7430,322.282,408.312,346.4786666666667,408.9754043163322
7440,322.37,408.25,346.54,408.9109421400192
7450,322.45666666666665,408.3306666666667,346.6086666666667,408.9957471124832
7460,322.54333333333335,408.41133333333335,346.67733333333337,409.08055208494716
7470,322.63,408.492,346.74600000000004,409.16535705741114
7480,322.7166666666667,408.57266666666663,346.81466666666665,409.2501620298752
7490,322.80333333333334,408.6533333333333,346.8833333333333,409.33496700233917
7500,322.89,408.734,346.952,409.41977197480315
7510,322.9766666666667,408.81466666666665,347.02066666666667,409.50457694726714
7520,323.06333333333333,408.8953333333333,347.08933333333334,409.5893819197311
7530,323.15000000000003,408.976,347.158,409.6741868921951
7540,323.2366666666667,409.0566666666667,347.2266666666667,409.7589918646591
7550,323.3233333333333,409.13733333333334,347.29533333333336,409.8437968371231
7560,323.41,409.21799999999996,347.364,409.9286018095871
7570,323.49666666666667,409.29866666666663,347.43266666666665,410.0134067820511
7580,323.58333333333337,409.3793333333333,347.5013333333333,410.0982117545151
7590,323.67,409.46,347.57,410.1830167269791
7600,323.75600000000003,409.43333333333334,347.63533333333334,410.15102856068154
7610,323.842,409.40666666666664,347.7006666666667,410.119040394384
7620,323.928,409.38,347.766,410.08705222808646
7630,324.014,409.3533333333333,347.8313333333333,410.0550640617889
7640,324.1,409.32666666666665,347.89666666666665,410.0230758954914
7650,324.186,409.3,347.962,409.99108772919385
7660,324.272,409.2733333333333,348.02733333333333,409.9590995628963
7670,324.358,409.24666666666667,348.0926666666667,409.9271113965988
7680,324.444,409.21999999999997,348.158,409.89512323030124
7690,324.53,409.1933333333333,348.22333333333336,409.8631350640037
7700,324.616,409.1666666666667,348.2886666666667,409.83114689770616
7710,324.702,409.14,348.354,409.7991587314086
7720,324.788,409.11333333333334,348.4193333333333,409.7671705651111
7730,324.87399999999997,409.08666666666664,348.48466666666667,409.73518239881355
7740,324.96,409.06,348.55,409.703194232516
7750,325.04466666666667,409.034,348.608,409.67928080484074
7760,325.1293333333333,409.008,348.666,409.6553673771654
7770,325.214,408.982,348.724,409.63145394949015
7780,325.29866666666663,408.956,348.78200000000004,409.6075405218149
7790,325.3833333333333,408.93,348.84000000000003,409.58362709413956
7800,325.468,408.904,348.898,409.5597136664643
7810,325.55266666666665,408.878,348.956,409.535800238789
7820,325.63733333333334,408.85200000000003,349.014,409.5118868111137
7830,325.722,408.826,349.072,409.48797338343843
7840,325.8066666666667,408.8,349.13,409.46405995576316
7850,325.89133333333336,408.774,349.188,409.44014652808784
7860,325.976,408.748,349.24600000000004,409.41623310041257
7870,326.0606666666667,408.72200000000004,349.30400000000003,409.3923196727373
7880,326.1453333333333,408.696,349.362,409.368406245062
7890,326.23,408.67,349.42,409.3444928173867
7900,326.31333333333333,408.7766666666667,349.4893333333333,409.4535220057175
7910,326.3966666666667,408.8833333333333,349.5586666666667,409.56255119404824
7920,326.48,408.99,349.628,409.67158038237903
7930,326.56333333333333,409.0966666666667,349.69733333333335,409.78060957070977
7940,326.6466666666667,409.2033333333333,349.76666666666665,409.88963875904057
7950,326.73,409.31,349.836,409.9986679473713
7960,326.81333333333333,409.4166666666667,349.9053333333333,410.1076971357021
7970,326.8966666666667,409.5233333333333,349.9746666666667,410.21672632403283
7980,326.98,409.63,350.044,410.3257555123636
7990,327.06333333333333,409.7366666666667,350.11333333333334,410.43478470069437
8000,327.1466666666667,409.8433333333333,350.18266666666665,410.54381388902516
8010,327.23,409.95,350.252,410.6528430773559
8020,327.31333333333333,410.0566666666667,350.3213333333333,410.7618722656867
8030,327.3966666666667,410.1633333333333,350.3906666666667,410.8709014540174
8040,327.48,410.27,350.46,410.9799306423482
8050,327.5626666666667,410.2973333333333,350.52733333333333,411.0048704225913
8060,327.6453333333333,410.32466666666664,350.5946666666666,411.0298102028343
8070,327.728,410.352,350.662,411.0547499830774
8080,327.8106666666667,410.3793333333333,350.72933333333333,411.07968976332046
8090,327.8933333333334,410.40666666666664,350.7966666666667,411.10462954356353
8100,327.976,410.43399999999997,350.864,411.12956932380655
8110,328.0586666666667,410.4613333333333,350.9313333333333,411.1545091040496
8120,328.14133333333336,410.4886666666667,350.9986666666667,411.1794488842927
8130,328.22400000000005,410.516,351.06600000000003,411.20438866453577
8140,328.3066666666667,410.54333333333335,351.1333333333333,411.2293284447788
8150,328.38933333333335,410.5706666666667,351.2006666666667,411.25426822502186
8160,328.47200000000004,410.598,351.26800000000003,411.27920800526493
8170,328.5546666666667,410.62533333333334,351.3353333333334,411.304147785508
8180,328.63733333333334,410.6526666666667,351.4026666666667,411.329087565751
8190,328.72,410.68,351.47,411.3540273459941
8200,328.802,410.7513333333333,351.5386666666667,411.42717558336693
8210,328.884,410.8226666666667,351.6073333333334,411.5003238207397
8220,328.966,410.894,351.67600000000004,411.57347205811254
8230,329.048,410.9653333333333,351.74466666666666,411.6466202954854
8240,329.13,411.0366666666667,351.81333333333333,411.7197685328582
8250,329.212,411.108,351.882,411.792916770231
8260,329.294,411.1793333333333,351.9506666666667,411.8660650076038
8270,329.37600000000003,411.2506666666667,352.01933333333335,411.93921324497666
8280,329.458,411.322,352.088,412.0123614823495
8290,329.54,411.3933333333333,352.1566666666667,412.08550971972227
8300,329.622,411.4646666666667,352.22533333333337,412.1586579570951
8310,329.704,411.536,352.294,412.23180619446794
8320,329.786,411.6073333333333,352.36266666666666,412.30495443184077
8330,329.868,411.6786666666667,352.4313333333333,412.37810266921355
8340,329.95,411.75,352.5,412.4512509065864
8350,330.03,411.75733333333335,352.5686666666667,412.45255217325354
8360,330.11,411.76466666666664,352.63733333333334,412.4538534399207
8370,330.19,411.772,352.706,412.45515470658785
8380,330.27,411.77933333333334,352.77466666666663,412.45645597325495
8390,330.34999999999997,411.7866666666667,352.8433333333333,412.4577572399221
8400,330.43,411.794,352.912,412.45905850658926
8410,330.51,411.80133333333333,352.98066666666665,412.4603597732564
8420,330.59,411.8086666666667,353.0493333333333,412.46166103992357
8430,330.66999999999996,411.81600000000003,353.118,412.4629623065907
8440,330.75,411.8233333333333,353.18666666666667,412.4642635732579
8450,330.83,411.8306666666667,353.25533333333334,412.46556483992504
8460,330.90999999999997,411.838,353.32399999999996,412.46686610659214
8470,330.98999999999995,411.8453333333334,353.3926666666666,412.4681673732593
8480,331.07,411.85266666666666,353.4613333333333,412.46946863992645
8490,331.15,411.86,353.53,412.4707699065936
8500,331.22933333333333,411.67466666666667,353.57599999999996,412.28016877471964
8510,331.3086666666666,411.4893333333333,353.62199999999996,412.0895676428456
8520,331.388,411.30400000000003,353.668,411.89896651097166
8530,331.46733333333333,411.1186666666667,353.714,411.70836537909764
8540,331.5466666666666,410.93333333333334,353.76,411.5177642472237
8550,331.626,410.748,353.806,411.3271631153497
8560,331.70533333333333,410.56266666666664,353.852,411.1365619834757
8570,331.7846666666666,410.37733333333335,353.898,410.94596085160174
8580,331.864,410.192,353.944,410.7553597197277
8590,331.9433333333333,410.00666666666666,353.99,410.56475858785376
8600,332.0226666666666,409.8213333333333,354.036,410.3741574559798
8610,332.102,409.63599999999997,354.082,410.1835563241058
8620,332.1813333333333,409.4506666666667,354.12800000000004,409.9929551922318
8630,332.2606666666666,409.26533333333333,354.17400000000004,409.8023540603578
8640,332.34,409.08,354.22,409.61175292848384
8650,332.41866666666664,408.5686666666667,354.2286666666667,409.08399642178233
8660,332.4973333333333,408.0573333333333,354.23733333333337,408.5562399150808
8670,332.57599999999996,407.546,354.24600000000004,408.0284834083793
8680,332.6546666666666,407.0346666666667,354.2546666666667,407.5007269016778
8690,332.7333333333333,406.5233333333333,354.2633333333334,406.9729703949763
8700,332.81199999999995,406.012,354.27200000000005,406.4452138882748
8710,332.8906666666666,405.5006666666667,354.2806666666667,405.9174573815733
8720,332.96933333333334,404.9893333333333,354.28933333333333,405.38970087487183
8730,333.048,404.478,354.298,404.8619443681703
8740,333.12666666666667,403.9666666666667,354.3066666666667,404.3341878614688
8750,333.20533333333333,403.45533333333333,354.31533333333334,403.8064313547673
8760,333.284,402.944,354.324,403.2786748480658
8770,333.36266666666666,402.4326666666667,354.3326666666667,402.7509183413643
8780,333.4413333333333,401.92133333333334,354.34133333333335,402.2231618346628
8790,333.52,401.41,354.35,401.6954053279613
8800,333.59799999999996,401.096,354.3486666666667,401.3838487049788
8810,333.676,400.78200000000004,354.3473333333333,401.0722920819963
8820,333.75399999999996,400.468,354.346,400.7607354590138
8830,333.832,400.154,354.3446666666667,400.44917883603125
8840,333.90999999999997,399.84000000000003,354.34333333333336,400.13762221304876
8850,333.988,399.526,354.342,399.82606559006626
8860,334.066,399.212,354.34066666666666,399.51450896708377
8870,334.144,398.898,354.33933333333334,399.2029523441013
8880,334.222,398.584,354.338,398.8913957211188
8890,334.3,398.27,354.33666666666664,398.5798390981363
8900,334.378,397.956,354.3353333333333,398.2682824751538
8910,334.456,397.642,354.334,397.95672585217125
8920,334.534,397.328,354.3326666666667,397.64516922918875
8930,334.612,397.014,354.3313333333333,397.33361260620626
8940,334.69,396.7,354.33,397.02205598322377
8950,334.76666666666665,396.526,354.33666666666664,396.84844652054204
8960,334.8433333333333,396.352,354.3433333333333,396.6748370578603
8970,334.92,396.178,354.34999999999997,396.50122759517853
8980,334.99666666666667,396.00399999999996,354.3566666666667,396.3276181324968
8990,335.0733333333333,395.83,354.36333333333334,396.1540086698151
9000,335.15,395.656,354.37,395.98039920713336
9010,335.22666666666663,395.48199999999997,354.37666666666667,395.80678974445163
9020,335.30333333333334,395.308,354.3833333333333,395.63318028176985
9030,335.38,395.13399999999996,354.39,395.4595708190881
9040,335.45666666666665,394.96,354.39666666666665,395.2859613564064
9050,335.5333333333333,394.786,354.4033333333333,395.1123518937247
9060,335.60999999999996,394.61199999999997,354.41,394.93874243104295
9070,335.68666666666667,394.438,354.4166666666667,394.7651329683612
9080,335.7633333333333,394.26399999999995,354.42333333333335,394.59152350567945
9090,335.84,394.09,354.43,394.4179140429977
9100,335.9153333333333,393.97666666666663,354.4426666666667,394.3039990171985
9110,335.99066666666664,393.8633333333333,354.45533333333333,394.1900839913993
9120,336.066,393.75,354.468,394.0761689656001
9130,336.1413333333333,393.63666666666666,354.48066666666665,393.96225393980086
9140,336.21666666666664,393.5233333333333,354.49333333333334,393.84833891400166
9150,336.292,393.40999999999997,354.50600000000003,393.73442388820246
9160,336.3673333333333,393.2966666666666,354.51866666666666,393.62050886240326
9170,336.4426666666667,393.18333333333334,354.53133333333335,393.50659383660405
9180,336.51800000000003,393.07,354.544,393.39267881080485
9190,336.59333333333336,392.95666666666665,354.5566666666667,393.27876378500565
9200,336.6686666666667,392.8433333333333,354.56933333333336,393.16484875920645
9210,336.744,392.72999999999996,354.582,393.0509337334072
9220,336.81933333333336,392.6166666666667,354.5946666666667,392.937018707608
9230,336.8946666666667,392.50333333333333,354.6073333333333,392.8231036818088
9240,336.97,392.39,354.62,392.7091886560096
9250,337.0426666666667,391.832,354.5966666666667,392.1331803610374
9260,337.11533333333335,391.274,354.5733333333333,391.55717206606516
9270,337.18800000000005,390.716,354.55,390.9811637710929
9280,337.2606666666667,390.15799999999996,354.52666666666664,390.4051554761207
9290,337.33333333333337,389.59999999999997,354.50333333333333,389.82914718114847
9300,337.406,389.042,354.48,389.25313888617626
9310,337.4786666666667,388.484,354.45666666666665,388.67713059120405
9320,337.55133333333333,387.926,354.43333333333334,388.1011222962318
9330,337.624,387.368,354.40999999999997,387.52511400125957
9340,337.69666666666666,386.81,354.38666666666666,386.94910570628736
9350,337.76933333333335,386.252,354.36333333333334,386.37309741131514
9360,337.842,385.69399999999996,354.34,385.79708911634293
9370,337.9146666666667,385.13599999999997,354.31666666666666,385.22108082137066
9380,337.9873333333333,384.578,354.2933333333333,384.64507252639845
9390,338.06,384.02,354.27,384.06906423142624
9400,338.1306666666667,383.736,354.24266666666665,383.7903798547549
9410,338.2013333333333,383.452,354.2153333333333,383.5116954780836
9420,338.272,383.168,354.188,383.23301110141233
9430,338.3426666666667,382.88399999999996,354.16066666666666,382.954326724741
9440,338.41333333333336,382.59999999999997,354.1333333333333,382.6756423480697
9450,338.484,382.316,354.106,382.39695797139836
9460,338.55466666666666,382.032,354.07866666666666,382.11827359472704
9470,338.62533333333334,381.748,354.05133333333333,381.8395892180558
9480,338.696,381.464,354.024,381.56090484138446
9490,338.76666666666665,381.18,353.99666666666667,381.28222046471313
9500,338.83733333333333,380.896,353.96933333333334,381.0035360880418
9510,338.908,380.61199999999997,353.942,380.7248517113705
9520,338.9786666666667,380.328,353.9146666666667,380.4461673346992
9530,339.0493333333333,380.044,353.88733333333334,380.1674829580279
9540,339.12,379.76,353.86,379.8887985813566
9550,339.18733333333336,379.54066666666665,353.844,379.66310905624033
9560,339.25466666666665,379.3213333333333,353.82800000000003,379.4374195311241
9570,339.322,379.102,353.812,379.2117300060078
9580,339.38933333333335,378.8826666666667,353.796,378.9860404808915
9590,339.45666666666665,378.66333333333336,353.78000000000003,378.76035095577527
9600,339.524,378.444,353.764,378.534661430659
9610,339.59133333333335,378.2246666666667,353.748,378.30897190554276
9620,339.65866666666665,378.00533333333334,353.732,378.0832823804265
9630,339.726,377.786,353.716,377.85759285531026
9640,339.79333333333335,377.56666666666666,353.7,377.631903330194
9650,339.86066666666665,377.3473333333333,353.684,377.40621380507775
9660,339.928,377.12800000000004,353.668,377.18052427996145
9670,339.99533333333335,376.9086666666667,353.652,376.9548347548452
9680,340.06266666666664,376.68933333333337,353.636,376.72914522972894
9690,340.13,376.47,353.62,376.5034557046127
9700,340.194,376.0586666666667,353.5826666666667,376.08643196430563
9710,340.258,375.64733333333334,353.54533333333336,375.6694082239985
9720,340.322,375.23600000000005,353.508,375.25238448369146
9730,340.38599999999997,374.8246666666667,353.47066666666666,374.8353607433844
9740,340.45,374.41333333333336,353.43333333333334,374.41833700307734
9750,340.514,374.002,353.396,374.0013132627702
9760,340.578,373.59066666666666,353.3586666666667,373.58428952246317
9770,340.642,373.1793333333334,353.3213333333333,373.1672657821561
9780,340.70599999999996,372.76800000000003,353.284,372.75024204184905
9790,340.77,372.3566666666667,353.24666666666667,372.33321830154193
9800,340.834,371.94533333333334,353.20933333333335,371.9161945612349
9810,340.89799999999997,371.534,353.172,371.4991708209278
9820,340.962,371.1226666666667,353.13466666666665,371.08214708062076
9830,341.02599999999995,370.71133333333336,353.0973333333333,370.66512334031364
9840,341.09,370.3,353.06,370.2480996000066
9850,341.14733333333334,370.0953333333334,353.02933333333334,370.0460309489448
9860,341.20466666666664,369.8906666666667,352.9986666666667,369.8439622978831
9870,341.262,369.68600000000004,352.968,369.6418936468213
9880,341.3193333333333,369.48133333333334,352.93733333333336,369.4398249957595
9890,341.37666666666667,369.2766666666667,352.9066666666667,369.2377563446978
9900,341.43399999999997,369.072,352.87600000000003,369.035687693636
9910,341.49133333333333,368.86733333333336,352.8453333333334,368.83361904257424
9920,341.54866666666663,368.66266666666667,352.81466666666665,368.6315503915125
9930,341.606,368.458,352.784,368.42948174045074
9940,341.6633333333333,368.25333333333333,352.75333333333333,368.22741308938896
9950,341.72066666666666,368.0486666666667,352.72266666666667,368.02534443832724
9960,341.77799999999996,367.844,352.692,367.82327578726546
9970,341.8353333333333,367.63933333333335,352.66133333333335,367.6212071362037
9980,341.8926666666666,367.43466666666666,352.6306666666667,367.41913848514196
9990,341.95,367.23,352.6,367.2170698340802
10000,342.00266666666664,366.72933333333333,352.5506666666667,366.7009849533651
10010,342.05533333333335,366.2286666666667,352.5013333333334,366.18490007265
10020,342.108,365.728,352.452,365.668815191935
10030,342.16066666666666,365.2273333333334,352.4026666666667,365.1527303112199
10040,342.2133333333333,364.7266666666667,352.35333333333335,364.6366454305048
10050,342.266,364.226,352.30400000000003,364.12056054978973
10060,342.3186666666667,363.72533333333337,352.2546666666667,363.60447566907465
10070,342.3713333333333,363.2246666666667,352.20533333333333,363.0883907883596
10080,342.424,362.72400000000005,352.156,362.57230590764453
10090,342.4766666666667,362.22333333333336,352.1066666666667,362.05622102692945
10100,342.52933333333334,361.72266666666667,352.05733333333336,361.54013614621437
10110,342.582,361.22200000000004,352.00800000000004,361.0240512654993
10120,342.63466666666665,360.72133333333335,351.95866666666666,360.50796638478425
10130,342.68733333333336,360.2206666666667,351.90933333333334,359.99188150406917
10140,342.74,359.72,351.86,359.4757966233541
10150,342.78933333333333,359.2166666666667,351.784,358.97473024099486
10160,342.83866666666665,358.71333333333337,351.708,358.47366385863563
10170,342.88800000000003,358.21000000000004,351.632,357.9725974762764
10180,342.93733333333336,357.7066666666667,351.55600000000004,357.4715310939172
10190,342.9866666666667,357.2033333333334,351.48,356.97046471155795
10200,343.036,356.70000000000005,351.404,356.4693983291987
10210,343.0853333333333,356.1966666666667,351.32800000000003,355.9683319468395
10220,343.1346666666667,355.6933333333333,351.252,355.4672655644802
10230,343.184,355.19,351.17600000000004,354.966199182121
10240,343.23333333333335,354.68666666666667,351.1,354.46513279976176
10250,343.28266666666667,354.18333333333334,351.024,353.96406641740253
10260,343.332,353.68,350.94800000000004,353.4630000350433
10270,343.3813333333334,353.1766666666667,350.872,352.9619336526841
10280,343.4306666666667,352.67333333333335,350.79600000000005,352.46086727032485
10290,343.48,352.17,350.72,351.9598008879656
10300,343.5246666666667,352.0106666666667,350.67,351.80278773197136
10310,343.56933333333336,351.85133333333334,350.62,351.64577457597716
10320,343.61400000000003,351.692,350.57000000000005,351.4887614199829
10330,343.65866666666665,351.53266666666667,350.52000000000004,351.33174826398863
10340,343.7033333333333,351.37333333333333,350.47,351.17473510799437
10350,343.748,351.214,350.42,351.01772195200016
10360,343.79266666666666,351.05466666666666,350.37,350.8607087960059
10370,343.83733333333333,350.8953333333333,350.32000000000005,350.70369564001163
10380,343.882,350.736,350.27000000000004,350.54668248401737
10390,343.9266666666667,350.57666666666665,350.22,350.38966932802316
10400,343.97133333333335,350.4173333333333,350.17,350.2326561720289
10410,344.01599999999996,350.258,350.12,350.07564301603463
10420,344.06066666666663,350.09866666666665,350.07000000000005,349.91862986004037
10430,344.1053333333333,349.9393333333333,350.02000000000004,349.76161670404616
10440,344.15,349.78,349.97,349.6046035480519
10450,344.19,349.356,349.9046666666667,349.17025548879
10460,344.22999999999996,348.93199999999996,349.83933333333334,348.7359074295281
10470,344.27,348.508,349.774,348.3015593702662
10480,344.31,348.084,349.7086666666667,347.86721131100427
10490,344.34999999999997,347.65999999999997,349.6433333333334,347.4328632517424
10500,344.39,347.236,349.57800000000003,346.9985151924805
10510,344.43,346.812,349.5126666666667,346.5641671332186
10520,344.46999999999997,346.388,349.44733333333335,346.1298190739567
10530,344.51,345.964,349.382,345.69547101469476
10540,344.55,345.54,349.31666666666666,345.2611229554329
10550,344.59,345.116,349.2513333333333,344.826774896171
10560,344.63,344.692,349.18600000000004,344.39242683690907
10570,344.67,344.26800000000003,349.1206666666667,343.9580787776472
10580,344.71,343.844,349.05533333333335,343.52373071838525
10590,344.75,343.42,348.99,343.0893826591234
10600,344.786,343.31600000000003,348.93533333333335,342.9967679848798
10610,344.822,343.212,348.8806666666667,342.9041533106362
10620,344.858,343.108,348.826,342.81153863639264
10630,344.894,343.004,348.77133333333336,342.71892396214906
10640,344.93,342.90000000000003,348.7166666666667,342.6263092879055
10650,344.966,342.796,348.66200000000003,342.5336946136619
10660,345.002,342.692,348.6073333333334,342.44107993941833
10670,345.038,342.588,348.55266666666665,342.3484652651747
10680,345.074,342.48400000000004,348.498,342.2558505909311
10690,345.11,342.38,348.4433333333333,342.16323591668754
10700,345.146,342.276,348.38866666666667,342.07062124244396
10710,345.182,342.172,348.334,341.9780065682004
10720,345.218,342.06800000000004,348.27933333333334,341.8853918939568
10730,345.254,341.964,348.2246666666667,341.79277721971323
10740,345.29,341.86,348.17,341.70016254546965
10750,345.3206666666667,341.742,348.1346666666667,341.57179314198555
10760,345.35133333333334,341.624,348.09933333333333,341.4434237385015
10770,345.382,341.50600000000003,348.064,341.3150543350174
10780,345.41266666666667,341.388,348.02866666666665,341.1866849315333
10790,345.4433333333333,341.27,347.99333333333334,341.05831552804926
10800,345.474,341.152,347.958,340.92994612456516
10810,345.50466666666665,341.034,347.92266666666666,340.80157672108106
10820,345.53533333333337,340.916,347.88733333333334,340.673207317597
10830,345.56600000000003,340.798,347.852,340.5448379141129
10840,345.5966666666667,340.68,347.81666666666666,340.4164685106288
10850,345.62733333333335,340.562,347.78133333333335,340.2880991071448
10860,345.658,340.44399999999996,347.746,340.1597297036607
10870,345.6886666666667,340.32599999999996,347.71066666666667,340.0313603001766
10880,345.71933333333334,340.20799999999997,347.6753333333333,339.90299089669253
10890,345.75,340.09,347.64,339.77462149320843
10900,345.776,339.5573333333333,347.56399999999996,339.233009246225
10910,345.802,339.02466666666663,347.488,338.6913969992416
10920,345.828,338.49199999999996,347.412,338.14978475225814
10930,345.854,337.95933333333335,347.336,337.60817250527475
10940,345.88,337.4266666666667,347.26,337.0665602582913
10950,345.906,336.894,347.18399999999997,336.5249480113079
10960,345.932,336.36133333333333,347.108,335.98333576432447
10970,345.95799999999997,335.82866666666666,347.032,335.4417235173411
10980,345.984,335.296,346.956,334.9001112703576
10990,346.01,334.7633333333333,346.88,334.35849902337424
11000,346.036,334.23066666666665,346.804,333.8168867763908
11010,346.062,333.69800000000004,346.728,333.2752745294074
11020,346.08799999999997,333.16533333333336,346.652,332.73366228242395
11030,346.114,332.6326666666667,346.576,332.19205003544056
11040,346.14,332.1,346.5,331.6504377884571
11050,346.16133333333335,331.8186666666667,346.426,331.3724797634926
11060,346.18266666666665,331.5373333333334,346.352,331.09452173852804
11070,346.204,331.25600000000003,346.278,330.81656371356354
11080,346.2253333333333,330.9746666666667,346.204,330.53860568859903
11090,346.24666666666667,330.6933333333333,346.13,330.26064766363453
11100,346.268,330.41200000000003,346.056,329.98268963866997
11110,346.28933333333333,330.1306666666667,345.98199999999997,329.70473161370546
11120,346.31066666666663,329.84933333333333,345.908,329.42677358874096
11130,346.332,329.568,345.834,329.14881556377645
11140,346.3533333333333,329.2866666666667,345.76,328.8708575388119
11150,346.37466666666666,329.00533333333334,345.686,328.5928995138474
11160,346.39599999999996,328.724,345.61199999999997,328.3149414888829
11170,346.4173333333333,328.44266666666664,345.538,328.0369834639184
11180,346.4386666666666,328.16133333333335,345.464,327.7590254389538
11190,346.46,327.88,345.39,327.4810674139893
11200,346.476,327.4146666666667,345.30333333333334,327.003715701052
11210,346.49199999999996,326.9493333333333,345.21666666666664,326.52636398811467
11220,346.508,326.484,345.13,326.0490122751773
11230,346.524,326.01866666666666,345.0433333333333,325.57166056223997
11240,346.53999999999996,325.55333333333334,344.95666666666665,325.09430884930265
11250,346.556,325.08799999999997,344.87,324.61695713636533
11260,346.572,324.62266666666665,344.7833333333333,324.139605423428
11270,346.58799999999997,324.1573333333333,344.69666666666666,323.66225371049063
11280,346.604,323.692,344.60999999999996,323.1849019975533
11290,346.62,323.22666666666663,344.5233333333333,322.707550284616
11300,346.63599999999997,322.7613333333333,344.43666666666667,322.23019857167867
11310,346.652,322.296,344.34999999999997,321.75284685874135
11320,346.668,321.8306666666667,344.2633333333333,321.275495145804
11330,346.68399999999997,321.3653333333333,344.1766666666666,320.79814343286665
11340,346.7,320.9,344.09,320.32079171992933
11350,346.712,320.424,343.984,319.84463372676527
11360,346.724,319.948,343.878,319.36847573360126
11370,346.736,319.472,343.772,318.8923177404372
11380,346.748,318.996,343.666,318.4161597472732
11390,346.76,318.52,343.56,317.9400017541091
11400,346.772,318.044,343.454,317.46384376094505
11410,346.784,317.568,343.348,316.98768576778104
11420,346.796,317.092,343.24199999999996,316.511527774617
11430,346.808,316.616,343.13599999999997,316.03536978145297
11440,346.82,316.14,343.03,315.5592117882889
11450,346.832,315.664,342.924,315.08305379512484
11460,346.844,315.188,342.818,314.60689580196083
11470,346.856,314.712,342.712,314.13073780879677
11480,346.868,314.236,342.606,313.65457981563276
11490,346.88,313.76,342.5,313.1784218224687
11500,346.88666666666666,313.4853333333333,342.4066666666667,312.904044956824
11510,346.8933333333333,313.21066666666667,342.31333333333333,312.6296680911794
11520,346.9,312.936,342.22,312.3552912255347
11530,346.9066666666667,312.66133333333335,342.12666666666667,312.0809143598901
11540,346.91333333333336,312.38666666666666,342.03333333333336,311.8065374942454
11550,346.92,312.11199999999997,341.94,311.5321606286007
11560,346.9266666666667,311.83733333333333,341.8466666666667,311.2577837629561
11570,346.93333333333334,311.56266666666664,341.75333333333333,310.9834068973114
11580,346.94,311.288,341.66,310.70903003166677
11590,346.94666666666666,311.0133333333333,341.56666666666666,310.4346531660221
11600,346.9533333333333,310.73866666666663,341.47333333333336,310.1602763003774
11610,346.96000000000004,310.464,341.38,309.8858994347328
11620,346.9666666666667,310.1893333333333,341.2866666666667,309.6115225690881
11630,346.97333333333336,309.9146666666667,341.1933333333333,309.33714570344347
11640,346.98,309.64,341.1,309.0627688377988
11650,346.98333333333335,309.32866666666666,341.00600000000003,308.7490501216505
11660,346.9866666666667,309.01733333333334,340.91200000000003,308.4353314055022
11670,346.99,308.706,340.81800000000004,308.1216126893539
11680,346.99333333333334,308.39466666666664,340.724,307.80789397320564
11690,346.99666666666667,308.0833333333333,340.63,307.49417525705735
11700,347.0,307.772,340.536,307.18045654090906
11710,347.00333333333333,307.46066666666667,340.442,306.8667378247608
11720,347.00666666666666,307.14933333333335,340.348,306.55301910861243
11730,347.01,306.838,340.254,306.23930039246414
11740,347.0133333333333,306.5266666666667,340.16,305.92558167631586
11750,347.01666666666665,306.2153333333334,340.06600000000003,305.61186296016757
11760,347.02,305.904,339.972,305.2981442440193
11770,347.0233333333333,305.5926666666667,339.878,304.984425527871
11780,347.02666666666664,305.28133333333335,339.784,304.6707068117227
11790,347.03,304.97,339.69,304.3569880955744
11800,347.02799999999996,304.73333333333335,339.59866666666665,304.121585903112
11810,347.02599999999995,304.49666666666667,339.50733333333335,303.8861837106496
11820,347.024,304.26000000000005,339.416,303.6507815181872
11830,347.022,304.02333333333337,339.32466666666664,303.4153793257248
11840,347.02,303.7866666666667,339.23333333333335,303.1799771332624
11850,347.018,303.55,339.142,302.9445749408
11860,347.01599999999996,303.31333333333333,339.05066666666664,302.7091727483376
11870,347.014,303.0766666666667,338.95933333333335,302.47377055587526
11880,347.012,302.84000000000003,338.868,302.23836836341286
11890,347.01,302.60333333333335,338.77666666666664,302.00296617095046
11900,347.008,302.3666666666667,338.68533333333335,301.76756397848806
11910,347.006,302.13,338.594,301.53216178602565
11920,347.004,301.8933333333334,338.50266666666664,301.29675959356325
11930,347.002,301.6566666666667,338.41133333333335,301.06135740110085
11940,347.0,301.42,338.32,300.82595520863845
11950,346.99266666666665,301.13866666666667,338.23066666666665,300.53813825875847
11960,346.98533333333336,300.8573333333334,338.1413333333333,300.25032130887854
11970,346.978,300.576,338.052,299.96250435899856
11980,346.97066666666666,300.29466666666667,337.9626666666667,299.67468740911863
11990,346.9633333333333,300.0133333333333,337.87333333333333,299.38687045923865
12000,346.956,299.732,337.784,299.0990535093587
12010,346.94866666666667,299.4506666666667,337.69466666666665,298.81123655947874
12020,346.9413333333333,299.1693333333333,337.60533333333336,298.5234196095988
12030,346.93399999999997,298.888,337.516,298.23560265971884
12040,346.9266666666667,298.6066666666667,337.4266666666667,297.9477857098389
12050,346.9193333333333,298.32533333333333,337.33733333333333,297.65996875995893
12060,346.912,298.044,337.248,297.372151810079
12070,346.9046666666666,297.76266666666663,337.1586666666667,297.084334860199
12080,346.89733333333334,297.48133333333334,337.06933333333336,296.7965179103191
12090,346.89,297.2,336.98,296.5087009604391
12100,346.878,296.7353333333333,336.868,296.03773797203814
12110,346.866,296.27066666666667,336.75600000000003,295.5667749836372
12120,346.854,295.806,336.644,295.09581199523626
12130,346.842,295.34133333333335,336.53200000000004,294.6248490068353
12140,346.83,294.87666666666667,336.42,294.1538860184343
12150,346.818,294.412,336.308,293.68292303003335
12160,346.806,293.94733333333335,336.196,293.2119600416324
12170,346.794,293.48266666666666,336.084,292.74099705323147
12180,346.782,293.01800000000003,335.97200000000004,292.2700340648305
12190,346.77,292.55333333333334,335.86,291.7990710764295
12200,346.758,292.08866666666665,335.748,291.32810808802856
12210,346.746,291.624,335.636,290.8571450996276
12220,346.734,291.15933333333334,335.524,290.3861821112267
12230,346.722,290.6946666666667,335.41200000000003,289.9152191228257
12240,346.71,290.23,335.3,289.44425613442473
12250,346.6933333333333,290.3113333333333,335.22266666666667,289.5421974735198
12260,346.6766666666666,290.3926666666667,335.1453333333333,289.6401388126149
12270,346.65999999999997,290.474,335.068,289.73808015171
12280,346.6433333333333,290.55533333333335,334.9906666666667,289.8360214908051
12290,346.62666666666667,290.63666666666666,334.91333333333336,289.93396282990017
12300,346.60999999999996,290.718,334.836,290.03190416899525
12310,346.5933333333333,290.7993333333333,334.75866666666667,290.12984550809034
12320,346.57666666666665,290.8806666666667,334.6813333333333,290.2277868471855
12330,346.56,290.962,334.604,290.32572818628057
12340,346.5433333333333,291.04333333333335,334.52666666666664,290.42366952537566
12350,346.52666666666664,291.12466666666666,334.4493333333333,290.52161086447074
12360,346.51,291.206,334.372,290.61955220356583
12370,346.49333333333334,291.2873333333333,334.29466666666667,290.7174935426609
12380,346.47666666666663,291.3686666666667,334.21733333333333,290.815434881756
12390,346.46,291.45,334.14,290.9133762208511
12400,346.438,291.306,334.068,290.76246615001116
12410,346.416,291.162,333.996,290.61155607917124
12420,346.394,291.018,333.924,290.4606460083313
12430,346.37199999999996,290.874,333.852,290.3097359374914
12440,346.34999999999997,290.73,333.78,290.15882586665145
12450,346.328,290.586,333.70799999999997,290.0079157958115
12460,346.306,290.442,333.63599999999997,289.8570057249716
12470,346.284,290.298,333.564,289.7060956541317
12480,346.262,290.154,333.492,289.55518558329175
12490,346.24,290.01,333.42,289.4042755124518
12500,346.218,289.866,333.348,289.2533654416119
12510,346.19599999999997,289.72200000000004,333.276,289.10245537077196
12520,346.174,289.57800000000003,333.204,288.95154529993204
12530,346.152,289.434,333.132,288.8006352290921
12540,346.13,289.29,333.06,288.6497251582522
12550,346.104,289.156,332.97866666666664,288.52276685111843
12560,346.078,289.022,332.89733333333334,288.3958085439847
12570,346.052,288.88800000000003,332.816,288.26885023685094
12580,346.026,288.754,332.73466666666667,288.14189192971725
12590,346.0,288.62,332.6533333333333,288.0149336225835
12600,345.974,288.486,332.572,287.88797531544975
12610,345.948,288.352,332.49066666666664,287.761017008316
12620,345.922,288.218,332.40933333333334,287.63405870118225
12630,345.896,288.084,332.328,287.5071003940485
12640,345.87,287.95,332.24666666666667,287.38014208691476
12650,345.844,287.816,332.1653333333333,287.253183779781
12660,345.818,287.68199999999996,332.084,287.1262254726473
12670,345.79200000000003,287.548,332.00266666666664,286.9992671655136
12680,345.766,287.414,331.92133333333334,286.8723088583798
12690,345.74,287.28,331.84,286.7453505512461
12700,345.70933333333335,287.4433333333333,331.7913333333333,286.91514718145976
12710,345.6786666666667,287.6066666666666,331.74266666666665,287.08494381167344
12720,345.648,287.77,331.69399999999996,287.25474044188707
12730,345.6173333333333,287.93333333333334,331.6453333333333,287.42453707210075
12740,345.58666666666664,288.09666666666664,331.59666666666664,287.59433370231443
12750,345.556,288.26,331.548,287.7641303325281
12760,345.5253333333333,288.42333333333335,331.4993333333333,287.9339269627418
12770,345.49466666666666,288.58666666666664,331.4506666666667,288.1037235929554
12780,345.464,288.75,331.402,288.2735202231691
12790,345.43333333333334,288.91333333333336,331.35333333333335,288.4433168533828
12800,345.4026666666667,289.07666666666665,331.30466666666666,288.61311348359646
12810,345.37199999999996,289.24,331.25600000000003,288.78291011381015
12820,345.3413333333333,289.40333333333336,331.20733333333334,288.95270674402377
12830,345.31066666666663,289.56666666666666,331.1586666666667,289.12250337423745
12840,345.28,289.73,331.11,289.29230000445114
12850,345.2453333333333,289.68733333333336,331.058,289.2453263517129
12860,345.21066666666667,289.6446666666667,331.00600000000003,289.19835269897465
12870,345.176,289.60200000000003,330.954,289.1513790462364
12880,345.1413333333333,289.5593333333333,330.902,289.10440539349815
12890,345.1066666666666,289.51666666666665,330.85,289.0574317407599
12900,345.072,289.474,330.798,289.01045808802166
12910,345.0373333333333,289.4313333333333,330.746,288.9634844352834
12920,345.00266666666664,289.38866666666667,330.694,288.91651078254523
12930,344.96799999999996,289.346,330.642,288.869537129807
12940,344.93333333333334,289.30333333333334,330.59,288.82256347706874
12950,344.89866666666666,289.2606666666667,330.538,288.7755898243305
12960,344.864,289.21799999999996,330.486,288.72861617159225
12970,344.8293333333333,289.1753333333333,330.43399999999997,288.681642518854
12980,344.79466666666667,289.13266666666664,330.382,288.63466886611576
12990,344.76,289.09,330.33,288.5876952133775
13000,344.722,289.02466666666663,330.2753333333333,288.52180596262195
13010,344.68399999999997,288.9593333333333,330.22066666666666,288.4559167118664
13020,344.646,288.894,330.166,288.3900274611108
13030,344.608,288.82866666666666,330.11133333333333,288.3241382103552
13040,344.57,288.7633333333333,330.0566666666667,288.25824895959965
13050,344.532,288.698,330.002,288.1923597088441
13060,344.49399999999997,288.63266666666664,329.94733333333335,288.12647045808853
13070,344.456,288.56733333333335,329.8926666666666,288.0605812073329
13080,344.418,288.502,329.83799999999997,287.99469195657736
13090,344.38,288.43666666666667,329.7833333333333,287.9288027058218
13100,344.342,288.3713333333333,329.72866666666664,287.86291345506623
13110,344.304,288.306,329.674,287.7970242043107
13120,344.266,288.2406666666667,329.6193333333333,287.73113495355506
13130,344.228,288.17533333333336,329.56466666666665,287.6652457027995
13140,344.19,288.11,329.51,287.59935645204393
13150,344.14933333333335,288.12333333333333,329.45866666666666,287.6186261413246
13160,344.10866666666664,288.13666666666666,329.4073333333333,287.6378958306053
13170,344.068,288.15000000000003,329.356,287.657165519886
13180,344.02733333333333,288.16333333333336,329.30466666666666,287.67643520916664
13190,343.9866666666667,288.1766666666667,329.25333333333333,287.69570489844733
13200,343.94599999999997,288.19,329.202,287.714974587728
13210,343.9053333333333,288.2033333333333,329.15066666666667,287.7342442770087
13220,343.86466666666666,288.2166666666667,329.09933333333333,287.7535139662894
13230,343.824,288.23,329.048,287.7727836555701
13240,343.7833333333333,288.24333333333334,328.99666666666667,287.7920533448508
13250,343.74266666666665,288.25666666666666,328.94533333333334,287.8113230341315
13260,343.702,288.27,328.894,287.8305927234121
13270,343.66133333333335,288.28333333333336,328.8426666666667,287.8498624126928
13280,343.62066666666664,288.2966666666667,328.79133333333334,287.8691321019735
13290,343.58,288.31,328.74,287.8884017912542
13300,343.53666666666663,288.5126666666667,328.712,288.0969049586247
13310,343.49333333333334,288.7153333333333,328.684,288.3054081259952
13320,343.45,288.918,328.656,288.5139112933657
13330,343.40666666666664,289.1206666666667,328.628,288.7224144607362
13340,343.36333333333334,289.3233333333333,328.6,288.9309176281067
13350,343.32,289.526,328.572,289.13942079547724
13360,343.27666666666664,289.7286666666667,328.544,289.34792396284774
13370,343.23333333333335,289.9313333333333,328.516,289.5564271302183
13380,343.19,290.134,328.488,289.7649302975888
13390,343.14666666666665,290.3366666666667,328.46,289.9734334649593
13400,343.10333333333335,290.53933333333333,328.432,290.18193663232984
13410,343.06,290.742,328.404,290.39043979970035
13420,343.01666666666665,290.9446666666667,328.376,290.59894296707085
13430,342.97333333333336,291.14733333333334,328.348,290.80744613444136
13440,342.93,291.35,328.32,291.0159493018119
13450,342.88466666666665,291.3326666666667,328.2853333333333,290.99335024308834
13460,342.83933333333334,291.31533333333334,328.2506666666667,290.9707511843648
13470,342.794,291.298,328.216,290.9481521256413
13480,342.7486666666667,291.28066666666666,328.1813333333333,290.9255530669177
13490,342.7033333333333,291.2633333333333,328.14666666666665,290.9029540081942
13500,342.658,291.246,328.112,290.88035494947064
13510,342.61266666666666,291.22866666666664,328.07733333333334,290.8577558907471
13520,342.56733333333335,291.21133333333336,328.04266666666666,290.8351568320236
13530,342.522,291.194,328.008,290.81255777330006
13540,342.4766666666667,291.1766666666667,327.97333333333336,290.7899587145765
13550,342.4313333333333,291.15933333333334,327.9386666666667,290.767359655853
13560,342.386,291.142,327.904,290.7447605971294
13570,342.34066666666666,291.12466666666666,327.8693333333333,290.7221615384059
13580,342.29533333333336,291.1073333333333,327.8346666666667,290.69956247968236
13590,342.25,291.09,327.8,290.6769634209588
13600,342.204,291.066,327.76133333333337,290.6528634559559
13610,342.158,291.042,327.72266666666667,290.62876349095296
13620,342.112,291.018,327.684,290.60466352595006
13630,342.066,290.99399999999997,327.6453333333333,290.58056356094716
13640,342.02,290.96999999999997,327.6066666666667,290.5564635959442
13650,341.974,290.94599999999997,327.56800000000004,290.5323636309413
13660,341.928,290.92199999999997,327.52933333333334,290.5082636659384
13670,341.882,290.898,327.4906666666667,290.4841637009354
13680,341.836,290.874,327.452,290.4600637359325
13690,341.79,290.85,327.41333333333336,290.4359637709296
13700,341.744,290.826,327.3746666666667,290.41186380592666
13710,341.698,290.802,327.336,290.38776384092375
13720,341.652,290.778,327.29733333333337,290.36366387592085
13730,341.606,290.754,327.25866666666667,290.3395639109179
13740,341.56,290.73,327.22,290.315463945915
13750,341.5126666666667,290.6706666666667,327.1786666666667,290.2533250729642
13760,341.4653333333333,290.61133333333333,327.13733333333334,290.19118620001336
13770,341.418,290.552,327.096,290.1290473270625
13780,341.3706666666667,290.49266666666665,327.0546666666667,290.0669084541117
13790,341.3233333333333,290.43333333333334,327.0133333333334,290.0047695811609
13800,341.276,290.374,326.97200000000004,289.94263070821006
13810,341.2286666666667,290.31466666666665,326.9306666666667,289.88049183525925
13820,341.1813333333333,290.25533333333334,326.88933333333335,289.8183529623084
13830,341.134,290.19599999999997,326.848,289.75621408935757
13840,341.0866666666667,290.13666666666666,326.8066666666667,289.69407521640676
13850,341.03933333333333,290.07733333333334,326.76533333333333,289.63193634345595
13860,340.992,290.018,326.72400000000005,289.56979747050514
13870,340.9446666666667,289.95866666666666,326.6826666666667,289.50765859755427
13880,340.89733333333334,289.8993333333333,326.64133333333336,289.44551972460346
13890,340.85,289.84,326.6,289.38338085165265
13900,340.8026666666667,289.70533333333333,326.548,289.2466650690854
13910,340.75533333333334,289.5706666666666,326.49600000000004,289.10994928651814
13920,340.708,289.436,326.444,288.9732335039509
13930,340.66066666666666,289.30133333333333,326.392,288.8365177213836
13940,340.61333333333334,289.16666666666663,326.34000000000003,288.69980193881634
13950,340.56600000000003,289.032,326.288,288.5630861562491
13960,340.51866666666666,288.89733333333334,326.236,288.42637037368183
13970,340.47133333333335,288.76266666666663,326.184,288.2896545911146
13980,340.424,288.628,326.132,288.15293880854733
13990,340.37666666666667,288.49333333333334,326.08,288.0162230259801
14000,340.32933333333335,288.35866666666664,326.028,287.87950724341283
14010,340.282,288.224,325.976,287.7427914608455
14020,340.23466666666667,288.08933333333334,325.924,287.6060756782783
14030,340.1873333333333,287.95466666666664,325.872,287.469359895711
14040,340.14,287.82,325.82,287.3326441131438
14050,340.0926666666667,288.05333333333334,325.79466666666667,287.57876113532075
14060,340.0453333333333,288.28666666666663,325.76933333333335,287.8248781574977
14070,339.998,288.52,325.74399999999997,288.0709951796747
14080,339.9506666666667,288.75333333333333,325.71866666666665,288.3171122018516
14090,339.9033333333333,288.9866666666667,325.6933333333333,288.5632292240286
14100,339.856,289.21999999999997,325.668,288.80934624620556
14110,339.8086666666667,289.4533333333333,325.6426666666667,289.05546326838254
14120,339.7613333333333,289.68666666666667,325.6173333333333,289.3015802905595
14130,339.714,289.92,325.592,289.5476973127365
14140,339.6666666666667,290.1533333333333,325.56666666666666,289.79381433491346
14150,339.6193333333333,290.38666666666666,325.54133333333334,290.03993135709044
14160,339.572,290.62,325.516,290.28604837926736
14170,339.5246666666667,290.85333333333335,325.49066666666664,290.53216540144433
14180,339.4773333333333,291.08666666666664,325.4653333333333,290.7782824236213
14190,339.43,291.32,325.44,291.0243994457983
14200,339.3833333333333,291.3553333333333,325.4166666666667,291.05461759534137
14210,339.3366666666667,291.3906666666667,325.3933333333333,291.0848357448845
14220,339.29,291.426,325.37,291.1150538944276
14230,339.24333333333334,291.46133333333336,325.34666666666664,291.1452720439707
14240,339.19666666666666,291.49666666666667,325.3233333333333,291.17549019351384
14250,339.15000000000003,291.532,325.3,291.2057083430569
14260,339.10333333333335,291.56733333333335,325.27666666666664,291.2359264926
14270,339.0566666666667,291.60266666666666,325.25333333333333,291.26614464214316
14280,339.01,291.63800000000003,325.22999999999996,291.29636279168625
14290,338.96333333333337,291.67333333333335,325.20666666666665,291.32658094122934
14300,338.9166666666667,291.70866666666666,325.18333333333334,291.3567990907725
14310,338.87,291.744,325.15999999999997,291.3870172403156
14320,338.8233333333333,291.77933333333334,325.13666666666666,291.41723538985866
14330,338.7766666666667,291.8146666666667,325.1133333333333,291.4474535394018
14340,338.73,291.85,325.09,291.4776716889449
14350,338.6826666666667,291.778,325.05266666666665,291.4042093163978
14360,338.63533333333334,291.706,325.01533333333333,291.3307469438507
14370,338.588,291.634,324.97799999999995,291.2572845713036
14380,338.54066666666665,291.562,324.94066666666663,291.1838221987565
14390,338.49333333333334,291.49,324.9033333333333,291.11035982620945
14400,338.446,291.418,324.866,291.03689745366233
14410,338.39866666666666,291.346,324.82866666666666,290.9634350811152
14420,338.35133333333334,291.274,324.7913333333333,290.88997270856817
14430,338.304,291.202,324.75399999999996,290.81651033602105
14440,338.25666666666666,291.13,324.71666666666664,290.74304796347394
14450,338.20933333333335,291.058,324.6793333333333,290.6695855909269
14460,338.162,290.986,324.642,290.5961232183798
14470,338.11466666666666,290.914,324.6046666666666,290.52266084583266
14480,338.0673333333333,290.842,324.5673333333333,290.4491984732856
14490,338.02,290.77,324.53,290.3757361007385
14500,337.9733333333333,290.70599999999996,324.4893333333333,290.31081155664486
14510,337.9266666666667,290.642,324.44866666666667,290.24588701255124
14520,337.88,290.578,324.40799999999996,290.1809624684576
14530,337.8333333333333,290.514,324.3673333333333,290.116037924364
14540,337.78666666666663,290.45,324.32666666666665,290.05111338027035
14550,337.74,290.38599999999997,324.286,289.9861888361767
14560,337.6933333333333,290.322,324.24533333333335,289.9212642920831
14570,337.64666666666665,290.258,324.20466666666664,289.8563397479894
14580,337.59999999999997,290.194,324.164,289.7914152038958
14590,337.55333333333334,290.13,324.12333333333333,289.72649065980215
14600,337.50666666666666,290.066,324.0826666666667,289.6615661157085
14610,337.46,290.002,324.04200000000003,289.5966415716149
14620,337.4133333333333,289.938,324.0013333333333,289.53171702752127
14630,337.3666666666667,289.874,323.96066666666667,289.46679248342764
14640,337.32,289.81,323.92,289.401867939334
14650,337.274,289.83866666666665,323.88533333333334,289.4340635216425
14660,337.228,289.86733333333336,323.85066666666665,289.46625910395096
14670,337.182,289.896,323.81600000000003,289.4984546862594
14680,337.13599999999997,289.92466666666667,323.78133333333335,289.53065026856785
14690,337.09,289.9533333333333,323.74666666666667,289.56284585087633
14700,337.044,289.982,323.712,289.5950414331848
14710,336.998,290.0106666666667,323.6773333333333,289.6272370154933
14720,336.952,290.03933333333333,323.6426666666667,289.6594325978017
14730,336.906,290.068,323.608,289.6916281801102
14740,336.86,290.0966666666667,323.5733333333333,289.72382376241865
14750,336.814,290.12533333333334,323.53866666666664,289.7560193447271
14760,336.768,290.154,323.50399999999996,289.7882149270356
14770,336.722,290.18266666666665,323.46933333333334,289.820410509344
14780,336.676,290.21133333333336,323.43466666666666,289.8526060916525
14790,336.63,290.24,323.4,289.88480167396096
14800,336.58466666666664,290.23266666666666,323.3666666666666,289.87654118621595
14810,336.53933333333333,290.22533333333337,323.3333333333333,289.8682806984709
14820,336.49399999999997,290.218,323.29999999999995,289.8600202107259
14830,336.44866666666667,290.21066666666667,323.26666666666665,289.8517597229809
14840,336.4033333333333,290.2033333333333,323.2333333333333,289.84349923523587
14850,336.358,290.196,323.2,289.83523874749085
14860,336.31266666666664,290.1886666666667,323.16666666666663,289.82697825974583
14870,336.26733333333334,290.1813333333333,323.1333333333333,289.81871777200075
14880,336.222,290.174,323.09999999999997,289.81045728425573
14890,336.1766666666667,290.1666666666667,323.06666666666666,289.8021967965107
14900,336.1313333333333,290.15933333333334,323.0333333333333,289.7939363087657
14910,336.086,290.152,323.0,289.7856758210207
14920,336.04066666666665,290.14466666666664,322.96666666666664,289.77741533327566
14930,335.99533333333335,290.13733333333334,322.93333333333334,289.76915484553064
14940,335.95,290.13,322.9,289.7608943577856
14950,335.9046666666666,290.06466666666665,322.86199999999997,289.6922947781551
14960,335.8593333333333,289.9993333333333,322.82399999999996,289.6236951985245
14970,335.81399999999996,289.93399999999997,322.786,289.555095618894
14980,335.76866666666666,289.8686666666667,322.748,289.48649603926344
14990,335.7233333333333,289.80333333333334,322.71,289.4178964596329
15000,335.678,289.738,322.67199999999997,289.3492968800023
15010,335.63266666666664,289.67266666666666,322.63399999999996,289.2806973003718
15020,335.58733333333333,289.6073333333333,322.596,289.21209772074127
15030,335.542,289.542,322.558,289.14349814111074
15040,335.49666666666667,289.47666666666663,322.52,289.07489856148015
15050,335.4513333333333,289.4113333333333,322.48199999999997,289.0062989818496
15060,335.406,289.346,322.44399999999996,288.9376994022191
15070,335.36066666666665,289.28066666666666,322.406,288.86909982258857
15080,335.31533333333334,289.2153333333333,322.368,288.800500242958
15090,335.27,289.15,322.33,288.73190066332745
15100,335.226,289.00333333333333,322.28066666666666,288.5830789699794
15110,335.18199999999996,288.8566666666666,322.23133333333334,288.4342572766313
15120,335.138,288.71,322.18199999999996,288.28543558328323
15130,335.094,288.56333333333333,322.13266666666664,288.1366138899352
15140,335.05,288.41666666666663,322.0833333333333,287.9877921965871
15150,335.006,288.27,322.034,287.838970503239
15160,334.962,288.12333333333333,321.98466666666667,287.69014880989096
15170,334.918,287.97666666666663,321.9353333333333,287.5413271165429
15180,334.874,287.83,321.88599999999997,287.39250542319485
15190,334.83,287.68333333333334,321.83666666666664,287.24368372984674
15200,334.786,287.53666666666663,321.7873333333333,287.0948620364987
15210,334.742,287.39,321.738,286.9460403431506
15220,334.69800000000004,287.24333333333334,321.6886666666666,286.7972186498026
15230,334.654,287.09666666666664,321.6393333333333,286.64839695645446
15240,334.61,286.95,321.59,286.4995752631064
15250,334.56600000000003,287.08733333333333,321.5593333333333,286.64603140279155
15260,334.522,287.2246666666667,321.52866666666665,286.7924875424767
15270,334.478,287.36199999999997,321.498,286.93894368216183
15280,334.434,287.4993333333333,321.46733333333333,287.08539982184703
15290,334.39,287.63666666666666,321.43666666666667,287.2318559615322
15300,334.346,287.774,321.406,287.3783121012173
15310,334.302,287.91133333333335,321.37533333333334,287.52476824090246
15320,334.258,288.04866666666663,321.3446666666666,287.6712243805876
15330,334.214,288.186,321.31399999999996,287.81768052027275
15340,334.17,288.3233333333333,321.2833333333333,287.9641366599579
15350,334.126,288.46066666666667,321.25266666666664,288.11059279964303
15360,334.082,288.598,321.222,288.25704893932823
15370,334.038,288.7353333333333,321.1913333333333,288.40350507901337
15380,333.99399999999997,288.87266666666665,321.16066666666666,288.5499612186985
15390,333.95,289.01,321.13,288.69641735838366
15400,333.90666666666664,289.0253333333333,321.102,288.7088550356139
15410,333.86333333333334,289.04066666666665,321.074,288.7212927128441
15420,333.82,289.056,321.046,288.73373039007436
15430,333.77666666666664,289.0713333333333,321.018,288.74616806730455
15440,333.73333333333335,289.08666666666664,320.99,288.7586057445348
15450,333.69,289.102,320.962,288.771043421765
15460,333.64666666666665,289.1173333333333,320.93399999999997,288.78348109899525
15470,333.60333333333335,289.1326666666667,320.906,288.79591877622545
15480,333.56,289.148,320.878,288.8083564534557
15490,333.51666666666665,289.16333333333336,320.84999999999997,288.8207941306859
15500,333.47333333333336,289.1786666666667,320.822,288.83323180791615
15510,333.43,289.194,320.794,288.84566948514635
15520,333.38666666666666,289.20933333333335,320.76599999999996,288.8581071623766
15530,333.34333333333336,289.2246666666667,320.738,288.8705448396068
15540,333.3,289.24,320.71,288.88298251683705
15550,333.25733333333335,289.19866666666667,320.67466666666667,288.8416734877189
15560,333.2146666666667,289.1573333333333,320.6393333333333,288.80036445860077
15570,333.172,289.116,320.604,288.7590554294826
15580,333.12933333333336,289.0746666666667,320.5686666666667,288.7177464003645
15590,333.0866666666667,289.03333333333336,320.5333333333333,288.6764373712463
15600,333.04400000000004,288.992,320.498,288.63512834212816
15610,333.0013333333334,288.9506666666667,320.4626666666667,288.59381931301004
15620,332.95866666666666,288.90933333333334,320.4273333333333,288.5525102838919
15630,332.916,288.868,320.392,288.51120125477377
15640,332.87333333333333,288.82666666666665,320.3566666666667,288.4698922256556
15650,332.8306666666667,288.7853333333333,320.3213333333333,288.42858319653743
15660,332.788,288.744,320.286,288.3872741674193
15670,332.74533333333335,288.7026666666667,320.2506666666667,288.34596513830115
15680,332.7026666666667,288.66133333333335,320.2153333333333,288.30465610918304
15690,332.66,288.62,320.18,288.2633470800649
15700,332.61733333333336,288.60533333333336,320.146,288.2485631007049
15710,332.5746666666667,288.59066666666666,320.112,288.2337791213449
15720,332.53200000000004,288.576,320.07800000000003,288.218995141985
15730,332.4893333333333,288.5613333333333,320.044,288.20421116262503
15740,332.44666666666666,288.5466666666667,320.01,288.189427183265
15750,332.404,288.532,319.976,288.1746432039051
15760,332.36133333333333,288.51733333333334,319.942,288.15985922454513
15770,332.3186666666667,288.50266666666664,319.908,288.1450752451851
15780,332.276,288.488,319.874,288.1302912658252
15790,332.23333333333335,288.4733333333333,319.84000000000003,288.11550728646523
15800,332.1906666666667,288.45866666666666,319.80600000000004,288.1007233071052
15810,332.14799999999997,288.44399999999996,319.772,288.0859393277453
15820,332.1053333333333,288.4293333333333,319.738,288.07115534838533
15830,332.06266666666664,288.4146666666666,319.704,288.0563713690253
15840,332.02,288.4,319.67,288.0415873896654
