Time (s),T_outer (C),T_inner (C),T_avg (C),Input Temperature (C)
0,105.433084326926,105.433084326926,105.433084326926,105.433084326926
10,105.433084326926,105.433084326926,105.433084326926,105.433084326926
20,105.433084326926,105.433084326926,105.433084326926,105.433084326926
30,105.433084326926,105.433084326926,105.433084326926,105.433084326926
40,105.433084326926,105.433084326926,105.433084326926,105.433084326926
50,105.433084326926,105.433084326926,105.433084326926,105.433084326926
60,105.433084326926,105.433084326926,105.433084326926,105.433084326926
70,105.433084326926,105.433084326926,105.433084326926,105.433084326926
80,105.433084326926,105.433084326926,105.433084326926,105.433084326926
90,105.433084326926,105.433084326926,105.433084326926,105.433084326926
100,105.433084326926,105.433084326926,105.433084326926,105.433084326926
110,105.433084326926,105.433084326926,105.433084326926,105.433084326926
120,105.433084326926,105.433084326926,105.433084326926,105.433084326926
130,105.433084326926,105.433084326926,105.433084326926,105.433084326926
140,105.433084326926,105.433084326926,105.433084326926,105.433084326926
150,105.433084326926,105.433084326926,105.433084326926,105.433084326926
160,105.433084326926,105.433084326926,105.433084326926,105.433084326926
170,105.433084326926,105.433084326926,105.433084326926,105.433084326926
180,105.433084326926,105.433084326926,105.433084326926,105.433084326926
190,105.433084326926,105.433084326926,105.433084326926,105.433084326926
200,105.433084326926,105.433084326926,105.433084326926,105.433084326926
210,105.433084326926,105.433084326926,105.433084326926,105.433084326926
220,105.433084326926,105.433084326926,105.433084326926,105.433084326926
230,105.433084326926,105.433084326926,105.433084326926,105.433084326926
240,105.433084326926,105.433084326926,105.433084326926,105.433084326926
250,105.433084326926,105.433084326926,105.433084326926,105.433084326926
260,105.433084326926,105.433084326926,105.433084326926,105.433084326926
270,105.433084326926,105.433084326926,105.433084326926,105.433084326926
280,105.433084326926,105.433084326926,105.433084326926,105.433084326926
290,105.433084326926,105.433084326926,105.433084326926,105.433084326926
300,105.433084326926,105.433084326926,105.433084326926,105.433084326926
310,105.433084326926,105.433084326926,105.433084326926,105.433084326926
320,105.433084326926,105.433084326926,105.433084326926,105.433084326926
330,105.433084326926,105.433084326926,105.433084326926,105.433084326926
340,105.433084326926,105.433084326926,105.433084326926,105.433084326926
350,105.433084326926,105.433084326926,105.433084326926,105.433084326926
360,105.433084326926,105.433084326926,105.433084326926,105.433084326926
370,105.433084326926,105.433084326926,105.433084326926,105.433084326926
380,105.433084326926,105.433084326926,105.433084326926,105.433084326926
390,105.433084326926,105.433084326926,105.433084326926,105.433084326926
400,105.433084326926,105.433084326926,105.433084326926,105.433084326926
410,105.433084326926,105.433084326926,105.433084326926,105.433084326926
420,105.433084326926,105.433084326926,105.433084326926,105.433084326926
430,105.433084326926,105.433084326926,105.433084326926,105.433084326926
440,105.433084326926,105.433084326926,105.433084326926,105.433084326926
450,105.433084326926,105.433084326926,105.433084326926,105.433084326926
460,105.433084326926,105.433084326926,105.433084326926,105.433084326926
470,105.433084326926,105.433084326926,105.433084326926,105.433084326926
480,105.433084326926,105.433084326926,105.433084326926,105.433084326926
490,105.433084326926,105.433084326926,105.433084326926,105.433084326926
500,105.433084326926,105.433084326926,105.433084326926,105.433084326926
510,105.433084326926,105.433084326926,105.433084326926,105.433084326926
520,105.433084326926,105.433084326926,105.433084326926,105.433084326926
530,105.433084326926,105.433084326926,105.433084326926,105.433084326926
540,105.433084326926,105.433084326926,105.433084326926,105.433084326926
550,105.433084326926,105.433084326926,105.433084326926,105.433084326926
560,105.433084326926,105.433084326926,105.433084326926,105.433084326926
570,105.433084326926,105.433084326926,105.433084326926,105.433084326926
580,105.433084326926,105.433084326926,105.433084326926,105.433084326926
590,105.433084326926,105.433084326926,105.433084326926,105.433084326926
600,105.433084326926,105.433084326926,105.433084326926,105.433084326926
610,105.433084326926,105.433084326926,105.433084326926,105.433084326926
620,105.433084326926,105.433084326926,105.433084326926,105.433084326926
630,105.433084326926,105.433084326926,105.433084326926,105.433084326926
640,105.433084326926,105.433084326926,105.433084326926,105.433084326926
650,105.433084326926,105.433084326926,105.433084326926,105.433084326926
660,105.433084326926,105.433084326926,105.433084326926,105.433084326926
670,105.433084326926,105.433084326926,105.433084326926,105.433084326926
680,105.433084326926,105.433084326926,105.433084326926,105.433084326926
690,105.433084326926,105.433084326926,105.433084326926,105.433084326926
700,105.433084326926,105.433084326926,105.433084326926,105.433084326926
710,105.433084326926,105.433084326926,105.433084326926,105.433084326926
720,105.433084326926,105.433084326926,105.433084326926,105.433084326926
730,105.433084326926,105.433084326926,105.433084326926,105.433084326926
740,105.433084326926,105.433084326926,105.433084326926,105.433084326926
750,105.433084326926,105.433084326926,105.433084326926,105.433084326926
760,105.433084326926,105.433084326926,105.433084326926,105.433084326926
770,105.433084326926,105.433084326926,105.433084326926,105.433084326926
780,105.433084326926,105.433084326926,105.433084326926,105.433084326926
790,105.433084326926,105.433084326926,105.433084326926,105.433084326926
800,105.433084326926,105.433084326926,105.433084326926,105.433084326926
810,105.433084326926,105.433084326926,105.433084326926,105.433084326926
820,105.433084326926,105.433084326926,105.433084326926,105.433084326926
830,105.433084326926,105.433084326926,105.433084326926,105.433084326926
840,105.433084326926,105.433084326926,105.433084326926,105.433084326926
850,105.433084326926,105.433084326926,105.433084326926,105.433084326926
860,105.433084326926,105.433084326926,105.433084326926,105.433084326926
870,105.433084326926,105.433084326926,105.433084326926,105.433084326926
880,105.433084326926,105.433084326926,105.433084326926,105.433084326926
890,105.433084326926,105.433084326926,105.433084326926,105.433084326926
900,105.433084326926,105.433084326926,105.433084326926,105.433084326926
910,105.433084326926,105.433084326926,105.433084326926,105.433084326926
920,105.433084326926,105.433084326926,105.433084326926,105.433084326926
930,105.433084326926,105.433084326926,105.433084326926,105.433084326926
940,105.433084326926,105.433084326926,105.433084326926,105.433084326926
950,105.433084326926,105.433084326926,105.433084326926,105.433084326926
960,105.433084326926,105.433084326926,105.433084326926,105.433084326926
970,105.433084326926,105.433084326926,105.433084326926,105.433084326926
980,105.433084326926,105.433084326926,105.433084326926,105.433084326926
990,105.433084326926,105.433084326926,105.433084326926,105.433084326926
1000,105.433084326926,105.433084326926,105.433084326926,105.433084326926
1010,105.433084326926,105.433084326926,105.433084326926,105.433084326926
1020,105.433084326926,105.433084326926,105.433084326926,105.433084326926
1030,105.433084326926,105.433084326926,105.433084326926,105.433084326926
1040,105.433084326926,105.433084326926,105.433084326926,105.433084326926
1050,105.433084326926,105.433084326926,105.433084326926,105.433084326926
1060,105.433084326926,105.433084326926,105.433084326926,105.433084326926
1070,105.433084326926,105.433084326926,105.433084326926,105.433084326926
1080,105.433084326926,105.433084326926,105.433084326926,105.433084326926
1090,105.433084326926,105.433084326926,105.433084326926,105.433084326926
1100,105.433084326926,105.433084326926,105.433084326926,105.433084326926
1110,105.433084326926,105.433084326926,105.433084326926,105.433084326926
1120,105.433084326926,105.433084326926,105.433084326926,105.433084326926
1130,105.433084326926,105.433084326926,105.433084326926,105.433084326926
1140,105.433084326926,105.433084326926,105.433084326926,105.433084326926
1150,105.433084326926,105.433084326926,105.433084326926,105.433084326926
1160,105.433084326926,105.433084326926,105.433084326926,105.433084326926
1170,105.433084326926,105.433084326926,105.433084326926,105.433084326926
1180,105.433084326926,105.433084326926,105.433084326926,105.433084326926
1190,105.433084326926,105.433084326926,105.433084326926,105.433084326926
1200,105.433084326926,105.433084326926,105.433084326926,105.433084326926
1210,105.433084326926,105.433084326926,105.433084326926,105.433084326926
1220,105.433084326926,105.433084326926,105.433084326926,105.433084326926
1230,105.433084326926,105.433084326926,105.433084326926,105.433084326926
1240,105.433084326926,105.433084326926,105.433084326926,105.433084326926
1250,105.433084326926,105.433084326926,105.433084326926,105.433084326926
1260,105.433084326926,105.433084326926,105.433084326926,105.433084326926
1270,105.433084326926,105.433084326926,105.433084326926,105.433084326926
1280,105.433084326926,105.433084326926,105.433084326926,105.433084326926
1290,105.433084326926,105.433084326926,105.433084326926,105.433084326926
1300,105.433084326926,105.433084326926,105.433084326926,105.433084326926
1310,105.433084326926,105.433084326926,105.433084326926,105.433084326926
1320,105.433084326926,105.433084326926,105.433084326926,105.433084326926
1330,105.433084326926,105.433084326926,105.433084326926,105.433084326926
1340,105.433084326926,105.433084326926,105.433084326926,105.433084326926
1350,105.433084326926,105.433084326926,105.433084326926,105.433084326926
1360,105.433084326926,105.433084326926,105.433084326926,105.433084326926
1370,105.433084326926,105.433084326926,105.433084326926,105.433084326926
1380,105.433084326926,105.433084326926,105.433084326926,105.433084326926
1390,105.433084326926,105.433084326926,105.433084326926,105.433084326926
1400,105.433084326926,105.433084326926,105.433084326926,105.433084326926
1410,105.433084326926,105.433084326926,105.433084326926,105.433084326926
1420,105.433084326926,105.433084326926,105.433084326926,105.433084326926
1430,105.433084326926,105.433084326926,105.433084326926,105.433084326926
1440,105.433084326926,105.433084326926,105.433084326926,105.433084326926
1440,105.433084326926,105.433084326926,105.433084326926,105.433084326926
1450,105.43287870513093,105.85821203846426,105.4735453717976,105.87519175184714
1460,105.43267308333586,106.28333975000253,105.51400641666919,106.31729917676829
1470,105.4324674615408,106.70846746154079,105.5544674615408,106.75940660168945
1480,105.43226183974573,107.13359517307906,105.5949285064124,107.2015140266106
1490,105.43205621795066,107.55872288461732,105.63538955128399,107.64362145153174
1500,105.4318505961556,107.98385059615559,105.6758505961556,108.08572887645289
1510,105.43164497436054,108.40897830769386,105.7163116410272,108.52783630137404
1520,105.43143935256546,108.83410601923214,105.7567726858988,108.9699437262952
1530,105.4312337307704,109.2592337307704,105.7972337307704,109.41205115121635
1540,105.43102810897534,109.68436144230867,105.837694775642,109.8541585761375
1550,105.43082248718027,110.10948915384694,105.8781558205136,110.29626600105864
1560,105.4306168653852,110.5346168653852,105.9186168653852,110.73837342597979
1570,105.43041124359014,110.95974457692347,105.95907791025681,111.18048085090095
1580,105.43020562179507,111.38487228846174,105.9995389551284,111.6225882758221
1590,105.43,111.81,106.04,112.06469570074324
1600,105.43,112.31,106.11200000000001,112.57494759448386
1610,105.43,112.81,106.18400000000001,113.08519948822448
1620,105.43,113.31,106.256,113.59545138196509
1630,105.43,113.81,106.328,114.10570327570571
1640,105.43,114.31,106.4,114.61595516944632
1650,105.43,114.81,106.47200000000001,115.12620706318694
1660,105.43,115.31,106.54400000000001,115.63645895692756
1670,105.43,115.81,106.616,116.14671085066817
1680,105.43,116.31,106.688,116.6569627444088
1690,105.43,116.81,106.76,117.16721463814942
1700,105.43,117.31,106.83200000000001,117.67746653189003
1710,105.43,117.81,106.90400000000001,118.18771842563065
1720,105.43,118.31,106.976,118.69797031937127
1730,105.43,118.81,107.048,119.20822221311188
1740,105.43,119.31,107.12,119.7184741068525
1750,105.43066666666667,119.92666666666666,107.22266666666667,120.34928142456835
1760,105.43133333333334,120.54333333333334,107.32533333333333,120.9800887422842
1770,105.432,121.16,107.428,121.61089606000004
1780,105.43266666666668,121.77666666666667,107.53066666666668,122.24170337771591
1790,105.43333333333334,122.39333333333333,107.63333333333334,122.87251069543176
1800,105.434,123.01,107.736,123.5033180131476
1810,105.43466666666667,123.62666666666667,107.83866666666667,124.13412533086345
1820,105.43533333333333,124.24333333333334,107.94133333333333,124.7649326485793
1830,105.436,124.86,108.044,125.39573996629515
1840,105.43666666666667,125.47666666666667,108.14666666666666,126.026547284011
1850,105.43733333333333,126.09333333333333,108.24933333333333,126.65735460172685
1860,105.438,126.71000000000001,108.352,127.28816191944271
1870,105.43866666666666,127.32666666666667,108.45466666666667,127.91896923715856
1880,105.43933333333334,127.94333333333333,108.55733333333333,128.5497765548744
1890,105.44,128.56,108.66,129.18058387259026
1900,105.44133333333333,129.352,108.804,129.98435756943712
1910,105.44266666666667,130.144,108.948,130.78813126628395
1920,105.444,130.936,109.092,131.59190496313082
1930,105.44533333333332,131.728,109.23599999999999,132.39567865997765
1940,105.44666666666666,132.52,109.38,133.1994523568245
1950,105.448,133.312,109.524,134.00322605367137
1960,105.44933333333333,134.104,109.66799999999999,134.8069997505182
1970,105.45066666666666,134.896,109.812,135.61077344736506
1980,105.452,135.688,109.95599999999999,136.4145471442119
1990,105.45333333333333,136.48,110.1,137.21832084105876
2000,105.45466666666667,137.272,110.244,138.02209453790562
2010,105.45599999999999,138.064,110.38799999999999,138.82586823475245
2020,105.45733333333332,138.856,110.532,139.6296419315993
2030,105.45866666666666,139.648,110.67599999999999,140.43341562844614
2040,105.46,140.44,110.82,141.237189325293
2050,105.46466666666666,140.62933333333334,110.934,141.41264762552416
2060,105.46933333333332,140.81866666666667,111.04799999999999,141.58810592575531
2070,105.47399999999999,141.008,111.16199999999999,141.76356422598644
2080,105.47866666666667,141.19733333333332,111.276,141.9390225262176
2090,105.48333333333333,141.38666666666666,111.39,142.11448082644876
2100,105.488,141.576,111.50399999999999,142.2899391266799
2110,105.49266666666666,141.76533333333333,111.618,142.46539742691107
2120,105.49733333333333,141.95466666666667,111.732,142.6408557271422
2130,105.502,142.144,111.846,142.81631402737335
2140,105.50666666666666,142.33333333333334,111.96,142.9917723276045
2150,105.51133333333333,142.52266666666668,112.074,143.16723062783566
2160,105.516,142.712,112.188,143.34268892806682
2170,105.52066666666667,142.90133333333333,112.302,143.51814722829795
2180,105.52533333333334,143.09066666666666,112.416,143.6936055285291
2190,105.53,143.28,112.53,143.86906382876026
2200,105.54,143.91333333333333,112.66066666666667,144.5239014066941
2210,105.55,144.54666666666668,112.79133333333333,145.17873898462796
2220,105.56,145.18,112.922,145.8335765625618
2230,105.57000000000001,145.81333333333333,113.05266666666667,146.48841414049568
2240,105.58,146.44666666666666,113.18333333333334,147.14325171842952
2250,105.59,147.08,113.314,147.79808929636337
2260,105.60000000000001,147.71333333333334,113.44466666666666,148.45292687429722
2270,105.61,148.34666666666666,113.57533333333333,149.10776445223107
2280,105.62,148.98,113.706,149.7626020301649
2290,105.63000000000001,149.61333333333334,113.83666666666666,150.41743960809876
2300,105.64,150.24666666666667,113.96733333333333,151.0722771860326
2310,105.65,150.88,114.098,151.72711476396648
2320,105.66000000000001,151.51333333333332,114.22866666666667,152.38195234190033
2330,105.67,152.14666666666668,114.35933333333332,153.03678991983418
2340,105.68,152.78,114.49,153.69162749776802
2350,105.69666666666667,153.56,114.66799999999999,154.47691333654973
2360,105.71333333333334,154.34,114.84599999999999,155.26219917533143
2370,105.73,155.12,115.024,156.04748501411314
2380,105.74666666666667,155.9,115.202,156.8327708528948
2390,105.76333333333334,156.68,115.38,157.61805669167651
2400,105.78,157.46,115.55799999999999,158.40334253045822
2410,105.79666666666667,158.24,115.73599999999999,159.18862836923992
2420,105.81333333333335,159.01999999999998,115.914,159.97391420802163
2430,105.83000000000001,159.79999999999998,116.092,160.75920004680333
2440,105.84666666666668,160.57999999999998,116.27,161.54448588558503
2450,105.86333333333334,161.35999999999999,116.448,162.3297717243667
2460,105.88000000000001,162.14,116.62599999999999,163.1150575631484
2470,105.89666666666668,162.92,116.804,163.90034340193012
2480,105.91333333333334,163.7,116.982,164.68562924071182
2490,105.93,164.48,117.16,165.47091507949352
2500,105.95466666666667,165.04333333333332,117.334,166.03771816226822
2510,105.97933333333334,165.60666666666665,117.508,166.60452124504292
2520,106.004,166.17,117.682,167.17132432781762
2530,106.02866666666667,166.73333333333332,117.856,167.7381274105923
2540,106.05333333333334,167.29666666666665,118.03,168.304930493367
2550,106.078,167.85999999999999,118.204,168.8717335761417
2560,106.10266666666666,168.42333333333332,118.378,169.4385366589164
2570,106.12733333333334,168.98666666666668,118.55199999999999,170.00533974169113
2580,106.152,169.55,118.726,170.57214282446583
2590,106.17666666666666,170.11333333333334,118.89999999999999,171.13894590724053
2600,106.20133333333334,170.67666666666668,119.074,171.70574899001522
2610,106.226,171.24,119.24799999999999,172.27255207278992
2620,106.25066666666666,171.80333333333334,119.422,172.83935515556462
2630,106.27533333333334,172.36666666666667,119.59599999999999,173.40615823833932
2640,106.3,172.93,119.77,173.972961321114
2650,106.33266666666667,173.436,119.94533333333332,174.48167569449242
2660,106.36533333333333,173.942,120.12066666666666,174.9903900678708
2670,106.398,174.448,120.29599999999999,175.49910444124922
2680,106.43066666666667,174.954,120.47133333333333,176.0078188146276
2690,106.46333333333334,175.46,120.64666666666666,176.516533188006
2700,106.496,175.966,120.822,177.02524756138442
2710,106.52866666666667,176.472,120.99733333333333,177.5339619347628
2720,106.56133333333334,176.978,121.17266666666667,178.0426763081412
2730,106.59400000000001,177.484,121.348,178.5513906815196
2740,106.62666666666667,177.99,121.52333333333334,179.060105054898
2750,106.65933333333334,178.496,121.69866666666667,179.5688194282764
2760,106.69200000000001,179.002,121.87400000000001,180.0775338016548
2770,106.72466666666668,179.508,122.04933333333334,180.5862481750332
2780,106.75733333333334,180.014,122.22466666666668,181.0949625484116
2790,106.79,180.52,122.4,181.60367692179
2800,106.83200000000001,180.87733333333335,122.56666666666668,181.95762632426823
2810,106.87400000000001,181.23466666666667,122.73333333333333,182.31157572674647
2820,106.91600000000001,181.592,122.9,182.6655251292247
2830,106.958,181.94933333333333,123.06666666666668,183.0194745317029
2840,107.0,182.30666666666667,123.23333333333333,183.37342393418115
2850,107.042,182.66400000000002,123.4,183.72737333665938
2860,107.084,183.02133333333333,123.56666666666668,184.08132273913762
2870,107.126,183.37866666666667,123.73333333333333,184.43527214161585
2880,107.168,183.736,123.9,184.7892215440941
2890,107.21000000000001,184.09333333333333,124.06666666666668,185.14317094657233
2900,107.25200000000001,184.45066666666668,124.23333333333333,185.49712034905056
2910,107.294,184.808,124.4,185.85106975152877
2920,107.336,185.16533333333334,124.56666666666668,186.205019154007
2930,107.378,185.52266666666665,124.73333333333333,186.55896855648524
2940,107.42,185.88,124.9,186.91291795896348
2950,107.47133333333333,186.26333333333332,125.06,187.30423560934426
2960,107.52266666666667,186.64666666666668,125.22,187.69555325972505
2970,107.574,187.03,125.38000000000001,188.08687091010583
2980,107.62533333333333,187.41333333333333,125.54,188.47818856048661
2990,107.67666666666666,187.79666666666665,125.7,188.8695062108674
3000,107.728,188.18,125.86,189.26082386124818
3010,107.77933333333333,188.56333333333333,126.02,189.65214151162897
3020,107.83066666666667,188.94666666666666,126.18,190.04345916200975
3030,107.882,189.32999999999998,126.34,190.43477681239054
3040,107.93333333333334,189.71333333333334,126.5,190.82609446277132
3050,107.98466666666667,190.09666666666666,126.66,191.2174121131521
3060,108.036,190.48,126.82,191.6087297635329
3070,108.08733333333333,190.86333333333332,126.98,192.00004741391368
3080,108.13866666666667,191.24666666666667,127.14,192.39136506429446
3090,108.19,191.63,127.3,192.78268271467525
3100,108.25066666666666,192.244,127.48466666666667,193.4035018317613
3110,108.31133333333334,192.858,127.66933333333333,194.02432094884733
3120,108.372,193.472,127.854,194.6451400659334
3130,108.43266666666666,194.08599999999998,128.03866666666667,195.26595918301945
3140,108.49333333333333,194.7,128.22333333333333,195.8867783001055
3150,108.554,195.314,128.408,196.50759741719153
3160,108.61466666666666,195.928,128.59266666666667,197.1284165342776
3170,108.67533333333333,196.542,128.77733333333333,197.74923565136365
3180,108.73599999999999,197.156,128.962,198.3700547684497
3190,108.79666666666667,197.77,129.14666666666665,198.99087388553573
3200,108.85733333333333,198.38400000000001,129.33133333333333,199.6116930026218
3210,108.91799999999999,198.998,129.516,200.23251211970785
3220,108.97866666666665,199.612,129.70066666666665,200.8533312367939
3230,109.03933333333333,200.226,129.88533333333334,201.47415035387993
3240,109.1,200.84,130.07,202.094969470966
3250,109.17,200.886,130.21733333333333,202.1243637334028
3260,109.24,200.93200000000002,130.36466666666666,202.15375799583958
3270,109.31,200.978,130.512,202.1831522582764
3280,109.38,201.024,130.65933333333334,202.2125465207132
3290,109.45,201.07,130.80666666666667,202.24194078315
3300,109.52,201.116,130.954,202.2713350455868
3310,109.59,201.162,131.10133333333334,202.3007293080236
3320,109.66,201.208,131.24866666666665,202.33012357046042
3330,109.73,201.254,131.396,202.3595178328972
3340,109.8,201.3,131.54333333333332,202.388912095334
3350,109.87,201.346,131.69066666666666,202.4183063577708
3360,109.94,201.392,131.838,202.4477006202076
3370,110.01,201.438,131.98533333333333,202.47709488264442
3380,110.08,201.484,132.13266666666667,202.50648914508122
3390,110.15,201.53,132.28,202.535883407518
3400,110.22866666666667,201.632,132.41066666666666,202.63751379137418
3410,110.30733333333333,201.734,132.54133333333334,202.73914417523034
3420,110.38600000000001,201.836,132.672,202.8407745590865
3430,110.46466666666667,201.938,132.80266666666668,202.9424049429427
3440,110.54333333333334,202.04,132.93333333333334,203.04403532679885
3450,110.622,202.142,133.064,203.145665710655
3460,110.70066666666666,202.244,133.19466666666668,203.24729609451117
3470,110.77933333333334,202.346,133.32533333333333,203.34892647836733
3480,110.858,202.448,133.45600000000002,203.4505568622235
3490,110.93666666666667,202.55,133.58666666666667,203.55218724607965
3500,111.01533333333333,202.65200000000002,133.71733333333333,203.65381762993582
3510,111.094,202.754,133.848,203.755448013792
3520,111.17266666666667,202.856,133.97866666666667,203.85707839764817
3530,111.25133333333333,202.958,134.10933333333335,203.95870878150433
3540,111.33,203.06,134.24,204.0603391653605
3550,111.41533333333334,203.08866666666668,134.362,204.07974815320145
3560,111.50066666666666,203.11733333333333,134.484,204.0991571410424
3570,111.586,203.14600000000002,134.606,204.1185661288834
3580,111.67133333333334,203.17466666666667,134.728,204.13797511672436
3590,111.75666666666666,203.20333333333335,134.85,204.15738410456532
3600,111.842,203.232,134.972,204.17679309240629
3610,111.92733333333334,203.26066666666668,135.094,204.19620208024725
3620,112.01266666666666,203.28933333333333,135.216,204.21561106808824
3630,112.098,203.318,135.338,204.2350200559292
3640,112.18333333333334,203.34666666666666,135.46,204.25442904377016
3650,112.26866666666666,203.37533333333334,135.582,204.27383803161112
3660,112.354,203.404,135.704,204.29324701945208
3670,112.43933333333334,203.43266666666668,135.826,204.31265600729307
3680,112.52466666666666,203.46133333333333,135.948,204.33206499513403
3690,112.61,203.49,136.07,204.351473982975
3700,112.70266666666667,203.28,136.156,204.1342040573662
3710,112.79533333333333,203.07000000000002,136.242,203.9169341317574
3720,112.888,202.86,136.328,203.69966420614858
3730,112.98066666666666,202.65,136.414,203.4823942805398
3740,113.07333333333334,202.44,136.5,203.265124354931
3750,113.166,202.23000000000002,136.586,203.0478544293222
3760,113.25866666666667,202.02,136.672,202.8305845037134
3770,113.35133333333333,201.81,136.758,202.6133145781046
3780,113.444,201.6,136.844,202.3960446524958
3790,113.53666666666666,201.39000000000001,136.93,202.17877472688699
3800,113.62933333333334,201.18,137.01600000000002,201.96150480127818
3810,113.722,200.97,137.102,201.7442348756694
3820,113.81466666666667,200.76,137.18800000000002,201.5269649500606
3830,113.90733333333333,200.55,137.274,201.3096950244518
3840,114.0,200.34,137.36,201.092425098843
3850,114.098,200.562,137.46733333333336,201.32629484333356
3860,114.196,200.784,137.57466666666667,201.5601645878241
3870,114.294,201.006,137.68200000000002,201.79403433231465
3880,114.392,201.228,137.78933333333333,202.02790407680519
3890,114.49,201.45,137.89666666666668,202.26177382129575
3900,114.588,201.672,138.00400000000002,202.4956435657863
3910,114.68599999999999,201.894,138.11133333333333,202.72951331027684
3920,114.784,202.11599999999999,138.21866666666668,202.9633830547674
3930,114.882,202.338,138.326,203.19725279925794
3940,114.98,202.56,138.43333333333334,203.4311225437485
3950,115.078,202.78199999999998,138.54066666666668,203.66499228823906
3960,115.176,203.004,138.648,203.8988620327296
3970,115.274,203.226,138.75533333333334,204.13273177722016
3980,115.372,203.44799999999998,138.86266666666666,204.3666015217107
3990,115.47,203.67,138.97,204.60047126620125
4000,115.57133333333333,203.59666666666666,139.06733333333332,204.5145703445049
4010,115.67266666666667,203.5233333333333,139.16466666666668,204.42866942280855
4020,115.774,203.45,139.262,204.3427685011122
4030,115.87533333333333,203.37666666666667,139.35933333333332,204.25686757941585
4040,115.97666666666666,203.3033333333333,139.45666666666668,204.1709666577195
4050,116.078,203.23,139.554,204.08506573602315
4060,116.17933333333333,203.15666666666667,139.65133333333333,203.9991648143268
4070,116.28066666666666,203.08333333333331,139.74866666666668,203.91326389263045
4080,116.38199999999999,203.01,139.846,203.8273629709341
4090,116.48333333333333,202.93666666666667,139.94333333333333,203.74146204923775
4100,116.58466666666666,202.86333333333332,140.04066666666668,203.6555611275414
4110,116.68599999999999,202.79,140.138,203.56966020584505
4120,116.78733333333332,202.71666666666667,140.23533333333333,203.4837592841487
4130,116.88866666666667,202.64333333333332,140.33266666666668,203.39785836245235
4140,116.99,202.57,140.43,203.311957440756
4150,117.094,202.47466666666665,140.50266666666667,203.22103266917097
4160,117.198,202.37933333333334,140.57533333333333,203.13010789758593
4170,117.30199999999999,202.284,140.648,203.0391831260009
4180,117.40599999999999,202.18866666666665,140.7206666666667,202.94825835441588
4190,117.50999999999999,202.09333333333333,140.79333333333335,202.85733358283085
4200,117.61399999999999,201.998,140.866,202.7664088112458
4210,117.71799999999999,201.90266666666665,140.93866666666668,202.67548403966077
4220,117.822,201.80733333333333,141.01133333333334,202.58455926807574
4230,117.926,201.712,141.084,202.4936344964907
4240,118.03,201.61666666666665,141.15666666666667,202.40270972490566
4250,118.134,201.52133333333333,141.22933333333333,202.31178495332063
4260,118.238,201.426,141.30200000000002,202.22086018173562
4270,118.342,201.33066666666664,141.37466666666668,202.12993541015058
4280,118.446,201.23533333333333,141.44733333333335,202.03901063856554
4290,118.55,201.14,141.52,201.9480858669805
4300,118.65466666666667,201.35466666666665,141.62133333333335,202.166884061805
4310,118.75933333333333,201.56933333333333,141.72266666666667,202.3856822566295
4320,118.864,201.784,141.824,202.604480451454
4330,118.96866666666666,201.99866666666665,141.92533333333333,202.8232786462785
4340,119.07333333333334,202.21333333333334,142.02666666666667,203.042076841103
4350,119.178,202.428,142.12800000000001,203.2608750359275
4360,119.28266666666667,202.64266666666666,142.22933333333333,203.479673230752
4370,119.38733333333333,202.85733333333334,142.33066666666667,203.69847142557649
4380,119.492,203.072,142.432,203.917269620401
4390,119.59666666666666,203.28666666666666,142.53333333333333,204.1360678152255
4400,119.70133333333334,203.50133333333335,142.63466666666667,204.35486601005
4410,119.806,203.716,142.736,204.5736642048745
4420,119.91066666666667,203.93066666666667,142.83733333333333,204.792462399699
4430,120.01533333333333,204.14533333333335,142.93866666666665,205.0112605945235
4440,120.12,204.36,143.04,205.230058789348
4450,120.22533333333334,204.3046666666667,143.12733333333333,205.1662254245363
4460,120.33066666666667,204.24933333333334,143.21466666666666,205.1023920597246
4470,120.436,204.19400000000002,143.302,205.0385586949129
4480,120.54133333333334,204.13866666666667,143.38933333333333,204.9747253301012
4490,120.64666666666668,204.08333333333334,143.47666666666666,204.9108919652895
4500,120.75200000000001,204.02800000000002,143.564,204.8470586004778
4510,120.85733333333334,203.97266666666667,143.65133333333333,204.7832252356661
4520,120.96266666666666,203.91733333333335,143.73866666666666,204.7193918708544
4530,121.068,203.862,143.826,204.6555585060427
4540,121.17333333333333,203.80666666666667,143.91333333333333,204.591725141231
4550,121.27866666666667,203.75133333333335,144.00066666666666,204.5278917764193
4560,121.384,203.696,144.088,204.4640584116076
4570,121.48933333333333,203.64066666666668,144.17533333333333,204.4002250467959
4580,121.59466666666667,203.58533333333332,144.26266666666666,204.3363916819842
4590,121.7,203.53,144.35,204.2725583171725
4600,121.80466666666666,203.58133333333333,144.43533333333332,204.3272479386598
4610,121.90933333333334,203.63266666666667,144.52066666666667,204.3819375601471
4620,122.014,203.684,144.606,204.4366271816344
4630,122.11866666666667,203.73533333333333,144.69133333333332,204.4913168031217
4640,122.22333333333333,203.78666666666666,144.77666666666667,204.546006424609
4650,122.328,203.838,144.862,204.6006960460963
4660,122.43266666666666,203.88933333333333,144.94733333333332,204.6553856675836
4670,122.53733333333334,203.9406666666667,145.03266666666667,204.7100752890709
4680,122.642,203.99200000000002,145.118,204.7647649105582
4690,122.74666666666667,204.04333333333335,145.20333333333332,204.81945453204548
4700,122.85133333333333,204.09466666666668,145.28866666666667,204.8741441535328
4710,122.956,204.14600000000002,145.374,204.92883377502008
4720,123.06066666666666,204.19733333333335,145.45933333333332,204.9835233965074
4730,123.16533333333334,204.24866666666668,145.54466666666667,205.03821301799468
4740,123.27,204.3,145.63,205.092902639482
4750,123.37333333333333,204.37,145.72133333333332,205.16033476326245
4760,123.47666666666666,204.44,145.81266666666667,205.22776688704292
4770,123.58,204.51000000000002,145.904,205.2951990108234
4780,123.68333333333332,204.58,145.99533333333332,205.36263113460387
4790,123.78666666666666,204.65,146.08666666666667,205.43006325838434
4800,123.89,204.72,146.178,205.4974953821648
4810,123.99333333333333,204.79,146.26933333333332,205.56492750594526
4820,124.09666666666666,204.86,146.36066666666667,205.63235962972576
4830,124.19999999999999,204.93,146.452,205.69979175350622
4840,124.30333333333333,205.0,146.54333333333332,205.76722387728668
4850,124.40666666666667,205.07,146.63466666666667,205.83465600106715
4860,124.50999999999999,205.14,146.726,205.9020881248476
4870,124.61333333333333,205.21,146.81733333333332,205.9695202486281
4880,124.71666666666665,205.28,146.90866666666668,206.03695237240856
4890,124.82,205.35,147.0,206.10438449618903
4900,124.92333333333333,205.32666666666665,147.08133333333333,206.07877863825684
4910,125.02666666666666,205.30333333333334,147.16266666666667,206.05317278032462
4920,125.13,205.28,147.244,206.02756692239242
4930,125.23333333333333,205.25666666666666,147.32533333333333,206.00196106446023
4940,125.33666666666666,205.23333333333332,147.40666666666667,205.976355206528
4950,125.44,205.21,147.488,205.95074934859582
4960,125.54333333333334,205.18666666666667,147.56933333333333,205.92514349066363
4970,125.64666666666666,205.16333333333333,147.65066666666667,205.8995376327314
4980,125.75,205.14,147.732,205.87393177479922
4990,125.85333333333334,205.11666666666667,147.81333333333333,205.84832591686703
5000,125.95666666666666,205.09333333333333,147.89466666666667,205.8227200589348
5010,126.06,205.07,147.976,205.7971142010026
5020,126.16333333333334,205.04666666666665,148.05733333333333,205.77150834307042
5030,126.26666666666667,205.02333333333334,148.13866666666667,205.7459024851382
5040,126.37,205.0,148.22,205.720296627206
5050,126.47133333333333,205.07333333333332,148.30533333333332,205.79577002006826
5060,126.57266666666668,205.14666666666668,148.39066666666668,205.8712434129305
5070,126.674,205.22,148.476,205.94671680579276
5080,126.77533333333334,205.29333333333332,148.56133333333332,206.022190198655
5090,126.87666666666667,205.36666666666667,148.64666666666668,206.09766359151726
5100,126.97800000000001,205.44,148.732,206.1731369843795
5110,127.07933333333334,205.51333333333332,148.81733333333332,206.24861037724176
5120,127.18066666666667,205.58666666666667,148.90266666666668,206.324083770104
5130,127.282,205.66,148.988,206.39955716296626
5140,127.38333333333334,205.73333333333332,149.07333333333332,206.4750305558285
5150,127.48466666666667,205.80666666666667,149.15866666666668,206.55050394869076
5160,127.586,205.88,149.244,206.625977341553
5170,127.68733333333333,205.95333333333332,149.32933333333332,206.70145073441526
5180,127.78866666666667,206.02666666666667,149.41466666666668,206.7769241272775
5190,127.89,206.1,149.5,206.85239752013976
5200,127.99066666666667,206.124,149.58333333333334,206.874142502767
5210,128.09133333333332,206.148,149.66666666666666,206.89588748539427
5220,128.192,206.172,149.75,206.9176324680215
5230,128.29266666666666,206.196,149.83333333333334,206.93937745064875
5240,128.39333333333335,206.22,149.91666666666666,206.96112243327602
5250,128.494,206.244,150.0,206.98286741590326
5260,128.59466666666668,206.268,150.08333333333334,207.0046123985305
5270,128.69533333333334,206.292,150.16666666666666,207.02635738115777
5280,128.796,206.316,150.25,207.048102363785
5290,128.89666666666668,206.34,150.33333333333334,207.06984734641225
5300,128.99733333333333,206.364,150.41666666666666,207.0915923290395
5310,129.098,206.388,150.5,207.11333731166675
5320,129.19866666666667,206.412,150.58333333333334,207.135082294294
5330,129.29933333333335,206.436,150.66666666666666,207.15682727692126
5340,129.4,206.46,150.75,207.1785722595485
5350,129.5,206.38866666666667,150.824,207.10092485100924
5360,129.6,206.31733333333335,150.898,207.02327744246998
5370,129.70000000000002,206.246,150.972,206.9456300339307
5380,129.8,206.17466666666667,151.046,206.86798262539142
5390,129.9,206.10333333333332,151.12,206.79033521685216
5400,130.0,206.032,151.19400000000002,206.7126878083129
5410,130.1,205.96066666666667,151.268,206.63504039977363
5420,130.20000000000002,205.88933333333333,151.342,206.55739299123437
5430,130.3,205.81799999999998,151.416,206.4797455826951
5440,130.4,205.74666666666667,151.49,206.40209817415584
5450,130.5,205.67533333333333,151.56400000000002,206.32445076561658
5460,130.6,205.60399999999998,151.638,206.24680335707728
5470,130.70000000000002,205.53266666666664,151.71200000000002,206.16915594853802
5480,130.8,205.46133333333333,151.786,206.09150853999876
5490,130.9,205.39,151.86,206.0138611314595
5500,130.99800000000002,205.17333333333332,151.91066666666669,205.7911573508222
5510,131.096,204.95666666666665,151.96133333333336,205.5684535701849
5520,131.19400000000002,204.73999999999998,152.012,205.3457497895476
5530,131.292,204.5233333333333,152.06266666666667,205.1230460089103
5540,131.39000000000001,204.30666666666664,152.11333333333334,204.900342228273
5550,131.488,204.08999999999997,152.16400000000002,204.6776384476357
5560,131.586,203.8733333333333,152.2146666666667,204.4549346669984
5570,131.684,203.65666666666667,152.26533333333333,204.2322308863611
5580,131.782,203.44,152.316,204.0095271057238
5590,131.88,203.22333333333333,152.36666666666667,203.78682332508652
5600,131.978,203.00666666666666,152.41733333333335,203.5641195444492
5610,132.076,202.79,152.46800000000002,203.3414157638119
5620,132.174,202.57333333333332,152.51866666666666,203.11871198317462
5630,132.272,202.35666666666665,152.56933333333333,202.8960082025373
5640,132.37,202.14,152.62,202.6733044219
5650,132.46733333333333,202.27599999999998,152.69,202.8191375337389
5660,132.56466666666668,202.41199999999998,152.76,202.9649706455778
5670,132.662,202.548,152.83,203.1108037574167
5680,132.75933333333333,202.684,152.9,203.25663686925563
5690,132.85666666666668,202.82,152.97,203.40246998109453
5700,132.954,202.956,153.04,203.54830309293342
5710,133.05133333333333,203.09199999999998,153.10999999999999,203.69413620477232
5720,133.14866666666668,203.228,153.18,203.83996931661122
5730,133.246,203.364,153.25,203.9858024284501
5740,133.34333333333333,203.5,153.32,204.131635540289
5750,133.4406666666667,203.636,153.39,204.2774686521279
5760,133.538,203.772,153.45999999999998,204.42330176396683
5770,133.63533333333334,203.90800000000002,153.53,204.56913487580573
5780,133.7326666666667,204.044,153.6,204.71496798764463
5790,133.83,204.18,153.67,204.86080109948352
5800,133.92533333333336,204.104,153.73533333333333,204.77582920192344
5810,134.02066666666667,204.028,153.80066666666664,204.6908573043634
5820,134.116,203.952,153.86599999999999,204.6058854068033
5830,134.21133333333333,203.876,153.93133333333333,204.52091350924326
5840,134.30666666666667,203.8,153.99666666666667,204.43594161168318
5850,134.40200000000002,203.724,154.06199999999998,204.35096971412312
5860,134.49733333333333,203.648,154.12733333333333,204.26599781656304
5870,134.59266666666667,203.572,154.19266666666667,204.181025919003
5880,134.688,203.496,154.258,204.0960540214429
5890,134.78333333333333,203.42,154.32333333333332,204.01108212388286
5900,134.87866666666667,203.344,154.38866666666667,203.92611022632278
5910,134.974,203.268,154.454,203.84113832876272
5920,135.06933333333333,203.192,154.51933333333335,203.75616643120264
5930,135.16466666666665,203.11599999999999,154.58466666666666,203.6711945336426
5940,135.26,203.04,154.65,203.5862226360825
5950,135.35399999999998,202.88533333333334,154.696,203.43033718385865
5960,135.44799999999998,202.73066666666665,154.74200000000002,203.27445173163477
5970,135.542,202.576,154.788,203.1185662794109
5980,135.636,202.42133333333334,154.834,202.96268082718706
5990,135.73,202.26666666666665,154.88,202.80679537496317
6000,135.82399999999998,202.112,154.92600000000002,202.65090992273932
6010,135.91799999999998,201.95733333333334,154.972,202.49502447051546
6020,136.012,201.80266666666665,155.018,202.33913901829158
6030,136.106,201.648,155.064,202.18325356606772
6040,136.2,201.49333333333334,155.11,202.02736811384386
6050,136.29399999999998,201.33866666666665,155.156,201.87148266161998
6060,136.38799999999998,201.184,155.202,201.71559720939612
6070,136.482,201.02933333333334,155.248,201.55971175717227
6080,136.576,200.87466666666666,155.294,201.40382630494838
6090,136.67,200.72,155.34,201.24794085272453
6100,136.7613333333333,200.654,155.388,201.181033300572
6110,136.85266666666666,200.588,155.436,201.11412574841953
6120,136.944,200.522,155.484,201.047218196267
6130,137.0353333333333,200.456,155.532,200.98031064411452
6140,137.12666666666667,200.39,155.58,200.913403091962
6150,137.218,200.32399999999998,155.62800000000001,200.84649553980952
6160,137.3093333333333,200.25799999999998,155.67600000000002,200.779587987657
6170,137.40066666666667,200.192,155.724,200.71268043550452
6180,137.492,200.126,155.772,200.645772883352
6190,137.58333333333331,200.06,155.82,200.57886533119952
6200,137.67466666666667,199.994,155.868,200.511957779047
6210,137.766,199.928,155.916,200.44505022689452
6220,137.85733333333332,199.862,155.964,200.378142674742
6230,137.94866666666667,199.796,156.012,200.31123512258952
6240,138.04,199.73,156.06,200.244327570437
6250,138.12933333333334,200.00333333333333,156.13666666666666,200.52974089606215
6260,138.21866666666665,200.27666666666667,156.21333333333334,200.81515422168732
6270,138.308,200.54999999999998,156.29,201.10056754731247
6280,138.39733333333334,200.82333333333332,156.36666666666667,201.3859808729376
6290,138.48666666666665,201.09666666666666,156.44333333333333,201.67139419856275
6300,138.576,201.37,156.52,201.95680752418792
6310,138.66533333333334,201.64333333333335,156.59666666666666,202.24222084981307
6320,138.75466666666665,201.91666666666666,156.67333333333335,202.5276341754382
6330,138.844,202.19,156.75,202.81304750106335
6340,138.93333333333334,202.46333333333334,156.82666666666668,203.09846082668852
6350,139.02266666666665,202.73666666666668,156.90333333333334,203.38387415231367
6360,139.112,203.01000000000002,156.98000000000002,203.6692874779388
6370,139.20133333333334,203.28333333333333,157.05666666666667,203.95470080356395
6380,139.29066666666665,203.55666666666667,157.13333333333335,204.24011412918912
6390,139.38,203.83,157.21,204.52552745481427
6400,139.46666666666667,203.86800000000002,157.28733333333335,204.55558474341538
6410,139.55333333333334,203.906,157.36466666666666,204.5856420320165
6420,139.64,203.94400000000002,157.442,204.6156993206176
6430,139.72666666666666,203.982,157.51933333333335,204.64575660921872
6440,139.81333333333333,204.02,157.59666666666666,204.67581389781984
6450,139.9,204.05800000000002,157.674,204.70587118642095
6460,139.98666666666668,204.096,157.75133333333335,204.73592847502206
6470,140.07333333333332,204.13400000000001,157.82866666666666,204.7659857636232
6480,140.16,204.172,157.906,204.79604305222432
6490,140.24666666666667,204.21,157.98333333333335,204.82610034082543
6500,140.33333333333334,204.24800000000002,158.06066666666666,204.85615762942655
6510,140.42000000000002,204.286,158.138,204.88621491802766
6520,140.50666666666666,204.324,158.21533333333335,204.91627220662878
6530,140.59333333333333,204.362,158.29266666666666,204.9463294952299
6540,140.68,204.4,158.37,204.976386783831
6550,140.764,204.33333333333334,158.42733333333334,204.90862625796453
6560,140.848,204.26666666666668,158.48466666666667,204.84086573209802
6570,140.93200000000002,204.20000000000002,158.542,204.77310520623155
6580,141.016,204.13333333333333,158.59933333333333,204.70534468036507
6590,141.1,204.06666666666666,158.65666666666667,204.6375841544986
6600,141.184,204.0,158.714,204.5698236286321
6610,141.268,203.93333333333334,158.77133333333333,204.50206310276562
6620,141.352,203.86666666666667,158.82866666666666,204.43430257689914
6630,141.436,203.8,158.886,204.36654205103267
6640,141.52,203.73333333333335,158.94333333333333,204.29878152516616
6650,141.604,203.66666666666669,159.00066666666666,204.2310209992997
6660,141.688,203.6,159.058,204.1632604734332
6670,141.772,203.53333333333333,159.11533333333333,204.09549994756674
6680,141.856,203.46666666666667,159.17266666666666,204.02773942170023
6690,141.94,203.4,159.23,203.95997889583376
6700,142.02266666666665,203.39266666666668,159.28866666666667,203.9519387780561
6710,142.10533333333333,203.38533333333334,159.34733333333332,203.94389866027845
6720,142.188,203.37800000000001,159.406,203.9358585425008
6730,142.27066666666667,203.37066666666666,159.46466666666666,203.92781842472317
6740,142.35333333333332,203.36333333333334,159.52333333333334,203.91977830694552
6750,142.436,203.356,159.582,203.91173818916786
6760,142.51866666666666,203.34866666666667,159.64066666666668,203.9036980713902
6770,142.60133333333334,203.34133333333332,159.69933333333333,203.89565795361256
6780,142.684,203.334,159.758,203.8876178358349
6790,142.76666666666668,203.32666666666665,159.81666666666666,203.87957771805725
6800,142.84933333333333,203.31933333333333,159.87533333333334,203.8715376002796
6810,142.93200000000002,203.31199999999998,159.934,203.86349748250197
6820,143.01466666666667,203.30466666666666,159.99266666666668,203.85545736472432
6830,143.09733333333335,203.2973333333333,160.05133333333333,203.84741724694666
6840,143.18,203.29,160.11,203.839377129169
6850,143.26000000000002,203.45399999999998,160.18266666666668,204.00929716793752
6860,143.34,203.618,160.25533333333334,204.179217206706
6870,143.42000000000002,203.78199999999998,160.328,204.3491372454745
6880,143.5,203.946,160.40066666666667,204.51905728424302
6890,143.58,204.10999999999999,160.47333333333333,204.6889773230115
6900,143.66,204.274,160.546,204.85889736178
6910,143.74,204.438,160.61866666666666,205.02881740054852
6920,143.82,204.602,160.69133333333335,205.198737439317
6930,143.9,204.766,160.764,205.3686574780855
6940,143.98,204.93,160.83666666666667,205.53857751685402
6950,144.06,205.094,160.90933333333334,205.7084975556225
6960,144.14,205.258,160.982,205.878417594391
6970,144.22,205.422,161.05466666666666,206.04833763315952
6980,144.29999999999998,205.586,161.12733333333333,206.218257671928
6990,144.38,205.75,161.2,206.3881777106965
7000,144.45933333333332,205.73533333333333,161.268,206.3661895663807
7010,144.53866666666667,205.72066666666666,161.33599999999998,206.3442014220649
7020,144.618,205.706,161.404,206.3222132777491
7030,144.69733333333332,205.69133333333335,161.47199999999998,206.30022513343332
7040,144.77666666666667,205.67666666666668,161.54,206.27823698911752
7050,144.856,205.662,161.608,206.25624884480172
7060,144.93533333333332,205.64733333333334,161.676,206.23426070048592
7070,145.01466666666667,205.63266666666667,161.744,206.2122725561701
7080,145.094,205.618,161.81199999999998,206.1902844118543
7090,145.17333333333332,205.60333333333332,161.88,206.1682962675385
7100,145.25266666666667,205.58866666666665,161.948,206.1463081232227
7110,145.332,205.574,162.016,206.1243199789069
7120,145.41133333333332,205.55933333333334,162.084,206.1023318345911
7130,145.49066666666667,205.54466666666667,162.152,206.0803436902753
7140,145.57,205.53,162.22,206.0583555459595
7150,145.648,205.45333333333335,162.27133333333333,205.98076735420966
7160,145.726,205.37666666666667,162.32266666666666,205.90317916245982
7170,145.804,205.3,162.374,205.82559097071
7180,145.882,205.22333333333333,162.42533333333333,205.74800277896017
7190,145.96,205.14666666666668,162.47666666666666,205.67041458721033
7200,146.038,205.07,162.528,205.5928263954605
7210,146.116,204.99333333333334,162.57933333333332,205.51523820371065
7220,146.194,204.91666666666666,162.63066666666668,205.43765001196084
7230,146.272,204.84,162.68200000000002,205.360061820211
7240,146.35,204.76333333333332,162.73333333333335,205.28247362846116
7250,146.428,204.68666666666667,162.78466666666668,205.20488543671132
7260,146.506,204.60999999999999,162.836,205.12729724496148
7270,146.584,204.53333333333333,162.88733333333334,205.04970905321167
7280,146.662,204.45666666666665,162.93866666666668,204.97212086146183
7290,146.74,204.38,162.99,204.894532669712
7300,146.81666666666666,204.38333333333333,163.04533333333333,204.89765256617838
7310,146.89333333333335,204.38666666666666,163.10066666666668,204.9007724626448
7320,146.97,204.39,163.156,204.90389235911118
7330,147.04666666666668,204.39333333333335,163.21133333333333,204.9070122555776
7340,147.12333333333333,204.39666666666668,163.26666666666668,204.91013215204399
7350,147.2,204.4,163.322,204.9132520485104
7360,147.27666666666667,204.40333333333334,163.37733333333333,204.9163719449768
7370,147.35333333333332,204.40666666666667,163.43266666666668,204.9194918414432
7380,147.43,204.41,163.488,204.9226117379096
7390,147.50666666666666,204.41333333333333,163.54333333333332,204.925731634376
7400,147.58333333333331,204.41666666666666,163.59866666666667,204.9288515308424
7410,147.66,204.42000000000002,163.654,204.9319714273088
7420,147.73666666666665,204.42333333333335,163.70933333333332,204.9350913237752
7430,147.81333333333333,204.42666666666668,163.76466666666667,204.9382112202416
7440,147.89,204.43,163.82,204.941331116708
7450,147.96533333333332,204.52333333333334,163.88266666666667,205.0380414831311
7460,148.04066666666665,204.61666666666667,163.94533333333334,205.1347518495542
7470,148.11599999999999,204.71,164.00799999999998,205.2314622159773
7480,148.19133333333332,204.80333333333334,164.07066666666665,205.3281725824004
7490,148.26666666666665,204.89666666666668,164.13333333333333,205.4248829488235
7500,148.34199999999998,204.99,164.196,205.5215933152466
7510,148.41733333333332,205.08333333333334,164.25866666666667,205.61830368166972
7520,148.49266666666668,205.17666666666668,164.3213333333333,205.7150140480928
7530,148.568,205.27,164.384,205.8117244145159
7540,148.64333333333335,205.36333333333334,164.44666666666666,205.90843478093902
7550,148.71866666666668,205.45666666666668,164.50933333333333,206.0051451473621
7560,148.794,205.55,164.572,206.1018555137852
7570,148.86933333333334,205.64333333333335,164.63466666666665,206.19856588020832
7580,148.94466666666668,205.73666666666668,164.69733333333332,206.2952762466314
7590,149.02,205.83,164.76,206.3919866130545
7600,149.09466666666668,205.85066666666668,164.822,206.40983596689782
7610,149.16933333333333,205.87133333333335,164.884,206.42768532074112
7620,149.244,205.892,164.946,206.44553467458442
7630,149.31866666666667,205.91266666666667,165.00799999999998,206.4633840284277
7640,149.39333333333335,205.93333333333334,165.07,206.481233382271
7650,149.468,205.954,165.132,206.4990827361143
7660,149.54266666666666,205.97466666666668,165.194,206.5169320899576
7670,149.61733333333333,205.99533333333332,165.256,206.5347814438009
7680,149.692,206.016,165.31799999999998,206.5526307976442
7690,149.76666666666665,206.03666666666666,165.38,206.57048015148752
7700,149.84133333333332,206.05733333333333,165.442,206.58832950533082
7710,149.916,206.078,165.504,206.6061788591741
7720,149.99066666666667,206.09866666666665,165.566,206.6240282130174
7730,150.0653333333333,206.11933333333332,165.628,206.6418775668607
7740,150.14,206.14,165.69,206.659726920704
7750,150.2133333333333,206.09799999999998,165.74333333333334,206.61483709788428
7760,150.28666666666666,206.05599999999998,165.79666666666665,206.56994727506452
7770,150.35999999999999,206.01399999999998,165.85,206.5250574522448
7780,150.43333333333334,205.97199999999998,165.90333333333334,206.48016762942507
7790,150.50666666666666,205.92999999999998,165.95666666666668,206.43527780660534
7800,150.57999999999998,205.88799999999998,166.01,206.3903879837856
7810,150.65333333333334,205.84599999999998,166.06333333333333,206.34549816096586
7820,150.72666666666666,205.804,166.11666666666667,206.30060833814613
7830,150.8,205.762,166.17000000000002,206.2557185153264
7840,150.87333333333333,205.72,166.22333333333333,206.21082869250665
7850,150.94666666666666,205.678,166.27666666666667,206.16593886968693
7860,151.02,205.636,166.33,206.1210490468672
7870,151.09333333333333,205.594,166.38333333333335,206.07615922404747
7880,151.16666666666669,205.552,166.43666666666667,206.03126940122772
7890,151.24,205.51,166.49,205.986379578408
7900,151.312,205.42133333333334,166.53400000000002,205.89487241484198
7910,151.38400000000001,205.33266666666665,166.578,205.803365251276
7920,151.45600000000002,205.244,166.622,205.71185808771
7930,151.528,205.15533333333332,166.666,205.620350924144
7940,151.6,205.06666666666666,166.71,205.52884376057798
7950,151.672,204.978,166.75400000000002,205.437336597012
7960,151.744,204.88933333333333,166.798,205.345829433446
7970,151.816,204.80066666666667,166.842,205.25432226988
7980,151.888,204.712,166.886,205.16281510631399
7990,151.96,204.62333333333333,166.93,205.071307942748
8000,152.032,204.53466666666668,166.97400000000002,204.979800779182
8010,152.10399999999998,204.446,167.018,204.888293615616
8020,152.176,204.35733333333334,167.062,204.79678645205
8030,152.248,204.26866666666666,167.106,204.705279288484
8040,152.32,204.18,167.15,204.613772124918
8050,152.39066666666665,204.02733333333333,167.18266666666668,204.45625250643806
8060,152.46133333333333,203.87466666666668,167.21533333333335,204.2987328879581
8070,152.53199999999998,203.722,167.248,204.14121326947816
8080,152.60266666666666,203.56933333333333,167.28066666666666,203.98369365099822
8090,152.67333333333332,203.41666666666666,167.31333333333333,203.82617403251825
8100,152.744,203.264,167.346,203.66865441403831
8110,152.81466666666665,203.11133333333333,167.37866666666667,203.51113479555838
8120,152.88533333333334,202.95866666666666,167.41133333333332,203.3536151770784
8130,152.956,202.80599999999998,167.444,203.19609555859847
8140,153.02666666666667,202.65333333333334,167.47666666666666,203.03857594011853
8150,153.09733333333332,202.50066666666666,167.50933333333333,202.88105632163857
8160,153.168,202.34799999999998,167.542,202.72353670315863
8170,153.23866666666666,202.1953333333333,167.57466666666664,202.5660170846787
8180,153.30933333333334,202.04266666666666,167.60733333333332,202.40849746619872
8190,153.38,201.89,167.64,202.2509778477188
8200,153.44466666666665,201.85,167.6713333333333,202.21367385253316
8210,153.50933333333333,201.80999999999997,167.70266666666666,202.17636985734754
8220,153.57399999999998,201.76999999999998,167.73399999999998,202.13906586216194
8230,153.63866666666667,201.73,167.76533333333333,202.10176186697632
8240,153.70333333333332,201.69,167.79666666666665,202.0644578717907
8250,153.768,201.64999999999998,167.828,202.02715387660507
8260,153.83266666666665,201.60999999999999,167.85933333333332,201.98984988141945
8270,153.89733333333334,201.57,167.89066666666668,201.95254588623385
8280,153.962,201.53,167.922,201.91524189104823
8290,154.02666666666667,201.48999999999998,167.95333333333335,201.8779378958626
8300,154.09133333333332,201.45,167.98466666666667,201.84063390067698
8310,154.156,201.41,168.01600000000002,201.80332990549135
8320,154.22066666666666,201.37,168.04733333333334,201.76602591030576
8330,154.28533333333334,201.32999999999998,168.0786666666667,201.72872191512013
8340,154.35,201.29,168.11,201.6914179199345
8350,154.41333333333333,201.38533333333334,168.15400000000002,201.79283112057652
8360,154.47666666666666,201.48066666666665,168.198,201.89424432121854
8370,154.54,201.576,168.24200000000002,201.99565752186055
8380,154.60333333333332,201.67133333333334,168.286,202.09707072250256
8390,154.66666666666666,201.76666666666665,168.33,202.19848392314458
8400,154.73,201.862,168.37400000000002,202.2998971237866
8410,154.79333333333332,201.95733333333334,168.418,202.4013103244286
8420,154.85666666666668,202.05266666666665,168.46200000000002,202.50272352507065
8430,154.92000000000002,202.148,168.506,202.60413672571266
8440,154.98333333333335,202.24333333333334,168.55,202.70554992635468
8450,155.04666666666668,202.33866666666665,168.59400000000002,202.8069631269967
8460,155.11,202.434,168.638,202.9083763276387
8470,155.17333333333335,202.52933333333334,168.68200000000002,203.00978952828072
8480,155.23666666666668,202.62466666666666,168.726,203.11120272892273
8490,155.3,202.72,168.77,203.21261592956475
8500,155.36133333333333,202.97333333333333,168.83800000000002,203.4712478985677
8510,155.4226666666667,203.22666666666666,168.906,203.72987986757065
8520,155.484,203.48,168.97400000000002,203.9885118365736
8530,155.54533333333333,203.73333333333335,169.042,204.24714380557654
8540,155.60666666666668,203.98666666666668,169.11,204.5057757745795
8550,155.668,204.24,169.178,204.76440774358244
8560,155.72933333333333,204.49333333333334,169.246,205.0230397125854
8570,155.79066666666668,204.74666666666667,169.314,205.28167168158836
8580,155.852,205.0,169.382,205.5403036505913
8590,155.91333333333333,205.25333333333333,169.45,205.79893561959426
8600,155.97466666666668,205.50666666666666,169.518,206.0575675885972
8610,156.036,205.76000000000002,169.58599999999998,206.31619955760016
8620,156.09733333333332,206.01333333333335,169.654,206.5748315266031
8630,156.15866666666668,206.26666666666668,169.72199999999998,206.83346349560605
8640,156.22,206.52,169.79,207.092095464609
8650,156.28,205.306,169.73866666666666,205.82234013678345
8660,156.34,204.092,169.68733333333333,204.5525848089579
8670,156.4,202.87800000000001,169.636,203.28282948113235
8680,156.46,201.66400000000002,169.58466666666666,202.0130741533068
8690,156.52,200.45000000000002,169.53333333333333,200.74331882548125
8700,156.58,199.23600000000002,169.482,199.4735634976557
8710,156.64000000000001,198.022,169.43066666666667,198.20380816983015
8720,156.7,196.808,169.37933333333334,196.9340528420046
8730,156.76,195.594,169.328,195.66429751417905
8740,156.82,194.38,169.27666666666667,194.3945421863535
8750,156.88,193.166,169.22533333333334,193.12478685852795
8760,156.94,191.952,169.174,191.8550315307024
8770,157.0,190.738,169.12266666666667,190.58527620287686
8780,157.06,189.524,169.07133333333334,189.3155208750513
8790,157.12,188.31,169.02,188.04576554722576
8800,157.17866666666666,187.43333333333334,168.91666666666669,187.1662836031959
8810,157.23733333333334,186.55666666666667,168.81333333333333,186.28680165916606
8820,157.296,185.68,168.71,185.4073197151362
8830,157.35466666666667,184.80333333333334,168.60666666666668,184.52783777110636
8840,157.41333333333333,183.92666666666668,168.50333333333333,183.6483558270765
8850,157.472,183.05,168.4,182.76887388304664
8860,157.53066666666666,182.17333333333335,168.29666666666668,181.8893919390168
8870,157.58933333333334,181.29666666666665,168.19333333333333,181.00990999498694
8880,157.648,180.42,168.09,180.1304280509571
8890,157.70666666666668,179.54333333333332,167.98666666666668,179.25094610692724
8900,157.76533333333333,178.66666666666666,167.88333333333333,178.37146416289738
8910,157.824,177.79,167.78,177.49198221886755
8920,157.88266666666667,176.91333333333333,167.67666666666668,176.61250027483769
8930,157.94133333333335,176.03666666666666,167.57333333333332,175.73301833080785
8940,158.0,175.16,167.47,174.853536386778
8950,158.05666666666667,174.62333333333333,167.37533333333334,174.32022150088451
8960,158.11333333333334,174.08666666666667,167.28066666666666,173.786906614991
8970,158.17,173.55,167.186,173.25359172909754
8980,158.22666666666666,173.01333333333332,167.09133333333332,172.72027684320406
8990,158.28333333333333,172.47666666666666,166.99666666666667,172.1869619573106
9000,158.34,171.94,166.90200000000002,171.65364707141708
9010,158.39666666666668,171.40333333333334,166.80733333333333,171.1203321855236
9020,158.45333333333332,170.86666666666667,166.71266666666668,170.58701729963013
9030,158.51,170.33,166.618,170.05370241373666
9040,158.56666666666666,169.79333333333335,166.52333333333334,169.52038752784316
9050,158.62333333333333,169.2566666666667,166.4286666666667,168.98707264194968
9060,158.68,168.72,166.334,168.4537577560562
9070,158.73666666666665,168.18333333333334,166.23933333333335,167.92044287016273
9080,158.79333333333332,167.64666666666668,166.14466666666667,167.38712798426923
9090,158.85,167.11,166.05,166.85381309837575
9100,158.904,166.8766666666667,165.9826666666667,166.6225589449593
9110,158.958,166.64333333333335,165.91533333333334,166.39130479154286
9120,159.012,166.41000000000003,165.848,166.1600506381264
9130,159.066,166.17666666666668,165.78066666666666,165.92879648470995
9140,159.12,165.94333333333336,165.71333333333334,165.6975423312935
9150,159.174,165.71,165.64600000000002,165.46628817787706
9160,159.228,165.4766666666667,165.57866666666666,165.23503402446062
9170,159.28199999999998,165.24333333333334,165.51133333333334,165.00377987104415
9180,159.33599999999998,165.01000000000002,165.444,164.7725257176277
9190,159.39,164.77666666666667,165.37666666666667,164.54127156421126
9200,159.444,164.54333333333335,165.30933333333334,164.3100174107948
9210,159.498,164.31,165.242,164.07876325737837
9220,159.552,164.07666666666668,165.17466666666667,163.8475091039619
9230,159.606,163.84333333333333,165.10733333333332,163.61625495054545
9240,159.66,163.61,165.04,163.385000797129
9250,159.708,162.966,164.94266666666667,162.72305076594412
9260,159.756,162.322,164.84533333333331,162.0611007347592
9270,159.804,161.678,164.748,161.39915070357432
9280,159.852,161.03400000000002,164.65066666666667,160.7372006723894
9290,159.9,160.39000000000001,164.55333333333334,160.07525064120452
9300,159.948,159.746,164.456,159.4133006100196
9310,159.996,159.102,164.35866666666666,158.75135057883472
9320,160.04399999999998,158.458,164.26133333333334,158.0894005476498
9330,160.09199999999998,157.814,164.16400000000002,157.42745051646492
9340,160.14,157.17,164.06666666666666,156.76550048528
9350,160.188,156.52599999999998,163.96933333333334,156.1035504540951
9360,160.236,155.882,163.872,155.4416004229102
9370,160.284,155.238,163.7746666666667,154.7796503917253
9380,160.332,154.594,163.67733333333334,154.1177003605404
9390,160.38,153.95,163.58,153.4557503293555
9400,160.42133333333334,153.3093333333333,163.45933333333335,152.80813718962082
9410,160.46266666666665,152.66866666666667,163.33866666666668,152.1605240498861
9420,160.504,152.028,163.21800000000002,151.51291091015142
9430,160.54533333333333,151.38733333333332,163.09733333333335,150.8652977704167
9440,160.58666666666667,150.74666666666667,162.9766666666667,150.21768463068202
9450,160.628,150.106,162.85600000000002,149.5700714909473
9460,160.66933333333333,149.46533333333332,162.73533333333336,148.9224583512126
9470,160.71066666666667,148.82466666666667,162.61466666666666,148.2748452114779
9480,160.752,148.184,162.494,147.6272320717432
9490,160.79333333333332,147.54333333333332,162.37333333333333,146.9796189320085
9500,160.83466666666666,146.90266666666668,162.25266666666667,146.3320057922738
9510,160.876,146.262,162.132,145.6843926525391
9520,160.91733333333335,145.62133333333333,162.01133333333334,145.0367795128044
9530,160.95866666666666,144.98066666666668,161.89066666666668,144.38916637306968
9540,161.0,144.34,161.77,143.741553233335
9550,161.03333333333333,143.72933333333333,161.638,143.1254871523802
9560,161.06666666666666,143.11866666666668,161.506,142.50942107142544
9570,161.1,142.508,161.374,141.89335499047064
9580,161.13333333333333,141.89733333333334,161.24200000000002,141.27728890951587
9590,161.16666666666666,141.28666666666666,161.11,140.66122282856108
9600,161.2,140.67600000000002,160.978,140.04515674760628
9610,161.23333333333332,140.06533333333334,160.846,139.42909066665152
9620,161.26666666666668,139.45466666666667,160.714,138.81302458569672
9630,161.3,138.844,160.582,138.19695850474196
9640,161.33333333333334,138.23333333333335,160.45,137.58089242378716
9650,161.36666666666667,137.62266666666667,160.31799999999998,136.96482634283237
9660,161.4,137.012,160.186,136.3487602618776
9670,161.43333333333334,136.40133333333333,160.054,135.7326941809228
9680,161.46666666666667,135.79066666666668,159.922,135.11662809996804
9690,161.5,135.18,159.79,134.50056201901324
9700,161.52466666666666,134.618,159.652,133.9332531641681
9710,161.54933333333332,134.056,159.51399999999998,133.36594430932294
9720,161.574,133.494,159.376,132.7986354544778
9730,161.59866666666667,132.93200000000002,159.238,132.23132659963264
9740,161.62333333333333,132.37,159.1,131.6640177447875
9750,161.648,131.808,158.962,131.09670888994233
9760,161.67266666666666,131.246,158.82399999999998,130.52940003509718
9770,161.69733333333335,130.684,158.686,129.96209118025206
9780,161.722,130.122,158.548,129.3947823254069
9790,161.74666666666667,129.56,158.41,128.82747347056176
9800,161.77133333333333,128.998,158.272,128.2601646157166
9810,161.796,128.436,158.134,127.69285576087145
9820,161.82066666666668,127.874,157.996,127.1255469060263
9830,161.84533333333334,127.312,157.858,126.55823805118115
9840,161.87,126.75,157.72,125.990929196336
9850,161.88533333333334,126.04066666666667,157.56133333333332,125.27078583855105
9860,161.90066666666667,125.33133333333333,157.40266666666668,124.5506424807661
9870,161.916,124.622,157.244,123.83049912298115
9880,161.93133333333333,123.91266666666667,157.08533333333332,123.1103557651962
9890,161.94666666666666,123.20333333333333,156.92666666666668,122.39021240741125
9900,161.962,122.494,156.768,121.6700690496263
9910,161.97733333333332,121.78466666666667,156.60933333333332,120.94992569184134
9920,161.99266666666668,121.07533333333333,156.45066666666668,120.22978233405641
9930,162.008,120.366,156.292,119.50963897627145
9940,162.02333333333334,119.65666666666667,156.13333333333333,118.7894956184865
9950,162.03866666666667,118.94733333333333,155.97466666666668,118.06935226070155
9960,162.054,118.238,155.816,117.3492089029166
9970,162.06933333333333,117.52866666666667,155.65733333333333,116.62906554513165
9980,162.08466666666666,116.81933333333333,155.49866666666668,115.9089221873467
9990,162.1,116.11,155.34,115.18877882956176
10000,162.106,115.66066666666667,155.18133333333333,114.7443214833853
10010,162.112,115.21133333333333,155.02266666666668,114.29986413720886
10020,162.118,114.762,154.864,113.85540679103241
10030,162.124,114.31266666666667,154.70533333333333,113.41094944485596
10040,162.13,113.86333333333333,154.54666666666668,112.96649209867951
10050,162.136,113.414,154.388,112.52203475250306
10060,162.142,112.96466666666667,154.22933333333333,112.07757740632661
10070,162.148,112.51533333333333,154.07066666666668,111.63312006015015
10080,162.154,112.066,153.912,111.1886627139737
10090,162.16,111.61666666666667,153.75333333333333,110.74420536779725
10100,162.166,111.16733333333333,153.59466666666668,110.2997480216208
10110,162.172,110.718,153.436,109.85529067544435
10120,162.178,110.26866666666668,153.27733333333333,109.4108333292679
10130,162.184,109.81933333333333,153.11866666666668,108.96637598309145
10140,162.19,109.37,152.96,108.521918636915
10150,162.186,109.07866666666668,152.82266666666666,108.23223697444709
10160,162.182,108.78733333333334,152.68533333333335,107.94255531197916
10170,162.178,108.49600000000001,152.548,107.65287364951125
10180,162.174,108.20466666666667,152.41066666666669,107.36319198704334
10190,162.17,107.91333333333334,152.27333333333334,107.07351032457541
10200,162.166,107.622,152.136,106.7838286621075
10210,162.162,107.33066666666667,151.99866666666668,106.49414699963958
10220,162.158,107.03933333333333,151.86133333333333,106.20446533717165
10230,162.154,106.748,151.72400000000002,105.91478367470374
10240,162.15,106.45666666666666,151.58666666666667,105.62510201223583
10250,162.146,106.16533333333334,151.44933333333333,105.3354203497679
10260,162.142,105.874,151.312,105.04573868729999
10270,162.138,105.58266666666667,151.17466666666667,104.75605702483207
10280,162.134,105.29133333333333,151.03733333333335,104.46637536236415
10290,162.13,105.0,150.9,104.17669369989623
10300,162.11599999999999,104.744,150.77266666666668,103.92087739323688
10310,162.102,104.488,150.64533333333333,103.66506108657754
10320,162.088,104.232,150.518,103.40924477991818
10330,162.07399999999998,103.976,150.39066666666668,103.15342847325884
10340,162.06,103.72,150.26333333333335,102.89761216659949
10350,162.046,103.464,150.136,102.64179585994013
10360,162.03199999999998,103.208,150.00866666666667,102.38597955328079
10370,162.018,102.952,149.88133333333334,102.13016324662144
10380,162.004,102.696,149.75400000000002,101.8743469399621
10390,161.98999999999998,102.44,149.62666666666667,101.61853063330274
10400,161.976,102.184,149.49933333333334,101.36271432664338
10410,161.962,101.928,149.372,101.10689801998404
10420,161.94799999999998,101.672,149.2446666666667,100.85108171332469
10430,161.934,101.416,149.11733333333333,100.59526540666535
10440,161.92,101.16,148.99,100.339449100006
10450,161.89533333333333,101.16199999999999,148.89000000000001,100.35105483084594
10460,161.87066666666666,101.164,148.79000000000002,100.3626605616859
10470,161.846,101.166,148.69,100.37426629252585
10480,161.8213333333333,101.16799999999999,148.59,100.38587202336579
10490,161.79666666666665,101.17,148.49,100.39747775420575
10500,161.772,101.172,148.39000000000001,100.4090834850457
10510,161.74733333333333,101.17399999999999,148.29000000000002,100.42068921588564
10520,161.72266666666667,101.176,148.19,100.4322949467256
10530,161.698,101.178,148.09,100.44390067756555
10540,161.67333333333335,101.17999999999999,147.99,100.4555064084055
10550,161.64866666666668,101.182,147.89000000000001,100.46711213924546
10560,161.624,101.184,147.79000000000002,100.4787178700854
10570,161.59933333333333,101.18599999999999,147.69,100.49032360092535
10580,161.57466666666667,101.188,147.59,100.50192933176531
10590,161.55,101.19,147.49,100.51353506260526
10600,161.51533333333333,101.30533333333334,147.41666666666669,100.63745814031554
10610,161.48066666666668,101.42066666666666,147.34333333333333,100.76138121802582
10620,161.446,101.536,147.27,100.8853042957361
10630,161.41133333333335,101.65133333333333,147.19666666666666,101.0092273734464
10640,161.37666666666667,101.76666666666667,147.12333333333333,101.13315045115667
10650,161.342,101.882,147.05,101.25707352886695
10660,161.30733333333333,101.99733333333333,146.97666666666666,101.38099660657724
10670,161.27266666666668,102.11266666666667,146.90333333333334,101.50491968428751
10680,161.238,102.228,146.82999999999998,101.6288427619978
10690,161.20333333333335,102.34333333333333,146.75666666666666,101.75276583970809
10700,161.16866666666667,102.45866666666667,146.68333333333334,101.87668891741836
10710,161.13400000000001,102.574,146.60999999999999,102.00061199512865
10720,161.09933333333333,102.68933333333334,146.53666666666666,102.12453507283894
10730,161.06466666666668,102.80466666666666,146.4633333333333,102.24845815054921
10740,161.03,102.92,146.39,102.3723812282595
10750,160.98666666666668,102.98666666666666,146.33266666666665,102.43577975346535
10760,160.94333333333333,103.05333333333334,146.27533333333332,102.4991782786712
10770,160.9,103.12,146.218,102.56257680387705
10780,160.85666666666665,103.18666666666667,146.16066666666666,102.62597532908289
10790,160.81333333333333,103.25333333333333,146.10333333333332,102.68937385428875
10800,160.77,103.32000000000001,146.046,102.7527723794946
10810,160.72666666666666,103.38666666666667,145.98866666666666,102.81617090470044
10820,160.68333333333334,103.45333333333333,145.93133333333333,102.8795694299063
10830,160.64,103.52,145.874,102.94296795511214
10840,160.59666666666666,103.58666666666667,145.81666666666666,103.006366480318
10850,160.55333333333334,103.65333333333334,145.75933333333333,103.06976500552385
10860,160.51,103.72,145.702,103.13316353072969
10870,160.46666666666667,103.78666666666666,145.64466666666667,103.19656205593554
10880,160.42333333333332,103.85333333333334,145.58733333333333,103.25996058114139
10890,160.38,103.92,145.53,103.32335910634724
10900,160.32933333333332,103.75266666666667,145.452,103.15339117967389
10910,160.27866666666665,103.58533333333334,145.374,102.98342325300054
10920,160.228,103.418,145.296,102.81345532632719
10930,160.17733333333334,103.25066666666666,145.21800000000002,102.64348739965385
10940,160.12666666666667,103.08333333333333,145.14000000000001,102.4735194729805
10950,160.076,102.916,145.062,102.30355154630715
10960,160.02533333333332,102.74866666666667,144.984,102.1335836196338
10970,159.97466666666668,102.58133333333333,144.906,101.96361569296045
10980,159.924,102.414,144.828,101.7936477662871
10990,159.87333333333333,102.24666666666667,144.75,101.62367983961374
11000,159.82266666666666,102.07933333333334,144.672,101.45371191294039
11010,159.772,101.91199999999999,144.59400000000002,101.28374398626705
11020,159.72133333333335,101.74466666666666,144.51600000000002,101.1137760595937
11030,159.67066666666668,101.57733333333333,144.43800000000002,100.94380813292035
11040,159.62,101.41,144.36,100.773840206247
11050,159.564,101.68266666666666,144.31733333333335,101.0624076174785
11060,159.508,101.95533333333333,144.2746666666667,101.35097502871
11070,159.452,102.228,144.232,101.63954243994151
11080,159.39600000000002,102.50066666666666,144.18933333333334,101.928109851173
11090,159.34,102.77333333333333,144.14666666666668,102.2166772624045
11100,159.284,103.04599999999999,144.104,102.505244673636
11110,159.228,103.31866666666666,144.06133333333335,102.7938120848675
11120,159.172,103.59133333333334,144.01866666666666,103.08237949609901
11130,159.116,103.864,143.976,103.3709469073305
11140,159.06,104.13666666666667,143.93333333333334,103.659514318562
11150,159.004,104.40933333333334,143.89066666666668,103.9480817297935
11160,158.948,104.682,143.848,104.236649141025
11170,158.892,104.95466666666667,143.80533333333332,104.52521655225651
11180,158.836,105.22733333333333,143.76266666666666,104.813783963488
11190,158.78,105.5,143.72,105.1023513747195
11200,158.72133333333335,105.59933333333333,143.686,105.19838012198856
11210,158.66266666666667,105.69866666666667,143.652,105.29440886925764
11220,158.604,105.798,143.618,105.3904376165267
11230,158.54533333333333,105.89733333333334,143.584,105.48646636379577
11240,158.48666666666668,105.99666666666667,143.55,105.58249511106483
11250,158.428,106.096,143.516,105.6785238583339
11260,158.36933333333334,106.19533333333334,143.482,105.77455260560296
11270,158.31066666666666,106.29466666666666,143.448,105.87058135287204
11280,158.252,106.39399999999999,143.41400000000002,105.9666101001411
11290,158.19333333333333,106.49333333333333,143.38,106.06263884741017
11300,158.13466666666667,106.59266666666666,143.346,106.15866759467923
11310,158.076,106.692,143.312,106.2546963419483
11320,158.01733333333334,106.79133333333333,143.27800000000002,106.35072508921736
11330,157.95866666666666,106.89066666666666,143.244,106.44675383648644
11340,157.9,106.99,143.21,106.5427825837555
11350,157.83866666666668,106.978,143.16533333333334,106.52994119398575
11360,157.77733333333333,106.966,143.12066666666666,106.51709980421599
11370,157.716,106.954,143.076,106.50425841444624
11380,157.65466666666666,106.942,143.03133333333335,106.4914170246765
11390,157.59333333333333,106.92999999999999,142.98666666666668,106.47857563490675
11400,157.532,106.91799999999999,142.942,106.46573424513699
11410,157.47066666666666,106.90599999999999,142.89733333333334,106.45289285536724
11420,157.40933333333334,106.894,142.85266666666666,106.44005146559749
11430,157.34799999999998,106.882,142.808,106.42721007582774
11440,157.28666666666666,106.87,142.76333333333332,106.41436868605798
11450,157.22533333333334,106.858,142.71866666666665,106.40152729628824
11460,157.164,106.846,142.674,106.38868590651849
11470,157.10266666666666,106.834,142.62933333333334,106.37584451674874
11480,157.0413333333333,106.822,142.58466666666666,106.36300312697898
11490,156.98,106.81,142.54,106.35016173720923
11500,156.91733333333332,106.77266666666667,142.49133333333333,106.31211873732428
11510,156.85466666666665,106.73533333333333,142.44266666666667,106.27407573743933
11520,156.792,106.69800000000001,142.394,106.23603273755438
11530,156.72933333333333,106.66066666666667,142.34533333333331,106.19798973766945
11540,156.66666666666666,106.62333333333333,142.29666666666665,106.1599467377845
11550,156.60399999999998,106.586,142.248,106.12190373789954
11560,156.5413333333333,106.54866666666666,142.19933333333333,106.0838607380146
11570,156.47866666666667,106.51133333333334,142.15066666666667,106.04581773812964
11580,156.416,106.474,142.102,106.00777473824469
11590,156.35333333333332,106.43666666666667,142.05333333333334,105.96973173835974
11600,156.29066666666665,106.39933333333333,142.00466666666668,105.93168873847479
11610,156.22799999999998,106.362,141.956,105.89364573858985
11620,156.16533333333334,106.32466666666667,141.90733333333333,105.8556027387049
11630,156.10266666666666,106.28733333333334,141.85866666666666,105.81755973881995
11640,156.04,106.25,141.81,105.779516738935
11650,155.97733333333332,106.028,141.742,105.55048707897946
11660,155.91466666666665,105.806,141.674,105.3214574190239
11670,155.852,105.584,141.606,105.09242775906836
11680,155.78933333333333,105.362,141.538,104.8633980991128
11690,155.72666666666666,105.14,141.47,104.63436843915726
11700,155.664,104.918,141.402,104.4053387792017
11710,155.60133333333332,104.696,141.334,104.17630911924616
11720,155.53866666666667,104.474,141.266,103.9472794592906
11730,155.476,104.252,141.198,103.71824979933506
11740,155.41333333333333,104.03,141.13,103.4892201393795
11750,155.35066666666665,103.808,141.06199999999998,103.26019047942395
11760,155.28799999999998,103.586,140.994,103.0311608194684
11770,155.22533333333334,103.364,140.926,102.80213115951285
11780,155.16266666666667,103.142,140.858,102.5731014995573
11790,155.1,102.92,140.79,102.34407183960175
11800,155.03866666666667,102.96933333333334,140.73266666666666,102.4036592357313
11810,154.97733333333332,103.01866666666666,140.67533333333333,102.46324663186086
11820,154.916,103.068,140.618,102.5228340279904
11830,154.85466666666667,103.11733333333333,140.56066666666666,102.58242142411996
11840,154.79333333333332,103.16666666666667,140.50333333333333,102.6420088202495
11850,154.732,103.216,140.446,102.70159621637904
11860,154.67066666666668,103.26533333333333,140.38866666666667,102.7611836125086
11870,154.60933333333332,103.31466666666667,140.33133333333333,102.82077100863815
11880,154.548,103.364,140.274,102.8803584047677
11890,154.48666666666668,103.41333333333333,140.21666666666667,102.93994580089725
11900,154.42533333333333,103.46266666666666,140.15933333333334,102.99953319702679
11910,154.364,103.512,140.102,103.05912059315635
11920,154.30266666666668,103.56133333333334,140.04466666666667,103.1187079892859
11930,154.24133333333333,103.61066666666666,139.98733333333334,103.17829538541545
11940,154.18,103.66,139.93,103.237882781545
11950,154.11933333333334,103.77799999999999,139.89600000000002,103.35501202294003
11960,154.05866666666668,103.896,139.862,103.47214126433506
11970,153.99800000000002,104.014,139.828,103.5892705057301
11980,153.93733333333333,104.132,139.794,103.70639974712513
11990,153.87666666666667,104.25,139.76,103.82352898852017
12000,153.816,104.368,139.726,103.9406582299152
12010,153.75533333333334,104.486,139.692,104.05778747131023
12020,153.69466666666668,104.604,139.658,104.17491671270527
12030,153.63400000000001,104.72200000000001,139.624,104.2920459541003
12040,153.57333333333335,104.84,139.59,104.40917519549534
12050,153.5126666666667,104.958,139.55599999999998,104.52630443689037
12060,153.452,105.07600000000001,139.522,104.6434336782854
12070,153.39133333333334,105.194,139.488,104.76056291968044
12080,153.33066666666667,105.31200000000001,139.45399999999998,104.87769216107547
12090,153.27,105.43,139.42,104.9948214024705
12100,153.20933333333335,105.37466666666667,139.37266666666665,104.9384172783114
12110,153.14866666666668,105.31933333333333,139.32533333333333,104.8820131541523
12120,153.08800000000002,105.26400000000001,139.278,104.8256090299932
12130,153.02733333333333,105.20866666666667,139.23066666666665,104.7692049058341
12140,152.96666666666667,105.15333333333334,139.18333333333334,104.712800781675
12150,152.906,105.098,139.136,104.6563966575159
12160,152.84533333333334,105.04266666666666,139.08866666666665,104.5999925333568
12170,152.78466666666668,104.98733333333334,139.04133333333334,104.54358840919771
12180,152.72400000000002,104.932,138.994,104.48718428503861
12190,152.66333333333336,104.87666666666667,138.94666666666666,104.43078016087951
12200,152.6026666666667,104.82133333333333,138.89933333333335,104.3743760367204
12210,152.542,104.76599999999999,138.852,104.3179719125613
12220,152.48133333333334,104.71066666666667,138.80466666666666,104.2615677884022
12230,152.42066666666668,104.65533333333333,138.75733333333335,104.2051636642431
12240,152.36,104.6,138.71,104.148759540084
12250,152.3,104.77333333333333,138.68133333333333,104.33051138498536
12260,152.24,104.94666666666666,138.65266666666668,104.5122632298867
12270,152.18,105.11999999999999,138.624,104.69401507478806
12280,152.12,105.29333333333334,138.59533333333334,104.8757669196894
12290,152.06,105.46666666666667,138.56666666666666,105.05751876459075
12300,152.0,105.64,138.538,105.2392706094921
12310,151.94,105.81333333333333,138.50933333333333,105.42102245439345
12320,151.88000000000002,105.98666666666666,138.48066666666668,105.6027742992948
12330,151.82000000000002,106.16,138.452,105.78452614419615
12340,151.76000000000002,106.33333333333333,138.42333333333335,105.96627798909749
12350,151.70000000000002,106.50666666666666,138.39466666666667,106.14802983399885
12360,151.64000000000001,106.68,138.366,106.32978167890019
12370,151.58,106.85333333333334,138.33733333333333,106.51153352380155
12380,151.52,107.02666666666667,138.30866666666668,106.69328536870289
12390,151.46,107.2,138.28,106.87503721360424
12400,151.40133333333335,107.18066666666667,138.24733333333333,106.84922567869096
12410,151.34266666666667,107.16133333333333,138.21466666666666,106.82341414377768
12420,151.28400000000002,107.142,138.182,106.7976026088644
12430,151.22533333333334,107.12266666666667,138.14933333333335,106.7717910739511
12440,151.16666666666669,107.10333333333334,138.11666666666667,106.74597953903783
12450,151.108,107.084,138.084,106.72016800412455
12460,151.04933333333335,107.06466666666667,138.05133333333333,106.69435646921126
12470,150.99066666666667,107.04533333333333,138.01866666666666,106.66854493429798
12480,150.93200000000002,107.026,137.986,106.6427333993847
12490,150.87333333333333,107.00666666666666,137.95333333333332,106.61692186447141
12500,150.81466666666668,106.98733333333332,137.92066666666665,106.59111032955813
12510,150.756,106.968,137.888,106.56529879464485
12520,150.69733333333335,106.94866666666667,137.85533333333333,106.53948725973156
12530,150.63866666666667,106.92933333333333,137.82266666666666,106.51367572481828
12540,150.58,106.91,137.79,106.487864189905
12550,150.52133333333333,106.842,137.74266666666665,106.42164725104327
12560,150.46266666666668,106.774,137.69533333333334,106.35543031218153
12570,150.404,106.706,137.648,106.2892133733198
12580,150.34533333333334,106.63799999999999,137.60066666666665,106.22299643445807
12590,150.28666666666666,106.57,137.55333333333334,106.15677949559633
12600,150.228,106.502,137.506,106.0905625567346
12610,150.16933333333333,106.434,137.45866666666666,106.02434561787287
12620,150.11066666666667,106.366,137.41133333333335,105.95812867901112
12630,150.052,106.298,137.364,105.8919117401494
12640,149.99333333333334,106.23,137.31666666666666,105.82569480128767
12650,149.93466666666666,106.162,137.26933333333335,105.75947786242592
12660,149.876,106.094,137.222,105.6932609235642
12670,149.81733333333332,106.026,137.17466666666667,105.62704398470247
12680,149.75866666666667,105.958,137.12733333333335,105.56082704584072
12690,149.7,105.89,137.08,105.494610106979
12700,149.64333333333332,105.94800000000001,137.04466666666667,105.555145740035
12710,149.58666666666664,106.006,137.00933333333336,105.615681373091
12720,149.53,106.06400000000001,136.97400000000002,105.676217006147
12730,149.47333333333333,106.122,136.93866666666668,105.73675263920299
12740,149.41666666666666,106.18,136.90333333333334,105.797288272259
12750,149.35999999999999,106.238,136.86800000000002,105.857823905315
12760,149.3033333333333,106.296,136.83266666666668,105.91835953837099
12770,149.24666666666667,106.354,136.79733333333334,105.978895171427
12780,149.19,106.412,136.762,106.03943080448299
12790,149.13333333333333,106.47,136.7266666666667,106.099966437539
12800,149.07666666666665,106.528,136.69133333333335,106.160502070595
12810,149.01999999999998,106.586,136.656,106.22103770365099
12820,148.96333333333334,106.644,136.62066666666666,106.281573336707
12830,148.90666666666667,106.702,136.58533333333335,106.34210896976299
12840,148.85,106.76,136.55,106.402644602819
12850,148.79399999999998,106.62733333333334,136.50133333333335,106.2640314561688
12860,148.738,106.49466666666667,136.4526666666667,106.1254183095186
12870,148.682,106.36200000000001,136.404,105.9868051628684
12880,148.626,106.22933333333333,136.35533333333333,105.84819201621819
12890,148.57,106.09666666666666,136.30666666666667,105.70957886956799
12900,148.51399999999998,105.964,136.258,105.57096572291779
12910,148.458,105.83133333333333,136.20933333333335,105.43235257626759
12920,148.402,105.69866666666667,136.16066666666666,105.2937394296174
12930,148.346,105.566,136.112,105.1551262829672
12940,148.29,105.43333333333334,136.06333333333333,105.016513136317
12950,148.23399999999998,105.30066666666667,136.01466666666667,104.8778999896668
12960,148.178,105.16799999999999,135.966,104.7392868430166
12970,148.12199999999999,105.03533333333333,135.91733333333332,104.6006736963664
12980,148.066,104.90266666666666,135.86866666666666,104.4620605497162
12990,148.01,104.77,135.82,104.323447403066
13000,147.956,104.716,135.76933333333332,104.27153469953103
13010,147.902,104.66199999999999,135.71866666666665,104.21962199599606
13020,147.84799999999998,104.60799999999999,135.668,104.1677092924611
13030,147.79399999999998,104.554,135.61733333333333,104.11579658892613
13040,147.73999999999998,104.5,135.56666666666666,104.06388388539116
13050,147.68599999999998,104.446,135.516,104.0119711818562
13060,147.63199999999998,104.392,135.46533333333332,103.96005847832123
13070,147.578,104.338,135.41466666666668,103.90814577478626
13080,147.524,104.28399999999999,135.364,103.8562330712513
13090,147.47,104.22999999999999,135.31333333333333,103.80432036771633
13100,147.416,104.17599999999999,135.26266666666666,103.75240766418136
13110,147.362,104.122,135.212,103.7004949606464
13120,147.308,104.068,135.16133333333335,103.64858225711143
13130,147.254,104.014,135.11066666666667,103.59666955357646
13140,147.2,103.96,135.06,103.5447568500415
13150,147.14666666666665,104.002,135.01866666666666,103.59143816760573
13160,147.09333333333333,104.044,134.97733333333335,103.63811948516997
13170,147.04,104.086,134.936,103.6848008027342
13180,146.98666666666665,104.128,134.89466666666667,103.73148212029842
13190,146.93333333333334,104.17,134.85333333333332,103.77816343786266
13200,146.88,104.212,134.812,103.8248447554269
13210,146.82666666666665,104.254,134.77066666666667,103.87152607299113
13220,146.77333333333334,104.29599999999999,134.72933333333333,103.91820739055537
13230,146.72,104.338,134.688,103.9648887081196
13240,146.66666666666666,104.38,134.64666666666668,104.01157002568384
13250,146.61333333333334,104.422,134.60533333333333,104.05825134324807
13260,146.56,104.464,134.564,104.1049326608123
13270,146.50666666666666,104.506,134.52266666666665,104.15161397837653
13280,146.45333333333335,104.548,134.48133333333334,104.19829529594077
13290,146.4,104.59,134.44,104.244976613505
13300,146.348,104.74333333333334,134.41666666666666,104.4021455301524
13310,146.296,104.89666666666668,134.39333333333335,104.5593144467998
13320,146.244,105.05,134.37,104.7164833634472
13330,146.192,105.20333333333333,134.34666666666666,104.8736522800946
13340,146.14000000000001,105.35666666666667,134.32333333333332,105.030821196742
13350,146.088,105.51,134.3,105.1879901133894
13360,146.036,105.66333333333334,134.27666666666667,105.3451590300368
13370,145.984,105.81666666666666,134.25333333333333,105.5023279466842
13380,145.93200000000002,105.97,134.23,105.6594968633316
13390,145.88,106.12333333333333,134.20666666666668,105.816665779979
13400,145.828,106.27666666666667,134.18333333333334,105.9738346966264
13410,145.776,106.43,134.16,106.1310036132738
13420,145.72400000000002,106.58333333333333,134.13666666666666,106.2881725299212
13430,145.672,106.73666666666666,134.11333333333334,106.4453414465686
13440,145.62,106.89,134.09,106.602510363216
13450,145.56866666666667,106.60733333333333,134.03466666666668,106.30577277099874
13460,145.51733333333334,106.32466666666667,133.97933333333333,106.0090351787815
13470,145.466,106.042,133.924,105.71229758656425
13480,145.41466666666668,105.75933333333333,133.86866666666666,105.41555999434699
13490,145.36333333333334,105.47666666666667,133.81333333333333,105.11882240212975
13500,145.312,105.194,133.758,104.8220848099125
13510,145.26066666666668,104.91133333333333,133.70266666666666,104.52534721769524
13520,145.20933333333332,104.62866666666667,133.64733333333334,104.228609625478
13530,145.158,104.346,133.59199999999998,103.93187203326075
13540,145.10666666666665,104.06333333333333,133.53666666666666,103.63513444104349
13550,145.05533333333332,103.78066666666668,133.48133333333334,103.33839684882625
13560,145.004,103.498,133.426,103.041659256609
13570,144.95266666666666,103.21533333333333,133.37066666666666,102.74492166439174
13580,144.90133333333333,102.93266666666668,133.3153333333333,102.4481840721745
13590,144.85,102.65,133.26,102.15144647995724
13600,144.79933333333332,102.55933333333334,133.2,102.0657876006177
13610,144.74866666666665,102.46866666666668,133.14,101.98012872127815
13620,144.698,102.378,133.07999999999998,101.8944698419386
13630,144.64733333333334,102.28733333333334,133.02,101.80881096259904
13640,144.59666666666666,102.19666666666667,132.96,101.72315208325949
13650,144.546,102.10600000000001,132.9,101.63749320391995
13660,144.49533333333332,102.01533333333334,132.84,101.5518343245804
13670,144.44466666666668,101.92466666666667,132.78,101.46617544524085
13680,144.394,101.834,132.72,101.3805165659013
13690,144.34333333333333,101.74333333333334,132.66,101.29485768656176
13700,144.29266666666666,101.65266666666668,132.6,101.20919880722221
13710,144.242,101.56200000000001,132.54000000000002,101.12353992788265
13720,144.19133333333335,101.47133333333333,132.48000000000002,101.0378810485431
13730,144.14066666666668,101.38066666666667,132.42000000000002,100.95222216920355
13740,144.09,101.29,132.36,100.866563289864
13750,144.04,101.30666666666667,132.31533333333334,100.88517928866513
13760,143.99,101.32333333333334,132.27066666666667,100.90379528746624
13770,143.94,101.34,132.226,100.92241128626736
13780,143.89000000000001,101.35666666666667,132.18133333333336,100.94102728506847
13790,143.84,101.37333333333333,132.13666666666668,100.9596432838696
13800,143.79,101.39,132.092,100.9782592826707
13810,143.74,101.40666666666667,132.04733333333334,100.99687528147183
13820,143.69,101.42333333333335,132.00266666666667,101.01549128027294
13830,143.64000000000001,101.44000000000001,131.958,101.03410727907406
13840,143.59,101.45666666666668,131.91333333333333,101.05272327787517
13850,143.54,101.47333333333334,131.86866666666666,101.0713392766763
13860,143.49,101.49000000000001,131.824,101.08995527547741
13870,143.44,101.50666666666667,131.77933333333334,101.10857127427853
13880,143.39000000000001,101.52333333333334,131.73466666666667,101.12718727307964
13890,143.34,101.54,131.69,101.14580327188077
13900,143.29066666666668,101.55466666666668,131.65,101.16189031408551
13910,143.24133333333333,101.56933333333333,131.60999999999999,101.17797735629027
13920,143.192,101.584,131.57,101.19406439849502
13930,143.14266666666666,101.59866666666667,131.53,101.21015144069976
13940,143.09333333333333,101.61333333333334,131.49,101.2262384829045
13950,143.044,101.628,131.45,101.24232552510927
13960,142.99466666666666,101.64266666666667,131.41,101.25841256731401
13970,142.94533333333334,101.65733333333334,131.37,101.27449960951876
13980,142.896,101.67200000000001,131.33,101.2905866517235
13990,142.84666666666666,101.68666666666667,131.29,101.30667369392826
14000,142.79733333333334,101.70133333333334,131.25,101.322760736133
14010,142.748,101.71600000000001,131.21,101.33884777833775
14020,142.69866666666667,101.73066666666668,131.17000000000002,101.3549348205425
14030,142.64933333333332,101.74533333333333,131.13,101.37102186274726
14040,142.6,101.76,131.09,101.387108904952
14050,142.55133333333333,101.84333333333333,131.05866666666668,101.4741285806339
14060,142.50266666666667,101.92666666666668,131.02733333333333,101.5611482563158
14070,142.454,102.01,130.996,101.64816793199769
14080,142.40533333333332,102.09333333333333,130.96466666666666,101.73518760767959
14090,142.35666666666665,102.17666666666668,130.93333333333334,101.8222072833615
14100,142.308,102.26,130.90200000000002,101.9092269590434
14110,142.25933333333333,102.34333333333333,130.87066666666666,101.9962466347253
14120,142.21066666666667,102.42666666666668,130.83933333333334,102.08326631040718
14130,142.162,102.51,130.808,102.17028598608908
14140,142.11333333333334,102.59333333333333,130.77666666666667,102.25730566177099
14150,142.06466666666668,102.67666666666668,130.74533333333335,102.34432533745289
14160,142.016,102.76,130.714,102.43134501313479
14170,141.96733333333333,102.84333333333333,130.68266666666668,102.51836468881667
14180,141.91866666666667,102.92666666666668,130.65133333333333,102.60538436449858
14190,141.87,103.01,130.62,102.69240404018048
14200,141.82133333333334,103.152,130.59866666666667,102.83886178287854
14210,141.77266666666668,103.29400000000001,130.57733333333334,102.98531952557661
14220,141.724,103.436,130.556,103.13177726827467
14230,141.67533333333333,103.578,130.53466666666668,103.27823501097275
14240,141.62666666666667,103.72,130.51333333333335,103.42469275367081
14250,141.578,103.86200000000001,130.49200000000002,103.57115049636889
14260,141.52933333333334,104.004,130.4706666666667,103.71760823906695
14270,141.48066666666665,104.146,130.44933333333333,103.86406598176502
14280,141.432,104.288,130.428,104.01052372446308
14290,141.38333333333333,104.43,130.40666666666667,104.15698146716116
14300,141.33466666666666,104.572,130.38533333333334,104.30343920985922
14310,141.286,104.714,130.364,104.4498969525573
14320,141.2373333333333,104.856,130.34266666666667,104.59635469525536
14330,141.18866666666665,104.998,130.32133333333334,104.74281243795343
14340,141.14,105.14,130.3,104.8892701806515
14350,141.09133333333332,105.25466666666667,130.28733333333335,105.00298598462405
14360,141.04266666666666,105.36933333333333,130.2746666666667,105.1167017885966
14370,140.994,105.484,130.262,105.23041759256915
14380,140.9453333333333,105.59866666666667,130.24933333333334,105.3441333965417
14390,140.89666666666665,105.71333333333334,130.23666666666668,105.45784920051425
14400,140.84799999999998,105.828,130.22400000000002,105.5715650044868
14410,140.79933333333332,105.94266666666667,130.21133333333336,105.68528080845935
14420,140.75066666666666,106.05733333333333,130.19866666666667,105.7989966124319
14430,140.702,106.172,130.186,105.91271241640446
14440,140.65333333333334,106.28666666666666,130.17333333333335,106.02642822037701
14450,140.60466666666667,106.40133333333333,130.16066666666669,106.14014402434957
14460,140.55599999999998,106.516,130.14800000000002,106.2538598283221
14470,140.50733333333332,106.63066666666667,130.13533333333334,106.36757563229466
14480,140.45866666666666,106.74533333333333,130.12266666666667,106.48129143626721
14490,140.41,106.86,130.11,106.59500724023977
14500,140.362,106.85,130.086,106.58380109974512
14510,140.314,106.84,130.062,106.57259495925047
14520,140.266,106.83,130.038,106.56138881875582
14530,140.218,106.82,130.014,106.55018267826117
14540,140.17,106.81,129.99,106.53897653776652
14550,140.12199999999999,106.8,129.966,106.52777039727187
14560,140.07399999999998,106.78999999999999,129.942,106.51656425677722
14570,140.026,106.78,129.918,106.50535811628255
14580,139.978,106.77,129.894,106.4941519757879
14590,139.93,106.75999999999999,129.87,106.48294583529325
14600,139.882,106.75,129.846,106.4717396947986
14610,139.834,106.74,129.822,106.46053355430395
14620,139.786,106.72999999999999,129.798,106.4493274138093
14630,139.738,106.72,129.774,106.43812127331465
14640,139.69,106.71,129.75,106.42691513282
14650,139.64333333333335,106.42399999999999,129.69733333333335,106.12975784784695
14660,139.59666666666666,106.13799999999999,129.64466666666667,105.83260056287389
14670,139.55,105.85199999999999,129.592,105.53544327790085
14680,139.50333333333333,105.566,129.53933333333333,105.2382859929278
14690,139.45666666666668,105.28,129.48666666666668,104.94112870795475
14700,139.41,104.994,129.434,104.64397142298169
14710,139.36333333333334,104.708,129.38133333333334,104.34681413800864
14720,139.31666666666666,104.422,129.32866666666666,104.0496568530356
14730,139.27,104.136,129.276,103.75249956806255
14740,139.22333333333333,103.85,129.22333333333333,103.4553422830895
14750,139.17666666666668,103.564,129.17066666666668,103.15818499811644
14760,139.13,103.278,129.118,102.86102771314339
14770,139.08333333333334,102.992,129.06533333333334,102.56387042817035
14780,139.03666666666666,102.706,129.01266666666666,102.2667131431973
14790,138.99,102.42,128.96,101.96955585822424
14800,138.94466666666668,102.402,128.91066666666669,101.96084652095156
14810,138.89933333333335,102.384,128.86133333333333,101.95213718367887
14820,138.854,102.366,128.812,101.9434278464062
14830,138.80866666666668,102.348,128.76266666666666,101.9347185091335
14840,138.76333333333335,102.33,128.71333333333334,101.92600917186083
14850,138.71800000000002,102.312,128.66400000000002,101.91729983458815
14860,138.6726666666667,102.294,128.61466666666666,101.90859049731546
14870,138.62733333333333,102.27600000000001,128.56533333333334,101.89988116004278
14880,138.582,102.25800000000001,128.516,101.89117182277009
14890,138.53666666666666,102.24000000000001,128.46666666666667,101.88246248549741
14900,138.49133333333333,102.22200000000001,128.41733333333335,101.87375314822474
14910,138.446,102.20400000000001,128.368,101.86504381095205
14920,138.40066666666667,102.186,128.31866666666667,101.85633447367937
14930,138.35533333333333,102.168,128.26933333333332,101.84762513640668
14940,138.31,102.15,128.22,101.838915799134
14950,138.266,102.25533333333334,128.19466666666668,101.94627463150495
14960,138.222,102.36066666666667,128.16933333333333,102.0536334638759
14970,138.178,102.46600000000001,128.144,102.16099229624685
14980,138.13400000000001,102.57133333333334,128.11866666666666,102.2683511286178
14990,138.09,102.67666666666668,128.09333333333333,102.37570996098874
15000,138.046,102.78200000000001,128.068,102.48306879335969
15010,138.002,102.88733333333334,128.04266666666666,102.59042762573064
15020,137.958,102.99266666666666,128.01733333333334,102.6977864581016
15030,137.91400000000002,103.098,127.992,102.80514529047255
15040,137.87,103.20333333333333,127.96666666666667,102.9125041228435
15050,137.826,103.30866666666667,127.94133333333333,103.01986295521445
15060,137.782,103.414,127.916,103.1272217875854
15070,137.738,103.51933333333334,127.89066666666668,103.23458061995635
15080,137.69400000000002,103.62466666666667,127.86533333333334,103.3419394523273
15090,137.65,103.73,127.84,103.44929828469824
15100,137.60666666666668,103.78,127.81533333333334,103.5003455086561
15110,137.56333333333333,103.83,127.79066666666667,103.55139273261395
15120,137.52,103.88000000000001,127.766,103.6024399565718
15130,137.47666666666666,103.93,127.74133333333333,103.65348718052964
15140,137.43333333333334,103.98,127.71666666666667,103.70453440448749
15150,137.39000000000001,104.03,127.69200000000001,103.75558162844534
15160,137.34666666666666,104.08,127.66733333333333,103.8066288524032
15170,137.30333333333334,104.13000000000001,127.64266666666667,103.85767607636105
15180,137.26,104.18,127.618,103.9087233003189
15190,137.21666666666667,104.23,127.59333333333333,103.95977052427675
15200,137.17333333333335,104.28,127.56866666666667,104.0108177482346
15210,137.13,104.33,127.544,104.06186497219244
15220,137.08666666666667,104.38000000000001,127.51933333333334,104.11291219615029
15230,137.04333333333332,104.43,127.49466666666666,104.16395942010814
15240,137.0,104.48,127.47,104.215006644066
15250,136.958,104.43866666666668,127.43933333333334,104.17097609903499
15260,136.916,104.39733333333334,127.40866666666666,104.126945554004
15270,136.874,104.35600000000001,127.378,104.08291500897299
15280,136.832,104.31466666666667,127.34733333333334,104.038884463942
15290,136.79,104.27333333333334,127.31666666666666,103.99485391891099
15300,136.748,104.232,127.286,103.95082337388
15310,136.706,104.19066666666667,127.25533333333334,103.90679282884899
15320,136.66400000000002,104.14933333333333,127.22466666666666,103.862762283818
15330,136.622,104.108,127.194,103.818731738787
15340,136.58,104.06666666666666,127.16333333333334,103.774701193756
15350,136.538,104.02533333333334,127.13266666666667,103.730670648725
15360,136.496,103.984,127.102,103.686640103694
15370,136.454,103.94266666666667,127.07133333333334,103.642609558663
15380,136.412,103.90133333333333,127.04066666666667,103.598579013632
15390,136.37,103.86,127.01,103.554548468601
15400,136.328,103.90533333333333,126.98266666666667,103.6038877330688
15410,136.286,103.95066666666666,126.95533333333334,103.65322699753659
15420,136.244,103.996,126.928,103.7025662620044
15430,136.202,104.04133333333334,126.90066666666667,103.7519055264722
15440,136.16,104.08666666666667,126.87333333333333,103.80124479094
15450,136.118,104.132,126.846,103.8505840554078
15460,136.076,104.17733333333334,126.81866666666667,103.8999233198756
15470,136.03400000000002,104.22266666666667,126.79133333333333,103.9492625843434
15480,135.99200000000002,104.268,126.764,103.9986018488112
15490,135.95000000000002,104.31333333333333,126.73666666666666,104.047941113279
15500,135.90800000000002,104.35866666666666,126.70933333333333,104.0972803777468
15510,135.866,104.40400000000001,126.682,104.1466196422146
15520,135.824,104.44933333333334,126.65466666666666,104.1959589066824
15530,135.782,104.49466666666667,126.62733333333333,104.2452981711502
15540,135.74,104.54,126.6,104.294637435618
15550,135.69933333333333,104.57266666666668,126.57866666666666,104.32447675066136
15560,135.65866666666668,104.60533333333333,126.55733333333333,104.35431606570474
15570,135.618,104.638,126.536,104.3841553807481
15580,135.57733333333334,104.67066666666668,126.51466666666666,104.41399469579147
15590,135.53666666666666,104.70333333333333,126.49333333333333,104.44383401083483
15600,135.496,104.736,126.472,104.4736733258782
15610,135.45533333333333,104.76866666666668,126.45066666666666,104.50351264092157
15620,135.41466666666668,104.80133333333333,126.42933333333333,104.53335195596493
15630,135.374,104.834,126.408,104.56319127100831
15640,135.33333333333334,104.86666666666667,126.38666666666667,104.59303058605167
15650,135.29266666666666,104.89933333333333,126.36533333333334,104.62286990109503
15660,135.252,104.932,126.344,104.6527092161384
15670,135.21133333333333,104.96466666666667,126.32266666666666,104.68254853118177
15680,135.17066666666668,104.99733333333333,126.30133333333333,104.71238784622514
15690,135.13,105.03,126.28,104.7422271612685
15700,135.08933333333334,104.93,126.24466666666667,104.6396967679642
15710,135.04866666666666,104.83,126.20933333333333,104.5371663746599
15720,135.008,104.73,126.174,104.4346359813556
15730,134.96733333333333,104.63,126.13866666666667,104.3321055880513
15740,134.92666666666668,104.53,126.10333333333334,104.229575194747
15750,134.886,104.43,126.068,104.1270448014427
15760,134.84533333333334,104.33,126.03266666666667,104.0245144081384
15770,134.80466666666666,104.23,125.99733333333333,103.9219840148341
15780,134.764,104.13,125.962,103.8194536215298
15790,134.72333333333333,104.03,125.92666666666666,103.7169232282255
15800,134.68266666666668,103.93,125.89133333333334,103.61439283492119
15810,134.642,103.83,125.856,103.5118624416169
15820,134.60133333333334,103.73,125.82066666666667,103.40933204831259
15830,134.56066666666666,103.63,125.78533333333333,103.3068016550083
15840,134.52,103.53,125.75,103.204271261704
