Time (s),T_outer (C),T_inner (C),T_avg (C),Input Temperature (C)
0,206.877960851201,206.877960851201,206.877960851201,206.877960851201
10,206.877960851201,206.877960851201,206.877960851201,206.877960851201
20,206.877960851201,206.877960851201,206.877960851201,206.877960851201
30,206.877960851201,206.877960851201,206.877960851201,206.877960851201
40,206.877960851201,206.877960851201,206.877960851201,206.877960851201
50,206.877960851201,206.877960851201,206.877960851201,206.877960851201
60,206.877960851201,206.877960851201,206.877960851201,206.877960851201
70,206.877960851201,206.877960851201,206.877960851201,206.877960851201
80,206.877960851201,206.877960851201,206.877960851201,206.877960851201
90,206.877960851201,206.877960851201,206.877960851201,206.877960851201
100,206.877960851201,206.877960851201,206.877960851201,206.877960851201
110,206.877960851201,206.877960851201,206.877960851201,206.877960851201
120,206.877960851201,206.877960851201,206.877960851201,206.877960851201
130,206.877960851201,206.877960851201,206.877960851201,206.877960851201
140,206.877960851201,206.877960851201,206.877960851201,206.877960851201
150,206.877960851201,206.877960851201,206.877960851201,206.877960851201
160,206.877960851201,206.877960851201,206.877960851201,206.877960851201
170,206.877960851201,206.877960851201,206.877960851201,206.877960851201
180,206.877960851201,206.877960851201,206.877960851201,206.877960851201
190,206.877960851201,206.877960851201,206.877960851201,206.877960851201
200,206.877960851201,206.877960851201,206.877960851201,206.877960851201
210,206.877960851201,206.877960851201,206.877960851201,206.877960851201
220,206.877960851201,206.877960851201,206.877960851201,206.877960851201
230,206.877960851201,206.877960851201,206.877960851201,206.877960851201
240,206.877960851201,206.877960851201,206.877960851201,206.877960851201
250,206.877960851201,206.877960851201,206.877960851201,206.877960851201
260,206.877960851201,206.877960851201,206.877960851201,206.877960851201
270,206.877960851201,206.877960851201,206.877960851201,206.877960851201
280,206.877960851201,206.877960851201,206.877960851201,206.877960851201
290,206.877960851201,206.877960851201,206.877960851201,206.877960851201
300,206.877960851201,206.877960851201,206.877960851201,206.877960851201
310,206.877960851201,206.877960851201,206.877960851201,206.877960851201
320,206.877960851201,206.877960851201,206.877960851201,206.877960851201
330,206.877960851201,206.877960851201,206.877960851201,206.877960851201
340,206.877960851201,206.877960851201,206.877960851201,206.877960851201
350,206.877960851201,206.877960851201,206.877960851201,206.877960851201
360,206.877960851201,206.877960851201,206.877960851201,206.877960851201
370,206.877960851201,206.877960851201,206.877960851201,206.877960851201
380,206.877960851201,206.877960851201,206.877960851201,206.877960851201
390,206.877960851201,206.877960851201,206.877960851201,206.877960851201
400,206.877960851201,206.877960851201,206.877960851201,206.877960851201
410,206.877960851201,206.877960851201,206.877960851201,206.877960851201
420,206.877960851201,206.877960851201,206.877960851201,206.877960851201
430,206.877960851201,206.877960851201,206.877960851201,206.877960851201
440,206.877960851201,206.877960851201,206.877960851201,206.877960851201
450,206.877960851201,206.877960851201,206.877960851201,206.877960851201
460,206.877960851201,206.877960851201,206.877960851201,206.877960851201
470,206.877960851201,206.877960851201,206.877960851201,206.877960851201
480,206.877960851201,206.877960851201,206.877960851201,206.877960851201
490,206.877960851201,206.877960851201,206.877960851201,206.877960851201
500,206.877960851201,206.877960851201,206.877960851201,206.877960851201
510,206.877960851201,206.877960851201,206.877960851201,206.877960851201
520,206.877960851201,206.877960851201,206.877960851201,206.877960851201
530,206.877960851201,206.877960851201,206.877960851201,206.877960851201
540,206.877960851201,206.877960851201,206.877960851201,206.877960851201
550,206.877960851201,206.877960851201,206.877960851201,206.877960851201
560,206.877960851201,206.877960851201,206.877960851201,206.877960851201
570,206.877960851201,206.877960851201,206.877960851201,206.877960851201
580,206.877960851201,206.877960851201,206.877960851201,206.877960851201
590,206.877960851201,206.877960851201,206.877960851201,206.877960851201
600,206.877960851201,206.877960851201,206.877960851201,206.877960851201
610,206.877960851201,206.877960851201,206.877960851201,206.877960851201
620,206.877960851201,206.877960851201,206.877960851201,206.877960851201
630,206.877960851201,206.877960851201,206.877960851201,206.877960851201
640,206.877960851201,206.877960851201,206.877960851201,206.877960851201
650,206.877960851201,206.877960851201,206.877960851201,206.877960851201
660,206.877960851201,206.877960851201,206.877960851201,206.877960851201
670,206.877960851201,206.877960851201,206.877960851201,206.877960851201
680,206.877960851201,206.877960851201,206.877960851201,206.877960851201
690,206.877960851201,206.877960851201,206.877960851201,206.877960851201
700,206.877960851201,206.877960851201,206.877960851201,206.877960851201
710,206.877960851201,206.877960851201,206.877960851201,206.877960851201
720,206.877960851201,206.877960851201,206.877960851201,206.877960851201
730,206.877960851201,206.877960851201,206.877960851201,206.877960851201
740,206.877960851201,206.877960851201,206.877960851201,206.877960851201
750,206.877960851201,206.877960851201,206.877960851201,206.877960851201
760,206.877960851201,206.877960851201,206.877960851201,206.877960851201
770,206.877960851201,206.877960851201,206.877960851201,206.877960851201
780,206.877960851201,206.877960851201,206.877960851201,206.877960851201
790,206.877960851201,206.877960851201,206.877960851201,206.877960851201
800,206.877960851201,206.877960851201,206.877960851201,206.877960851201
810,206.877960851201,206.877960851201,206.877960851201,206.877960851201
820,206.877960851201,206.877960851201,206.877960851201,206.877960851201
830,206.877960851201,206.877960851201,206.877960851201,206.877960851201
840,206.877960851201,206.877960851201,206.877960851201,206.877960851201
850,206.877960851201,206.877960851201,206.877960851201,206.877960851201
860,206.877960851201,206.877960851201,206.877960851201,206.877960851201
870,206.877960851201,206.877960851201,206.877960851201,206.877960851201
880,206.877960851201,206.877960851201,206.877960851201,206.877960851201
890,206.877960851201,206.877960851201,206.877960851201,206.877960851201
900,206.877960851201,206.877960851201,206.877960851201,206.877960851201
910,206.877960851201,206.877960851201,206.877960851201,206.877960851201
920,206.877960851201,206.877960851201,206.877960851201,206.877960851201
930,206.877960851201,206.877960851201,206.877960851201,206.877960851201
940,206.877960851201,206.877960851201,206.877960851201,206.877960851201
950,206.877960851201,206.877960851201,206.877960851201,206.877960851201
960,206.877960851201,206.877960851201,206.877960851201,206.877960851201
970,206.877960851201,206.877960851201,206.877960851201,206.877960851201
980,206.877960851201,206.877960851201,206.877960851201,206.877960851201
990,206.877960851201,206.877960851201,206.877960851201,206.877960851201
1000,206.877960851201,206.877960851201,206.877960851201,206.877960851201
1010,206.877960851201,206.877960851201,206.877960851201,206.877960851201
1020,206.877960851201,206.877960851201,206.877960851201,206.877960851201
1030,206.877960851201,206.877960851201,206.877960851201,206.877960851201
1040,206.877960851201,206.877960851201,206.877960851201,206.877960851201
1050,206.877960851201,206.877960851201,206.877960851201,206.877960851201
1060,206.877960851201,206.877960851201,206.877960851201,206.877960851201
1070,206.877960851201,206.877960851201,206.877960851201,206.877960851201
1080,206.877960851201,206.877960851201,206.877960851201,206.877960851201
1090,206.877960851201,206.877960851201,206.877960851201,206.877960851201
1100,206.877960851201,206.877960851201,206.877960851201,206.877960851201
1110,206.877960851201,206.877960851201,206.877960851201,206.877960851201
1120,206.877960851201,206.877960851201,206.877960851201,206.877960851201
1130,206.877960851201,206.877960851201,206.877960851201,206.877960851201
1140,206.877960851201,206.877960851201,206.877960851201,206.877960851201
1150,206.877960851201,206.877960851201,206.877960851201,206.877960851201
1160,206.877960851201,206.877960851201,206.877960851201,206.877960851201
1170,206.877960851201,206.877960851201,206.877960851201,206.877960851201
1180,206.877960851201,206.877960851201,206.877960851201,206.877960851201
1190,206.877960851201,206.877960851201,206.877960851201,206.877960851201
1200,206.877960851201,206.877960851201,206.877960851201,206.877960851201
1210,206.877960851201,206.877960851201,206.877960851201,206.877960851201
1220,206.877960851201,206.877960851201,206.877960851201,206.877960851201
1230,206.877960851201,206.877960851201,206.877960851201,206.877960851201
1240,206.877960851201,206.877960851201,206.877960851201,206.877960851201
1250,206.877960851201,206.877960851201,206.877960851201,206.877960851201
1260,206.877960851201,206.877960851201,206.877960851201,206.877960851201
1270,206.877960851201,206.877960851201,206.877960851201,206.877960851201
1280,206.877960851201,206.877960851201,206.877960851201,206.877960851201
1290,206.877960851201,206.877960851201,206.877960851201,206.877960851201
1300,206.877960851201,206.877960851201,206.877960851201,206.877960851201
1310,206.877960851201,206.877960851201,206.877960851201,206.877960851201
1320,206.877960851201,206.877960851201,206.877960851201,206.877960851201
1330,206.877960851201,206.877960851201,206.877960851201,206.877960851201
1340,206.877960851201,206.877960851201,206.877960851201,206.877960851201
1350,206.877960851201,206.877960851201,206.877960851201,206.877960851201
1360,206.877960851201,206.877960851201,206.877960851201,206.877960851201
1370,206.877960851201,206.877960851201,206.877960851201,206.877960851201
1380,206.877960851201,206.877960851201,206.877960851201,206.877960851201
1390,206.877960851201,206.877960851201,206.877960851201,206.877960851201
1400,206.877960851201,206.877960851201,206.877960851201,206.877960851201
1410,206.877960851201,206.877960851201,206.877960851201,206.877960851201
1420,206.877960851201,206.877960851201,206.877960851201,206.877960851201
1430,206.877960851201,206.877960851201,206.877960851201,206.877960851201
1440,206.877960851201,206.877960851201,206.877960851201,206.877960851201
1440,206.877960851201,206.877960851201,206.877960851201,206.877960851201
1450,206.87809679445428,207.9214301277876,206.97009679445426,207.9636769138419
1460,206.87823273770755,208.96489940437422,207.06223273770755,209.0493929764828
1470,206.87836868096082,210.0083686809608,207.1543686809608,210.1351090391237
1480,206.87850462421406,211.0518379575474,207.24650462421408,211.2208251017646
1490,206.87864056746733,212.095307234134,207.33864056746734,212.3065411644055
1500,206.8787765107206,213.13877651072062,207.4307765107206,213.3922572270464
1510,206.87891245397387,214.1822457873072,207.52291245397387,214.4779732896873
1520,206.87904839722714,215.2257150638938,207.61504839722713,215.5636893523282
1530,206.8791843404804,216.2691843404804,207.7071843404804,216.64940541496912
1540,206.87932028373368,217.312653617067,207.79932028373366,217.73512147761002
1550,206.87945622698695,218.3561228936536,207.89145622698692,218.82083754025092
1560,206.8795921702402,219.3995921702402,207.9835921702402,219.90655360289182
1570,206.87972811349346,220.4430614468268,208.07572811349345,220.99226966553272
1580,206.87986405674673,221.4865307234134,208.16786405674674,222.07798572817362
1590,206.88,222.53,208.26,223.1637017908145
1600,206.88,223.82266666666666,208.43066666666667,224.48464443299457
1610,206.88,225.11533333333333,208.60133333333332,225.80558707517466
1620,206.88,226.408,208.772,227.1265297173547
1630,206.88,227.70066666666668,208.94266666666667,228.44747235953477
1640,206.88,228.99333333333334,209.11333333333332,229.76841500171483
1650,206.88,230.286,209.284,231.0893576438949
1660,206.88,231.57866666666666,209.45466666666667,232.41030028607497
1670,206.88,232.87133333333333,209.62533333333332,233.73124292825503
1680,206.88,234.164,209.796,235.05218557043509
1690,206.88,235.45666666666665,209.96666666666667,236.37312821261517
1700,206.88,236.7493333333333,210.13733333333332,237.69407085479523
1710,206.88,238.042,210.308,239.01501349697529
1720,206.88,239.33466666666666,210.47866666666667,240.33595613915537
1730,206.88,240.62733333333333,210.64933333333332,241.65689878133543
1740,206.88,241.92,210.82,242.97784142351549
1750,206.88,243.22733333333332,211.046,244.29660661164485
1760,206.88,244.53466666666665,211.272,245.61537179977424
1770,206.88,245.84199999999998,211.498,246.9341369879036
1780,206.88,247.14933333333332,211.724,248.25290217603296
1790,206.88,248.45666666666665,211.95,249.57166736416232
1800,206.88,249.76399999999998,212.176,250.8904325522917
1810,206.88,251.0713333333333,212.402,252.20919774042108
1820,206.88,252.37866666666665,212.62800000000001,253.52796292855044
1830,206.88,253.68599999999998,212.854,254.8467281166798
1840,206.88,254.9933333333333,213.08,256.16549330480916
1850,206.88,256.30066666666664,213.306,257.4842584929385
1860,206.88,257.60799999999995,213.532,258.80302368106794
1870,206.88,258.9153333333333,213.758,260.1217888691973
1880,206.88,260.22266666666667,213.984,261.44055405732666
1890,206.88,261.53,214.21,262.759319245456
1900,206.882,262.59866666666665,214.44533333333334,263.8385029459448
1910,206.884,263.6673333333333,214.68066666666667,264.91768664643365
1920,206.886,264.736,214.916,265.99687034692244
1930,206.888,265.80466666666666,215.15133333333335,267.0760540474112
1940,206.89,266.87333333333333,215.38666666666668,268.1552377479
1950,206.892,267.942,215.622,269.23442144838884
1960,206.894,269.0106666666667,215.85733333333334,270.3136051488776
1970,206.896,270.0793333333333,216.09266666666667,271.3927888493664
1980,206.898,271.14799999999997,216.328,272.4719725498552
1990,206.9,272.21666666666664,216.56333333333333,273.55115625034404
2000,206.902,273.2853333333333,216.79866666666666,274.6303399508328
2010,206.904,274.354,217.03400000000002,275.7095236513216
2020,206.906,275.42266666666666,217.26933333333335,276.7887073518104
2030,206.908,276.49133333333333,217.50466666666668,277.8678910522992
2040,206.91,277.56,217.74,278.947074752788
2050,206.916,278.934,218.01866666666666,280.3414289486326
2060,206.922,280.308,218.29733333333334,281.73578314447724
2070,206.928,281.682,218.576,283.1301373403218
2080,206.934,283.056,218.85466666666667,284.5244915361664
2090,206.94,284.43,219.13333333333333,285.918845732011
2100,206.946,285.80400000000003,219.412,287.31319992785563
2110,206.952,287.178,219.69066666666666,288.7075541237002
2120,206.958,288.552,219.96933333333334,290.1019083195448
2130,206.964,289.926,220.248,291.4962625153894
2140,206.97,291.3,220.52666666666667,292.89061671123403
2150,206.976,292.67400000000004,220.80533333333332,294.2849709070786
2160,206.982,294.048,221.084,295.6793251029232
2170,206.988,295.422,221.36266666666666,297.07367929876784
2180,206.994,296.796,221.64133333333334,298.4680334946124
2190,207.0,298.17,221.92,299.862387690457
2200,207.01266666666666,299.46333333333337,222.22266666666667,301.1673829435273
2210,207.02533333333332,300.75666666666666,222.52533333333332,302.4723781965976
2220,207.038,302.05,222.828,303.7773734496679
2230,207.05066666666667,303.34333333333336,223.13066666666666,305.0823687027382
2240,207.06333333333333,304.63666666666666,223.43333333333334,306.3873639558085
2250,207.076,305.93,223.736,307.69235920887877
2260,207.08866666666665,307.22333333333336,224.03866666666667,308.9973544619491
2270,207.10133333333334,308.51666666666665,224.34133333333332,310.3023497150194
2280,207.114,309.81,224.644,311.6073449680897
2290,207.12666666666667,311.10333333333335,224.94666666666666,312.91234022116
2300,207.13933333333333,312.39666666666665,225.24933333333334,314.21733547423025
2310,207.152,313.69,225.552,315.5223307273006
2320,207.16466666666668,314.98333333333335,225.85466666666667,316.82732598037086
2330,207.17733333333334,316.27666666666664,226.15733333333333,318.1323212334412
2340,207.19,317.57,226.46,319.43731648651146
2350,207.21333333333334,318.77466666666663,226.78,320.6505700048084
2360,207.23666666666665,319.97933333333333,227.1,321.8638235231054
2370,207.26,321.18399999999997,227.42000000000002,323.07707704140233
2380,207.28333333333333,322.38866666666667,227.74,324.29033055969927
2390,207.30666666666667,323.5933333333333,228.06,325.5035840779962
2400,207.32999999999998,324.798,228.38,326.7168375962932
2410,207.35333333333332,326.00266666666664,228.7,327.93009111459014
2420,207.37666666666667,327.20733333333334,229.02,329.1433446328871
2430,207.4,328.412,229.34,330.356598151184
2440,207.42333333333332,329.6166666666667,229.66,331.569851669481
2450,207.44666666666666,330.8213333333333,229.98,332.78310518777795
2460,207.47,332.026,230.29999999999998,333.9963587060749
2470,207.49333333333334,333.23066666666665,230.62,335.2096122243718
2480,207.51666666666665,334.43533333333335,230.94,336.4228657426688
2490,207.54,335.64,231.26,337.63611926096576
2500,207.57466666666667,336.75266666666664,231.57866666666666,338.75524825249033
2510,207.60933333333332,337.8653333333333,231.89733333333334,339.87437724401485
2520,207.644,338.978,232.21599999999998,340.9935062355394
2530,207.67866666666666,340.09066666666666,232.53466666666665,342.11263522706395
2540,207.71333333333334,341.2033333333333,232.85333333333332,343.2317642185885
2550,207.748,342.316,233.172,344.35089321011304
2560,207.78266666666667,343.42866666666663,233.49066666666667,345.4700222016376
2570,207.81733333333332,344.54133333333334,233.8093333333333,346.58915119316214
2580,207.852,345.654,234.128,347.7082801846867
2590,207.88666666666666,346.76666666666665,234.44666666666666,348.82740917621123
2600,207.92133333333334,347.8793333333333,234.76533333333333,349.9465381677358
2610,207.956,348.99199999999996,235.084,351.06566715926033
2620,207.99066666666667,350.1046666666667,235.40266666666665,352.1847961507849
2630,208.02533333333332,351.21733333333333,235.72133333333332,353.3039251423094
2640,208.06,352.33,236.04,354.423054133834
2650,208.10866666666666,353.36199999999997,236.36533333333333,355.46169023891895
2660,208.15733333333333,354.394,236.69066666666666,356.5003263440039
2670,208.206,355.426,237.016,357.53896244908884
2680,208.25466666666668,356.45799999999997,237.34133333333332,358.5775985541738
2690,208.30333333333334,357.49,237.66666666666666,359.61623465925874
2700,208.352,358.522,237.992,360.6548707643437
2710,208.40066666666667,359.554,238.31733333333332,361.69350686942863
2720,208.44933333333333,360.586,238.64266666666666,362.73214297451364
2730,208.498,361.618,238.968,363.7707790795986
2740,208.54666666666665,362.65,239.29333333333332,364.80941518468353
2750,208.59533333333331,363.682,239.61866666666666,365.8480512897685
2760,208.644,364.714,239.944,366.8866873948534
2770,208.69266666666667,365.746,240.26933333333332,367.9253234999384
2780,208.74133333333333,366.778,240.59466666666665,368.9639596050233
2790,208.79,367.81,240.92,370.00259571010827
2800,208.85333333333332,369.078,241.26866666666666,371.2859011640235
2810,208.91666666666666,370.346,241.61733333333333,372.5692066179388
2820,208.98,371.614,241.96599999999998,373.852512071854
2830,209.04333333333332,372.882,242.31466666666665,375.13581752576926
2840,209.10666666666665,374.15,242.66333333333333,376.4191229796845
2850,209.17,375.418,243.012,377.7024284335998
2860,209.23333333333332,376.686,243.36066666666667,378.98573388751504
2870,209.29666666666668,377.954,243.70933333333332,380.26903934143024
2880,209.36,379.222,244.058,381.5523447953455
2890,209.42333333333335,380.49,244.40666666666667,382.83565024926077
2900,209.48666666666668,381.758,244.75533333333334,384.118955703176
2910,209.55,383.026,245.104,385.4022611570913
2920,209.61333333333334,384.294,245.45266666666666,386.6855666110065
2930,209.67666666666668,385.562,245.80133333333333,387.96887206492175
2940,209.74,386.83,246.15,389.252177518837
2950,209.818,387.7993333333333,246.50666666666666,390.2048462071605
2960,209.89600000000002,388.76866666666666,246.86333333333334,391.15751489548387
2970,209.97400000000002,389.738,247.22,392.1101835838073
2980,210.052,390.70733333333334,247.57666666666668,393.0628522721307
2990,210.13,391.6766666666667,247.93333333333334,394.0155209604542
3000,210.208,392.646,248.29,394.96818964877764
3010,210.286,393.61533333333335,248.64666666666668,395.92085833710104
3020,210.364,394.58466666666664,249.00333333333333,396.8735270254245
3030,210.442,395.554,249.36,397.8261957137479
3040,210.52,396.5233333333333,249.71666666666667,398.77886440207135
3050,210.598,397.49266666666665,250.07333333333332,399.7315330903948
3060,210.676,398.462,250.43,400.6842017787182
3070,210.754,399.4313333333333,250.78666666666666,401.63687046704166
3080,210.832,400.40066666666667,251.14333333333335,402.58953915536506
3090,210.91,401.37,251.5,403.5422078436885
3100,211.00466666666665,401.4306666666667,251.76733333333334,403.588933651998
3110,211.09933333333333,401.49133333333333,252.03466666666665,403.6356594603075
3120,211.194,401.552,252.302,403.682385268617
3130,211.28866666666667,401.61266666666666,252.56933333333333,403.72911107692653
3140,211.38333333333333,401.67333333333335,252.83666666666667,403.775836885236
3150,211.478,401.734,253.10399999999998,403.8225626935455
3160,211.57266666666666,401.79466666666667,253.37133333333333,403.869288501855
3170,211.66733333333335,401.8553333333333,253.63866666666667,403.9160143101645
3180,211.762,401.916,253.906,403.962740118474
3190,211.85666666666668,401.97666666666663,254.17333333333332,404.0094659267835
3200,211.95133333333334,402.0373333333333,254.44066666666666,404.05619173509297
3210,212.04600000000002,402.09799999999996,254.708,404.1029175434025
3220,212.14066666666668,402.15866666666665,254.97533333333334,404.149643351712
3230,212.23533333333336,402.2193333333333,255.24266666666665,404.1963691600215
3240,212.33,402.28,255.51,404.243094968331
3250,212.43933333333334,402.21466666666663,255.732,404.1660754316305
3260,212.5486666666667,402.1493333333333,255.95399999999998,404.08905589492997
3270,212.65800000000002,402.084,256.176,404.01203635822947
3280,212.76733333333334,402.01866666666666,256.39799999999997,403.935016821529
3290,212.87666666666667,401.9533333333333,256.62,403.8579972848285
3300,212.98600000000002,401.888,256.842,403.780977748128
3310,213.09533333333334,401.82266666666663,257.06399999999996,403.7039582114275
3320,213.20466666666667,401.75733333333335,257.286,403.626938674727
3330,213.314,401.692,257.508,403.5499191380265
3340,213.42333333333335,401.62666666666667,257.72999999999996,403.472899601326
3350,213.53266666666667,401.5613333333333,257.952,403.3958800646255
3360,213.642,401.496,258.174,403.31886052792504
3370,213.75133333333332,401.4306666666667,258.39599999999996,403.24184099122454
3380,213.86066666666667,401.36533333333335,258.618,403.16482145452403
3390,213.97,401.3,258.84,403.0878019178235
3400,214.09466666666665,401.25600000000003,259.03666666666663,403.0377231971445
3410,214.21933333333334,401.212,259.2333333333333,402.98764447646545
3420,214.344,401.168,259.43,402.9375657557864
3430,214.46866666666668,401.124,259.62666666666667,402.88748703510737
3440,214.59333333333333,401.08,259.8233333333333,402.83740831442833
3450,214.718,401.036,260.02,402.7873295937493
3460,214.84266666666667,400.992,260.21666666666664,402.73725087307025
3470,214.96733333333333,400.948,260.41333333333336,402.68717215239127
3480,215.092,400.904,260.61,402.63709343171223
3490,215.21666666666667,400.86,260.8066666666667,402.5870147110332
3500,215.34133333333332,400.816,261.00333333333333,402.53693599035415
3510,215.466,400.772,261.2,402.4868572696751
3520,215.59066666666666,400.728,261.3966666666667,402.4367785489961
3530,215.71533333333335,400.68399999999997,261.59333333333336,402.38669982831703
3540,215.84,400.64,261.79,402.336621107638
3550,215.97866666666667,400.716,261.9773333333334,402.4163267970034
3560,216.11733333333333,400.792,262.1646666666667,402.49603248636885
3570,216.256,400.868,262.35200000000003,402.5757381757343
3580,216.39466666666667,400.94399999999996,262.53933333333333,402.65544386509976
3590,216.53333333333333,401.02,262.7266666666667,402.7351495544652
3600,216.672,401.096,262.91400000000004,402.8148552438306
3610,216.81066666666666,401.17199999999997,263.10133333333334,402.89456093319603
3620,216.94933333333333,401.248,263.2886666666667,402.97426662256146
3630,217.088,401.32399999999996,263.476,403.0539723119269
3640,217.22666666666666,401.4,263.66333333333336,403.1336780012923
3650,217.36533333333333,401.476,263.8506666666667,403.21338369065774
3660,217.504,401.55199999999996,264.038,403.2930893800232
3670,217.64266666666666,401.628,264.22533333333337,403.37279506938864
3680,217.78133333333332,401.70399999999995,264.41266666666667,403.45250075875407
3690,217.92,401.78,264.6,403.5322064481195
3700,218.07066666666665,402.0893333333333,264.80466666666666,403.8445401415524
3710,218.22133333333332,402.39866666666666,265.00933333333336,404.1568738349853
3720,218.37199999999999,402.70799999999997,265.214,404.4692075284182
3730,218.52266666666665,403.01733333333334,265.4186666666667,404.7815412218511
3740,218.67333333333332,403.32666666666665,265.62333333333333,405.093874915284
3750,218.82399999999998,403.63599999999997,265.82800000000003,405.4062086087169
3760,218.97466666666665,403.94533333333334,266.03266666666667,405.7185423021498
3770,219.12533333333334,404.25466666666665,266.23733333333337,406.03087599558273
3780,219.276,404.564,266.442,406.3432096890156
3790,219.42666666666668,404.87333333333333,266.6466666666667,406.6555433824485
3800,219.57733333333334,405.18266666666665,266.85133333333334,406.9678770758814
3810,219.728,405.492,267.05600000000004,407.2802107693143
3820,219.87866666666667,405.80133333333333,267.2606666666667,407.59254446274724
3830,220.02933333333334,406.1106666666667,267.4653333333334,407.90487815618013
3840,220.18,406.42,267.67,408.217211849613
3850,220.33933333333334,406.24133333333333,267.84000000000003,408.02131196182404
3860,220.49866666666668,406.0626666666667,268.01,407.825412074035
3870,220.65800000000002,405.884,268.18,407.629512186246
3880,220.81733333333332,405.70533333333333,268.35,407.43361229845704
3890,220.97666666666666,405.5266666666667,268.52000000000004,407.237712410668
3900,221.136,405.348,268.69,407.041812522879
3910,221.29533333333333,405.1693333333333,268.86,406.84591263509003
3920,221.45466666666667,404.9906666666667,269.03000000000003,406.650012747301
3930,221.614,404.812,269.20000000000005,406.454112859512
3940,221.77333333333334,404.6333333333333,269.37,406.258212971723
3950,221.93266666666668,404.4546666666667,269.54,406.062313083934
3960,222.09199999999998,404.276,269.71000000000004,405.866413196145
3970,222.25133333333332,404.0973333333333,269.88000000000005,405.670513308356
3980,222.41066666666666,403.9186666666667,270.05,405.474613420567
3990,222.57,403.74,270.22,405.278713532778
4000,222.73666666666665,403.8206666666667,270.384,405.36603008513936
4010,222.90333333333334,403.90133333333335,270.548,405.4533466375007
4020,223.07,403.982,270.71200000000005,405.5406631898621
4030,223.23666666666665,404.06266666666664,270.87600000000003,405.6279797422235
4040,223.40333333333334,404.1433333333333,271.04,405.71529629458485
4050,223.57,404.224,271.204,405.8026128469462
4060,223.73666666666665,404.30466666666666,271.368,405.88992939930756
4070,223.90333333333334,404.38533333333334,271.53200000000004,405.9772459516689
4080,224.07,404.466,271.696,406.0645625040303
4090,224.23666666666665,404.5466666666667,271.86,406.15187905639164
4100,224.40333333333334,404.62733333333335,272.024,406.239195608753
4110,224.57,404.70799999999997,272.188,406.3265121611144
4120,224.73666666666665,404.78866666666664,272.35200000000003,406.41382871347577
4130,224.90333333333334,404.8693333333333,272.516,406.5011452658371
4140,225.07,404.95,272.68,406.5884618181985
4150,225.242,405.02933333333334,272.85266666666666,406.658313673357
4160,225.414,405.10866666666664,273.0253333333333,406.7281655285155
4170,225.58599999999998,405.188,273.198,406.798017383674
4180,225.758,405.26733333333334,273.3706666666667,406.8678692388325
4190,225.93,405.34666666666664,273.54333333333335,406.937721093991
4200,226.102,405.426,273.716,407.0075729491495
4210,226.274,405.50533333333334,273.88866666666667,407.077424804308
4220,226.446,405.58466666666664,274.0613333333333,407.14727665946646
4230,226.618,405.664,274.234,407.21712851462496
4240,226.79,405.74333333333334,274.40666666666664,407.28698036978346
4250,226.962,405.82266666666663,274.5793333333333,407.35683222494197
4260,227.13400000000001,405.902,274.752,407.4266840801005
4270,227.306,405.98133333333334,274.92466666666667,407.496535935259
4280,227.478,406.06066666666663,275.0973333333333,407.5663877904175
4290,227.65,406.14,275.27,407.636239645576
4300,227.82466666666667,405.9,275.40666666666664,407.3879456661784
4310,227.99933333333334,405.65999999999997,275.5433333333333,407.1396516867808
4320,228.174,405.42,275.68,406.8913577073832
4330,228.34866666666667,405.18,275.81666666666666,406.6430637279856
4340,228.52333333333334,404.94,275.9533333333333,406.394769748588
4350,228.698,404.7,276.09,406.1464757691904
4360,228.87266666666667,404.46,276.22666666666663,405.8981817897928
4370,229.04733333333334,404.22,276.36333333333334,405.6498878103952
4380,229.222,403.98,276.5,405.4015938309976
4390,229.39666666666668,403.74,276.63666666666666,405.1532998516
4400,229.57133333333334,403.5,276.7733333333333,404.9050058722024
4410,229.746,403.26,276.90999999999997,404.6567118928048
4420,229.92066666666668,403.02000000000004,277.0466666666667,404.4084179134072
4430,230.09533333333334,402.78000000000003,277.18333333333334,404.1601239340096
4440,230.27,402.54,277.32,403.911829954612
4450,230.44400000000002,402.72133333333335,277.47066666666666,404.10079565057555
4460,230.618,402.9026666666667,277.6213333333333,404.28976134653914
4470,230.792,403.084,277.772,404.47872704250267
4480,230.966,403.26533333333333,277.92266666666666,404.6676927384662
4490,231.14000000000001,403.44666666666666,278.0733333333333,404.8566584344298
4500,231.314,403.628,278.224,405.0456241303933
4510,231.488,403.8093333333333,278.37466666666666,405.23458982635685
4520,231.662,403.9906666666667,278.5253333333333,405.42355552232044
4530,231.836,404.172,278.676,405.612521218284
4540,232.01,404.35333333333335,278.82666666666665,405.8014869142475
4550,232.184,404.5346666666667,278.9773333333333,405.9904526102111
4560,232.358,404.716,279.128,406.1794183061746
4570,232.532,404.89733333333334,279.27866666666665,406.36838400213816
4580,232.706,405.07866666666666,279.4293333333333,406.55734969810175
4590,232.88,405.26,279.58,406.7463153940653
4600,233.05266666666665,405.20933333333335,279.72066666666666,406.68519633592825
4610,233.22533333333334,405.15866666666665,279.86133333333333,406.6240772777912
4620,233.398,405.108,280.002,406.56295821965415
4630,233.57066666666665,405.0573333333333,280.1426666666666,406.50183916151707
4640,233.74333333333334,405.00666666666666,280.2833333333333,406.44072010338004
4650,233.916,404.956,280.424,406.37960104524296
4660,234.08866666666665,404.9053333333333,280.56466666666665,406.31848198710594
4670,234.26133333333334,404.8546666666667,280.70533333333333,406.25736292896886
4680,234.434,404.804,280.846,406.19624387083184
4690,234.60666666666665,404.75333333333333,280.9866666666667,406.13512481269476
4700,234.77933333333334,404.7026666666667,281.12733333333335,406.07400575455773
4710,234.952,404.652,281.268,406.01288669642065
4720,235.12466666666666,404.60133333333334,281.40866666666665,405.9517676382836
4730,235.29733333333334,404.55066666666664,281.5493333333333,405.89064858014655
4740,235.47,404.5,281.69,405.8295295220095
4750,235.64133333333334,404.4406666666667,281.814,405.7740423283636
4760,235.81266666666667,404.3813333333333,281.938,405.71855513471763
4770,235.984,404.322,282.062,405.66306794107163
4780,236.15533333333332,404.2626666666667,282.186,405.6075807474257
4790,236.32666666666665,404.2033333333333,282.31,405.55209355377974
4800,236.498,404.144,282.434,405.4966063601338
4810,236.66933333333333,404.0846666666667,282.558,405.44111916648785
4820,236.84066666666666,404.0253333333333,282.682,405.38563197284185
4830,237.012,403.966,282.806,405.3301447791959
4840,237.18333333333334,403.9066666666667,282.93,405.27465758554996
4850,237.35466666666667,403.8473333333333,283.05400000000003,405.219170391904
4860,237.52599999999998,403.788,283.178,405.16368319825807
4870,237.69733333333332,403.7286666666667,283.302,405.10819600461207
4880,237.86866666666666,403.6693333333333,283.426,405.0527088109661
4890,238.04,403.61,283.55,404.9972216173202
4900,238.21066666666667,403.8126666666667,283.69533333333334,405.20308290675706
4910,238.38133333333332,404.01533333333333,283.84066666666666,405.4089441961939
4920,238.552,404.218,283.986,405.61480548563077
4930,238.72266666666667,404.42066666666665,284.1313333333334,405.8206667750676
4940,238.89333333333332,404.62333333333333,284.2766666666667,406.0265280645045
4950,239.064,404.826,284.422,406.2323893539413
4960,239.23466666666667,405.02866666666665,284.56733333333335,406.4382506433782
4970,239.40533333333332,405.23133333333334,284.7126666666667,406.644111932815
4980,239.576,405.43399999999997,284.858,406.8499732222519
4990,239.74666666666667,405.63666666666666,285.00333333333333,407.0558345116887
5000,239.91733333333332,405.83933333333334,285.14866666666666,407.2616958011256
5010,240.088,406.042,285.29400000000004,407.4675570905624
5020,240.25866666666667,406.24466666666666,285.43933333333337,407.6734183799993
5030,240.42933333333332,406.4473333333333,285.5846666666667,407.87927966943613
5040,240.6,406.65,285.73,408.085140958873
5050,240.76933333333332,406.63,285.86533333333335,408.0584224604329
5060,240.93866666666665,406.60999999999996,286.0006666666667,408.03170396199283
5070,241.108,406.59,286.136,408.0049854635527
5080,241.27733333333333,406.57,286.27133333333336,407.9782669651126
5090,241.44666666666666,406.55,286.4066666666667,407.9515484666725
5100,241.61599999999999,406.53,286.54200000000003,407.9248299682324
5110,241.7853333333333,406.51,286.67733333333337,407.8981114697923
5120,241.95466666666667,406.49,286.81266666666664,407.8713929713522
5130,242.124,406.47,286.948,407.84467447291206
5140,242.29333333333332,406.45,287.0833333333333,407.817955974472
5150,242.46266666666665,406.43,287.21866666666665,407.7912374760319
5160,242.63199999999998,406.41,287.354,407.76451897759176
5170,242.80133333333333,406.39000000000004,287.4893333333333,407.73780047915164
5180,242.97066666666666,406.37,287.62466666666666,407.7110819807116
5190,243.14,406.35,287.76,407.68436348227146
5200,243.308,406.22266666666667,287.8806666666667,407.5495634647341
5210,243.476,406.0953333333334,288.0013333333333,407.4147634471967
5220,243.64399999999998,405.968,288.122,407.27996342965935
5230,243.81199999999998,405.84066666666666,288.24266666666665,407.14516341212203
5240,243.98,405.71333333333337,288.36333333333334,407.01036339458466
5250,244.148,405.586,288.484,406.8755633770473
5260,244.316,405.45866666666666,288.6046666666667,406.7407633595099
5270,244.48399999999998,405.33133333333336,288.7253333333333,406.60596334197254
5280,244.652,405.204,288.846,406.47116332443517
5290,244.82,405.07666666666665,288.96666666666664,406.3363633068978
5300,244.988,404.94933333333336,289.08733333333333,406.2015632893604
5310,245.156,404.822,289.20799999999997,406.0667632718231
5320,245.32399999999998,404.69466666666665,289.32866666666666,405.93196325428573
5330,245.492,404.56733333333335,289.4493333333333,405.79716323674836
5340,245.66,404.44,289.57,405.662363219211
5350,245.82533333333333,404.28933333333333,289.676,405.50957326300806
5360,245.99066666666667,404.13866666666667,289.782,405.3567833068051
5370,246.156,403.988,289.888,405.20399335060216
5380,246.3213333333333,403.83733333333333,289.994,405.0512033943992
5390,246.48666666666665,403.68666666666667,290.1,404.89841343819626
5400,246.652,403.536,290.206,404.7456234819933
5410,246.81733333333332,403.38533333333334,290.312,404.59283352579035
5420,246.98266666666666,403.23466666666667,290.418,404.4400435695874
5430,247.148,403.084,290.524,404.28725361338445
5440,247.31333333333333,402.93333333333334,290.63,404.13446365718147
5450,247.47866666666667,402.78266666666667,290.736,403.98167370097855
5460,247.64399999999998,402.632,290.84200000000004,403.82888374477557
5470,247.8093333333333,402.48133333333334,290.94800000000004,403.67609378857264
5480,247.97466666666665,402.3306666666667,291.05400000000003,403.52330383236966
5490,248.14,402.18,291.16,403.37051387616674
5500,248.30399999999997,402.10133333333334,291.266,403.2898255617299
5510,248.468,402.0226666666667,291.372,403.20913724729303
5520,248.63199999999998,401.944,291.478,403.1284489328562
5530,248.796,401.86533333333335,291.584,403.0477606184193
5540,248.95999999999998,401.7866666666667,291.69,402.9670723039825
5550,249.124,401.708,291.796,402.88638398954566
5560,249.28799999999998,401.62933333333336,291.902,402.8056956751088
5570,249.452,401.55066666666664,292.00800000000004,402.72500736067195
5580,249.61599999999999,401.472,292.11400000000003,402.64431904623507
5590,249.78,401.3933333333333,292.22,402.56363073179824
5600,249.944,401.31466666666665,292.326,402.4829424173614
5610,250.108,401.236,292.432,402.40225410292453
5620,250.272,401.1573333333333,292.538,402.3215657884877
5630,250.436,401.07866666666666,292.644,402.2408774740508
5640,250.6,401.0,292.75,402.160189159614
5650,250.762,401.2753333333333,292.8813333333333,402.4473833106168
5660,250.924,401.55066666666664,293.0126666666667,402.7345774616195
5670,251.08599999999998,401.826,293.144,403.0217716126223
5680,251.248,402.10133333333334,293.2753333333333,403.308965763625
5690,251.41,402.37666666666667,293.4066666666667,403.5961599146278
5700,251.572,402.652,293.538,403.8833540656305
5710,251.734,402.9273333333333,293.6693333333333,404.1705482166333
5720,251.896,403.2026666666667,293.8006666666667,404.457742367636
5730,252.058,403.478,293.932,404.7449365186388
5740,252.22,403.75333333333333,294.06333333333333,405.0321306696415
5750,252.382,404.02866666666665,294.1946666666667,405.3193248206443
5760,252.544,404.304,294.326,405.606518971647
5770,252.706,404.57933333333335,294.45733333333334,405.8937131226498
5780,252.868,404.8546666666667,294.5886666666667,406.1809072736525
5790,253.03,405.13,294.72,406.4681014246553
5800,253.19,405.282,294.8586666666667,406.6167983729505
5810,253.35,405.434,294.99733333333336,406.76549532124574
5820,253.51,405.586,295.136,406.91419226954093
5830,253.67000000000002,405.738,295.2746666666667,407.06288921783613
5840,253.83,405.89,295.41333333333336,407.2115861661314
5850,253.99,406.04200000000003,295.552,407.3602831144266
5860,254.15,406.194,295.6906666666667,407.5089800627218
5870,254.31,406.346,295.82933333333335,407.65767701101703
5880,254.47,406.498,295.968,407.8063739593122
5890,254.63,406.65000000000003,296.1066666666667,407.9550709076074
5900,254.79,406.802,296.24533333333335,408.1037678559027
5910,254.95000000000002,406.954,296.384,408.25246480419787
5920,255.11,407.106,296.5226666666667,408.40116175249307
5930,255.27,407.25800000000004,296.66133333333335,408.5498587007883
5940,255.43,407.41,296.8,408.6985556490835
5950,255.58666666666667,407.3693333333334,296.92466666666667,408.647898134082
5960,255.74333333333334,407.32866666666666,297.0493333333333,408.5972406190806
5970,255.9,407.288,297.17400000000004,408.5465831040791
5980,256.0566666666667,407.24733333333336,297.2986666666667,408.4959255890777
5990,256.2133333333333,407.2066666666667,297.42333333333335,408.4452680740762
6000,256.37,407.166,297.548,408.3946105590747
6010,256.52666666666664,407.12533333333334,297.67266666666666,408.34395304407326
6020,256.68333333333334,407.0846666666667,297.79733333333337,408.29329552907177
6030,256.84,407.04400000000004,297.922,408.24263801407034
6040,256.99666666666667,407.00333333333333,298.0466666666667,408.19198049906885
6050,257.1533333333333,406.9626666666667,298.17133333333334,408.14132298406736
6060,257.31,406.922,298.296,408.0906654690659
6070,257.46666666666664,406.8813333333334,298.4206666666667,408.04000795406444
6080,257.62333333333333,406.84066666666666,298.54533333333336,407.989350439063
6090,257.78,406.8,298.67,407.9386929240615
6100,257.9353333333333,406.49733333333336,298.76133333333337,407.62782368517423
6110,258.09066666666666,406.19466666666665,298.85266666666666,407.3169544462869
6120,258.246,405.892,298.944,407.0060852073996
6130,258.4013333333333,405.58933333333334,299.03533333333337,406.6952159685123
6140,258.5566666666667,405.2866666666667,299.12666666666667,406.384346729625
6150,258.712,404.984,299.218,406.07347749073773
6160,258.8673333333333,404.6813333333333,299.30933333333337,405.7626082518504
6170,259.0226666666667,404.3786666666667,299.40066666666667,405.4517390129631
6180,259.178,404.076,299.492,405.1408697740758
6190,259.3333333333333,403.7733333333333,299.58333333333337,404.8300005351885
6200,259.4886666666667,403.47066666666666,299.67466666666667,404.5191312963012
6210,259.644,403.168,299.766,404.2082620574139
6220,259.7993333333333,402.86533333333335,299.8573333333334,403.8973928185266
6230,259.9546666666667,402.56266666666664,299.94866666666667,403.5865235796393
6240,260.11,402.26,300.04,403.275654340752
6250,260.262,402.4193333333333,300.15200000000004,403.44750380894027
6260,260.414,402.57866666666666,300.264,403.6193532771285
6270,260.56600000000003,402.738,300.37600000000003,403.79120274531675
6280,260.718,402.89733333333334,300.488,403.963052213505
6290,260.87,403.0566666666667,300.6,404.13490168169324
6300,261.022,403.216,300.71200000000005,404.3067511498815
6310,261.174,403.37533333333334,300.824,404.4786006180698
6320,261.326,403.5346666666666,300.93600000000004,404.650450086258
6330,261.478,403.69399999999996,301.048,404.82229955444626
6340,261.63,403.8533333333333,301.16,404.99414902263453
6350,261.782,404.01266666666663,301.27200000000005,405.16599849082274
6360,261.93399999999997,404.17199999999997,301.384,405.337847959011
6370,262.086,404.3313333333333,301.49600000000004,405.5096974271993
6380,262.238,404.49066666666664,301.608,405.6815468953875
6390,262.39,404.65,301.72,405.85339636357577
6400,262.54066666666665,404.63666666666666,301.83200000000005,405.83313972368364
6410,262.6913333333333,404.62333333333333,301.944,405.81288308379146
6420,262.842,404.60999999999996,302.05600000000004,405.79262644389934
6430,262.99266666666665,404.59666666666664,302.168,405.77236980400716
6440,263.1433333333333,404.5833333333333,302.28000000000003,405.75211316411503
6450,263.294,404.57,302.392,405.73185652422285
6460,263.44466666666665,404.5566666666667,302.504,405.7115998843307
6470,263.5953333333333,404.5433333333333,302.616,405.69134324443854
6480,263.746,404.53,302.728,405.6710866045464
6490,263.89666666666665,404.51666666666665,302.84,405.65082996465424
6500,264.0473333333333,404.50333333333333,302.952,405.6305733247621
6510,264.198,404.49,303.06399999999996,405.61031668486993
6520,264.34866666666665,404.47666666666663,303.176,405.5900600449778
6530,264.4993333333333,404.4633333333333,303.28799999999995,405.5698034050856
6540,264.65,404.45,303.4,405.5495467651935
6550,264.798,404.43466666666666,303.50199999999995,405.53781623807225
6560,264.94599999999997,404.4193333333333,303.604,405.526085710951
6570,265.094,404.404,303.70599999999996,405.5143551838298
6580,265.24199999999996,404.38866666666667,303.808,405.5026246567086
6590,265.39,404.37333333333333,303.90999999999997,405.49089412958733
6600,265.538,404.358,304.012,405.4791636024661
6610,265.686,404.3426666666667,304.114,405.46743307534484
6620,265.834,404.32733333333334,304.216,405.45570254822366
6630,265.98199999999997,404.312,304.318,405.4439720211024
6640,266.13,404.2966666666667,304.42,405.43224149398117
6650,266.278,404.28133333333335,304.522,405.4205109668599
6660,266.426,404.266,304.624,405.4087804397387
6670,266.574,404.2506666666667,304.726,405.3970499126175
6680,266.722,404.23533333333336,304.82800000000003,405.38531938549625
6690,266.87,404.22,304.93,405.373588858375
6700,267.016,404.41400000000004,305.052,405.571016664876
6710,267.162,404.608,305.174,405.768444471377
6720,267.308,404.802,305.296,405.965872277878
6730,267.454,404.99600000000004,305.418,406.163300084379
6740,267.6,405.19,305.54,406.36072789088
6750,267.746,405.384,305.662,406.558155697381
6760,267.892,405.57800000000003,305.784,406.755583503882
6770,268.038,405.772,305.906,406.953011310383
6780,268.184,405.966,306.028,407.150439116884
6790,268.33,406.16,306.15,407.34786692338497
6800,268.476,406.354,306.272,407.545294729886
6810,268.622,406.548,306.394,407.74272253638696
6820,268.76800000000003,406.742,306.516,407.940150342888
6830,268.914,406.936,306.638,408.13757814938896
6840,269.06,407.13,306.76,408.33500595589
6850,269.204,407.1046666666667,306.8713333333333,408.30268278431026
6860,269.348,407.07933333333335,306.98266666666666,408.2703596127306
6870,269.492,407.054,307.094,408.2380364411509
6880,269.636,407.02866666666665,307.20533333333333,408.20571326957116
6890,269.78000000000003,407.00333333333333,307.31666666666666,408.1733900979915
6900,269.92400000000004,406.978,307.428,408.1410669264118
6910,270.06800000000004,406.9526666666667,307.53933333333333,408.10874375483206
6920,270.212,406.9273333333333,307.65066666666667,408.0764205832524
6930,270.356,406.902,307.762,408.0440974116727
6940,270.5,406.87666666666667,307.87333333333333,408.01177424009296
6950,270.644,406.85133333333334,307.98466666666667,407.9794510685133
6960,270.788,406.826,308.096,407.9471278969336
6970,270.932,406.80066666666664,308.20733333333334,407.91480472535386
6980,271.076,406.7753333333333,308.3186666666667,407.8824815537742
6990,271.22,406.75,308.43,407.8501583821945
7000,271.36133333333333,406.5493333333333,308.5226666666667,407.6388504226896
7010,271.5026666666667,406.34866666666665,308.61533333333335,407.42754246318475
7020,271.644,406.148,308.708,407.21623450367986
7030,271.78533333333337,405.94733333333335,308.80066666666664,407.004926544175
7040,271.9266666666667,405.74666666666667,308.8933333333333,406.7936185846701
7050,272.068,405.546,308.986,406.5823106251653
7060,272.20933333333335,405.3453333333333,309.07866666666666,406.3710026656604
7070,272.35066666666665,405.1446666666667,309.17133333333334,406.15969470615556
7080,272.492,404.944,309.264,405.94838674665067
7090,272.6333333333333,404.74333333333334,309.3566666666667,405.73707878714583
7100,272.77466666666663,404.54266666666666,309.44933333333336,405.52577082764094
7110,272.916,404.342,309.542,405.3144628681361
7120,273.0573333333333,404.14133333333336,309.63466666666665,405.1031549086312
7130,273.19866666666667,403.9406666666667,309.7273333333333,404.8918469491264
7140,273.34,403.74,309.82,404.6805389896215
7150,273.47933333333333,403.646,309.89933333333335,404.5957932428444
7160,273.6186666666666,403.552,309.97866666666664,404.51104749606736
7170,273.758,403.458,310.058,404.4263017492903
7180,273.89733333333334,403.364,310.13733333333334,404.34155600251324
7190,274.03666666666663,403.27,310.21666666666664,404.2568102557362
7200,274.176,403.176,310.296,404.1720645089591
7210,274.31533333333334,403.082,310.37533333333334,404.08731876218206
7220,274.45466666666664,402.988,310.45466666666664,404.00257301540495
7230,274.594,402.894,310.534,403.9178272686279
7240,274.73333333333335,402.8,310.61333333333334,403.83308152185083
7250,274.87266666666665,402.706,310.69266666666664,403.74833577507377
7260,275.012,402.61199999999997,310.772,403.6635900282967
7270,275.15133333333335,402.518,310.85133333333334,403.57884428151965
7280,275.29066666666665,402.424,310.93066666666664,403.4940985347426
7290,275.43,402.33,311.01,403.40935278796553
7300,275.56533333333334,402.67066666666665,311.1313333333333,403.75671625456926
7310,275.7006666666667,403.0113333333333,311.25266666666664,404.1040797211729
7320,275.836,403.352,311.37399999999997,404.45144318777665
7330,275.97133333333335,403.69266666666664,311.49533333333335,404.7988066543803
7340,276.1066666666667,404.0333333333333,311.6166666666667,405.14617012098404
7350,276.242,404.37399999999997,311.738,405.4935335875877
7360,276.37733333333335,404.71466666666663,311.8593333333333,405.84089705419143
7370,276.51266666666663,405.05533333333335,311.98066666666665,406.1882605207951
7380,276.64799999999997,405.396,312.102,406.5356239873988
7390,276.7833333333333,405.7366666666667,312.2233333333333,406.8829874540025
7400,276.91866666666664,406.07733333333334,312.3446666666666,407.2303509206062
7410,277.054,406.418,312.466,407.5777143872099
7420,277.1893333333333,406.75866666666667,312.58733333333333,407.9250778538136
7430,277.32466666666664,407.09933333333333,312.70866666666666,408.2724413204173
7440,277.46,407.44,312.83,408.619804787021
7450,277.58799999999997,407.51,312.94466666666665,408.6837506244857
7460,277.716,407.58,313.0593333333333,408.7476964619504
7470,277.844,407.65,313.174,408.8116422994151
7480,277.972,407.72,313.28866666666664,408.8755881368798
7490,278.09999999999997,407.79,313.4033333333333,408.9395339743445
7500,278.228,407.86,313.518,409.0034798118092
7510,278.356,407.93,313.63266666666664,409.0674256492739
7520,278.484,408.0,313.74733333333336,409.1313714867386
7530,278.61199999999997,408.07,313.862,409.1953173242033
7540,278.74,408.14,313.9766666666667,409.259263161668
7550,278.868,408.21,314.09133333333335,409.3232089991327
7560,278.996,408.28000000000003,314.206,409.3871548365974
7570,279.12399999999997,408.35,314.3206666666667,409.4511006740621
7580,279.252,408.42,314.43533333333335,409.5150465115268
7590,279.38,408.49,314.55,409.5789923489915
7600,279.50666666666666,408.36333333333334,314.6466666666667,409.4418247291045
7610,279.6333333333333,408.2366666666667,314.74333333333334,409.30465710921743
7620,279.76,408.11,314.84000000000003,409.1674894893304
7630,279.88666666666666,407.98333333333335,314.93666666666667,409.03032186944336
7640,280.0133333333333,407.8566666666667,315.03333333333336,408.89315424955635
7650,280.14,407.73,315.13,408.75598662966934
7660,280.26666666666665,407.60333333333335,315.2266666666667,408.61881900978227
7670,280.3933333333333,407.47666666666663,315.3233333333333,408.48165138989526
7680,280.52,407.34999999999997,315.42,408.3444837700082
7690,280.64666666666665,407.2233333333333,315.51666666666665,408.2073161501212
7700,280.7733333333333,407.09666666666664,315.61333333333334,408.0701485302342
7710,280.9,406.96999999999997,315.71,407.9329809103471
7720,281.02666666666664,406.8433333333333,315.8066666666667,407.7958132904601
7730,281.1533333333333,406.71666666666664,315.9033333333333,407.65864567057304
7740,281.28,406.59,316.0,407.521478050686
7750,281.4046666666666,406.48866666666663,316.08,407.4246380794143
7760,281.5293333333333,406.3873333333333,316.16,407.3277981081426
7770,281.654,406.286,316.24,407.23095813687087
7780,281.77866666666665,406.18466666666666,316.32,407.13411816559915
7790,281.9033333333333,406.0833333333333,316.4,407.0372781943274
7800,282.02799999999996,405.98199999999997,316.48,406.9404382230557
7810,282.1526666666666,405.8806666666666,316.56,406.843598251784
7820,282.27733333333333,405.77933333333334,316.64,406.74675828051227
7830,282.402,405.678,316.71999999999997,406.64991830924055
7840,282.52666666666664,405.57666666666665,316.8,406.5530783379688
7850,282.6513333333333,405.4753333333333,316.88,406.4562383666971
7860,282.77599999999995,405.37399999999997,316.96,406.3593983954254
7870,282.90066666666667,405.2726666666667,317.03999999999996,406.26255842415367
7880,283.0253333333333,405.17133333333334,317.12,406.16571845288195
7890,283.15,405.07,317.2,406.0688784816102
7900,283.2733333333333,405.2513333333333,317.30333333333334,406.25380726492085
7910,283.39666666666665,405.43266666666665,317.40666666666664,406.43873604823153
7920,283.52,405.614,317.51,406.62366483154216
7930,283.6433333333333,405.79533333333336,317.61333333333334,406.80859361485284
7940,283.76666666666665,405.9766666666667,317.71666666666664,406.99352239816346
7950,283.89,406.158,317.82,407.17845118147414
7960,284.0133333333333,406.33933333333334,317.92333333333335,407.36337996478477
7970,284.13666666666666,406.52066666666667,318.02666666666664,407.54830874809545
7980,284.26,406.702,318.13,407.7332375314061
7990,284.3833333333333,406.8833333333333,318.23333333333335,407.91816631471676
8000,284.50666666666666,407.06466666666665,318.33666666666664,408.1030950980274
8010,284.63,407.24600000000004,318.44,408.28802388133806
8020,284.75333333333333,407.42733333333337,318.54333333333335,408.4729526646487
8030,284.87666666666667,407.6086666666667,318.64666666666665,408.65788144795937
8040,285.0,407.79,318.75,408.84281023127
8050,285.122,407.6526666666667,318.836,408.69468274736073
8060,285.24399999999997,407.51533333333333,318.922,408.5465552634515
8070,285.366,407.37800000000004,319.008,408.39842777954226
8080,285.488,407.2406666666667,319.094,408.250300295633
8090,285.61,407.10333333333335,319.18,408.10217281172373
8100,285.73199999999997,406.966,319.266,407.9540453278145
8110,285.854,406.82866666666666,319.35200000000003,407.80591784390526
8120,285.976,406.6913333333334,319.438,407.657790359996
8130,286.098,406.55400000000003,319.524,407.50966287608674
8140,286.21999999999997,406.4166666666667,319.61,407.36153539217753
8150,286.342,406.27933333333334,319.696,407.21340790826827
8160,286.464,406.142,319.78200000000004,407.065280424359
8170,286.586,406.0046666666667,319.868,406.91715294044974
8180,286.70799999999997,405.86733333333336,319.954,406.76902545654053
8190,286.83,405.73,320.04,406.62089797263127
8200,286.95,405.54200000000003,320.1106666666667,406.42709757577734
8210,287.07,405.35400000000004,320.1813333333333,406.23329717892346
8220,287.19,405.166,320.252,406.03949678206953
8230,287.31,404.978,320.3226666666667,405.8456963852156
8240,287.43,404.79,320.3933333333334,405.6518959883617
8250,287.55,404.60200000000003,320.464,405.4580955915078
8260,287.67,404.41400000000004,320.5346666666667,405.26429519465387
8270,287.78999999999996,404.226,320.60533333333336,405.07049479779994
8280,287.90999999999997,404.038,320.67600000000004,404.876694400946
8290,288.03,403.85,320.74666666666667,404.68289400409213
8300,288.15,403.66200000000003,320.81733333333335,404.4890936072382
8310,288.27,403.47400000000005,320.88800000000003,404.2952932103843
8320,288.39,403.286,320.9586666666667,404.10149281353034
8330,288.51,403.098,321.02933333333334,403.90769241667647
8340,288.63,402.91,321.1,403.71389201982254
8350,288.7493333333333,402.77133333333336,321.16266666666667,403.5769858633053
8360,288.8686666666667,402.6326666666667,321.22533333333337,403.440079706788
8370,288.988,402.494,321.288,403.3031735502708
8380,289.1073333333333,402.35533333333336,321.3506666666667,403.1662673937535
8390,289.2266666666667,402.2166666666667,321.41333333333336,403.0293612372363
8400,289.346,402.07800000000003,321.476,402.89245508071906
8410,289.4653333333333,401.93933333333337,321.5386666666667,402.7555489242018
8420,289.5846666666667,401.80066666666664,321.60133333333334,402.61864276768455
8430,289.704,401.662,321.66400000000004,402.48173661116726
8440,289.8233333333333,401.5233333333333,321.7266666666667,402.34483045465004
8450,289.9426666666667,401.38466666666665,321.78933333333333,402.2079242981328
8460,290.062,401.246,321.85200000000003,402.0710181416155
8470,290.1813333333333,401.1073333333333,321.9146666666667,401.9341119850983
8480,290.3006666666667,400.96866666666665,321.9773333333334,401.797205828581
8490,290.42,400.83,322.04,401.6602996720638
8500,290.5373333333333,400.85133333333334,322.11466666666666,401.6828549091645
8510,290.6546666666667,400.87266666666665,322.18933333333337,401.7054101462653
8520,290.772,400.894,322.264,401.72796538336604
8530,290.88933333333335,400.9153333333333,322.3386666666667,401.7505206204668
8540,291.00666666666666,400.93666666666667,322.41333333333336,401.7730758575675
8550,291.124,400.95799999999997,322.488,401.7956310946683
8560,291.24133333333333,400.97933333333333,322.5626666666667,401.818186331769
8570,291.3586666666667,401.00066666666663,322.63733333333334,401.84074156886976
8580,291.476,401.022,322.71200000000005,401.8632968059705
8590,291.59333333333336,401.0433333333333,322.7866666666667,401.8858520430713
8600,291.71066666666667,401.06466666666665,322.86133333333333,401.908407280172
8610,291.82800000000003,401.08599999999996,322.93600000000004,401.93096251727275
8620,291.94533333333334,401.1073333333333,323.0106666666667,401.9535177543735
8630,292.0626666666667,401.1286666666666,323.0853333333334,401.97607299147427
8640,292.18,401.15,323.16,401.998628228575
8650,292.29533333333336,399.27666666666664,323.084,400.0508274562541
8660,292.41066666666666,397.4033333333333,323.00800000000004,398.1030266839332
8670,292.526,395.53,322.932,396.1552259116123
8680,292.64133333333336,393.65666666666664,322.856,394.2074251392914
8690,292.75666666666666,391.7833333333333,322.78000000000003,392.2596243669705
8700,292.872,389.90999999999997,322.704,390.3118235946496
8710,292.98733333333337,388.03666666666663,322.628,388.3640228223287
8720,293.10266666666666,386.16333333333336,322.552,386.4162220500078
8730,293.218,384.29,322.476,384.4684212776869
8740,293.33333333333337,382.4166666666667,322.4,382.52062050536597
8750,293.44866666666667,380.54333333333335,322.324,380.5728197330451
8760,293.564,378.67,322.248,378.62501896072416
8770,293.6793333333334,376.7966666666667,322.17199999999997,376.6772181884033
8780,293.79466666666667,374.92333333333335,322.096,374.72941741608236
8790,293.91,373.05,322.02,372.7816166437615
8800,294.0226666666667,371.688,321.8813333333333,371.41723500884467
8810,294.13533333333334,370.326,321.74266666666665,370.05285337392786
8820,294.24800000000005,368.964,321.604,368.6884717390111
8830,294.3606666666667,367.60200000000003,321.4653333333333,367.3240901040943
8840,294.47333333333336,366.24,321.32666666666665,365.9597084691775
8850,294.586,364.878,321.188,364.5953268342607
8860,294.69866666666667,363.516,321.0493333333333,363.23094519934386
8870,294.8113333333334,362.154,320.91066666666666,361.8665635644271
8880,294.92400000000004,360.79200000000003,320.772,360.5021819295103
8890,295.0366666666667,359.43,320.6333333333333,359.1378002945935
8900,295.14933333333335,358.068,320.49466666666666,357.7734186596767
8910,295.262,356.706,320.356,356.40903702475987
8920,295.3746666666667,355.344,320.21733333333333,355.0446553898431
8930,295.48733333333337,353.982,320.07866666666666,353.6802737549263
8940,295.6,352.62,319.94,352.3158921200095
8950,295.7086666666667,351.54,319.80133333333333,351.2244702415594
8960,295.81733333333335,350.46,319.66266666666667,350.13304836310925
8970,295.92600000000004,349.38,319.524,349.04162648465916
8980,296.0346666666667,348.3,319.38533333333334,347.950204606209
8990,296.1433333333334,347.22,319.24666666666667,346.8587827277589
9000,296.252,346.14,319.108,345.76736084930883
9010,296.3606666666667,345.06,318.96933333333334,344.6759389708587
9020,296.46933333333334,343.98,318.8306666666667,343.5845170924086
9030,296.57800000000003,342.90000000000003,318.692,342.49309521395844
9040,296.68666666666667,341.82,318.55333333333334,341.40167333550835
9050,296.79533333333336,340.74,318.4146666666667,340.31025145705826
9060,296.904,339.66,318.276,339.2188295786081
9070,297.0126666666667,338.58000000000004,318.13733333333334,338.127407700158
9080,297.1213333333333,337.5,317.9986666666667,337.03598582170787
9090,297.23,336.42,317.86,335.9445639432578
9100,297.336,335.30333333333334,317.69866666666667,334.81564244033694
9110,297.442,334.18666666666667,317.5373333333333,333.68672093741606
9120,297.548,333.07,317.37600000000003,332.5577994344952
9130,297.654,331.9533333333334,317.2146666666667,331.4288779315744
9140,297.76,330.8366666666667,317.05333333333334,330.2999564286535
9150,297.866,329.72,316.892,329.17103492573267
9160,297.972,328.60333333333335,316.73066666666665,328.04211342281184
9170,298.07800000000003,327.4866666666667,316.56933333333336,326.91319191989095
9180,298.184,326.37,316.408,325.7842704169701
9190,298.29,325.25333333333333,316.24666666666667,324.6553489140493
9200,298.396,324.13666666666666,316.0853333333333,323.5264274111284
9210,298.502,323.02000000000004,315.924,322.39750590820756
9220,298.608,321.90333333333336,315.7626666666667,321.26858440528673
9230,298.714,320.7866666666667,315.60133333333334,320.13966290236584
9240,298.82,319.67,315.44,319.010741399445
9250,298.9193333333333,318.34333333333336,315.2366666666667,317.6639108971723
9260,299.01866666666666,317.01666666666665,315.0333333333333,316.3170803948995
9270,299.118,315.69,314.83,314.9702498926268
9280,299.21733333333333,314.36333333333334,314.62666666666667,313.623419390354
9290,299.31666666666666,313.0366666666667,314.42333333333335,312.2765888880813
9300,299.416,311.71,314.21999999999997,310.9297583858085
9310,299.51533333333333,310.3833333333333,314.01666666666665,309.5829278835358
9320,299.61466666666666,309.0566666666667,313.81333333333333,308.236097381263
9330,299.714,307.73,313.61,306.88926687899027
9340,299.81333333333333,306.4033333333333,313.40666666666664,305.5424363767175
9350,299.91266666666667,305.07666666666665,313.2033333333333,304.19560587444477
9360,300.012,303.75,313.0,302.848775372172
9370,300.11133333333333,302.4233333333333,312.7966666666667,301.50194486989926
9380,300.21066666666667,301.09666666666664,312.5933333333333,300.1551143676265
9390,300.31,299.77,312.39,298.80828386535376
9400,300.402,298.656,312.17266666666666,297.6904462519201
9410,300.494,297.542,311.95533333333333,296.5726086384864
9420,300.586,296.428,311.738,295.4547710250527
9430,300.678,295.31399999999996,311.52066666666667,294.33693341161904
9440,300.77,294.2,311.30333333333334,293.2190957981853
9450,300.862,293.086,311.086,292.10125818475166
9460,300.954,291.972,310.8686666666667,290.983420571318
9470,301.046,290.858,310.6513333333333,289.86558295788427
9480,301.138,289.74399999999997,310.43399999999997,288.7477453444506
9490,301.23,288.63,310.21666666666664,287.62990773101694
9500,301.322,287.516,309.9993333333333,286.5120701175832
9510,301.414,286.402,309.782,285.39423250414956
9520,301.506,285.288,309.56466666666665,284.2763948907159
9530,301.598,284.174,309.3473333333333,283.15855727728217
9540,301.69,283.06,309.13,282.0407196638485
9550,301.7726666666667,281.9633333333333,308.9053333333333,280.9274362714057
9560,301.8553333333333,280.8666666666667,308.68066666666664,279.81415287896294
9570,301.938,279.77,308.456,278.70086948652016
9580,302.02066666666667,278.67333333333335,308.23133333333334,277.5875860940774
9590,302.10333333333335,277.57666666666665,308.00666666666666,276.4743027016346
9600,302.186,276.48,307.782,275.3610193091918
9610,302.26866666666666,275.3833333333333,307.5573333333333,274.24773591674904
9620,302.35133333333334,274.2866666666667,307.3326666666667,273.1344525243062
9630,302.434,273.19,307.108,272.0211691318634
9640,302.51666666666665,272.09333333333336,306.8833333333333,270.90788573942064
9650,302.59933333333333,270.99666666666667,306.65866666666665,269.79460234697785
9660,302.682,269.90000000000003,306.43399999999997,268.6813189545351
9670,302.7646666666667,268.80333333333334,306.20933333333335,267.5680355620923
9680,302.8473333333333,267.7066666666667,305.98466666666667,266.4547521696495
9690,302.93,266.61,305.76,265.3414687772067
9700,303.0,265.29133333333334,305.49466666666666,264.00830093790665
9710,303.07,263.97266666666667,305.22933333333333,262.67513309860664
9720,303.14,262.654,304.964,261.34196525930656
9730,303.21000000000004,261.3353333333333,304.69866666666667,260.00879742000654
9740,303.28000000000003,260.01666666666665,304.43333333333334,258.67562958070647
9750,303.35,258.69800000000004,304.168,257.34246174140645
9760,303.42,257.37933333333336,303.9026666666667,256.0092939021064
9770,303.49,256.0606666666667,303.6373333333333,254.67612606280636
9780,303.56,254.74200000000002,303.37199999999996,253.3429582235063
9790,303.63,253.42333333333335,303.1066666666666,252.00979038420624
9800,303.7,252.10466666666667,302.8413333333333,250.6766225449062
9810,303.77000000000004,250.786,302.57599999999996,249.34345470560615
9820,303.84000000000003,249.46733333333336,302.31066666666663,248.0102868663061
9830,303.91,248.14866666666668,302.0453333333333,246.67711902700606
9840,303.98,246.83,301.78,245.343951187706
9850,304.0373333333333,245.734,301.5086666666666,244.24371761041732
9860,304.0946666666667,244.638,301.2373333333333,243.1434840331286
9870,304.152,243.542,300.96599999999995,242.0432504558399
9880,304.20933333333335,242.446,300.69466666666665,240.94301687855122
9890,304.26666666666665,241.35,300.4233333333333,239.8427833012625
9900,304.324,240.254,300.152,238.7425497239738
9910,304.3813333333333,239.158,299.8806666666666,237.64231614668512
9920,304.4386666666667,238.062,299.6093333333333,236.5420825693964
9930,304.496,236.966,299.33799999999997,235.4418489921077
9940,304.55333333333334,235.87,299.06666666666666,234.34161541481902
9950,304.61066666666665,234.774,298.7953333333333,233.2413818375303
9960,304.668,233.678,298.524,232.1411482602416
9970,304.7253333333333,232.582,298.25266666666664,231.04091468295292
9980,304.78266666666667,231.486,297.98133333333334,229.9406811056642
9990,304.84,230.39,297.71,228.8404475283755
10000,304.88266666666664,229.30133333333333,297.4233333333333,227.7411578641943
10010,304.9253333333333,228.21266666666665,297.13666666666666,226.6418682000131
10020,304.96799999999996,227.124,296.84999999999997,225.5425785358319
10030,305.0106666666667,226.0353333333333,296.56333333333333,224.4432888716507
10040,305.05333333333334,224.94666666666666,296.27666666666664,223.3439992074695
10050,305.096,223.858,295.99,222.2447095432883
10060,305.13866666666667,222.76933333333332,295.7033333333333,221.1454198791071
10070,305.1813333333333,221.68066666666667,295.4166666666667,220.0461302149259
10080,305.224,220.59199999999998,295.13,218.9468405507447
10090,305.26666666666665,219.50333333333333,294.84333333333336,217.8475508865635
10100,305.3093333333333,218.41466666666668,294.5566666666667,216.7482612223823
10110,305.35200000000003,217.326,294.27000000000004,215.6489715582011
10120,305.3946666666667,216.23733333333334,293.98333333333335,214.5496818940199
10130,305.43733333333336,215.14866666666666,293.6966666666667,213.4503922298387
10140,305.48,214.06,293.41,212.3511025656575
10150,305.50733333333335,213.394,293.13800000000003,211.70895071988284
10160,305.5346666666667,212.728,292.86600000000004,211.0667988741082
10170,305.562,212.062,292.594,210.42464702833354
10180,305.58933333333334,211.396,292.322,209.7824951825589
10190,305.6166666666667,210.73,292.05,209.14034333678424
10200,305.644,210.064,291.778,208.49819149100958
10210,305.67133333333334,209.398,291.50600000000003,207.85603964523494
10220,305.69866666666667,208.732,291.234,207.21388779946028
10230,305.726,208.066,290.962,206.57173595368565
10240,305.75333333333333,207.4,290.69,205.92958410791098
10250,305.78066666666666,206.734,290.418,205.28743226213632
10260,305.808,206.06799999999998,290.146,204.6452804163617
10270,305.8353333333333,205.402,289.87399999999997,204.00312857058702
10280,305.86266666666666,204.736,289.602,203.3609767248124
10290,305.89,204.07,289.33,202.71882487903773
10300,305.9013333333333,204.322,289.168,202.9900047569687
10310,305.91266666666667,204.57399999999998,289.006,203.26118463489962
10320,305.924,204.826,288.844,203.53236451283058
10330,305.93533333333335,205.078,288.68199999999996,203.80354439076154
10340,305.94666666666666,205.32999999999998,288.52,204.07472426869248
10350,305.95799999999997,205.582,288.358,204.34590414662344
10360,305.96933333333334,205.834,288.19599999999997,204.6170840245544
10370,305.98066666666665,206.08599999999998,288.034,204.88826390248533
10380,305.992,206.338,287.87199999999996,205.1594437804163
10390,306.00333333333333,206.59,287.71,205.43062365834726
10400,306.01466666666664,206.84199999999998,287.548,205.7018035362782
10410,306.026,207.094,287.38599999999997,205.97298341420915
10420,306.0373333333333,207.346,287.224,206.24416329214012
10430,306.0486666666667,207.59799999999998,287.06199999999995,206.51534317007105
10440,306.06,207.85,286.9,206.786523048002
10450,306.05466666666666,207.76133333333334,286.75533333333334,206.69478540514675
10460,306.0493333333333,207.67266666666666,286.61066666666665,206.6030477622915
10470,306.044,207.584,286.466,206.51131011943625
10480,306.0386666666667,207.49533333333332,286.3213333333333,206.419572476581
10490,306.03333333333336,207.40666666666667,286.1766666666667,206.32783483372575
10500,306.028,207.318,286.032,206.2360971908705
10510,306.0226666666667,207.22933333333333,285.88733333333334,206.14435954801525
10520,306.01733333333334,207.14066666666668,285.74266666666665,206.05262190516
10530,306.012,207.052,285.598,205.96088426230475
10540,306.00666666666666,206.96333333333334,285.4533333333333,205.8691466194495
10550,306.0013333333333,206.87466666666668,285.3086666666667,205.77740897659424
10560,305.99600000000004,206.786,285.164,205.685671333739
10570,305.9906666666667,206.69733333333335,285.01933333333335,205.59393369088374
10580,305.98533333333336,206.60866666666666,284.87466666666666,205.5021960480285
10590,305.98,206.52,284.73,205.41045840517324
10600,305.958,206.38666666666668,284.59066666666666,205.2780569865308
10610,305.93600000000004,206.25333333333333,284.45133333333337,205.14565556788835
10620,305.914,206.12,284.312,205.01325414924588
10630,305.892,205.98666666666668,284.17266666666666,204.88085273060344
10640,305.87,205.85333333333335,284.03333333333336,204.748451311961
10650,305.848,205.72,283.894,204.61604989331855
10660,305.826,205.58666666666667,283.75466666666665,204.4836484746761
10670,305.804,205.45333333333335,283.61533333333335,204.35124705603363
10680,305.782,205.32000000000002,283.476,204.21884563739118
10690,305.76,205.18666666666667,283.33666666666664,204.08644421874874
10700,305.738,205.05333333333334,283.19733333333335,203.9540428001063
10710,305.716,204.92000000000002,283.058,203.82164138146385
10720,305.69399999999996,204.7866666666667,282.91866666666664,203.68923996282138
10730,305.67199999999997,204.65333333333334,282.77933333333334,203.55683854417893
10740,305.65,204.52,282.64,203.42443712553649
10750,305.61266666666666,204.46066666666667,282.5106666666667,203.3734974910079
10760,305.57533333333333,204.40133333333335,282.3813333333333,203.32255785647928
10770,305.53799999999995,204.342,282.252,203.2716182219507
10780,305.50066666666663,204.28266666666667,282.12266666666665,203.2206785874221
10790,305.4633333333333,204.22333333333333,281.99333333333334,203.16973895289348
10800,305.426,204.16400000000002,281.864,203.1187993183649
10810,305.38866666666667,204.10466666666667,281.73466666666667,203.0678596838363
10820,305.3513333333333,204.04533333333333,281.6053333333333,203.01692004930769
10830,305.31399999999996,203.986,281.476,202.9659804147791
10840,305.27666666666664,203.92666666666668,281.34666666666664,202.9150407802505
10850,305.2393333333333,203.86733333333333,281.21733333333333,202.8641011457219
10860,305.202,203.808,281.08799999999997,202.8131615111933
10870,305.1646666666666,203.74866666666665,280.95866666666666,202.7622218766647
10880,305.1273333333333,203.68933333333334,280.8293333333333,202.7112822421361
10890,305.09,203.63,280.7,202.6603426076075
10900,305.03933333333333,203.77599999999998,280.60266666666666,202.8129903170938
10910,304.98866666666663,203.922,280.50533333333334,202.9656380265801
10920,304.938,204.06799999999998,280.408,203.1182857360664
10930,304.8873333333333,204.214,280.31066666666663,203.2709334455527
10940,304.83666666666664,204.35999999999999,280.2133333333333,203.42358115503902
10950,304.786,204.506,280.116,203.57622886452532
10960,304.7353333333333,204.652,280.01866666666666,203.72887657401162
10970,304.68466666666666,204.798,279.92133333333334,203.8815242834979
10980,304.63399999999996,204.944,279.824,204.0341719929842
10990,304.5833333333333,205.09,279.7266666666667,204.1868197024705
11000,304.53266666666667,205.236,279.62933333333336,204.3394674119568
11010,304.48199999999997,205.382,279.532,204.4921151214431
11020,304.4313333333333,205.528,279.43466666666666,204.6447628309294
11030,304.3806666666666,205.674,279.33733333333333,204.7974105404157
11040,304.33,205.82,279.24,204.950058249902
11050,304.26866666666666,205.654,279.132,204.77635944839525
11060,304.20733333333334,205.488,279.024,204.60266064688852
11070,304.146,205.322,278.916,204.42896184538176
11080,304.08466666666664,205.156,278.808,204.25526304387503
11090,304.0233333333333,204.99,278.7,204.08156424236827
11100,303.962,204.824,278.592,203.9078654408615
11110,303.90066666666667,204.65800000000002,278.484,203.73416663935478
11120,303.83933333333334,204.492,278.37600000000003,203.56046783784802
11130,303.778,204.326,278.26800000000003,203.3867690363413
11140,303.7166666666667,204.16,278.16,203.21307023483453
11150,303.6553333333334,203.994,278.052,203.03937143332777
11160,303.594,203.828,277.944,202.86567263182104
11170,303.53266666666667,203.662,277.836,202.69197383031428
11180,303.47133333333335,203.496,277.728,202.51827502880755
11190,303.41,203.33,277.62,202.3445762273008
11200,303.34066666666666,203.238,277.512,202.25579860177504
11210,303.27133333333336,203.14600000000002,277.404,202.1670209762493
11220,303.202,203.054,277.296,202.07824335072354
11230,303.1326666666667,202.96200000000002,277.188,201.9894657251978
11240,303.06333333333333,202.87,277.08,201.90068809967204
11250,302.994,202.778,276.972,201.8119104741463
11260,302.92466666666667,202.686,276.864,201.72313284862054
11270,302.85533333333336,202.594,276.75600000000003,201.63435522309476
11280,302.786,202.502,276.648,201.545577597569
11290,302.7166666666667,202.41,276.54,201.45679997204326
11300,302.64733333333334,202.31799999999998,276.432,201.3680223465175
11310,302.57800000000003,202.226,276.324,201.27924472099176
11320,302.50866666666667,202.134,276.216,201.190467095466
11330,302.43933333333337,202.042,276.108,201.10168946994025
11340,302.37,201.95,276.0,201.0129118444145
11350,302.29333333333335,202.04,275.908,201.11465690728815
11360,302.2166666666667,202.13,275.816,201.21640197016177
11370,302.14,202.22,275.724,201.31814703303542
11380,302.06333333333333,202.31,275.632,201.41989209590903
11390,301.9866666666667,202.4,275.54,201.52163715878268
11400,301.91,202.49,275.448,201.6233822216563
11410,301.83333333333337,202.58,275.356,201.72512728452995
11420,301.75666666666666,202.67,275.264,201.82687234740357
11430,301.68,202.76,275.172,201.9286174102772
11440,301.60333333333335,202.85,275.08,202.03036247315083
11450,301.5266666666667,202.94,274.988,202.13210753602448
11460,301.45000000000005,203.03,274.896,202.2338525988981
11470,301.37333333333333,203.12,274.80400000000003,202.33559766177174
11480,301.2966666666667,203.21,274.712,202.43734272464536
11490,301.22,203.3,274.62,202.539087787519
11500,301.13866666666667,203.68733333333336,274.572,202.9369570512104
11510,301.05733333333336,204.07466666666667,274.524,203.33482631490182
11520,300.976,204.46200000000002,274.476,203.7326955785932
11530,300.8946666666667,204.84933333333333,274.428,204.1305648422846
11540,300.81333333333333,205.23666666666668,274.38,204.528434105976
11550,300.732,205.62400000000002,274.332,204.9263033696674
11560,300.65066666666667,206.01133333333334,274.284,205.3241726333588
11570,300.56933333333336,206.39866666666668,274.236,205.7220418970502
11580,300.488,206.786,274.188,206.1199111607416
11590,300.4066666666667,207.17333333333335,274.14,206.517780424433
11600,300.32533333333333,207.5606666666667,274.092,206.9156496881244
11610,300.244,207.948,274.044,207.3135189518158
11620,300.16266666666667,208.33533333333335,273.996,207.71138821550718
11630,300.08133333333336,208.72266666666667,273.948,208.1092574791986
11640,300.0,209.11,273.9,208.50712674289
11650,299.9153333333333,208.97866666666667,273.828,208.36205016942296
11660,299.8306666666667,208.84733333333335,273.756,208.2169735959559
11670,299.746,208.716,273.68399999999997,208.07189702248886
11680,299.66133333333335,208.58466666666666,273.61199999999997,207.9268204490218
11690,299.57666666666665,208.45333333333335,273.53999999999996,207.78174387555475
11700,299.492,208.322,273.46799999999996,207.6366673020877
11710,299.4073333333333,208.19066666666666,273.39599999999996,207.49159072862065
11720,299.3226666666667,208.05933333333334,273.324,207.34651415515359
11730,299.238,207.928,273.252,207.20143758168655
11740,299.15333333333336,207.79666666666665,273.18,207.05636100821948
11750,299.0686666666667,207.66533333333334,273.108,206.91128443475245
11760,298.98400000000004,207.534,273.036,206.76620786128538
11770,298.89933333333335,207.40266666666665,272.964,206.62113128781834
11780,298.8146666666667,207.27133333333333,272.892,206.47605471435128
11790,298.73,207.14,272.82,206.33097814088424
11800,298.642,207.206,272.75,206.40563572952917
11810,298.55400000000003,207.272,272.68,206.48029331817406
11820,298.466,207.338,272.61,206.554950906819
11830,298.37800000000004,207.404,272.53999999999996,206.6296084954639
11840,298.29,207.47,272.46999999999997,206.70426608410884
11850,298.202,207.536,272.4,206.77892367275373
11860,298.11400000000003,207.602,272.33,206.85358126139866
11870,298.026,207.66799999999998,272.26,206.92823885004358
11880,297.93800000000005,207.73399999999998,272.19,207.0028964386885
11890,297.85,207.79999999999998,272.12,207.0775540273334
11900,297.762,207.86599999999999,272.05,207.15221161597833
11910,297.67400000000004,207.932,271.97999999999996,207.22686920462326
11920,297.586,207.998,271.90999999999997,207.30152679326818
11930,297.49800000000005,208.064,271.84,207.37618438191308
11940,297.41,208.13,271.77,207.450841970558
11950,297.3206666666667,208.21733333333333,271.71466666666663,207.5350348059917
11960,297.23133333333334,208.30466666666666,271.65933333333334,207.61922764142537
11970,297.142,208.392,271.604,207.70342047685907
11980,297.0526666666667,208.47933333333333,271.54866666666663,207.78761331229273
11990,296.96333333333337,208.56666666666666,271.49333333333334,207.87180614772643
12000,296.874,208.654,271.438,207.95599898316013
12010,296.7846666666667,208.74133333333333,271.38266666666664,208.0401918185938
12020,296.69533333333334,208.82866666666666,271.32733333333334,208.1243846540275
12030,296.606,208.916,271.272,208.20857748946116
12040,296.51666666666665,209.00333333333333,271.21666666666664,208.29277032489486
12050,296.4273333333333,209.09066666666666,271.16133333333335,208.37696316032856
12060,296.338,209.178,271.106,208.46115599576223
12070,296.2486666666667,209.26533333333333,271.05066666666664,208.54534883119592
12080,296.15933333333334,209.35266666666666,270.99533333333335,208.6295416666296
12090,296.07,209.44,270.94,208.7137345020633
12100,295.98066666666665,209.326,270.8666666666667,208.59726366896254
12110,295.8913333333333,209.212,270.79333333333335,208.4807928358618
12120,295.802,209.09799999999998,270.71999999999997,208.36432200276104
12130,295.7126666666667,208.984,270.64666666666665,208.24785116966027
12140,295.62333333333333,208.87,270.5733333333333,208.13138033655952
12150,295.534,208.756,270.5,208.01490950345877
12160,295.44466666666665,208.642,270.4266666666667,207.89843867035802
12170,295.35533333333336,208.528,270.3533333333333,207.78196783725727
12180,295.266,208.414,270.28,207.66549700415652
12190,295.1766666666667,208.29999999999998,270.20666666666665,207.54902617105577
12200,295.08733333333333,208.18599999999998,270.1333333333333,207.43255533795502
12210,294.998,208.072,270.06,207.31608450485425
12220,294.9086666666667,207.958,269.9866666666666,207.1996136717535
12230,294.81933333333336,207.844,269.9133333333333,207.08314283865275
12240,294.73,207.73,269.84,206.966672005552
12250,294.6406666666667,207.672,269.76533333333333,206.9097338878623
12260,294.55133333333333,207.614,269.69066666666663,206.8527957701726
12270,294.462,207.55599999999998,269.616,206.7958576524829
12280,294.3726666666667,207.498,269.54133333333334,206.73891953479318
12290,294.28333333333336,207.44,269.46666666666664,206.6819814171035
12300,294.194,207.382,269.392,206.6250432994138
12310,294.1046666666667,207.324,269.31733333333335,206.5681051817241
12320,294.01533333333333,207.266,269.24266666666665,206.5111670640344
12330,293.926,207.208,269.168,206.4542289463447
12340,293.83666666666664,207.15,269.09333333333336,206.397290828655
12350,293.7473333333333,207.092,269.01866666666666,206.3403527109653
12360,293.658,207.03400000000002,268.944,206.28341459327558
12370,293.5686666666667,206.976,268.8693333333334,206.22647647558588
12380,293.47933333333333,206.918,268.79466666666667,206.1695383578962
12390,293.39,206.86,268.72,206.1126002402065
12400,293.2993333333333,206.91400000000002,268.65133333333335,206.17115628307712
12410,293.20866666666666,206.96800000000002,268.5826666666667,206.22971232594776
12420,293.118,207.02200000000002,268.514,206.2882683688184
12430,293.02733333333333,207.076,268.44533333333334,206.34682441168903
12440,292.93666666666667,207.13,268.37666666666667,206.40538045455966
12450,292.846,207.184,268.308,206.4639364974303
12460,292.75533333333334,207.238,268.2393333333333,206.52249254030093
12470,292.6646666666666,207.292,268.1706666666667,206.58104858317157
12480,292.57399999999996,207.346,268.10200000000003,206.6396046260422
12490,292.4833333333333,207.4,268.03333333333336,206.69816066891283
12500,292.3926666666666,207.454,267.9646666666667,206.75671671178347
12510,292.30199999999996,207.50799999999998,267.896,206.8152727546541
12520,292.2113333333333,207.56199999999998,267.82733333333334,206.87382879752474
12530,292.12066666666664,207.61599999999999,267.75866666666667,206.93238484039537
12540,292.03,207.67,267.69,206.990940883266
12550,291.94,207.75733333333332,267.63266666666664,207.07907908088652
12560,291.84999999999997,207.84466666666665,267.57533333333333,207.167217278507
12570,291.76,207.932,267.518,207.2553554761275
12580,291.66999999999996,208.01933333333332,267.46066666666667,207.34349367374801
12590,291.58,208.10666666666665,267.4033333333333,207.4316318713685
12600,291.49,208.194,267.346,207.519770068989
12610,291.4,208.28133333333332,267.28866666666664,207.6079082666095
12620,291.31,208.36866666666666,267.23133333333334,207.69604646423
12630,291.21999999999997,208.456,267.174,207.7841846618505
12640,291.13,208.54333333333332,267.1166666666667,207.872322859471
12650,291.04,208.63066666666666,267.0593333333333,207.9604610570915
12660,290.95,208.718,267.002,208.048599254712
12670,290.86,208.80533333333332,266.94466666666665,208.1367374523325
12680,290.77,208.89266666666666,266.88733333333334,208.224875649953
12690,290.68,208.98,266.83,208.3130138475735
12700,290.59066666666666,209.01066666666665,266.7713333333333,208.3448221941334
12710,290.5013333333333,209.0413333333333,266.7126666666667,208.3766305406933
12720,290.412,209.072,266.654,208.4084388872532
12730,290.3226666666667,209.10266666666666,266.5953333333333,208.4402472338131
12740,290.23333333333335,209.13333333333333,266.53666666666663,208.472055580373
12750,290.144,209.164,266.478,208.5038639269329
12760,290.05466666666666,209.19466666666665,266.4193333333333,208.5356722734928
12770,289.9653333333333,209.22533333333334,266.36066666666665,208.56748062005272
12780,289.876,209.256,266.30199999999996,208.59928896661262
12790,289.78666666666663,209.28666666666666,266.24333333333334,208.63109731317252
12800,289.6973333333333,209.31733333333332,266.18466666666666,208.66290565973242
12810,289.608,209.34799999999998,266.126,208.69471400629232
12820,289.51866666666666,209.37866666666667,266.0673333333333,208.72652235285221
12830,289.4293333333333,209.40933333333334,266.00866666666667,208.7583306994121
12840,289.34,209.44,265.95,208.790139045972
12850,289.25199999999995,209.49333333333334,265.89466666666664,208.8450879017132
12860,289.164,209.54666666666665,265.83933333333334,208.90003675745442
12870,289.07599999999996,209.6,265.784,208.95498561319562
12880,288.988,209.65333333333334,265.72866666666664,209.00993446893682
12890,288.9,209.70666666666668,265.67333333333335,209.06488332467802
12900,288.81199999999995,209.76,265.618,209.11983218041922
12910,288.724,209.81333333333333,265.56266666666664,209.17478103616043
12920,288.63599999999997,209.86666666666667,265.50733333333335,209.2297298919016
12930,288.548,209.92000000000002,265.452,209.2846787476428
12940,288.46,209.97333333333333,265.39666666666665,209.339627603384
12950,288.37199999999996,210.02666666666667,265.34133333333335,209.3945764591252
12960,288.284,210.08,265.286,209.4495253148664
12970,288.19599999999997,210.13333333333335,265.23066666666665,209.5044741706076
12980,288.108,210.18666666666667,265.17533333333336,209.5594230263488
12990,288.02,210.24,265.12,209.61437188209
13000,287.93266666666665,209.94466666666668,265.04133333333334,209.30322508709617
13010,287.8453333333333,209.64933333333335,264.9626666666667,208.99207829210235
13020,287.758,209.354,264.884,208.6809314971085
13030,287.67066666666665,209.05866666666668,264.80533333333335,208.36978470211469
13040,287.5833333333333,208.76333333333335,264.7266666666667,208.05863790712084
13050,287.496,208.46800000000002,264.648,207.747491112127
13060,287.40866666666665,208.1726666666667,264.56933333333336,207.43634431713318
13070,287.3213333333333,207.87733333333333,264.49066666666664,207.12519752213933
13080,287.234,207.582,264.412,206.8140507271455
13090,287.14666666666665,207.28666666666666,264.3333333333333,206.50290393215167
13100,287.0593333333333,206.99133333333333,264.25466666666665,206.19175713715782
13110,286.972,206.696,264.176,205.880610342164
13120,286.88466666666665,206.40066666666667,264.0973333333333,205.56946354717016
13130,286.7973333333333,206.10533333333333,264.01866666666666,205.25831675217634
13140,286.71,205.81,263.94,204.9471699571825
13150,286.62399999999997,205.61133333333333,263.838,204.76185957955096
13160,286.538,205.41266666666667,263.736,204.5765492019194
13170,286.452,205.214,263.634,204.39123882428785
13180,286.366,205.01533333333333,263.532,204.20592844665632
13190,286.28,204.81666666666666,263.43,204.02061806902475
13200,286.194,204.618,263.32800000000003,203.8353076913932
13210,286.108,204.41933333333333,263.226,203.64999731376167
13220,286.022,204.2206666666667,263.124,203.4646869361301
13230,285.936,204.02200000000002,263.022,203.27937655849857
13240,285.85,203.82333333333335,262.92,203.09406618086703
13250,285.764,203.62466666666668,262.81800000000004,202.90875580323547
13260,285.678,203.42600000000002,262.716,202.72344542560393
13270,285.592,203.22733333333335,262.61400000000003,202.5381350479724
13280,285.50600000000003,203.02866666666668,262.512,202.35282467034082
13290,285.42,202.83,262.41,202.16751429270928
13300,285.3353333333333,203.24933333333334,262.3726666666667,202.59997240053733
13310,285.2506666666667,203.66866666666667,262.3353333333334,203.0324305083654
13320,285.166,204.08800000000002,262.298,203.46488861619343
13330,285.08133333333336,204.50733333333335,262.2606666666667,203.89734672402147
13340,284.99666666666667,204.92666666666668,262.22333333333336,204.32980483184951
13350,284.912,205.346,262.18600000000004,204.76226293967758
13360,284.82733333333334,205.76533333333333,262.1486666666667,205.19472104750562
13370,284.74266666666665,206.1846666666667,262.11133333333333,205.62717915533366
13380,284.658,206.604,262.074,206.0596372631617
13390,284.5733333333333,207.02333333333334,262.0366666666667,206.49209537098977
13400,284.48866666666663,207.44266666666667,261.99933333333337,206.9245534788178
13410,284.404,207.862,261.96200000000005,207.35701158664585
13420,284.3193333333333,208.28133333333335,261.92466666666667,207.7894696944739
13430,284.23466666666667,208.70066666666668,261.88733333333334,208.22192780230196
13440,284.15,209.12,261.85,208.65438591013
13450,284.06666666666666,209.00733333333335,261.79266666666666,208.5279498493655
13460,283.9833333333333,208.89466666666667,261.73533333333336,208.401513788601
13470,283.9,208.782,261.678,208.2750777278365
13480,283.81666666666666,208.66933333333333,261.6206666666667,208.148641667072
13490,283.7333333333333,208.55666666666667,261.56333333333333,208.0222056063075
13500,283.65,208.44400000000002,261.50600000000003,207.895769545543
13510,283.56666666666666,208.33133333333333,261.44866666666667,207.7693334847785
13520,283.4833333333333,208.21866666666668,261.39133333333336,207.642897424014
13530,283.4,208.106,261.334,207.5164613632495
13540,283.31666666666666,207.99333333333334,261.2766666666667,207.39002530248501
13550,283.2333333333333,207.88066666666668,261.21933333333334,207.2635892417205
13560,283.15,207.768,261.16200000000003,207.137153180956
13570,283.06666666666666,207.65533333333335,261.1046666666667,207.01071712019152
13580,282.9833333333333,207.54266666666666,261.04733333333337,206.884281059427
13590,282.9,207.43,260.99,206.7578449986625
13600,282.818,207.50533333333334,260.934,206.84149422381594
13610,282.736,207.58066666666667,260.878,206.92514344896938
13620,282.654,207.656,260.822,207.00879267412282
13630,282.572,207.73133333333334,260.766,207.09244189927622
13640,282.49,207.80666666666667,260.71,207.17609112442966
13650,282.408,207.882,260.654,207.2597403495831
13660,282.326,207.95733333333334,260.598,207.34338957473653
13670,282.24399999999997,208.03266666666667,260.542,207.42703879988997
13680,282.162,208.108,260.486,207.5106880250434
13690,282.08,208.18333333333334,260.43,207.59433725019684
13700,281.998,208.25866666666667,260.37399999999997,207.67798647535028
13710,281.916,208.334,260.318,207.7616357005037
13720,281.834,208.40933333333334,260.262,207.84528492565713
13730,281.752,208.48466666666667,260.20599999999996,207.92893415081056
13740,281.67,208.56,260.15,208.012583375964
13750,281.588,208.61466666666666,260.1066666666666,208.0613329319772
13760,281.50600000000003,208.66933333333333,260.06333333333333,208.1100824879904
13770,281.42400000000004,208.724,260.02,208.1588320440036
13780,281.342,208.77866666666668,259.97666666666663,208.2075816000168
13790,281.26,208.83333333333334,259.93333333333334,208.25633115603
13800,281.178,208.888,259.89,208.3050807120432
13810,281.096,208.94266666666667,259.84666666666664,208.3538302680564
13820,281.014,208.99733333333333,259.80333333333334,208.4025798240696
13830,280.932,209.052,259.76,208.4513293800828
13840,280.85,209.10666666666665,259.71666666666664,208.500078936096
13850,280.76800000000003,209.16133333333332,259.67333333333335,208.5488284921092
13860,280.686,209.216,259.63,208.59757804812241
13870,280.604,209.27066666666667,259.58666666666664,208.6463276041356
13880,280.522,209.32533333333333,259.54333333333335,208.6950771601488
13890,280.44,209.38,259.5,208.743826716162
13900,280.36,209.154,259.4266666666667,208.5126916479768
13910,280.28,208.928,259.35333333333335,208.2815565797916
13920,280.2,208.702,259.28,208.0504215116064
13930,280.12,208.476,259.20666666666665,207.8192864434212
13940,280.04,208.25,259.1333333333333,207.588151375236
13950,279.96,208.024,259.06,207.3570163070508
13960,279.88,207.798,258.9866666666667,207.1258812388656
13970,279.8,207.572,258.9133333333333,206.8947461706804
13980,279.72,207.346,258.84,206.6636111024952
13990,279.64,207.12,258.76666666666665,206.43247603430999
14000,279.56,206.894,258.6933333333333,206.2013409661248
14010,279.48,206.668,258.62,205.9702058979396
14020,279.40000000000003,206.442,258.5466666666666,205.73907082975438
14030,279.32,206.216,258.4733333333333,205.5079357615692
14040,279.24,205.99,258.4,205.276800693384
14050,279.16066666666666,205.96133333333333,258.332,205.2527223513199
14060,279.08133333333336,205.93266666666668,258.26399999999995,205.2286440092558
14070,279.002,205.904,258.19599999999997,205.2045656671917
14080,278.92266666666666,205.87533333333334,258.128,205.1804873251276
14090,278.84333333333336,205.84666666666666,258.06,205.1564089830635
14100,278.764,205.818,257.99199999999996,205.13233064099938
14110,278.68466666666666,205.78933333333333,257.924,205.1082522989353
14120,278.60533333333336,205.76066666666668,257.856,205.08417395687118
14130,278.526,205.732,257.788,205.0600956148071
14140,278.44666666666666,205.70333333333335,257.71999999999997,205.03601727274298
14150,278.36733333333336,205.67466666666667,257.652,205.0119389306789
14160,278.288,205.64600000000002,257.584,204.98786058861478
14170,278.20866666666666,205.61733333333333,257.516,204.9637822465507
14180,278.12933333333336,205.58866666666668,257.448,204.93970390448658
14190,278.05,205.56,257.38,204.9156255624225
14200,277.97266666666667,205.65266666666668,257.32533333333333,205.01487418850505
14210,277.8953333333333,205.74533333333332,257.27066666666667,205.11412281458763
14220,277.818,205.838,257.216,205.2133714406702
14230,277.7406666666667,205.93066666666667,257.16133333333335,205.31262006675277
14240,277.66333333333336,206.02333333333334,257.1066666666667,205.41186869283533
14250,277.586,206.11599999999999,257.052,205.51111731891788
14260,277.50866666666667,206.20866666666666,256.99733333333336,205.61036594500047
14270,277.4313333333333,206.30133333333333,256.94266666666664,205.70961457108302
14280,277.354,206.394,256.888,205.8088631971656
14290,277.27666666666664,206.48666666666665,256.8333333333333,205.90811182324816
14300,277.1993333333333,206.57933333333332,256.77866666666665,206.00736044933072
14310,277.122,206.672,256.724,206.1066090754133
14320,277.04466666666667,206.76466666666667,256.6693333333333,206.20585770149586
14330,276.96733333333333,206.85733333333332,256.61466666666666,206.30510632757844
14340,276.89,206.95,256.56,206.404354953661
14350,276.81333333333333,206.968,256.5126666666667,206.41604558212893
14360,276.7366666666667,206.986,256.4653333333333,206.42773621059686
14370,276.65999999999997,207.004,256.418,206.4394268390648
14380,276.5833333333333,207.022,256.3706666666667,206.45111746753273
14390,276.50666666666666,207.04,256.3233333333333,206.46280809600066
14400,276.43,207.058,256.276,206.4744987244686
14410,276.35333333333335,207.076,256.22866666666664,206.48618935293652
14420,276.27666666666664,207.094,256.1813333333333,206.49787998140448
14430,276.2,207.112,256.134,206.5095706098724
14440,276.12333333333333,207.13,256.08666666666664,206.52126123834034
14450,276.0466666666667,207.148,256.03933333333333,206.53295186680828
14460,275.97,207.166,255.992,206.5446424952762
14470,275.8933333333333,207.184,255.94466666666665,206.55633312374414
14480,275.81666666666666,207.202,255.89733333333334,206.56802375221207
14490,275.74,207.22,255.85,206.57971438068
14500,275.6646666666667,206.93933333333334,255.77066666666667,206.29296204577201
14510,275.58933333333334,206.65866666666668,255.69133333333332,206.006209710864
14520,275.514,206.378,255.612,205.719457375956
14530,275.4386666666667,206.09733333333332,255.53266666666667,205.432705041048
14540,275.36333333333334,205.81666666666666,255.45333333333332,205.14595270614
14550,275.288,205.536,255.374,204.859200371232
14560,275.2126666666667,205.25533333333334,255.29466666666667,204.572448036324
14570,275.13733333333334,204.97466666666665,255.21533333333332,204.285695701416
14580,275.062,204.694,255.136,203.998943366508
14590,274.9866666666667,204.41333333333333,255.05666666666667,203.71219103159999
14600,274.91133333333335,204.13266666666667,254.97733333333332,203.425438696692
14610,274.836,203.852,254.898,203.13868636178398
14620,274.7606666666667,203.5713333333333,254.81866666666667,202.851934026876
14630,274.68533333333335,203.29066666666665,254.73933333333332,202.56518169196798
14640,274.61,203.01,254.66,202.27842935706
14650,274.536,203.13266666666667,254.602,202.4135550348052
14660,274.462,203.2553333333333,254.54399999999998,202.54868071255038
14670,274.38800000000003,203.378,254.486,202.6838063902956
14680,274.314,203.50066666666666,254.428,202.8189320680408
14690,274.24,203.62333333333333,254.37,202.954057745786
14700,274.166,203.74599999999998,254.31199999999998,203.08918342353118
14710,274.092,203.86866666666666,254.254,203.2243091012764
14720,274.01800000000003,203.99133333333333,254.196,203.3594347790216
14730,273.944,204.114,254.138,203.4945604567668
14740,273.87,204.23666666666665,254.07999999999998,203.62968613451199
14750,273.796,204.35933333333332,254.022,203.7648118122572
14760,273.722,204.482,253.964,203.8999374900024
14770,273.648,204.60466666666667,253.906,204.0350631677476
14780,273.574,204.72733333333332,253.84799999999998,204.1701888454928
14790,273.5,204.85,253.79,204.305314523238
14800,273.4266666666667,205.024,253.75066666666666,204.48460914826492
14810,273.35333333333335,205.198,253.71133333333333,204.66390377329188
14820,273.28,205.37199999999999,253.672,204.8431983983188
14830,273.20666666666665,205.546,253.63266666666667,205.02249302334573
14840,273.1333333333333,205.72,253.59333333333333,205.20178764837266
14850,273.06,205.894,253.554,205.3810822733996
14860,272.9866666666667,206.068,253.51466666666667,205.56037689842654
14870,272.9133333333333,206.242,253.4753333333333,205.73967152345347
14880,272.84,206.416,253.43599999999998,205.9189661484804
14890,272.76666666666665,206.59,253.39666666666665,206.09826077350735
14900,272.6933333333333,206.764,253.35733333333332,206.27755539853428
14910,272.62,206.93800000000002,253.31799999999998,206.4568500235612
14920,272.5466666666666,207.112,253.27866666666665,206.63614464858813
14930,272.4733333333333,207.286,253.23933333333332,206.81543927361508
14940,272.4,207.46,253.2,206.994733898642
14950,272.328,207.54466666666667,253.16666666666666,207.07462141952024
14960,272.256,207.62933333333334,253.13333333333333,207.15450894039847
14970,272.18399999999997,207.714,253.1,207.23439646127673
14980,272.11199999999997,207.79866666666666,253.06666666666666,207.31428398215496
14990,272.03999999999996,207.88333333333333,253.03333333333333,207.3941715030332
15000,271.96799999999996,207.968,253.0,207.47405902391142
15010,271.89599999999996,208.05266666666665,252.96666666666667,207.55394654478965
15020,271.824,208.13733333333334,252.9333333333333,207.6338340656679
15030,271.752,208.222,252.89999999999998,207.71372158654614
15040,271.68,208.30666666666667,252.86666666666665,207.79360910742437
15050,271.608,208.39133333333334,252.83333333333331,207.8734966283026
15060,271.536,208.476,252.79999999999998,207.95338414918083
15070,271.464,208.56066666666666,252.76666666666665,208.0332716700591
15080,271.392,208.64533333333333,252.73333333333332,208.11315919093732
15090,271.32,208.73,252.7,208.19304671181555
15100,271.2486666666667,208.57066666666665,252.64133333333334,208.02995107711465
15110,271.1773333333333,208.41133333333332,252.58266666666665,207.86685544241374
15120,271.106,208.25199999999998,252.524,207.70375980771286
15130,271.0346666666667,208.09266666666667,252.46533333333332,207.54066417301195
15140,270.9633333333333,207.93333333333334,252.40666666666667,207.37756853831104
15150,270.892,207.774,252.34799999999998,207.21447290361013
15160,270.8206666666667,207.61466666666666,252.28933333333333,207.05137726890922
15170,270.7493333333333,207.45533333333333,252.23066666666665,206.88828163420834
15180,270.678,207.296,252.172,206.72518599950743
15190,270.6066666666667,207.13666666666666,252.11333333333332,206.56209036480652
15200,270.5353333333333,206.97733333333332,252.05466666666666,206.3989947301056
15210,270.464,206.818,251.99599999999998,206.2358990954047
15220,270.3926666666667,206.65866666666668,251.93733333333333,206.07280346070382
15230,270.3213333333333,206.49933333333334,251.87866666666665,205.90970782600291
15240,270.25,206.34,251.82,205.746612191302
15250,270.18,206.46666666666667,251.77733333333333,205.8818706742639
15260,270.11,206.59333333333333,251.73466666666667,206.0171291572258
15270,270.04,206.72,251.692,206.1523876401877
15280,269.96999999999997,206.84666666666666,251.64933333333332,206.2876461231496
15290,269.9,206.97333333333333,251.60666666666665,206.4229046061115
15300,269.83,207.1,251.564,206.5581630890734
15310,269.76,207.22666666666666,251.52133333333333,206.6934215720353
15320,269.69,207.35333333333335,251.47866666666667,206.8286800549972
15330,269.62,207.48000000000002,251.436,206.9639385379591
15340,269.55,207.60666666666668,251.39333333333335,207.099197020921
15350,269.48,207.73333333333335,251.35066666666668,207.23445550388288
15360,269.40999999999997,207.86,251.308,207.3697139868448
15370,269.34,207.98666666666668,251.26533333333333,207.5049724698067
15380,269.27,208.11333333333334,251.22266666666667,207.6402309527686
15390,269.2,208.24,251.18,207.7754894357305
15400,269.1306666666667,208.25266666666667,251.13866666666667,207.78506296569824
15410,269.0613333333333,208.26533333333333,251.09733333333335,207.79463649566603
15420,268.992,208.27800000000002,251.056,207.80421002563378
15430,268.92266666666666,208.29066666666668,251.01466666666667,207.81378355560156
15440,268.85333333333335,208.30333333333334,250.97333333333333,207.8233570855693
15450,268.784,208.316,250.93200000000002,207.83293061553707
15460,268.7146666666667,208.32866666666666,250.89066666666668,207.84250414550485
15470,268.6453333333333,208.34133333333335,250.84933333333333,207.8520776754726
15480,268.576,208.354,250.808,207.86165120544038
15490,268.50666666666666,208.36666666666667,250.76666666666668,207.87122473540813
15500,268.43733333333336,208.37933333333334,250.72533333333334,207.8807982653759
15510,268.368,208.392,250.684,207.89037179534367
15520,268.2986666666667,208.40466666666669,250.64266666666666,207.89994532531142
15530,268.22933333333333,208.41733333333335,250.60133333333334,207.9095188552792
15540,268.16,208.43,250.56,207.91909238524696
15550,268.09200000000004,208.45466666666667,250.51533333333333,207.948841906843
15560,268.024,208.47933333333333,250.47066666666666,207.97859142843902
15570,267.956,208.50400000000002,250.426,208.00834095003506
15580,267.88800000000003,208.52866666666668,250.38133333333334,208.0380904716311
15590,267.82,208.55333333333334,250.33666666666667,208.06783999322712
15600,267.752,208.578,250.292,208.09758951482317
15610,267.684,208.60266666666666,250.24733333333333,208.12733903641922
15620,267.616,208.62733333333335,250.20266666666666,208.15708855801523
15630,267.548,208.65200000000002,250.158,208.18683807961128
15640,267.48,208.67666666666668,250.11333333333332,208.21658760120732
15650,267.412,208.70133333333334,250.06866666666664,208.24633712280334
15660,267.344,208.726,250.024,208.27608664439938
15670,267.276,208.7506666666667,249.97933333333333,208.30583616599543
15680,267.20799999999997,208.77533333333335,249.93466666666666,208.33558568759145
15690,267.14,208.8,249.89,208.3653352091875
15700,267.0733333333333,208.99066666666667,249.86466666666666,208.5611216670342
15710,267.00666666666666,209.18133333333336,249.83933333333331,208.75690812488088
15720,266.94,209.372,249.814,208.9526945827276
15730,266.87333333333333,209.56266666666667,249.78866666666664,209.1484810405743
15740,266.8066666666667,209.75333333333333,249.76333333333332,209.344267498421
15750,266.74,209.94400000000002,249.738,209.54005395626768
15760,266.67333333333335,210.13466666666667,249.71266666666665,209.7358404141144
15770,266.6066666666666,210.32533333333333,249.68733333333333,209.9316268719611
15780,266.53999999999996,210.516,249.66199999999998,210.1274133298078
15790,266.4733333333333,210.70666666666668,249.63666666666666,210.3231997876545
15800,266.40666666666664,210.89733333333334,249.61133333333333,210.5189862455012
15810,266.34,211.088,249.58599999999998,210.7147727033479
15820,266.2733333333333,211.27866666666665,249.56066666666666,210.9105591611946
15830,266.20666666666665,211.46933333333334,249.5353333333333,211.1063456190413
15840,266.14,211.66,249.51,211.302132076888
