Time (s),T_outer (C),T_inner (C),T_avg (C),Input Temperature (C)
0,105.859870358265,105.859870358265,105.859870358265,105.859870358265
10,105.859870358265,105.859870358265,105.859870358265,105.859870358265
20,105.859870358265,105.859870358265,105.859870358265,105.859870358265
30,105.859870358265,105.859870358265,105.859870358265,105.859870358265
40,105.859870358265,105.859870358265,105.859870358265,105.859870358265
50,105.859870358265,105.859870358265,105.859870358265,105.859870358265
60,105.859870358265,105.859870358265,105.859870358265,105.859870358265
70,105.859870358265,105.859870358265,105.859870358265,105.859870358265
80,105.859870358265,105.859870358265,105.859870358265,105.859870358265
90,105.859870358265,105.859870358265,105.859870358265,105.859870358265
100,105.859870358265,105.859870358265,105.859870358265,105.859870358265
110,105.859870358265,105.859870358265,105.859870358265,105.859870358265
120,105.859870358265,105.859870358265,105.859870358265,105.859870358265
130,105.859870358265,105.859870358265,105.859870358265,105.859870358265
140,105.859870358265,105.859870358265,105.859870358265,105.859870358265
150,105.859870358265,105.859870358265,105.859870358265,105.859870358265
160,105.859870358265,105.859870358265,105.859870358265,105.859870358265
170,105.859870358265,105.859870358265,105.859870358265,105.859870358265
180,105.859870358265,105.859870358265,105.859870358265,105.859870358265
190,105.859870358265,105.859870358265,105.859870358265,105.859870358265
200,105.859870358265,105.859870358265,105.859870358265,105.859870358265
210,105.859870358265,105.859870358265,105.859870358265,105.859870358265
220,105.859870358265,105.859870358265,105.859870358265,105.859870358265
230,105.859870358265,105.859870358265,105.859870358265,105.859870358265
240,105.859870358265,105.859870358265,105.859870358265,105.859870358265
250,105.859870358265,105.859870358265,105.859870358265,105.859870358265
260,105.859870358265,105.859870358265,105.859870358265,105.859870358265
270,105.859870358265,105.859870358265,105.859870358265,105.859870358265
280,105.859870358265,105.859870358265,105.859870358265,105.859870358265
290,105.859870358265,105.859870358265,105.859870358265,105.859870358265
300,105.859870358265,105.859870358265,105.859870358265,105.859870358265
310,105.859870358265,105.859870358265,105.859870358265,105.859870358265
320,105.859870358265,105.859870358265,105.859870358265,105.859870358265
330,105.859870358265,105.859870358265,105.859870358265,105.859870358265
340,105.859870358265,105.859870358265,105.859870358265,105.859870358265
350,105.859870358265,105.859870358265,105.859870358265,105.859870358265
360,105.859870358265,105.859870358265,105.859870358265,105.859870358265
370,105.859870358265,105.859870358265,105.859870358265,105.859870358265
380,105.859870358265,105.859870358265,105.859870358265,105.859870358265
390,105.859870358265,105.859870358265,105.859870358265,105.859870358265
400,105.859870358265,105.859870358265,105.859870358265,105.859870358265
410,105.859870358265,105.859870358265,105.859870358265,105.859870358265
420,105.859870358265,105.859870358265,105.859870358265,105.859870358265
430,105.859870358265,105.859870358265,105.859870358265,105.859870358265
440,105.859870358265,105.859870358265,105.859870358265,105.859870358265
450,105.859870358265,105.859870358265,105.859870358265,105.859870358265
460,105.859870358265,105.859870358265,105.859870358265,105.859870358265
470,105.859870358265,105.859870358265,105.859870358265,105.859870358265
480,105.859870358265,105.859870358265,105.859870358265,105.859870358265
490,105.859870358265,105.859870358265,105.859870358265,105.859870358265
500,105.859870358265,105.859870358265,105.859870358265,105.859870358265
510,105.859870358265,105.859870358265,105.859870358265,105.859870358265
520,105.859870358265,105.859870358265,105.859870358265,105.859870358265
530,105.859870358265,105.859870358265,105.859870358265,105.859870358265
540,105.859870358265,105.859870358265,105.859870358265,105.859870358265
550,105.859870358265,105.859870358265,105.859870358265,105.859870358265
560,105.859870358265,105.859870358265,105.859870358265,105.859870358265
570,105.859870358265,105.859870358265,105.859870358265,105.859870358265
580,105.859870358265,105.859870358265,105.859870358265,105.859870358265
590,105.859870358265,105.859870358265,105.859870358265,105.859870358265
600,105.859870358265,105.859870358265,105.859870358265,105.859870358265
610,105.859870358265,105.859870358265,105.859870358265,105.859870358265
620,105.859870358265,105.859870358265,105.859870358265,105.859870358265
630,105.859870358265,105.859870358265,105.859870358265,105.859870358265
640,105.859870358265,105.859870358265,105.859870358265,105.859870358265
650,105.859870358265,105.859870358265,105.859870358265,105.859870358265
660,105.859870358265,105.859870358265,105.859870358265,105.859870358265
670,105.859870358265,105.859870358265,105.859870358265,105.859870358265
680,105.859870358265,105.859870358265,105.859870358265,105.859870358265
690,105.859870358265,105.859870358265,105.859870358265,105.859870358265
700,105.859870358265,105.859870358265,105.859870358265,105.859870358265
710,105.859870358265,105.859870358265,105.859870358265,105.859870358265
720,105.859870358265,105.859870358265,105.859870358265,105.859870358265
730,105.859870358265,105.859870358265,105.859870358265,105.859870358265
740,105.859870358265,105.859870358265,105.859870358265,105.859870358265
750,105.859870358265,105.859870358265,105.859870358265,105.859870358265
760,105.859870358265,105.859870358265,105.859870358265,105.859870358265
770,105.859870358265,105.859870358265,105.859870358265,105.859870358265
780,105.859870358265,105.859870358265,105.859870358265,105.859870358265
790,105.859870358265,105.859870358265,105.859870358265,105.859870358265
800,105.859870358265,105.859870358265,105.859870358265,105.859870358265
810,105.859870358265,105.859870358265,105.859870358265,105.859870358265
820,105.859870358265,105.859870358265,105.859870358265,105.859870358265
830,105.859870358265,105.859870358265,105.859870358265,105.859870358265
840,105.859870358265,105.859870358265,105.859870358265,105.859870358265
850,105.859870358265,105.859870358265,105.859870358265,105.859870358265
860,105.859870358265,105.859870358265,105.859870358265,105.859870358265
870,105.859870358265,105.859870358265,105.859870358265,105.859870358265
880,105.859870358265,105.859870358265,105.859870358265,105.859870358265
890,105.859870358265,105.859870358265,105.859870358265,105.859870358265
900,105.859870358265,105.859870358265,105.859870358265,105.859870358265
910,105.859870358265,105.859870358265,105.859870358265,105.859870358265
920,105.859870358265,105.859870358265,105.859870358265,105.859870358265
930,105.859870358265,105.859870358265,105.859870358265,105.859870358265
940,105.859870358265,105.859870358265,105.859870358265,105.859870358265
950,105.859870358265,105.859870358265,105.859870358265,105.859870358265
960,105.859870358265,105.859870358265,105.859870358265,105.859870358265
970,105.859870358265,105.859870358265,105.859870358265,105.859870358265
980,105.859870358265,105.859870358265,105.859870358265,105.859870358265
990,105.859870358265,105.859870358265,105.859870358265,105.859870358265
1000,105.859870358265,105.859870358265,105.859870358265,105.859870358265
1010,105.859870358265,105.859870358265,105.859870358265,105.859870358265
1020,105.859870358265,105.859870358265,105.859870358265,105.859870358265
1030,105.859870358265,105.859870358265,105.859870358265,105.859870358265
1040,105.859870358265,105.859870358265,105.859870358265,105.859870358265
1050,105.859870358265,105.859870358265,105.859870358265,105.859870358265
1060,105.859870358265,105.859870358265,105.859870358265,105.859870358265
1070,105.859870358265,105.859870358265,105.859870358265,105.859870358265
1080,105.859870358265,105.859870358265,105.859870358265,105.859870358265
1090,105.859870358265,105.859870358265,105.859870358265,105.859870358265
1100,105.859870358265,105.859870358265,105.859870358265,105.859870358265
1110,105.859870358265,105.859870358265,105.859870358265,105.859870358265
1120,105.859870358265,105.859870358265,105.859870358265,105.859870358265
1130,105.859870358265,105.859870358265,105.859870358265,105.859870358265
1140,105.859870358265,105.859870358265,105.859870358265,105.859870358265
1150,105.859870358265,105.859870358265,105.859870358265,105.859870358265
1160,105.859870358265,105.859870358265,105.859870358265,105.859870358265
1170,105.859870358265,105.859870358265,105.859870358265,105.859870358265
1180,105.859870358265,105.859870358265,105.859870358265,105.859870358265
1190,105.859870358265,105.859870358265,105.859870358265,105.859870358265
1200,105.859870358265,105.859870358265,105.859870358265,105.859870358265
1210,105.859870358265,105.859870358265,105.859870358265,105.859870358265
1220,105.859870358265,105.859870358265,105.859870358265,105.859870358265
1230,105.859870358265,105.859870358265,105.859870358265,105.859870358265
1240,105.859870358265,105.859870358265,105.859870358265,105.859870358265
1250,105.859870358265,105.859870358265,105.859870358265,105.859870358265
1260,105.859870358265,105.859870358265,105.859870358265,105.859870358265
1270,105.859870358265,105.859870358265,105.859870358265,105.859870358265
1280,105.859870358265,105.859870358265,105.859870358265,105.859870358265
1290,105.859870358265,105.859870358265,105.859870358265,105.859870358265
1300,105.859870358265,105.859870358265,105.859870358265,105.859870358265
1310,105.859870358265,105.859870358265,105.859870358265,105.859870358265
1320,105.859870358265,105.859870358265,105.859870358265,105.859870358265
1330,105.859870358265,105.859870358265,105.859870358265,105.859870358265
1340,105.859870358265,105.859870358265,105.859870358265,105.859870358265
1350,105.859870358265,105.859870358265,105.859870358265,105.859870358265
1360,105.859870358265,105.859870358265,105.859870358265,105.859870358265
1370,105.859870358265,105.859870358265,105.859870358265,105.859870358265
1380,105.859870358265,105.859870358265,105.859870358265,105.859870358265
1390,105.859870358265,105.859870358265,105.859870358265,105.859870358265
1400,105.859870358265,105.859870358265,105.859870358265,105.859870358265
1410,105.859870358265,105.859870358265,105.859870358265,105.859870358265
1420,105.859870358265,105.859870358265,105.859870358265,105.859870358265
1430,105.859870358265,105.859870358265,105.859870358265,105.859870358265
1440,105.859870358265,105.859870358265,105.859870358265,105.859870358265
1440,105.859870358265,105.859870358265,105.859870358265,105.859870358265
1450,105.85987900104733,108.09987900104733,106.072545667714,108.19024410334475
1460,105.85988764382967,110.33988764382967,106.285220977163,110.5206178484245
1470,105.859896286612,112.579896286612,106.497896286612,112.85099159350425
1480,105.85990492939433,114.81990492939434,106.710571596061,115.18136533858399
1490,105.85991357217667,117.05991357217667,106.92324690551,117.51173908366374
1500,105.859922214959,119.299922214959,107.135922214959,119.8421128287435
1510,105.85993085774133,121.53993085774134,107.34859752440799,122.17248657382324
1520,105.85993950052367,123.77993950052367,107.561272833857,124.50286031890299
1530,105.859948143306,126.01994814330601,107.773948143306,126.83323406398273
1540,105.85995678608833,128.25995678608834,107.986623452755,129.16360780906248
1550,105.85996542887067,130.49996542887067,108.199298762204,131.49398155414224
1560,105.859974071653,132.73997407165302,108.41197407165299,133.824355299222
1570,105.85998271443533,134.97998271443535,108.624649381102,136.15472904430172
1580,105.85999135721767,137.21999135721768,108.837324690551,138.48510278938147
1590,105.86,139.46,109.05,140.81547653446123
1600,105.86,141.99466666666666,109.41799999999999,143.39882834659898
1610,105.86,144.52933333333334,109.786,145.98218015873672
1620,105.86,147.064,110.154,148.56553197087447
1630,105.86,149.59866666666667,110.52199999999999,151.14888378301222
1640,105.86,152.13333333333333,110.89,153.73223559514997
1650,105.86,154.668,111.258,156.31558740728772
1660,105.86,157.20266666666666,111.62599999999999,158.89893921942547
1670,105.86,159.73733333333334,111.994,161.48229103156325
1680,105.86,162.272,112.362,164.065642843701
1690,105.86,164.80666666666667,112.72999999999999,166.64899465583875
1700,105.86,167.34133333333332,113.098,169.2323464679765
1710,105.86,169.876,113.466,171.81569828011425
1720,105.86,172.41066666666666,113.83399999999999,174.399050092252
1730,105.86,174.94533333333334,114.202,176.98240190438975
1740,105.86,177.48,114.57,179.5657537165275
1750,105.862,179.99733333333333,115.03666666666666,182.10849204635252
1760,105.864,182.51466666666667,115.50333333333333,184.65123037617752
1770,105.866,185.03199999999998,115.97,187.19396870600255
1780,105.868,187.54933333333332,116.43666666666665,189.73670703582758
1790,105.87,190.06666666666666,116.90333333333332,192.27944536565258
1800,105.872,192.584,117.36999999999999,194.8221836954776
1810,105.874,195.10133333333334,117.83666666666666,197.36492202530263
1820,105.876,197.61866666666666,118.30333333333333,199.90766035512763
1830,105.878,200.136,118.77,202.45039868495266
1840,105.88,202.65333333333334,119.23666666666666,204.9931370147777
1850,105.882,205.17066666666668,119.70333333333332,207.5358753446027
1860,105.884,207.68800000000002,120.16999999999999,210.07861367442771
1870,105.886,210.20533333333333,120.63666666666666,212.62135200425274
1880,105.888,212.72266666666667,121.10333333333332,215.16409033407774
1890,105.89,215.24,121.57,217.70682866390277
1900,105.89866666666667,217.428,122.06333333333333,219.91536196204433
1910,105.90733333333333,219.616,122.55666666666666,222.12389526018586
1920,105.916,221.804,123.05,224.33242855832742
1930,105.92466666666667,223.99200000000002,123.54333333333332,226.54096185646895
1940,105.93333333333334,226.18,124.03666666666666,228.7494951546105
1950,105.942,228.368,124.53,230.95802845275207
1960,105.95066666666666,230.556,125.02333333333333,233.1665617508936
1970,105.95933333333333,232.744,125.51666666666667,235.37509504903517
1980,105.968,234.93200000000002,126.00999999999999,237.5836283471767
1990,105.97666666666666,237.12,126.50333333333333,239.79216164531826
2000,105.98533333333333,239.308,126.99666666666667,242.0006949434598
2010,105.994,241.496,127.49,244.20922824160135
2020,106.00266666666667,243.684,127.98333333333333,246.4177615397429
2030,106.01133333333333,245.872,128.47666666666666,248.62629483788444
2040,106.02,248.06,128.97,250.834828136026
2050,106.044,250.78933333333333,129.544,253.6060666218105
2060,106.068,253.51866666666666,130.118,256.377305107595
2070,106.092,256.248,130.692,259.1485435933795
2080,106.116,258.9773333333333,131.266,261.919782079164
2090,106.14,261.70666666666665,131.84,264.69102056494853
2100,106.164,264.436,132.41400000000002,267.462259050733
2110,106.188,267.16533333333336,132.988,270.2334975365175
2120,106.21199999999999,269.8946666666667,133.562,273.00473602230204
2130,106.23599999999999,272.624,134.136,275.7759745080865
2140,106.25999999999999,275.35333333333335,134.71,278.547212993871
2150,106.28399999999999,278.0826666666667,135.28400000000002,281.3184514796555
2160,106.30799999999999,280.812,135.858,284.08968996544
2170,106.332,283.54133333333334,136.43200000000002,286.86092845122454
2180,106.356,286.27066666666667,137.006,289.632166937009
2190,106.38,289.0,137.58,292.4034054227935
2200,106.42533333333333,291.5833333333333,138.20533333333336,295.0054798423136
2210,106.47066666666666,294.1666666666667,138.83066666666667,297.6075542618337
2220,106.51599999999999,296.75,139.45600000000002,300.2096286813537
2230,106.56133333333334,299.3333333333333,140.08133333333333,302.8117031008738
2240,106.60666666666667,301.9166666666667,140.70666666666668,305.41377752039386
2250,106.652,304.5,141.33200000000002,308.01585193991394
2260,106.69733333333333,307.0833333333333,141.95733333333334,310.617926359434
2270,106.74266666666666,309.6666666666667,142.58266666666668,313.22000077895405
2280,106.788,312.25,143.208,315.8220751984741
2290,106.83333333333333,314.8333333333333,143.83333333333334,318.4241496179942
2300,106.87866666666666,317.4166666666667,144.4586666666667,321.0262240375143
2310,106.924,320.0,145.084,323.62829845703436
2320,106.96933333333334,322.5833333333333,145.70933333333335,326.2303728765544
2330,107.01466666666667,325.1666666666667,146.33466666666666,328.83244729607446
2340,107.06,327.75,146.96,331.43452171559454
2350,107.13333333333334,330.246,147.61266666666668,333.9576511894148
2360,107.20666666666666,332.742,148.26533333333333,336.48078066323495
2370,107.28,335.238,148.918,339.0039101370552
2380,107.35333333333334,337.734,149.57066666666668,341.5270396108754
2390,107.42666666666666,340.23,150.22333333333333,344.0501690846956
2400,107.5,342.726,150.876,346.57329855851583
2410,107.57333333333334,345.222,151.52866666666668,349.09642803233606
2420,107.64666666666666,347.718,152.18133333333333,351.61955750615624
2430,107.72,350.214,152.834,354.1426869799765
2440,107.79333333333334,352.71,153.48666666666668,356.6658164537967
2450,107.86666666666666,355.206,154.13933333333333,359.1889459276169
2460,107.94,357.702,154.792,361.7120754014371
2470,108.01333333333334,360.198,155.44466666666668,364.23520487525735
2480,108.08666666666666,362.694,156.09733333333332,366.75833434907753
2490,108.16,365.19,156.75,369.28146382289776
2500,108.26333333333334,367.70466666666664,157.42933333333335,371.8158674715827
2510,108.36666666666666,370.21933333333334,158.10866666666666,374.3502711202677
2520,108.47,372.734,158.788,376.8846747689526
2530,108.57333333333332,375.2486666666667,159.46733333333333,379.41907841763754
2540,108.67666666666666,377.7633333333333,160.14666666666668,381.9534820663225
2550,108.78,380.278,160.826,384.48788571500745
2560,108.88333333333333,382.79266666666666,161.50533333333334,387.0222893636924
2570,108.98666666666666,385.30733333333336,162.18466666666666,389.55669301237737
2580,109.08999999999999,387.822,162.864,392.0910966610623
2590,109.19333333333333,390.3366666666667,163.54333333333332,394.6255003097472
2600,109.29666666666667,392.85133333333334,164.22266666666667,397.1599039584322
2610,109.39999999999999,395.36600000000004,164.902,399.69430760711714
2620,109.50333333333333,397.8806666666667,165.58133333333333,402.22871125580207
2630,109.60666666666665,400.3953333333334,166.26066666666668,404.76311490448705
2640,109.71,402.91,166.94,407.297518553172
2650,109.84666666666666,405.4706666666667,167.65066666666667,409.87801868367603
2660,109.98333333333333,408.03133333333335,168.36133333333333,412.4585188141801
2670,110.11999999999999,410.59200000000004,169.072,415.03901894468413
2680,110.25666666666666,413.1526666666667,169.78266666666667,417.6195190751882
2690,110.39333333333333,415.71333333333337,170.49333333333334,420.20001920569223
2700,110.53,418.274,171.204,422.7805193361963
2710,110.66666666666667,420.8346666666667,171.91466666666668,425.3610194667003
2720,110.80333333333333,423.3953333333333,172.62533333333332,427.94151959720443
2730,110.94,425.956,173.33599999999998,430.5220197277085
2740,111.07666666666667,428.51666666666665,174.04666666666665,433.10251985821253
2750,111.21333333333334,431.07733333333334,174.75733333333332,435.6830199887166
2760,111.35000000000001,433.638,175.468,438.26352011922063
2770,111.48666666666666,436.19866666666667,176.17866666666666,440.8440202497247
2780,111.62333333333333,438.7593333333333,176.88933333333333,443.4245203802287
2790,111.76,441.32,177.6,446.0050205107328
2800,111.92933333333333,443.8593333333333,178.34,448.5623709230869
2810,112.09866666666667,446.39866666666666,179.07999999999998,451.119721335441
2820,112.268,448.938,179.82,453.67707174779514
2830,112.43733333333334,451.4773333333333,180.56,456.2344221601492
2840,112.60666666666667,454.01666666666665,181.29999999999998,458.79177257250336
2850,112.776,456.556,182.04,461.34912298485744
2860,112.94533333333334,459.0953333333333,182.78,463.9064733972116
2870,113.11466666666666,461.6346666666667,183.51999999999998,466.46382380956567
2880,113.284,464.17400000000004,184.26,469.0211742219198
2890,113.45333333333333,466.71333333333337,185.0,471.5785246342739
2900,113.62266666666666,469.2526666666667,185.73999999999998,474.13587504662803
2910,113.792,471.79200000000003,186.48,476.6932254589821
2920,113.96133333333333,474.33133333333336,187.22,479.25057587133625
2930,114.13066666666667,476.8706666666667,187.95999999999998,481.80792628369034
2940,114.3,479.41,188.7,484.3652766960445
2950,114.50266666666667,481.11466666666666,189.42533333333333,486.0269147086393
2960,114.70533333333333,482.81933333333336,190.15066666666667,487.6885527212341
2970,114.908,484.524,190.876,489.3501907338289
2980,115.11066666666666,486.2286666666667,191.60133333333332,491.01182874642376
2990,115.31333333333333,487.93333333333334,192.32666666666665,492.67346675901854
3000,115.516,489.63800000000003,193.052,494.3351047716134
3010,115.71866666666666,491.3426666666667,193.77733333333333,495.9967427842082
3020,115.92133333333334,493.04733333333337,194.50266666666667,497.658380796803
3030,116.124,494.752,195.228,499.3200188093978
3040,116.32666666666667,496.4566666666667,195.95333333333335,500.98165682199266
3050,116.52933333333334,498.16133333333335,196.6786666666667,502.64329483458744
3060,116.732,499.86600000000004,197.404,504.3049328471823
3070,116.93466666666667,501.5706666666667,198.12933333333334,505.9665708597771
3080,117.13733333333333,503.2753333333334,198.85466666666667,507.6282088723719
3090,117.34,504.98,199.58,509.2898468849667
3100,117.57600000000001,504.904,200.114,509.18320981619286
3110,117.812,504.82800000000003,200.64800000000002,509.07657274741905
3120,118.048,504.752,201.18200000000002,508.9699356786452
3130,118.284,504.676,201.716,508.8632986098713
3140,118.52,504.6,202.25,508.75666154109746
3150,118.756,504.524,202.78400000000002,508.65002447232365
3160,118.992,504.448,203.318,508.5433874035498
3170,119.228,504.372,203.852,508.4367503347759
3180,119.464,504.296,204.386,508.33011326600206
3190,119.7,504.21999999999997,204.92000000000002,508.22347619722825
3200,119.93599999999999,504.144,205.454,508.1168391284544
3210,120.172,504.068,205.988,508.0102020596805
3220,120.408,503.99199999999996,206.522,507.90356499090666
3230,120.64399999999999,503.916,207.056,507.79692792213285
3240,120.88,503.84,207.59,507.690290853359
3250,121.14866666666666,503.76266666666663,208.048,507.59649955462874
3260,121.41733333333333,503.6853333333333,208.506,507.5027082558985
3270,121.68599999999999,503.608,208.964,507.40891695716823
3280,121.95466666666667,503.53066666666666,209.422,507.315125658438
3290,122.22333333333333,503.4533333333333,209.88,507.2213343597077
3300,122.49199999999999,503.376,210.338,507.1275430609775
3310,122.76066666666667,503.29866666666663,210.796,507.0337517622472
3320,123.02933333333333,503.22133333333335,211.25400000000002,506.939960463517
3330,123.298,503.144,211.71200000000002,506.8461691647868
3340,123.56666666666666,503.06666666666666,212.17000000000002,506.7523778660565
3350,123.83533333333332,502.9893333333333,212.62800000000001,506.65858656732627
3360,124.104,502.912,213.086,506.564795268596
3370,124.37266666666666,502.8346666666667,213.544,506.47100396986576
3380,124.64133333333334,502.75733333333335,214.002,506.3772126711355
3390,124.91,502.68,214.46,506.28342137240526
3400,125.21133333333333,502.76800000000003,214.88466666666667,506.36777979764145
3410,125.51266666666666,502.856,215.30933333333334,506.45213822287764
3420,125.814,502.944,215.734,506.5364966481138
3430,126.11533333333334,503.032,216.15866666666668,506.62085507334996
3440,126.41666666666667,503.12,216.58333333333334,506.70521349858615
3450,126.718,503.208,217.008,506.78957192382234
3460,127.01933333333334,503.296,217.43266666666668,506.8739303490585
3470,127.32066666666667,503.384,217.85733333333334,506.9582887742947
3480,127.622,503.472,218.282,507.0426471995309
3490,127.92333333333333,503.56,218.70666666666668,507.1270056247671
3500,128.22466666666668,503.648,219.13133333333334,507.2113640500033
3510,128.526,503.736,219.556,507.2957224752394
3520,128.82733333333334,503.824,219.98066666666668,507.3800809004756
3530,129.12866666666667,503.912,220.40533333333335,507.4644393257118
3540,129.43,504.0,220.83,507.548797750948
3550,129.75066666666666,504.07466666666664,221.22933333333336,507.60638282633494
3560,130.07133333333334,504.14933333333335,221.62866666666667,507.66396790172195
3570,130.392,504.224,222.02800000000002,507.7215529771089
3580,130.71266666666668,504.2986666666667,222.42733333333334,507.77913805249585
3590,131.03333333333333,504.37333333333333,222.82666666666668,507.8367231278828
3600,131.354,504.448,223.226,507.8943082032698
3610,131.67466666666667,504.5226666666667,223.62533333333334,507.95189327865677
3620,131.99533333333335,504.5973333333333,224.02466666666666,508.0094783540437
3630,132.316,504.672,224.424,508.0670634294307
3640,132.63666666666668,504.74666666666667,224.82333333333332,508.1246485048177
3650,132.95733333333334,504.8213333333333,225.22266666666667,508.18223358020464
3660,133.27800000000002,504.896,225.62199999999999,508.2398186555916
3670,133.59866666666667,504.97066666666666,226.02133333333333,508.29740373097854
3680,133.91933333333336,505.04533333333336,226.42066666666665,508.35498880636555
3690,134.24,505.12,226.82,508.4125738817525
3700,134.58,504.95733333333334,227.17,508.2384625334746
3710,134.92000000000002,504.79466666666667,227.51999999999998,508.0643511851967
3720,135.26000000000002,504.632,227.87,507.8902398369188
3730,135.6,504.46933333333334,228.22,507.7161284886409
3740,135.94,504.3066666666667,228.57,507.542017140363
3750,136.28,504.144,228.92,507.3679057920851
3760,136.62,503.98133333333334,229.26999999999998,507.1937944438072
3770,136.96,503.8186666666667,229.62,507.01968309552933
3780,137.3,503.656,229.97,506.8455717472514
3790,137.64000000000001,503.49333333333334,230.32,506.6714603989735
3800,137.98000000000002,503.3306666666667,230.67,506.4973490506956
3810,138.32,503.168,231.01999999999998,506.3232377024177
3820,138.66,503.00533333333334,231.37,506.1491263541398
3830,139.0,502.8426666666667,231.72,505.9750150058619
3840,139.34,502.68,232.07,505.800903657584
3850,139.69333333333333,502.41133333333335,232.38533333333334,505.51934994387346
3860,140.04666666666668,502.1426666666667,232.70066666666665,505.23779623016287
3870,140.4,501.874,233.016,504.95624251645233
3880,140.75333333333333,501.6053333333333,233.33133333333333,504.6746888027418
3890,141.10666666666665,501.33666666666664,233.64666666666668,504.39313508903126
3900,141.46,501.068,233.962,504.11158137532067
3910,141.81333333333333,500.7993333333333,234.27733333333333,503.83002766161013
3920,142.16666666666666,500.53066666666666,234.59266666666667,503.5484739478996
3930,142.51999999999998,500.262,234.90800000000002,503.26692023418906
3940,142.87333333333333,499.99333333333334,235.22333333333333,502.98536652047846
3950,143.22666666666666,499.7246666666667,235.53866666666667,502.7038128067679
3960,143.57999999999998,499.45599999999996,235.854,502.4222590930574
3970,143.9333333333333,499.1873333333333,236.16933333333336,502.14070537934685
3980,144.28666666666666,498.91866666666664,236.48466666666667,501.85915166563626
3990,144.64,498.65,236.8,501.5775979519257
4000,145.00333333333333,498.5893333333333,237.104,501.518372258276
4010,145.36666666666665,498.52866666666665,237.40800000000002,501.4591465646262
4020,145.73,498.46799999999996,237.71200000000002,501.3999208709765
4030,146.09333333333333,498.4073333333333,238.01600000000002,501.3406951773267
4040,146.45666666666665,498.34666666666664,238.32000000000002,501.281469483677
4050,146.82,498.286,238.62400000000002,501.2222437900272
4060,147.18333333333334,498.2253333333333,238.92800000000003,501.16301809637747
4070,147.54666666666665,498.1646666666667,239.232,501.1037924027278
4080,147.91,498.104,239.536,501.044566709078
4090,148.27333333333334,498.04333333333335,239.84,500.9853410154283
4100,148.63666666666666,497.98266666666666,240.144,500.9261153217785
4110,149.0,497.922,240.448,500.8668896281288
4120,149.36333333333334,497.86133333333333,240.752,500.807663934479
4130,149.72666666666666,497.8006666666667,241.056,500.7484382408293
4140,150.09,497.74,241.36,500.6892125471795
4150,150.45933333333335,497.8933333333333,241.67466666666667,500.8474799493668
4160,150.82866666666666,498.0466666666667,241.98933333333335,501.0057473515541
4170,151.198,498.2,242.304,501.16401475374136
4180,151.56733333333332,498.35333333333335,242.61866666666668,501.3222821559287
4190,151.93666666666667,498.50666666666666,242.93333333333334,501.48054955811597
4200,152.306,498.66,243.24800000000002,501.63881696030325
4210,152.67533333333333,498.81333333333333,243.56266666666667,501.7970843624905
4220,153.04466666666667,498.9666666666667,243.87733333333335,501.9553517646778
4230,153.414,499.12,244.192,502.1136191668651
4240,153.78333333333333,499.27333333333337,244.5066666666667,502.27188656905236
4250,154.15266666666668,499.4266666666667,244.82133333333334,502.43015397123963
4260,154.522,499.58000000000004,245.13600000000002,502.58842137342697
4270,154.89133333333334,499.73333333333335,245.45066666666668,502.74668877561425
4280,155.26066666666665,499.8866666666667,245.76533333333336,502.9049561778015
4290,155.63,500.04,246.08,503.0632235799888
4300,156.00133333333332,500.4073333333333,246.41733333333335,503.43414915378935
4310,156.37266666666667,500.7746666666667,246.75466666666668,503.8050747275899
4320,156.744,501.142,247.092,504.17600030139045
4330,157.11533333333333,501.50933333333336,247.42933333333335,504.546925875191
4340,157.48666666666665,501.87666666666667,247.76666666666668,504.91785144899154
4350,157.858,502.244,248.104,505.2887770227921
4360,158.22933333333333,502.61133333333333,248.44133333333335,505.65970259659264
4370,158.60066666666665,502.9786666666667,248.77866666666665,506.0306281703932
4380,158.97199999999998,503.346,249.11599999999999,506.40155374419373
4390,159.34333333333333,503.71333333333337,249.45333333333332,506.7724793179943
4400,159.71466666666666,504.0806666666667,249.79066666666665,507.14340489179483
4410,160.08599999999998,504.44800000000004,250.128,507.5143304655954
4420,160.4573333333333,504.81533333333334,250.46533333333332,507.8852560393959
4430,160.82866666666666,505.1826666666667,250.80266666666665,508.2561816131965
4440,161.2,505.55,251.14,508.627107186997
4450,161.572,505.3806666666667,251.44199999999998,508.4379000832532
4460,161.944,505.21133333333336,251.744,508.2486929795094
4470,162.316,505.04200000000003,252.046,508.05948587576563
4480,162.688,504.87266666666665,252.34799999999998,507.87027877202183
4490,163.06,504.7033333333333,252.64999999999998,507.68107166827804
4500,163.432,504.534,252.952,507.49186456453424
4510,163.804,504.36466666666666,253.254,507.30265746079044
4520,164.176,504.19533333333334,253.55599999999998,507.1134503570466
4530,164.548,504.026,253.85799999999998,506.9242432533028
4540,164.92,503.8566666666667,254.16,506.735036149559
4550,165.292,503.68733333333336,254.462,506.5458290458152
4560,165.664,503.518,254.76399999999998,506.3566219420714
4570,166.036,503.34866666666665,255.06599999999997,506.1674148383276
4580,166.408,503.1793333333333,255.368,505.9782077345838
4590,166.78,503.01,255.67,505.78900063084
4600,167.14533333333333,503.06333333333333,255.96266666666665,505.8461179840468
4610,167.51066666666668,503.1166666666667,256.25533333333334,505.9032353372536
4620,167.876,503.17,256.548,505.9603526904604
4630,168.24133333333333,503.2233333333333,256.84066666666666,506.01747004366723
4640,168.60666666666665,503.27666666666664,257.1333333333333,506.074587396874
4650,168.972,503.33,257.426,506.1317047500808
4660,169.33733333333333,503.3833333333333,257.71866666666665,506.18882210328763
4670,169.70266666666666,503.43666666666667,258.0113333333333,506.2459394564944
4680,170.06799999999998,503.49,258.304,506.3030568097012
4690,170.43333333333334,503.54333333333335,258.5966666666667,506.36017416290804
4700,170.79866666666666,503.5966666666667,258.88933333333335,506.4172915161148
4710,171.164,503.65,259.182,506.4744088693216
4720,171.5293333333333,503.7033333333333,259.4746666666667,506.53152622252844
4730,171.89466666666667,503.75666666666666,259.76733333333334,506.5886435757352
4740,172.26,503.81,260.06,506.645760928942
4750,172.60133333333332,503.83733333333333,260.34933333333333,506.66003888497085
4760,172.94266666666667,503.86466666666666,260.63866666666667,506.67431684099967
4770,173.284,503.892,260.928,506.68859479702854
4780,173.62533333333332,503.9193333333333,261.21733333333333,506.70287275305736
4790,173.96666666666667,503.94666666666666,261.50666666666666,506.7171507090862
4800,174.308,503.974,261.796,506.731428665115
4810,174.64933333333332,504.0013333333333,262.0853333333333,506.7457066211438
4820,174.99066666666667,504.0286666666667,262.37466666666666,506.7599845771727
4830,175.332,504.05600000000004,262.664,506.7742625332015
4840,175.67333333333332,504.08333333333337,262.9533333333333,506.78854048923034
4850,176.01466666666667,504.1106666666667,263.24266666666665,506.80281844525916
4860,176.356,504.13800000000003,263.532,506.817096401288
4870,176.69733333333332,504.16533333333336,263.8213333333333,506.83137435731686
4880,177.03866666666667,504.1926666666667,264.11066666666665,506.8456523133457
4890,177.38,504.22,264.4,506.8599302693745
4900,177.71866666666665,503.91333333333336,264.64599999999996,506.5422049740968
4910,178.05733333333333,503.6066666666667,264.892,506.2244796788191
4920,178.396,503.3,265.138,505.9067543835414
4930,178.73466666666667,502.99333333333334,265.38399999999996,505.5890290882637
4940,179.07333333333332,502.68666666666667,265.63,505.271303792986
4950,179.412,502.38,265.876,504.9535784977083
4960,179.75066666666666,502.0733333333333,266.12199999999996,504.6358532024306
4970,180.08933333333334,501.7666666666667,266.368,504.31812790715287
4980,180.428,501.46000000000004,266.614,504.0004026118752
4990,180.76666666666668,501.15333333333336,266.85999999999996,503.6826773165975
5000,181.10533333333333,500.8466666666667,267.106,503.36495202131977
5010,181.44400000000002,500.54,267.352,503.0472267260421
5020,181.78266666666667,500.23333333333335,267.59799999999996,502.7295014307644
5030,182.12133333333335,499.9266666666667,267.844,502.41177613548666
5040,182.46,499.62,268.09,502.094050840209
5050,182.79600000000002,499.78133333333335,268.35066666666665,502.2654939689679
5060,183.132,499.9426666666667,268.61133333333333,502.4369370977269
5070,183.46800000000002,500.104,268.87199999999996,502.60838022648585
5080,183.804,500.26533333333333,269.13266666666664,502.7798233552448
5090,184.14000000000001,500.4266666666667,269.3933333333333,502.9512664840037
5100,184.476,500.588,269.654,503.1227096127627
5110,184.812,500.74933333333337,269.9146666666667,503.29415274152166
5120,185.148,500.91066666666666,270.1753333333333,503.4655958702806
5130,185.484,501.072,270.436,503.63703899903953
5140,185.82,501.23333333333335,270.69666666666666,503.8084821277985
5150,186.156,501.3946666666667,270.95733333333334,503.97992525655746
5160,186.492,501.55600000000004,271.218,504.1513683853164
5170,186.828,501.71733333333333,271.47866666666664,504.32281151407534
5180,187.164,501.8786666666667,271.7393333333333,504.49425464283433
5190,187.5,502.04,272.0,504.6656977715933
5200,187.83333333333334,502.12733333333335,272.26466666666664,504.7487094956881
5210,188.16666666666666,502.2146666666667,272.52933333333334,504.831721219783
5220,188.5,502.302,272.794,504.9147329438778
5230,188.83333333333334,502.38933333333335,273.0586666666667,504.99774466797265
5240,189.16666666666666,502.4766666666667,273.3233333333333,505.08075639206754
5250,189.5,502.564,273.588,505.1637681161624
5260,189.83333333333334,502.65133333333335,273.85266666666666,505.2467798402572
5270,190.16666666666666,502.7386666666667,274.11733333333336,505.3297915643521
5280,190.5,502.826,274.382,505.4128032884469
5290,190.83333333333334,502.91333333333336,274.6466666666667,505.49581501254175
5300,191.16666666666666,503.0006666666667,274.91133333333335,505.57882673663664
5310,191.5,503.088,275.17600000000004,505.6618384607315
5320,191.83333333333334,503.17533333333336,275.4406666666667,505.7448501848263
5330,192.16666666666666,503.2626666666667,275.7053333333334,505.8278619089212
5340,192.5,503.35,275.97,505.910873633016
5350,192.83,503.2866666666667,276.22133333333335,505.8370889193076
5360,193.16,503.22333333333336,276.47266666666667,505.7633042055992
5370,193.49,503.16,276.72400000000005,505.68951949189074
5380,193.82,503.0966666666667,276.97533333333337,505.6157347781823
5390,194.15,503.03333333333336,277.2266666666667,505.54195006447384
5400,194.48,502.97,277.478,505.46816535076545
5410,194.81,502.9066666666667,277.72933333333333,505.394380637057
5420,195.14,502.8433333333333,277.9806666666667,505.32059592334855
5430,195.47,502.78,278.232,505.2468112096401
5440,195.79999999999998,502.71666666666664,278.48333333333335,505.1730264959317
5450,196.13,502.6533333333333,278.73466666666667,505.09924178222326
5460,196.45999999999998,502.59,278.986,505.0254570685148
5470,196.79,502.52666666666664,279.23733333333337,504.95167235480636
5480,197.11999999999998,502.4633333333333,279.4886666666667,504.87788764109797
5490,197.45,502.4,279.74,504.8041029273895
5500,197.77599999999998,502.10999999999996,279.95866666666666,504.5051567427386
5510,198.102,501.82,280.17733333333337,504.2062105580877
5520,198.428,501.53,280.396,503.9072643734368
5530,198.754,501.24,280.61466666666666,503.6083181887859
5540,199.07999999999998,500.95,280.8333333333333,503.309372004135
5550,199.406,500.65999999999997,281.052,503.0104258194841
5560,199.732,500.37,281.27066666666667,502.7114796348332
5570,200.058,500.08,281.4893333333333,502.4125334501823
5580,200.384,499.79,281.70799999999997,502.1135872655314
5590,200.71,499.5,281.9266666666667,501.8146410808805
5600,201.036,499.21,282.1453333333333,501.5156948962296
5610,201.362,498.92,282.364,501.2167487115787
5620,201.688,498.63,282.5826666666666,500.9178025269278
5630,202.014,498.34000000000003,282.80133333333333,500.6188563422769
5640,202.34,498.05,283.02,500.319910157626
5650,202.662,498.32666666666665,283.26733333333334,500.61127135930326
5660,202.984,498.60333333333335,283.51466666666664,500.9026325609805
5670,203.306,498.88,283.762,501.1939937626578
5680,203.628,499.1566666666667,284.0093333333333,501.485354964335
5690,203.95,499.43333333333334,284.25666666666666,501.77671616601225
5700,204.272,499.71,284.504,502.0680773676895
5710,204.594,499.9866666666667,284.7513333333333,502.3594385693668
5720,204.916,500.2633333333333,284.9986666666667,502.65079977104403
5730,205.238,500.54,285.246,502.9421609727213
5740,205.56,500.81666666666666,285.49333333333334,503.23352217439856
5750,205.882,501.0933333333333,285.7406666666667,503.5248833760758
5760,206.20399999999998,501.37,285.988,503.816244577753
5770,206.52599999999998,501.64666666666665,286.23533333333336,504.1076057794303
5780,206.84799999999998,501.92333333333335,286.48266666666666,504.39896698110755
5790,207.17,502.2,286.73,504.6903281827848
5800,207.488,502.2233333333333,286.97533333333337,504.7033479310626
5810,207.80599999999998,502.24666666666667,287.22066666666666,504.7163676793403
5820,208.124,502.27,287.466,504.72938742761806
5830,208.44199999999998,502.29333333333335,287.71133333333336,504.7424071758958
5840,208.76,502.31666666666666,287.9566666666667,504.75542692417355
5850,209.078,502.34,288.202,504.7684466724513
5860,209.396,502.36333333333334,288.44733333333335,504.78146642072903
5870,209.714,502.38666666666666,288.6926666666667,504.7944861690068
5880,210.03199999999998,502.41,288.93800000000005,504.8075059172845
5890,210.35,502.43333333333334,289.18333333333334,504.8205256655623
5900,210.668,502.45666666666665,289.4286666666667,504.83354541384006
5910,210.986,502.48,289.67400000000004,504.84656516211777
5920,211.304,502.50333333333333,289.9193333333334,504.85958491039554
5930,211.62199999999999,502.5266666666667,290.1646666666667,504.87260465867325
5940,211.94,502.55,290.41,504.885624406951
5950,212.252,502.42,290.6326666666667,504.7493772741312
5960,212.564,502.29,290.85533333333336,504.61313014131133
5970,212.876,502.16,291.07800000000003,504.47688300849154
5980,213.188,502.03000000000003,291.3006666666667,504.3406358756717
5990,213.5,501.90000000000003,291.52333333333337,504.20438874285185
6000,213.812,501.77000000000004,291.74600000000004,504.068141610032
6010,214.124,501.64000000000004,291.9686666666667,503.93189447721215
6020,214.436,501.51,292.1913333333333,503.79564734439236
6030,214.748,501.38,292.414,503.6594002115725
6040,215.06,501.25,292.63666666666666,503.52315307875267
6050,215.372,501.12,292.8593333333333,503.3869059459328
6060,215.684,500.99,293.082,503.250658813113
6070,215.996,500.86,293.30466666666666,503.1144116802932
6080,216.308,500.73,293.52733333333333,502.97816454747334
6090,216.62,500.6,293.75,502.8419174146535
6100,216.90866666666668,500.44933333333336,293.958,502.685477973038
6110,217.19733333333335,500.2986666666667,294.166,502.5290385314225
6120,217.486,500.148,294.374,502.372599089807
6130,217.77466666666666,499.99733333333336,294.582,502.2161596481915
6140,218.06333333333333,499.8466666666667,294.79,502.059720206576
6150,218.352,499.696,294.998,501.9032807649605
6160,218.64066666666668,499.54533333333336,295.206,501.746841323345
6170,218.92933333333332,499.39466666666664,295.414,501.5904018817295
6180,219.218,499.24399999999997,295.622,501.433962440114
6190,219.50666666666666,499.0933333333333,295.83,501.2775229984985
6200,219.79533333333333,498.94266666666664,296.038,501.12108355688304
6210,220.084,498.792,296.246,500.9646441152675
6220,220.37266666666665,498.6413333333333,296.454,500.808204673652
6230,220.66133333333332,498.49066666666664,296.662,500.6517652320365
6240,220.95,498.34,296.87,500.495325790421
6250,221.23533333333333,498.55066666666664,297.094,500.71534449548864
6260,221.52066666666664,498.7613333333333,297.318,500.9353632005562
6270,221.80599999999998,498.972,297.54200000000003,501.1553819056238
6280,222.09133333333332,499.18266666666665,297.766,501.37540061069143
6290,222.37666666666667,499.3933333333333,297.99,501.595419315759
6300,222.66199999999998,499.604,298.214,501.8154380208266
6310,222.94733333333332,499.81466666666665,298.438,502.0354567258942
6320,223.23266666666666,500.0253333333333,298.66200000000003,502.2554754309618
6330,223.518,500.236,298.886,502.4754941360294
6340,223.8033333333333,500.44666666666666,299.11,502.695512841097
6350,224.08866666666665,500.6573333333333,299.334,502.9155315461646
6360,224.374,500.868,299.558,503.1355502512322
6370,224.65933333333334,501.07866666666666,299.78200000000004,503.3555689562998
6380,224.94466666666665,501.28933333333333,300.00600000000003,503.57558766136736
6390,225.23,501.5,300.23,503.795606366435
6400,225.512,501.48466666666667,300.44933333333336,503.7699260704191
6410,225.79399999999998,501.46933333333334,300.6686666666667,503.7442457744032
6420,226.076,501.454,300.88800000000003,503.7185654783874
6430,226.358,501.4386666666667,301.1073333333333,503.6928851823715
6440,226.64,501.42333333333335,301.32666666666665,503.66720488635565
6450,226.922,501.408,301.546,503.64152459033977
6460,227.204,501.3926666666667,301.76533333333333,503.6158442943239
6470,227.486,501.3773333333333,301.98466666666667,503.59016399830807
6480,227.768,501.36199999999997,302.204,503.5644837022922
6490,228.05,501.34666666666664,302.42333333333335,503.5388034062763
6500,228.332,501.3313333333333,302.6426666666667,503.51312311026044
6510,228.614,501.316,302.86199999999997,503.48744281424456
6520,228.89600000000002,501.30066666666664,303.0813333333333,503.46176251822874
6530,229.178,501.2853333333333,303.30066666666664,503.43608222221286
6540,229.46,501.27,303.52,503.410401926197
6550,229.73866666666666,501.16266666666667,303.71866666666665,503.2998109537392
6560,230.01733333333334,501.0553333333333,303.9173333333333,503.18921998128144
6570,230.296,500.948,304.116,503.07862900882367
6580,230.57466666666667,500.84066666666666,304.31466666666665,502.96803803636595
6590,230.85333333333332,500.73333333333335,304.5133333333333,502.8574470639082
6600,231.132,500.626,304.712,502.7468560914504
6610,231.41066666666666,500.51866666666666,304.91066666666666,502.63626511899264
6620,231.68933333333334,500.41133333333335,305.1093333333333,502.52567414653487
6630,231.968,500.30400000000003,305.308,502.4150831740771
6640,232.24666666666667,500.19666666666666,305.50666666666666,502.3044922016193
6650,232.52533333333332,500.08933333333334,305.70533333333333,502.19390122916155
6660,232.804,499.982,305.904,502.08331025670384
6670,233.08266666666665,499.8746666666667,306.10266666666666,501.97271928424607
6680,233.36133333333333,499.76733333333334,306.30133333333333,501.8621283117883
6690,233.64,499.66,306.5,501.7515373393305
6700,233.9153333333333,499.62733333333335,306.69733333333335,501.7168240150724
6710,234.19066666666666,499.5946666666667,306.89466666666664,501.68211069081434
6720,234.46599999999998,499.562,307.092,501.6473973665562
6730,234.74133333333333,499.52933333333334,307.28933333333333,501.6126840422981
6740,235.01666666666665,499.49666666666667,307.4866666666667,501.57797071804004
6750,235.292,499.464,307.68399999999997,501.5432573937819
6760,235.56733333333332,499.4313333333333,307.8813333333333,501.5085440695238
6770,235.84266666666667,499.3986666666667,308.07866666666666,501.47383074526573
6780,236.118,499.36600000000004,308.276,501.4391174210076
6790,236.39333333333335,499.33333333333337,308.4733333333333,501.4044040967495
6800,236.66866666666667,499.3006666666667,308.67066666666665,501.3696907724914
6810,236.94400000000002,499.26800000000003,308.868,501.3349774482333
6820,237.21933333333334,499.23533333333336,309.06533333333334,501.3002641239752
6830,237.4946666666667,499.2026666666667,309.26266666666663,501.2655507997171
6840,237.77,499.17,309.46,501.230837475459
6850,238.04133333333334,499.21066666666667,309.65933333333334,501.2720426871399
6860,238.31266666666667,499.2513333333333,309.85866666666664,501.3132478988208
6870,238.584,499.29200000000003,310.058,501.3544531105017
6880,238.85533333333333,499.3326666666667,310.2573333333333,501.3956583221826
6890,239.12666666666667,499.37333333333333,310.45666666666665,501.4368635338635
6900,239.398,499.414,310.656,501.4780687455444
6910,239.66933333333333,499.45466666666664,310.8553333333333,501.5192739572253
6920,239.9406666666667,499.49533333333335,311.05466666666666,501.56047916890617
6930,240.21200000000002,499.536,311.25399999999996,501.6016843805871
6940,240.48333333333335,499.57666666666665,311.4533333333333,501.642889592268
6950,240.75466666666668,499.6173333333333,311.6526666666667,501.6840948039489
6960,241.026,499.65799999999996,311.852,501.7253000156298
6970,241.29733333333334,499.69866666666667,312.05133333333333,501.7665052273107
6980,241.56866666666667,499.7393333333333,312.25066666666663,501.8077104389916
6990,241.84,499.78,312.45,501.8489156506725
7000,242.108,499.77799999999996,312.64666666666665,501.8429909678019
7010,242.376,499.77599999999995,312.8433333333333,501.8370662849312
7020,242.644,499.774,313.03999999999996,501.8311416020606
7030,242.912,499.772,313.2366666666667,501.82521691919
7040,243.18,499.77,313.43333333333334,501.8192922363193
7050,243.448,499.768,313.63,501.8133675534487
7060,243.716,499.76599999999996,313.82666666666665,501.8074428705781
7070,243.984,499.764,314.0233333333333,501.8015181877074
7080,244.252,499.762,314.21999999999997,501.7955935048368
7090,244.52,499.76,314.41666666666663,501.7896688219662
7100,244.788,499.758,314.6133333333333,501.7837441390955
7110,245.056,499.756,314.81,501.7778194562249
7120,245.324,499.754,315.00666666666666,501.7718947733543
7130,245.592,499.752,315.2033333333333,501.7659700904836
7140,245.86,499.75,315.4,501.760045407613
7150,246.12400000000002,499.7386666666667,315.59066666666666,501.7474785314917
7160,246.388,499.7273333333333,315.7813333333333,501.73491165537035
7170,246.65200000000002,499.716,315.972,501.72234477924906
7180,246.916,499.70466666666664,316.16266666666667,501.70977790312776
7190,247.18,499.6933333333333,316.3533333333333,501.6972110270064
7200,247.44400000000002,499.682,316.544,501.6846441508851
7210,247.708,499.67066666666665,316.73466666666667,501.6720772747638
7220,247.972,499.65933333333334,316.9253333333333,501.65951039864245
7230,248.236,499.64799999999997,317.116,501.64694352252116
7240,248.5,499.63666666666666,317.3066666666667,501.63437664639986
7250,248.764,499.62533333333334,317.4973333333333,501.6218097702785
7260,249.028,499.614,317.688,501.6092428941572
7270,249.292,499.60266666666666,317.8786666666667,501.5966760180359
7280,249.55599999999998,499.5913333333333,318.0693333333333,501.58410914191455
7290,249.82,499.58,318.26,501.57154226579325
7300,250.07999999999998,499.60266666666666,318.4513333333333,501.5928208977221
7310,250.34,499.62533333333334,318.6426666666667,501.61409952965096
7320,250.6,499.64799999999997,318.834,501.6353781615798
7330,250.85999999999999,499.67066666666665,319.0253333333333,501.65665679350866
7340,251.12,499.6933333333333,319.21666666666664,501.6779354254375
7350,251.38,499.716,319.408,501.69921405736636
7360,251.64,499.7386666666667,319.59933333333333,501.7204926892952
7370,251.9,499.7613333333333,319.79066666666665,501.74177132122406
7380,252.16,499.784,319.98199999999997,501.7630499531529
7390,252.42,499.8066666666667,320.17333333333335,501.78432858508177
7400,252.68,499.82933333333335,320.36466666666666,501.8056072170106
7410,252.94,499.85200000000003,320.556,501.82688584893947
7420,253.2,499.87466666666666,320.7473333333333,501.8481644808683
7430,253.46,499.89733333333334,320.9386666666667,501.86944311279717
7440,253.72,499.92,321.13,501.890721744726
7450,253.976,499.85200000000003,321.3113333333333,501.81751186294525
7460,254.232,499.784,321.49266666666665,501.74430198116454
7470,254.488,499.716,321.674,501.67109209938377
7480,254.744,499.648,321.85533333333336,501.59788221760306
7490,255.0,499.58,322.0366666666667,501.5246723358223
7500,255.256,499.512,322.218,501.4514624540415
7510,255.512,499.444,322.39933333333335,501.3782525722608
7520,255.768,499.376,322.5806666666667,501.30504269048004
7530,256.024,499.308,322.762,501.2318328086993
7540,256.28,499.24,322.9433333333333,501.15862292691855
7550,256.536,499.17199999999997,323.12466666666666,501.0854130451378
7560,256.79200000000003,499.104,323.30600000000004,501.01220316335707
7570,257.048,499.036,323.48733333333337,500.9389932815763
7580,257.304,498.96799999999996,323.6686666666667,500.8657833997956
7590,257.56,498.9,323.85,500.7925735180148
7600,257.81266666666664,499.0653333333333,324.04133333333334,500.9656853927375
7610,258.06533333333334,499.23066666666665,324.2326666666667,501.1387972674602
7620,258.318,499.39599999999996,324.42400000000004,501.31190914218286
7630,258.5706666666667,499.5613333333333,324.61533333333335,501.48502101690553
7640,258.8233333333333,499.72666666666663,324.8066666666667,501.6581328916282
7650,259.076,499.892,324.99800000000005,501.8312447663509
7660,259.32866666666666,500.0573333333333,325.18933333333337,502.00435664107357
7670,259.58133333333336,500.22266666666667,325.3806666666667,502.17746851579625
7680,259.834,500.388,325.572,502.3505803905189
7690,260.0866666666667,500.55333333333334,325.7633333333334,502.5236922652416
7700,260.33933333333334,500.71866666666665,325.9546666666667,502.6968041399643
7710,260.59200000000004,500.884,326.146,502.86991601468696
7720,260.8446666666667,501.0493333333333,326.33733333333333,503.04302788940964
7730,261.0973333333334,501.2146666666667,326.5286666666667,503.2161397641323
7740,261.35,501.38,326.72,503.389251638855
7750,261.586,501.52666666666664,326.92400000000004,503.5278782973414
7760,261.822,501.67333333333335,327.12800000000004,503.6665049558277
7770,262.058,501.82,327.332,503.80513161431406
7780,262.29400000000004,501.96666666666664,327.536,503.9437582728004
7790,262.53000000000003,502.11333333333334,327.74,504.08238493128675
7800,262.766,502.26,327.944,504.22101158977307
7810,263.002,502.40666666666664,328.148,504.35963824825944
7820,263.238,502.55333333333334,328.352,504.49826490674576
7830,263.474,502.7,328.556,504.63689156523213
7840,263.71,502.84666666666664,328.76,504.77551822371845
7850,263.94599999999997,502.99333333333334,328.964,504.9141448822048
7860,264.182,503.14,329.168,505.05277154069114
7870,264.418,503.28666666666663,329.37199999999996,505.1913981991775
7880,264.654,503.43333333333334,329.57599999999996,505.33002485766383
7890,264.89,503.58,329.78,505.4686515161502
7900,265.122,503.41066666666666,329.9513333333333,505.29198598566046
7910,265.354,503.24133333333333,330.12266666666665,505.1153204551707
7920,265.586,503.072,330.294,504.938654924681
7930,265.818,502.9026666666667,330.4653333333333,504.76198939419123
7940,266.05,502.73333333333335,330.63666666666666,504.5853238637015
7950,266.282,502.564,330.808,504.40865833321175
7960,266.514,502.3946666666667,330.97933333333333,504.231992802722
7970,266.746,502.2253333333333,331.15066666666667,504.0553272722322
7980,266.978,502.056,331.322,503.87866174174246
7990,267.21,501.88666666666666,331.49333333333334,503.7019962112527
8000,267.442,501.71733333333333,331.6646666666667,503.525330680763
8010,267.674,501.548,331.836,503.34866515027323
8020,267.906,501.3786666666667,332.00733333333335,503.1719996197835
8030,268.138,501.20933333333335,332.1786666666667,502.99533408929375
8040,268.37,501.04,332.35,502.818668558804
8050,268.59933333333333,501.16200000000003,332.53000000000003,502.94703346988643
8060,268.82866666666666,501.284,332.71000000000004,503.0753983809689
8070,269.058,501.406,332.89000000000004,503.20376329205135
8080,269.2873333333333,501.528,333.07,503.3321282031338
8090,269.51666666666665,501.65000000000003,333.25,503.46049311421626
8100,269.746,501.772,333.43,503.5888580252987
8110,269.9753333333333,501.894,333.61,503.7172229363811
8120,270.2046666666667,502.016,333.79,503.8455878474636
8130,270.434,502.13800000000003,333.97,503.97395275854603
8140,270.66333333333336,502.26,334.15000000000003,504.10231766962846
8150,270.8926666666667,502.382,334.33000000000004,504.23068258071095
8160,271.122,502.504,334.51,504.3590474917934
8170,271.35133333333334,502.62600000000003,334.69,504.4874124028758
8180,271.5806666666667,502.748,334.87,504.6157773139583
8190,271.81,502.87,335.05,504.7441422250407
8200,272.036,502.9666666666667,335.23333333333335,504.8391193158679
8210,272.262,503.06333333333333,335.4166666666667,504.934096406695
8220,272.488,503.16,335.6,505.0290734975222
8230,272.714,503.25666666666666,335.78333333333336,505.12405058834935
8240,272.94,503.35333333333335,335.9666666666667,505.21902767917646
8250,273.166,503.45,336.15000000000003,505.31400477000363
8260,273.392,503.5466666666667,336.33333333333337,505.4089818608308
8270,273.618,503.6433333333333,336.51666666666665,505.5039589516579
8280,273.844,503.74,336.7,505.5989360424851
8290,274.07,503.83666666666664,336.8833333333333,505.69391313331226
8300,274.296,503.93333333333334,337.06666666666666,505.7888902241394
8310,274.522,504.03,337.25,505.88386731496655
8320,274.748,504.12666666666667,337.43333333333334,505.9788444057937
8330,274.974,504.2233333333333,337.6166666666667,506.07382149662084
8340,275.2,504.32,337.8,506.168798587448
8350,275.424,504.3446666666667,337.9786666666667,506.18831287025404
8360,275.64799999999997,504.3693333333333,338.1573333333333,506.2078271530601
8370,275.872,504.394,338.336,506.22734143586615
8380,276.096,504.41866666666664,338.5146666666667,506.2468557186722
8390,276.32,504.4433333333333,338.6933333333333,506.26637000147826
8400,276.544,504.468,338.872,506.2858842842843
8410,276.768,504.49266666666665,339.0506666666667,506.3053985670903
8420,276.992,504.51733333333334,339.22933333333333,506.3249128498964
8430,277.216,504.542,339.408,506.34442713270244
8440,277.44,504.56666666666666,339.5866666666667,506.36394141550846
8450,277.664,504.59133333333335,339.76533333333333,506.38345569831455
8460,277.888,504.616,339.944,506.4029699811206
8470,278.112,504.6406666666667,340.1226666666667,506.4224842639266
8480,278.336,504.6653333333333,340.30133333333333,506.4419985467327
8490,278.56,504.69,340.48,506.4615128295387
8500,278.782,504.5966666666667,340.642,506.3634893165579
8510,279.004,504.50333333333333,340.80400000000003,506.265465803577
8520,279.226,504.41,340.966,506.16744229059617
8530,279.448,504.31666666666666,341.12800000000004,506.06941877761534
8540,279.67,504.22333333333336,341.29,505.97139526463445
8550,279.892,504.13,341.452,505.8733717516536
8560,280.114,504.0366666666667,341.61400000000003,505.7753482386728
8570,280.336,503.9433333333333,341.776,505.6773247256919
8580,280.558,503.85,341.93800000000005,505.5793012127111
8590,280.78,503.75666666666666,342.1,505.48127769973024
8600,281.002,503.66333333333336,342.262,505.38325418674935
8610,281.224,503.57,342.42400000000004,505.2852306737685
8620,281.44599999999997,503.4766666666667,342.586,505.1872071607877
8630,281.668,503.3833333333333,342.74800000000005,505.0891836478068
8640,281.89,503.29,342.91,504.991160134826
8650,282.1066666666666,498.98533333333336,342.726,500.5197492657327
8660,282.3233333333333,494.6806666666667,342.54200000000003,496.0483383966394
8670,282.53999999999996,490.37600000000003,342.358,491.5769275275461
8680,282.75666666666666,486.07133333333337,342.17400000000004,487.10551665845276
8690,282.9733333333333,481.7666666666667,341.99,482.63410578935947
8700,283.19,477.46200000000005,341.806,478.1626949202662
8710,283.40666666666664,473.1573333333333,341.622,473.6912840511729
8720,283.62333333333333,468.85266666666666,341.438,469.2198731820796
8730,283.84,464.548,341.254,464.7484623129863
8740,284.0566666666667,460.24333333333334,341.07,460.277051443893
8750,284.2733333333333,455.9386666666667,340.88599999999997,455.8056405747997
8760,284.49,451.634,340.702,451.3342297057064
8770,284.70666666666665,447.32933333333335,340.518,446.8628188366131
8780,284.92333333333335,443.0246666666667,340.334,442.3914079675198
8790,285.14,438.72,340.15,437.9199970984265
8800,285.35066666666665,435.6446666666667,339.8273333333333,434.8409616994961
8810,285.5613333333333,432.56933333333336,339.50466666666665,431.7619263005657
8820,285.772,429.494,339.18199999999996,428.6828909016353
8830,285.98266666666666,426.4186666666667,338.8593333333333,425.6038555027049
8840,286.1933333333333,423.34333333333336,338.53666666666663,422.5248201037745
8850,286.404,420.26800000000003,338.214,419.4457847048441
8860,286.61466666666666,417.1926666666667,337.8913333333333,416.3667493059137
8870,286.82533333333333,414.11733333333336,337.5686666666667,413.2877139069833
8880,287.036,411.042,337.246,410.2086785080529
8890,287.24666666666667,407.96666666666664,336.92333333333335,407.12964310912247
8900,287.45733333333334,404.8913333333333,336.60066666666665,404.0506077101921
8910,287.668,401.816,336.278,400.9715723112617
8920,287.8786666666667,398.74066666666664,335.95533333333333,397.89253691233125
8930,288.08933333333334,395.6653333333333,335.6326666666667,394.81350151340087
8940,288.3,392.59,335.31,391.7344661144705
8950,288.50733333333335,390.33599999999996,334.998,389.4662310995495
8960,288.7146666666667,388.082,334.686,387.1979960846285
8970,288.922,385.828,334.374,384.9297610697075
8980,289.12933333333336,383.57399999999996,334.062,382.6615260547866
8990,289.3366666666667,381.32,333.75,380.3932910398656
9000,289.54400000000004,379.066,333.438,378.12505602494457
9010,289.7513333333334,376.81199999999995,333.126,375.8568210100236
9020,289.95866666666666,374.558,332.814,373.5885859951026
9030,290.166,372.304,332.502,371.3203509801817
9040,290.37333333333333,370.04999999999995,332.19,369.05211596526067
9050,290.5806666666667,367.796,331.878,366.78388095033966
9060,290.788,365.542,331.566,364.5156459354187
9070,290.99533333333335,363.28799999999995,331.254,362.2474109204977
9080,291.2026666666667,361.034,330.942,359.97917590557677
9090,291.41,358.78,330.63,357.71094089065576
9100,291.612,356.76,330.306,355.67193117359074
9110,291.814,354.73999999999995,329.98199999999997,353.63292145652565
9120,292.016,352.71999999999997,329.658,351.5939117394606
9130,292.218,350.7,329.334,349.55490202239554
9140,292.42,348.68,329.01,347.5158923053305
9150,292.622,346.65999999999997,328.686,345.4768825882655
9160,292.824,344.64,328.36199999999997,343.4378728712004
9170,293.026,342.62,328.038,341.39886315413537
9180,293.228,340.6,327.714,339.3598534370703
9190,293.43,338.58,327.39,337.32084372000526
9200,293.632,336.56,327.066,335.28183400294023
9210,293.834,334.54,326.74199999999996,333.24282428587514
9220,294.036,332.52,326.418,331.2038145688101
9230,294.238,330.5,326.094,329.16480485174503
9240,294.44,328.48,325.77,327.12579513468
9250,294.6313333333333,326.4566666666667,325.4146666666667,325.0848933456164
9260,294.8226666666667,324.43333333333334,325.0593333333333,323.0439915565528
9270,295.014,322.41,324.704,321.0030897674892
9280,295.20533333333333,320.38666666666666,324.34866666666665,318.9621879784256
9290,295.39666666666665,318.36333333333334,323.99333333333334,316.921286189362
9300,295.588,316.34000000000003,323.638,314.8803844002984
9310,295.77933333333334,314.31666666666666,323.28266666666667,312.8394826112348
9320,295.97066666666666,312.29333333333335,322.9273333333333,310.7985808221712
9330,296.162,310.27,322.572,308.7576790331076
9340,296.35333333333335,308.24666666666667,322.21666666666664,306.716777244044
9350,296.54466666666667,306.22333333333336,321.86133333333333,304.67587545498037
9360,296.736,304.2,321.506,302.6349736659168
9370,296.9273333333333,302.1766666666667,321.15066666666667,300.5940718768532
9380,297.1186666666667,300.1533333333333,320.7953333333333,298.55317008778957
9390,297.31,298.13,320.44,296.512268298726
9400,297.4873333333333,296.0013333333333,320.044,294.35746263587845
9410,297.6646666666667,293.87266666666665,319.648,292.20265697303086
9420,297.842,291.74399999999997,319.252,290.0478513101833
9430,298.01933333333335,289.61533333333335,318.856,287.8930456473357
9440,298.19666666666666,287.4866666666667,318.46,285.7382399844882
9450,298.374,285.358,318.064,283.5834343216406
9460,298.55133333333333,283.22933333333333,317.668,281.42862865879306
9470,298.7286666666667,281.10066666666665,317.272,279.27382299594547
9480,298.906,278.972,316.876,277.11901733309793
9490,299.08333333333337,276.8433333333333,316.48,274.96421167025034
9500,299.2606666666667,274.71466666666663,316.084,272.8094060074028
9510,299.43800000000005,272.586,315.688,270.6546003445552
9520,299.61533333333335,270.45733333333334,315.292,268.49979468170767
9530,299.7926666666667,268.32866666666666,314.896,266.3449890188601
9540,299.97,266.2,314.5,264.19018335601254
9550,300.12733333333335,263.9153333333333,314.05266666666665,261.874332037258
9560,300.2846666666667,261.6306666666667,313.60533333333336,259.55848071850346
9570,300.442,259.346,313.158,257.2426293997489
9580,300.59933333333333,257.0613333333333,312.71066666666667,254.9267780809944
9590,300.75666666666666,254.77666666666667,312.2633333333333,252.61092676223987
9600,300.914,252.492,311.81600000000003,250.29507544348533
9610,301.0713333333333,250.20733333333334,311.3686666666667,247.9792241247308
9620,301.2286666666667,247.92266666666666,310.92133333333334,245.66337280597625
9630,301.386,245.638,310.474,243.3475214872217
9640,301.54333333333335,243.35333333333332,310.0266666666667,241.03167016846717
9650,301.7006666666667,241.06866666666667,309.57933333333335,238.71581884971266
9660,301.858,238.784,309.132,236.39996753095812
9670,302.01533333333333,236.49933333333334,308.68466666666666,234.08411621220358
9680,302.17266666666666,234.2146666666667,308.23733333333337,231.76826489344904
9690,302.33,231.93,307.79,229.4524135746945
9700,302.46466666666663,229.43533333333335,307.274,226.92837481791
9710,302.59933333333333,226.94066666666666,306.75800000000004,224.4043360611255
9720,302.734,224.446,306.242,221.880297304341
9730,302.8686666666667,221.95133333333334,305.726,219.3562585475565
9740,303.00333333333333,219.45666666666668,305.21000000000004,216.832219790772
9750,303.138,216.962,304.694,214.3081810339875
9760,303.2726666666667,214.46733333333333,304.178,211.784142277203
9770,303.4073333333333,211.97266666666667,303.66200000000003,209.2601035204185
9780,303.54200000000003,209.478,303.146,206.736064763634
9790,303.6766666666667,206.98333333333332,302.63,204.2120260068495
9800,303.8113333333333,204.48866666666666,302.11400000000003,201.687987250065
9810,303.946,201.994,301.598,199.1639484932805
9820,304.0806666666667,199.4993333333333,301.082,196.639909736496
9830,304.2153333333334,197.00466666666665,300.56600000000003,194.1158709797115
9840,304.35,194.51,300.05,191.591832222927
9850,304.45933333333335,192.26933333333332,299.504,189.3386935111563
9860,304.5686666666667,190.02866666666665,298.958,187.0855547993856
9870,304.678,187.78799999999998,298.41200000000003,184.8324160876149
9880,304.7873333333334,185.54733333333334,297.866,182.5792773758442
9890,304.8966666666667,183.30666666666667,297.32,180.3261386640735
9900,305.00600000000003,181.066,296.774,178.0729999523028
9910,305.11533333333335,178.82533333333333,296.228,175.8198612405321
9920,305.2246666666667,176.58466666666666,295.682,173.5667225287614
9930,305.334,174.344,295.136,171.3135838169907
9940,305.4433333333333,172.10333333333332,294.59000000000003,169.06044510522
9950,305.55266666666665,169.86266666666666,294.04400000000004,166.80730639344932
9960,305.66200000000003,167.622,293.498,164.55416768167862
9970,305.77133333333336,165.38133333333334,292.952,162.30102896990792
9980,305.8806666666667,163.14066666666668,292.406,160.04789025813722
9990,305.99,160.9,291.86,157.7947515463665
10000,306.0726666666667,158.80133333333333,291.29,155.68106323310525
10010,306.1553333333333,156.70266666666666,290.72,153.56737491984399
10020,306.238,154.604,290.15000000000003,151.45368660658272
10030,306.3206666666667,152.50533333333334,289.58,149.33999829332146
10040,306.40333333333336,150.40666666666667,289.01,147.22630998006017
10050,306.486,148.308,288.44,145.1126216667989
10060,306.5686666666667,146.20933333333332,287.87,142.99893335353764
10070,306.65133333333335,144.11066666666667,287.3,140.88524504027637
10080,306.73400000000004,142.012,286.73,138.7715567270151
10090,306.81666666666666,139.91333333333333,286.16,136.65786841375385
10100,306.89933333333335,137.81466666666665,285.59000000000003,134.54418010049258
10110,306.982,135.71599999999998,285.02,132.4304917872313
10120,307.0646666666667,133.61733333333333,284.45,130.31680347397003
10130,307.14733333333334,131.51866666666666,283.88,128.20311516070876
10140,307.23,129.42,283.31,126.0894268474475
10150,307.28266666666667,128.03933333333333,282.7613333333333,124.73934014718057
10160,307.3353333333333,126.65866666666666,282.2126666666667,123.38925344691363
10170,307.38800000000003,125.27799999999999,281.664,122.0391667466467
10180,307.4406666666667,123.89733333333332,281.11533333333335,120.68908004637976
10190,307.49333333333334,122.51666666666665,280.56666666666666,119.33899334611283
10200,307.546,121.136,280.018,117.98890664584589
10210,307.59866666666665,119.75533333333333,279.46933333333334,116.63881994557896
10220,307.65133333333335,118.37466666666666,278.92066666666665,115.28873324531202
10230,307.704,116.99399999999999,278.372,113.93864654504509
10240,307.75666666666666,115.61333333333333,277.8233333333333,112.58855984477815
10250,307.8093333333333,114.23266666666666,277.27466666666663,111.23847314451122
10260,307.86199999999997,112.85199999999999,276.726,109.88838644424428
10270,307.9146666666667,111.47133333333332,276.1773333333333,108.53829974397735
10280,307.96733333333333,110.09066666666666,275.6286666666667,107.18821304371042
10290,308.02,108.71,275.08,105.83812634344348
10300,308.04133333333334,108.71933333333332,274.7013333333333,105.87579247065578
10310,308.06266666666664,108.72866666666665,274.32266666666663,105.91345859786809
10320,308.084,108.738,273.94399999999996,105.95112472508038
10330,308.1053333333333,108.74733333333333,273.56533333333334,105.98879085229268
10340,308.12666666666667,108.75666666666666,273.18666666666667,106.02645697950499
10350,308.14799999999997,108.76599999999999,272.808,106.06412310671729
10360,308.1693333333333,108.77533333333332,272.4293333333333,106.1017892339296
10370,308.19066666666663,108.78466666666667,272.05066666666664,106.13945536114188
10380,308.212,108.794,271.67199999999997,106.17712148835419
10390,308.2333333333333,108.80333333333333,271.2933333333333,106.2147876155665
10400,308.25466666666665,108.81266666666666,270.9146666666666,106.2524537427788
10410,308.27599999999995,108.82199999999999,270.536,106.2901198699911
10420,308.2973333333333,108.83133333333333,270.1573333333333,106.32778599720339
10430,308.3186666666666,108.84066666666666,269.77866666666665,106.3654521244157
10440,308.34,108.85,269.4,106.403118251628
10450,308.32866666666666,108.72933333333333,269.0833333333333,106.29147681486805
10460,308.3173333333333,108.60866666666666,268.76666666666665,106.17983537810811
10470,308.306,108.488,268.45,106.06819394134816
10480,308.29466666666667,108.36733333333333,268.1333333333333,105.9565525045882
10490,308.2833333333333,108.24666666666667,267.81666666666666,105.84491106782825
10500,308.272,108.126,267.5,105.73326963106831
10510,308.2606666666667,108.00533333333334,267.18333333333334,105.62162819430836
10520,308.2493333333333,107.88466666666666,266.8666666666666,105.5099867575484
10530,308.238,107.764,266.54999999999995,105.39834532078845
10540,308.2266666666667,107.64333333333333,266.2333333333333,105.28670388402851
10550,308.2153333333333,107.52266666666667,265.91666666666663,105.17506244726856
10560,308.204,107.402,265.59999999999997,105.0634210105086
10570,308.1926666666667,107.28133333333334,265.2833333333333,104.95177957374865
10580,308.1813333333333,107.16066666666667,264.96666666666664,104.84013813698871
10590,308.17,107.04,264.65,104.72849670022876
10600,308.12466666666666,106.924,264.368,104.62093174260521
10610,308.07933333333335,106.808,264.08599999999996,104.51336678498166
10620,308.034,106.69200000000001,263.804,104.4058018273581
10630,307.9886666666667,106.57600000000001,263.522,104.29823686973455
10640,307.9433333333333,106.46000000000001,263.24,104.190671912111
10650,307.898,106.34400000000001,262.95799999999997,104.08310695448745
10660,307.85266666666666,106.22800000000001,262.676,103.9755419968639
10670,307.80733333333336,106.112,262.394,103.86797703924036
10680,307.762,105.996,262.112,103.7604120816168
10690,307.7166666666667,105.88,261.83,103.65284712399325
10700,307.67133333333334,105.764,261.548,103.5452821663697
10710,307.62600000000003,105.648,261.266,103.43771720874615
10720,307.5806666666667,105.532,260.98400000000004,103.3301522511226
10730,307.53533333333337,105.416,260.702,103.22258729349905
10740,307.49,105.3,260.42,103.1150223358755
10750,307.41333333333336,105.336,260.17266666666666,103.16833079146542
10760,307.33666666666664,105.372,259.92533333333336,103.22163924705536
10770,307.26,105.408,259.678,103.27494770264529
10780,307.18333333333334,105.444,259.4306666666667,103.32825615823523
10790,307.1066666666667,105.48,259.18333333333334,103.38156461382516
10800,307.03,105.516,258.936,103.43487306941509
10810,306.9533333333333,105.552,258.6886666666667,103.48818152500503
10820,306.87666666666667,105.588,258.4413333333333,103.54148998059496
10830,306.8,105.624,258.194,103.5947984361849
10840,306.7233333333333,105.66,257.94666666666666,103.64810689177483
10850,306.64666666666665,105.696,257.6993333333333,103.70141534736476
10860,306.57,105.732,257.452,103.7547238029547
10870,306.49333333333334,105.768,257.20466666666664,103.80803225854463
10880,306.41666666666663,105.804,256.95733333333334,103.86134071413457
10890,306.34,105.84,256.71,103.9146491697245
10900,306.2353333333333,106.19933333333334,256.5213333333333,104.285627972605
10910,306.1306666666666,106.55866666666667,256.3326666666666,104.6566067754855
10920,306.02599999999995,106.918,256.144,105.027585578366
10930,305.92133333333334,107.27733333333333,255.95533333333333,105.3985643812465
10940,305.81666666666666,107.63666666666667,255.76666666666665,105.769543184127
10950,305.712,107.99600000000001,255.57799999999997,106.1405219870075
10960,305.6073333333333,108.35533333333333,255.38933333333333,106.511500789888
10970,305.50266666666664,108.71466666666667,255.20066666666665,106.88247959276849
10980,305.39799999999997,109.074,255.012,107.25345839564899
10990,305.2933333333333,109.43333333333334,254.82333333333332,107.62443719852949
11000,305.1886666666666,109.79266666666668,254.63466666666665,107.99541600140999
11010,305.084,110.152,254.446,108.3663948042905
11020,304.97933333333333,110.51133333333334,254.25733333333332,108.737373607171
11030,304.87466666666666,110.87066666666666,254.06866666666667,109.1083524100515
11040,304.77,111.23,253.88,109.479331212932
11050,304.6413333333333,110.81733333333334,253.654,109.04640025583424
11060,304.51266666666663,110.40466666666667,253.428,108.6134692987365
11070,304.38399999999996,109.992,253.202,108.18053834163875
11080,304.25533333333334,109.57933333333334,252.976,107.747607384541
11090,304.12666666666667,109.16666666666667,252.75,107.31467642744325
11100,303.998,108.754,252.524,106.8817454703455
11110,303.8693333333333,108.34133333333334,252.298,106.44881451324775
11120,303.74066666666664,107.92866666666667,252.072,106.01588355615
11130,303.61199999999997,107.516,251.846,105.58295259905225
11140,303.4833333333333,107.10333333333334,251.62,105.15002164195451
11150,303.3546666666666,106.69066666666667,251.394,104.71709068485676
11160,303.226,106.278,251.168,104.284159727759
11170,303.0973333333333,105.86533333333334,250.942,103.85122877066125
11180,302.96866666666665,105.45266666666667,250.716,103.41829781356351
11190,302.84,105.04,250.49,102.98536685646576
11200,302.69199999999995,104.89266666666667,250.26533333333333,102.84893594392784
11210,302.544,104.74533333333333,250.04066666666668,102.71250503138992
11220,302.39599999999996,104.598,249.816,102.576074118852
11230,302.248,104.45066666666668,249.59133333333335,102.43964320631409
11240,302.09999999999997,104.30333333333334,249.36666666666667,102.30321229377617
11250,301.952,104.156,249.142,102.16678138123825
11260,301.804,104.00866666666667,248.91733333333335,102.03035046870033
11270,301.656,103.86133333333333,248.69266666666667,101.89391955616243
11280,301.508,103.714,248.46800000000002,101.75748864362451
11290,301.36,103.56666666666666,248.24333333333334,101.6210577310866
11300,301.212,103.41933333333333,248.01866666666666,101.48462681854868
11310,301.064,103.272,247.794,101.34819590601076
11320,300.916,103.12466666666667,247.56933333333333,101.21176499347284
11330,300.76800000000003,102.97733333333333,247.34466666666668,101.07533408093492
11340,300.62,102.83,247.12,100.938903168397
11350,300.458,102.83866666666667,246.92533333333333,100.95283785744539
11360,300.296,102.84733333333332,246.73066666666668,100.96677254649377
11370,300.134,102.856,246.536,100.98070723554216
11380,299.972,102.86466666666666,246.34133333333332,100.99464192459054
11390,299.81,102.87333333333333,246.14666666666668,101.00857661363892
11400,299.648,102.88199999999999,245.952,101.0225113026873
11410,299.486,102.89066666666666,245.75733333333332,101.03644599173569
11420,299.324,102.89933333333333,245.56266666666667,101.05038068078407
11430,299.162,102.908,245.368,101.06431536983246
11440,299.0,102.91666666666666,245.17333333333332,101.07825005888084
11450,298.838,102.92533333333333,244.97866666666667,101.09218474792922
11460,298.676,102.934,244.784,101.10611943697761
11470,298.514,102.94266666666667,244.58933333333331,101.12005412602599
11480,298.352,102.95133333333332,244.39466666666667,101.13398881507437
11490,298.19,102.96,244.2,101.14792350412276
11500,298.01733333333334,102.97399999999999,244.01866666666666,101.16608935178391
11510,297.8446666666667,102.988,243.83733333333333,101.18425519944506
11520,297.672,103.002,243.65599999999998,101.20242104710621
11530,297.4993333333333,103.01599999999999,243.47466666666665,101.22058689476735
11540,297.32666666666665,103.03,243.29333333333332,101.2387527424285
11550,297.154,103.044,243.112,101.25691859008965
11560,296.98133333333334,103.05799999999999,242.93066666666667,101.2750844377508
11570,296.8086666666667,103.072,242.7493333333333,101.29325028541196
11580,296.636,103.086,242.56799999999998,101.31141613307311
11590,296.46333333333337,103.1,242.38666666666666,101.32958198073426
11600,296.2906666666667,103.114,242.20533333333333,101.34774782839541
11610,296.118,103.128,242.024,101.36591367605655
11620,295.94533333333334,103.142,241.84266666666664,101.3840795237177
11630,295.7726666666667,103.156,241.66133333333332,101.40224537137885
11640,295.6,103.17,241.48,101.42041121904
11650,295.4193333333333,103.17933333333333,241.308,101.43262087852621
11660,295.2386666666667,103.18866666666666,241.136,101.44483053801241
11670,295.058,103.19800000000001,240.964,101.4570401974986
11680,294.87733333333335,103.20733333333334,240.792,101.4692498569848
11690,294.69666666666666,103.21666666666667,240.62,101.481459516471
11700,294.516,103.226,240.448,101.49366917595721
11710,294.3353333333333,103.23533333333333,240.276,101.50587883544341
11720,294.1546666666667,103.24466666666667,240.10399999999998,101.5180884949296
11730,293.974,103.254,239.932,101.5302981544158
11740,293.79333333333335,103.26333333333334,239.76,101.542507813902
11750,293.61266666666666,103.27266666666667,239.588,101.55471747338821
11760,293.432,103.282,239.416,101.56692713287441
11770,293.2513333333333,103.29133333333334,239.244,101.5791367923606
11780,293.0706666666667,103.30066666666667,239.072,101.5913464518468
11790,292.89,103.31,238.9,101.603556111333
11800,292.70466666666664,103.45533333333333,238.746,101.75912539884804
11810,292.51933333333335,103.60066666666667,238.592,101.91469468636308
11820,292.334,103.746,238.43800000000002,102.0702639738781
11830,292.14866666666666,103.89133333333334,238.284,102.22583326139313
11840,291.9633333333333,104.03666666666666,238.13,102.38140254890817
11850,291.778,104.182,237.976,102.5369718364232
11860,291.5926666666667,104.32733333333333,237.822,102.69254112393824
11870,291.4073333333333,104.47266666666667,237.668,102.84811041145326
11880,291.222,104.618,237.514,103.0036796989683
11890,291.0366666666667,104.76333333333334,237.36,103.15924898648333
11900,290.85133333333334,104.90866666666666,237.20600000000002,103.31481827399837
11910,290.666,105.054,237.052,103.4703875615134
11920,290.48066666666665,105.19933333333333,236.898,103.62595684902843
11930,290.29533333333336,105.34466666666667,236.744,103.78152613654346
11940,290.11,105.49,236.59,103.9370954240585
11950,289.9206666666667,105.63333333333333,236.45533333333333,104.08072001189578
11960,289.73133333333334,105.77666666666666,236.32066666666668,104.22434459973307
11970,289.54200000000003,105.92,236.186,104.36796918757035
11980,289.35266666666666,106.06333333333333,236.05133333333333,104.51159377540763
11990,289.16333333333336,106.20666666666666,235.91666666666666,104.65521836324491
12000,288.974,106.35,235.782,104.79884295108221
12010,288.7846666666667,106.49333333333333,235.64733333333334,104.94246753891949
12020,288.5953333333333,106.63666666666667,235.51266666666666,105.08609212675677
12030,288.406,106.78,235.378,105.22971671459405
12040,288.21666666666664,106.92333333333333,235.24333333333334,105.37334130243134
12050,288.02733333333333,107.06666666666666,235.10866666666666,105.51696589026862
12060,287.83799999999997,107.21,234.974,105.6605904781059
12070,287.64866666666666,107.35333333333334,234.83933333333331,105.80421506594318
12080,287.4593333333333,107.49666666666667,234.70466666666667,105.94783965378048
12090,287.27,107.64,234.57,106.09146424161776
12100,287.0793333333333,107.616,234.42466666666667,106.06783980207071
12110,286.88866666666667,107.592,234.2793333333333,106.04421536252366
12120,286.698,107.568,234.134,106.02059092297661
12130,286.50733333333335,107.544,233.98866666666666,105.99696648342956
12140,286.31666666666666,107.52,233.84333333333333,105.97334204388251
12150,286.126,107.496,233.69799999999998,105.94971760433546
12160,285.93533333333335,107.472,233.55266666666665,105.92609316478841
12170,285.74466666666666,107.44800000000001,233.40733333333333,105.90246872524135
12180,285.55400000000003,107.424,233.262,105.8788442856943
12190,285.36333333333334,107.4,233.11666666666665,105.85521984614725
12200,285.17266666666666,107.376,232.97133333333332,105.8315954066002
12210,284.982,107.352,232.826,105.80797096705315
12220,284.79133333333334,107.328,232.68066666666667,105.7843465275061
12230,284.6006666666667,107.304,232.5353333333333,105.76072208795905
12240,284.41,107.28,232.39,105.737097648412
12250,284.218,107.02733333333333,232.22333333333333,105.47628171113435
12260,284.026,106.77466666666666,232.05666666666664,105.2154657738567
12270,283.834,106.522,231.89,104.95464983657905
12280,283.642,106.26933333333334,231.72333333333333,104.69383389930141
12290,283.45,106.01666666666667,231.55666666666664,104.43301796202375
12300,283.258,105.764,231.39,104.1722020247461
12310,283.066,105.51133333333333,231.22333333333333,103.91138608746846
12320,282.874,105.25866666666667,231.05666666666664,103.6505701501908
12330,282.682,105.006,230.89,103.38975421291316
12340,282.49,104.75333333333333,230.72333333333333,103.1289382756355
12350,282.298,104.50066666666666,230.55666666666664,102.86812233835785
12360,282.106,104.24799999999999,230.39,102.60730640108021
12370,281.914,103.99533333333333,230.22333333333333,102.34649046380255
12380,281.722,103.74266666666666,230.05666666666664,102.08567452652491
12390,281.53,103.49,229.89,101.82485858924726
12400,281.33866666666665,103.676,229.74599999999998,102.03096110826218
12410,281.14733333333334,103.862,229.60199999999998,102.2370636272771
12420,280.95599999999996,104.048,229.458,102.443166146292
12430,280.76466666666664,104.234,229.314,102.64926866530692
12440,280.5733333333333,104.42,229.17,102.85537118432184
12450,280.382,104.606,229.02599999999998,103.06147370333676
12460,280.1906666666667,104.792,228.88199999999998,103.26757622235168
12470,279.9993333333333,104.978,228.738,103.47367874136658
12480,279.808,105.164,228.594,103.6797812603815
12490,279.6166666666667,105.35,228.45,103.88588377939642
12500,279.42533333333336,105.536,228.30599999999998,104.09198629841134
12510,279.23400000000004,105.722,228.16199999999998,104.29808881742626
12520,279.04266666666666,105.908,228.018,104.50419133644117
12530,278.85133333333334,106.094,227.874,104.71029385545609
12540,278.66,106.28,227.73,104.916396374471
12550,278.4706666666667,106.54133333333334,227.62599999999998,105.17568092209014
12560,278.28133333333335,106.80266666666667,227.522,105.43496546970927
12570,278.09200000000004,107.06400000000001,227.41799999999998,105.6942500173284
12580,277.9026666666667,107.32533333333333,227.314,105.95353456494755
12590,277.71333333333337,107.58666666666667,227.20999999999998,106.21281911256668
12600,277.524,107.848,227.106,106.47210366018581
12610,277.3346666666667,108.10933333333334,227.00199999999998,106.73138820780494
12620,277.1453333333333,108.37066666666666,226.898,106.99067275542407
12630,276.956,108.632,226.79399999999998,107.2499573030432
12640,276.76666666666665,108.89333333333333,226.69,107.50924185066233
12650,276.57733333333334,109.15466666666667,226.58599999999998,107.76852639828147
12660,276.388,109.416,226.482,108.02781094590061
12670,276.19866666666667,109.67733333333334,226.378,108.28709549351974
12680,276.0093333333333,109.93866666666666,226.274,108.54638004113887
12690,275.82,110.2,226.17,108.805664588758
12700,275.632,110.10133333333333,226.03799999999998,108.704394737293
12710,275.444,110.00266666666667,225.90599999999998,108.60312488582801
12720,275.256,109.904,225.774,108.501855034363
12730,275.068,109.80533333333334,225.642,108.400585182898
12740,274.88,109.70666666666666,225.51,108.29931533143301
12750,274.692,109.608,225.378,108.198045479968
12760,274.504,109.50933333333333,225.24599999999998,108.096775628503
12770,274.316,109.41066666666667,225.114,107.995505777038
12780,274.128,109.312,224.982,107.894235925573
12790,273.94,109.21333333333334,224.85,107.792966074108
12800,273.752,109.11466666666666,224.718,107.691696222643
12810,273.564,109.016,224.58599999999998,107.590426371178
12820,273.376,108.91733333333333,224.454,107.48915651971299
12830,273.188,108.81866666666667,224.322,107.387886668248
12840,273.0,108.72,224.19,107.286616816783
12850,272.81466666666665,108.72133333333333,224.05933333333334,107.29120680284265
12860,272.62933333333336,108.72266666666667,223.92866666666666,107.2957967889023
12870,272.444,108.724,223.798,107.30038677496195
12880,272.25866666666667,108.72533333333332,223.66733333333332,107.30497676102159
12890,272.0733333333333,108.72666666666666,223.53666666666666,107.30956674708125
12900,271.88800000000003,108.728,223.406,107.31415673314089
12910,271.7026666666667,108.72933333333333,223.27533333333332,107.31874671920055
12920,271.51733333333334,108.73066666666666,223.14466666666667,107.32333670526019
12930,271.332,108.732,223.01399999999998,107.32792669131985
12940,271.1466666666667,108.73333333333333,222.88333333333333,107.33251667737949
12950,270.96133333333336,108.73466666666667,222.75266666666667,107.33710666343914
12960,270.776,108.73599999999999,222.62199999999999,107.34169664949879
12970,270.59066666666666,108.73733333333332,222.49133333333333,107.34628663555844
12980,270.4053333333334,108.73866666666666,222.36066666666665,107.35087662161808
12990,270.22,108.74,222.23,107.35546660767774
13000,270.0346666666667,108.52666666666666,222.08599999999998,107.13218421866269
13010,269.84933333333333,108.31333333333333,221.94199999999998,106.90890182964765
13020,269.66400000000004,108.1,221.798,106.68561944063259
13030,269.4786666666667,107.88666666666667,221.654,106.46233705161754
13040,269.29333333333335,107.67333333333333,221.51,106.2390546626025
13050,269.108,107.46,221.36599999999999,106.01577227358744
13060,268.92266666666666,107.24666666666667,221.22199999999998,105.79248988457239
13070,268.73733333333337,107.03333333333333,221.078,105.56920749555735
13080,268.552,106.82000000000001,220.934,105.3459251065423
13090,268.3666666666667,106.60666666666667,220.79,105.12264271752724
13100,268.1813333333333,106.39333333333333,220.646,104.8993603285122
13110,267.996,106.18,220.50199999999998,104.67607793949715
13120,267.8106666666667,105.96666666666667,220.358,104.4527955504821
13130,267.62533333333334,105.75333333333334,220.214,104.22951316146705
13140,267.44,105.54,220.07,104.006230772452
13150,267.2506666666667,105.43533333333333,219.912,103.91425773180796
13160,267.0613333333333,105.33066666666667,219.754,103.82228469116393
13170,266.872,105.226,219.596,103.7303116505199
13180,266.68266666666665,105.12133333333334,219.438,103.63833860987587
13190,266.49333333333334,105.01666666666667,219.28,103.54636556923184
13200,266.30400000000003,104.912,219.12199999999999,103.4543925285878
13210,266.11466666666666,104.80733333333333,218.964,103.36241948794377
13220,265.92533333333336,104.70266666666667,218.80599999999998,103.27044644729973
13230,265.736,104.598,218.648,103.1784734066557
13240,265.5466666666667,104.49333333333334,218.48999999999998,103.08650036601166
13250,265.3573333333334,104.38866666666667,218.332,102.99452732536763
13260,265.168,104.284,218.17399999999998,102.9025542847236
13270,264.9786666666667,104.17933333333333,218.016,102.81058124407957
13280,264.78933333333333,104.07466666666667,217.85799999999998,102.71860820343554
13290,264.6,103.97,217.7,102.6266351627915
13300,264.41400000000004,104.35666666666667,217.6,103.0251531939642
13310,264.228,104.74333333333333,217.5,103.4236712251369
13320,264.04200000000003,105.13,217.39999999999998,103.8221892563096
13330,263.856,105.51666666666667,217.29999999999998,104.2207072874823
13340,263.67,105.90333333333334,217.2,104.619225318655
13350,263.48400000000004,106.28999999999999,217.1,105.0177433498277
13360,263.298,106.67666666666666,217.0,105.4162613810004
13370,263.112,107.06333333333333,216.89999999999998,105.81477941217311
13380,262.926,107.45,216.79999999999998,106.21329744334581
13390,262.74,107.83666666666666,216.7,106.61181547451851
13400,262.55400000000003,108.22333333333333,216.6,107.01033350569121
13410,262.368,108.61,216.5,107.4088515368639
13420,262.182,108.99666666666667,216.39999999999998,107.8073695680366
13430,261.996,109.38333333333333,216.29999999999998,108.2058875992093
13440,261.81,109.77,216.2,108.604405630382
13450,261.62733333333335,109.81266666666666,216.09199999999998,108.6413879083435
13460,261.44466666666665,109.85533333333333,215.98399999999998,108.678370186305
13470,261.262,109.898,215.876,108.7153524642665
13480,261.07933333333335,109.94066666666666,215.768,108.752334742228
13490,260.89666666666665,109.98333333333333,215.66,108.7893170201895
13500,260.714,110.026,215.552,108.826299298151
13510,260.53133333333335,110.06866666666666,215.444,108.8632815761125
13520,260.34866666666665,110.11133333333333,215.336,108.90026385407401
13530,260.166,110.154,215.228,108.93724613203551
13540,259.98333333333335,110.19666666666666,215.12,108.97422840999701
13550,259.80066666666664,110.23933333333333,215.012,109.01121068795851
13560,259.618,110.282,214.904,109.04819296592001
13570,259.43533333333335,110.32466666666666,214.79600000000002,109.08517524388151
13580,259.25266666666664,110.36733333333333,214.68800000000002,109.12215752184301
13590,259.07,110.41,214.58,109.1591397998045
13600,258.89,110.43866666666666,214.46800000000002,109.18813162355161
13610,258.71,110.46733333333333,214.35600000000002,109.2171234472987
13620,258.53,110.496,214.244,109.24611527104581
13630,258.35,110.52466666666666,214.132,109.2751070947929
13640,258.17,110.55333333333333,214.02,109.30409891854
13650,257.99,110.582,213.90800000000002,109.33309074228711
13660,257.81,110.61066666666666,213.79600000000002,109.3620825660342
13670,257.63,110.63933333333334,213.684,109.39107438978131
13680,257.45,110.668,213.572,109.4200662135284
13690,257.27,110.69666666666667,213.46,109.4490580372755
13700,257.09,110.72533333333334,213.348,109.47804986102261
13710,256.91,110.754,213.23600000000002,109.5070416847697
13720,256.73,110.78266666666667,213.124,109.53603350851681
13730,256.55,110.81133333333334,213.012,109.5650253322639
13740,256.37,110.84,212.9,109.594017156011
13750,256.1933333333333,110.836,212.786,109.58977163784475
13760,256.01666666666665,110.83200000000001,212.672,109.5855261196785
13770,255.84,110.828,212.558,109.58128060151225
13780,255.66333333333333,110.824,212.44400000000002,109.577035083346
13790,255.48666666666668,110.82000000000001,212.33,109.57278956517975
13800,255.31,110.816,212.216,109.5685440470135
13810,255.13333333333333,110.812,212.102,109.56429852884725
13820,254.95666666666668,110.808,211.988,109.560053010681
13830,254.78,110.804,211.874,109.55580749251475
13840,254.60333333333332,110.8,211.76,109.5515619743485
13850,254.42666666666668,110.796,211.646,109.54731645618224
13860,254.25,110.792,211.532,109.543070938016
13870,254.07333333333332,110.788,211.418,109.53882541984974
13880,253.89666666666668,110.784,211.304,109.5345799016835
13890,253.72,110.78,211.19,109.53033438351724
13900,253.54733333333334,110.718,211.06866666666667,109.4676046357387
13910,253.37466666666666,110.656,210.94733333333332,109.40487488796015
13920,253.202,110.594,210.826,109.3421451401816
13930,253.02933333333334,110.532,210.70466666666667,109.27941539240304
13940,252.85666666666665,110.47,210.58333333333334,109.21668564462449
13950,252.684,110.408,210.462,109.15395589684594
13960,252.51133333333334,110.346,210.34066666666666,109.0912261490674
13970,252.33866666666665,110.28399999999999,210.21933333333334,109.02849640128885
13980,252.166,110.222,210.098,108.9657666535103
13990,251.99333333333334,110.16,209.97666666666666,108.90303690573175
14000,251.82066666666665,110.098,209.85533333333333,108.8403071579532
14010,251.648,110.036,209.734,108.77757741017464
14020,251.47533333333334,109.97399999999999,209.61266666666668,108.7148476623961
14030,251.30266666666665,109.91199999999999,209.49133333333333,108.65211791461755
14040,251.13,109.85,209.37,108.589388166839
14050,250.96066666666667,109.812,209.24933333333334,108.55269825312955
14060,250.79133333333334,109.774,209.12866666666667,108.5160083394201
14070,250.62199999999999,109.73599999999999,209.008,108.47931842571064
14080,250.45266666666666,109.698,208.88733333333334,108.44262851200119
14090,250.28333333333333,109.66,208.76666666666668,108.40593859829174
14100,250.114,109.622,208.64600000000002,108.36924868458229
14110,249.94466666666668,109.584,208.52533333333335,108.33255877087284
14120,249.77533333333332,109.54599999999999,208.40466666666666,108.2958688571634
14130,249.606,109.508,208.284,108.25917894345395
14140,249.43666666666667,109.47,208.16333333333333,108.2224890297445
14150,249.26733333333334,109.432,208.04266666666666,108.18579911603504
14160,249.098,109.394,207.922,108.14910920232559
14170,248.92866666666666,109.356,207.80133333333333,108.11241928861614
14180,248.75933333333333,109.318,207.68066666666667,108.07572937490669
14190,248.59,109.28,207.56,108.03903946119723
14200,248.424,109.17933333333333,207.43466666666666,107.93608229973495
14210,248.258,109.07866666666666,207.30933333333334,107.83312513827266
14220,248.092,108.978,207.184,107.73016797681039
14230,247.926,108.87733333333334,207.05866666666668,107.6272108153481
14240,247.76,108.77666666666667,206.93333333333334,107.52425365388582
14250,247.594,108.676,206.808,107.42129649242354
14260,247.428,108.57533333333333,206.68266666666668,107.31833933096125
14270,247.262,108.47466666666666,206.55733333333333,107.21538216949898
14280,247.096,108.374,206.43200000000002,107.1124250080367
14290,246.93,108.27333333333333,206.30666666666667,107.00946784657441
14300,246.764,108.17266666666666,206.18133333333333,106.90651068511212
14310,246.59799999999998,108.072,206.056,106.80355352364984
14320,246.432,107.97133333333333,205.93066666666667,106.70059636218757
14330,246.266,107.87066666666666,205.80533333333335,106.59763920072528
14340,246.1,107.77,205.68,106.494682039263
14350,245.938,107.62466666666667,205.54666666666668,106.34799235602358
14360,245.77599999999998,107.47933333333333,205.41333333333333,106.20130267278417
14370,245.614,107.334,205.28,106.05461298954475
14380,245.452,107.18866666666666,205.14666666666668,105.90792330630534
14390,245.29,107.04333333333334,205.01333333333335,105.76123362306592
14400,245.128,106.898,204.88,105.6145439398265
14410,244.96599999999998,106.75266666666667,204.74666666666667,105.46785425658709
14420,244.804,106.60733333333333,204.61333333333334,105.32116457334767
14430,244.642,106.462,204.48000000000002,105.17447489010826
14440,244.48,106.31666666666666,204.34666666666666,105.02778520686884
14450,244.31799999999998,106.17133333333334,204.21333333333334,104.88109552362943
14460,244.15599999999998,106.026,204.08,104.73440584039001
14470,243.994,105.88066666666667,203.9466666666667,104.5877161571506
14480,243.832,105.73533333333333,203.81333333333333,104.44102647391118
14490,243.67,105.59,203.68,104.29433679067176
14500,243.5113333333333,105.42333333333333,203.54066666666668,104.1264493116309
14510,243.35266666666666,105.25666666666667,203.40133333333333,103.95856183259006
14520,243.194,105.09,203.262,103.7906743535492
14530,243.0353333333333,104.92333333333333,203.12266666666667,103.62278687450836
14540,242.87666666666667,104.75666666666667,202.98333333333335,103.4548993954675
14550,242.718,104.59,202.844,103.28701191642666
14560,242.5593333333333,104.42333333333333,202.70466666666667,103.1191244373858
14570,242.40066666666667,104.25666666666667,202.56533333333334,102.95123695834496
14580,242.242,104.09,202.42600000000002,102.7833494793041
14590,242.08333333333331,103.92333333333333,202.28666666666666,102.61546200026326
14600,241.92466666666667,103.75666666666667,202.14733333333334,102.4475745212224
14610,241.766,103.59,202.008,102.27968704218156
14620,241.60733333333332,103.42333333333333,201.86866666666668,102.1117995631407
14630,241.44866666666667,103.25666666666667,201.72933333333333,101.94391208409986
14640,241.29,103.09,201.59,101.776024605059
14650,241.13466666666665,103.19066666666667,201.472,101.88651812317396
14660,240.97933333333333,103.29133333333334,201.354,101.9970116412889
14670,240.82399999999998,103.392,201.236,102.10750515940386
14680,240.66866666666667,103.49266666666666,201.118,102.2179986775188
14690,240.51333333333332,103.59333333333333,201.0,102.32849219563376
14700,240.358,103.694,200.882,102.4389857137487
14710,240.20266666666666,103.79466666666667,200.764,102.54947923186366
14720,240.04733333333334,103.89533333333333,200.646,102.6599727499786
14730,239.892,103.996,200.528,102.77046626809356
14740,239.73666666666668,104.09666666666666,200.41,102.8809597862085
14750,239.58133333333333,104.19733333333333,200.292,102.99145330432346
14760,239.42600000000002,104.298,200.174,103.1019468224384
14770,239.27066666666667,104.39866666666666,200.05599999999998,103.21244034055336
14780,239.11533333333335,104.49933333333333,199.938,103.3229338586683
14790,238.96,104.6,199.82,103.43342737678326
14800,238.80666666666667,104.55266666666667,199.704,103.38203913423898
14810,238.65333333333334,104.50533333333333,199.588,103.33065089169469
14820,238.5,104.458,199.472,103.27926264915041
14830,238.34666666666666,104.41066666666666,199.356,103.22787440660612
14840,238.19333333333333,104.36333333333333,199.24,103.17648616406184
14850,238.04,104.316,199.124,103.12509792151755
14860,237.88666666666666,104.26866666666666,199.008,103.07370967897327
14870,237.73333333333335,104.22133333333333,198.892,103.02232143642898
14880,237.58,104.17399999999999,198.776,102.9709331938847
14890,237.42666666666668,104.12666666666667,198.66,102.91954495134041
14900,237.27333333333334,104.07933333333334,198.544,102.86815670879614
14910,237.12,104.032,198.428,102.81676846625184
14920,236.96666666666667,103.98466666666667,198.312,102.76538022370757
14930,236.81333333333333,103.93733333333333,198.196,102.71399198116328
14940,236.66,103.89,198.08,102.662603738619
14950,236.50866666666667,103.78333333333333,197.95333333333335,102.55721070632923
14960,236.35733333333332,103.67666666666666,197.82666666666668,102.45181767403946
14970,236.206,103.57000000000001,197.70000000000002,102.34642464174969
14980,236.05466666666666,103.46333333333334,197.57333333333335,102.24103160945994
14990,235.90333333333334,103.35666666666667,197.4466666666667,102.13563857717017
15000,235.75199999999998,103.25,197.32000000000002,102.0302455448804
15010,235.60066666666665,103.14333333333333,197.19333333333336,101.92485251259063
15020,235.44933333333333,103.03666666666668,197.06666666666666,101.81945948030086
15030,235.298,102.93,196.94,101.7140664480111
15040,235.14666666666665,102.82333333333334,196.81333333333333,101.60867341572133
15050,234.99533333333332,102.71666666666667,196.68666666666667,101.50328038343156
15060,234.844,102.61,196.56,101.3978873511418
15070,234.69266666666667,102.50333333333334,196.43333333333334,101.29249431885204
15080,234.5413333333333,102.39666666666668,196.30666666666667,101.18710128656227
15090,234.39,102.29,196.18,101.0817082542725
15100,234.24066666666664,102.23733333333334,196.058,101.030187403151
15110,234.09133333333332,102.18466666666667,195.936,100.9786665520295
15120,233.94199999999998,102.132,195.814,100.927145700908
15130,233.79266666666666,102.07933333333334,195.692,100.8756248497865
15140,233.64333333333332,102.02666666666667,195.57,100.824103998665
15150,233.494,101.974,195.448,100.7725831475435
15160,233.34466666666665,101.92133333333334,195.326,100.721062296422
15170,233.19533333333334,101.86866666666667,195.204,100.6695414453005
15180,233.046,101.816,195.082,100.618020594179
15190,232.89666666666668,101.76333333333334,194.96,100.5664997430575
15200,232.74733333333333,101.71066666666667,194.838,100.514978891936
15210,232.598,101.658,194.716,100.4634580408145
15220,232.44866666666667,101.60533333333333,194.594,100.411937189693
15230,232.29933333333335,101.55266666666667,194.472,100.3604163385715
15240,232.15,101.5,194.35,100.30889548745
15250,232.002,101.934,194.27533333333332,100.76302156611226
15260,231.854,102.368,194.20066666666665,101.2171476447745
15270,231.70600000000002,102.802,194.126,101.67127372343676
15280,231.558,103.236,194.05133333333333,102.125399802099
15290,231.41,103.67,193.97666666666666,102.57952588076125
15300,231.262,104.104,193.902,103.03365195942351
15310,231.114,104.538,193.8273333333333,103.48777803808575
15320,230.966,104.97200000000001,193.75266666666667,103.941904116748
15330,230.818,105.406,193.678,104.39603019541025
15340,230.67000000000002,105.84,193.60333333333332,104.8501562740725
15350,230.52200000000002,106.274,193.52866666666665,105.30428235273476
15360,230.374,106.708,193.45399999999998,105.758408431397
15370,230.226,107.14200000000001,193.37933333333334,106.21253451005926
15380,230.078,107.57600000000001,193.30466666666666,106.6666605887215
15390,229.93,108.01,193.23,107.12078666738375
15400,229.78466666666668,107.96466666666667,193.14666666666665,107.05955014644347
15410,229.63933333333333,107.91933333333334,193.06333333333333,106.99831362550319
15420,229.494,107.87400000000001,192.98,106.9370771045629
15430,229.34866666666667,107.82866666666666,192.89666666666665,106.87584058362263
15440,229.20333333333335,107.78333333333333,192.81333333333333,106.81460406268235
15450,229.058,107.738,192.73,106.75336754174207
15460,228.91266666666667,107.69266666666667,192.64666666666665,106.69213102080178
15470,228.76733333333334,107.64733333333334,192.56333333333333,106.6308944998615
15480,228.622,107.602,192.48,106.56965797892121
15490,228.47666666666666,107.55666666666667,192.39666666666665,106.50842145798093
15500,228.33133333333333,107.51133333333334,192.31333333333333,106.44718493704065
15510,228.186,107.466,192.23,106.38594841610038
15520,228.04066666666668,107.42066666666666,192.14666666666665,106.32471189516009
15530,227.89533333333333,107.37533333333333,192.06333333333333,106.26347537421981
15540,227.75,107.33,191.98,106.20223885327952
15550,227.606,107.06933333333333,191.85533333333333,105.9394092953541
15560,227.462,106.80866666666667,191.73066666666665,105.67657973742865
15570,227.318,106.548,191.606,105.41375017950323
15580,227.174,106.28733333333334,191.48133333333334,105.15092062157778
15590,227.03,106.02666666666667,191.35666666666665,104.88809106365235
15600,226.886,105.766,191.232,104.62526150572691
15610,226.742,105.50533333333334,191.10733333333334,104.36243194780148
15620,226.598,105.24466666666666,190.98266666666666,104.09960238987604
15630,226.454,104.984,190.858,103.83677283195061
15640,226.31,104.72333333333333,190.73333333333335,103.57394327402517
15650,226.166,104.46266666666666,190.60866666666666,103.31111371609974
15660,226.022,104.202,190.484,103.0482841581743
15670,225.87800000000001,103.94133333333333,190.35933333333335,102.78545460024887
15680,225.734,103.68066666666667,190.23466666666667,102.52262504232343
15690,225.59,103.42,190.11,102.259795484398
15700,225.448,103.26933333333334,189.98600000000002,102.10914245210479
15710,225.306,103.11866666666667,189.86200000000002,101.9584894198116
15720,225.16400000000002,102.968,189.738,101.80783638751839
15730,225.022,102.81733333333334,189.614,101.6571833552252
15740,224.88,102.66666666666667,189.49,101.506530322932
15750,224.738,102.516,189.366,101.3558772906388
15760,224.596,102.36533333333334,189.24200000000002,101.2052242583456
15770,224.454,102.21466666666666,189.118,101.0545712260524
15780,224.312,102.064,188.994,100.9039181937592
15790,224.17000000000002,101.91333333333333,188.87,100.753265161466
15800,224.02800000000002,101.76266666666666,188.746,100.6026121291728
15810,223.886,101.612,188.622,100.4519590968796
15820,223.744,101.46133333333333,188.498,100.3013060645864
15830,223.602,101.31066666666666,188.374,100.1506530322932
15840,223.46,101.16,188.25,100.0
