Time (s),T_outer (C),T_inner (C),T_avg (C),Input Temperature (C)
0,101.419004756552,101.419004756552,101.419004756552,101.419004756552
10,101.419004756552,101.419004756552,101.419004756552,101.419004756552
20,101.419004756552,101.419004756552,101.419004756552,101.419004756552
30,101.419004756552,101.419004756552,101.419004756552,101.419004756552
40,101.419004756552,101.419004756552,101.419004756552,101.419004756552
50,101.419004756552,101.419004756552,101.419004756552,101.419004756552
60,101.419004756552,101.419004756552,101.419004756552,101.419004756552
70,101.419004756552,101.419004756552,101.419004756552,101.419004756552
80,101.419004756552,101.419004756552,101.419004756552,101.419004756552
90,101.419004756552,101.419004756552,101.419004756552,101.419004756552
100,101.419004756552,101.419004756552,101.419004756552,101.419004756552
110,101.419004756552,101.419004756552,101.419004756552,101.419004756552
120,101.419004756552,101.419004756552,101.419004756552,101.419004756552
130,101.419004756552,101.419004756552,101.419004756552,101.419004756552
140,101.419004756552,101.419004756552,101.419004756552,101.419004756552
150,101.419004756552,101.419004756552,101.419004756552,101.419004756552
160,101.419004756552,101.419004756552,101.419004756552,101.419004756552
170,101.419004756552,101.419004756552,101.419004756552,101.419004756552
180,101.419004756552,101.419004756552,101.419004756552,101.419004756552
190,101.419004756552,101.419004756552,101.419004756552,101.419004756552
200,101.419004756552,101.419004756552,101.419004756552,101.419004756552
210,101.419004756552,101.419004756552,101.419004756552,101.419004756552
220,101.419004756552,101.419004756552,101.419004756552,101.419004756552
230,101.419004756552,101.419004756552,101.419004756552,101.419004756552
240,101.419004756552,101.419004756552,101.419004756552,101.419004756552
250,101.419004756552,101.419004756552,101.419004756552,101.419004756552
260,101.419004756552,101.419004756552,101.419004756552,101.419004756552
270,101.419004756552,101.419004756552,101.419004756552,101.419004756552
280,101.419004756552,101.419004756552,101.419004756552,101.419004756552
290,101.419004756552,101.419004756552,101.419004756552,101.419004756552
300,101.419004756552,101.419004756552,101.419004756552,101.419004756552
310,101.419004756552,101.419004756552,101.419004756552,101.419004756552
320,101.419004756552,101.419004756552,101.419004756552,101.419004756552
330,101.419004756552,101.419004756552,101.419004756552,101.419004756552
340,101.419004756552,101.419004756552,101.419004756552,101.419004756552
350,101.419004756552,101.419004756552,101.419004756552,101.419004756552
360,101.419004756552,101.419004756552,101.419004756552,101.419004756552
370,101.419004756552,101.419004756552,101.419004756552,101.419004756552
380,101.419004756552,101.419004756552,101.419004756552,101.419004756552
390,101.419004756552,101.419004756552,101.419004756552,101.419004756552
400,101.419004756552,101.419004756552,101.419004756552,101.419004756552
410,101.419004756552,101.419004756552,101.419004756552,101.419004756552
420,101.419004756552,101.419004756552,101.419004756552,101.419004756552
430,101.419004756552,101.419004756552,101.419004756552,101.419004756552
440,101.419004756552,101.419004756552,101.419004756552,101.419004756552
450,101.419004756552,101.419004756552,101.419004756552,101.419004756552
460,101.419004756552,101.419004756552,101.419004756552,101.419004756552
470,101.419004756552,101.419004756552,101.419004756552,101.419004756552
480,101.419004756552,101.419004756552,101.419004756552,101.419004756552
490,101.419004756552,101.419004756552,101.419004756552,101.419004756552
500,101.419004756552,101.419004756552,101.419004756552,101.419004756552
510,101.419004756552,101.419004756552,101.419004756552,101.419004756552
520,101.419004756552,101.419004756552,101.419004756552,101.419004756552
530,101.419004756552,101.419004756552,101.419004756552,101.419004756552
540,101.419004756552,101.419004756552,101.419004756552,101.419004756552
550,101.419004756552,101.419004756552,101.419004756552,101.419004756552
560,101.419004756552,101.419004756552,101.419004756552,101.419004756552
570,101.419004756552,101.419004756552,101.419004756552,101.419004756552
580,101.419004756552,101.419004756552,101.419004756552,101.419004756552
590,101.419004756552,101.419004756552,101.419004756552,101.419004756552
600,101.419004756552,101.419004756552,101.419004756552,101.419004756552
610,101.419004756552,101.419004756552,101.419004756552,101.419004756552
620,101.419004756552,101.419004756552,101.419004756552,101.419004756552
630,101.419004756552,101.419004756552,101.419004756552,101.419004756552
640,101.419004756552,101.419004756552,101.419004756552,101.419004756552
650,101.419004756552,101.419004756552,101.419004756552,101.419004756552
660,101.419004756552,101.419004756552,101.419004756552,101.419004756552
670,101.419004756552,101.419004756552,101.419004756552,101.419004756552
680,101.419004756552,101.419004756552,101.419004756552,101.419004756552
690,101.419004756552,101.419004756552,101.419004756552,101.419004756552
700,101.419004756552,101.419004756552,101.419004756552,101.419004756552
710,101.419004756552,101.419004756552,101.419004756552,101.419004756552
720,101.419004756552,101.419004756552,101.419004756552,101.419004756552
730,101.419004756552,101.419004756552,101.419004756552,101.419004756552
740,101.419004756552,101.419004756552,101.419004756552,101.419004756552
750,101.419004756552,101.419004756552,101.419004756552,101.419004756552
760,101.419004756552,101.419004756552,101.419004756552,101.419004756552
770,101.419004756552,101.419004756552,101.419004756552,101.419004756552
780,101.419004756552,101.419004756552,101.419004756552,101.419004756552
790,101.419004756552,101.419004756552,101.419004756552,101.419004756552
800,101.419004756552,101.419004756552,101.419004756552,101.419004756552
810,101.419004756552,101.419004756552,101.419004756552,101.419004756552
820,101.419004756552,101.419004756552,101.419004756552,101.419004756552
830,101.419004756552,101.419004756552,101.419004756552,101.419004756552
840,101.419004756552,101.419004756552,101.419004756552,101.419004756552
850,101.419004756552,101.419004756552,101.419004756552,101.419004756552
860,101.419004756552,101.419004756552,101.419004756552,101.419004756552
870,101.419004756552,101.419004756552,101.419004756552,101.419004756552
880,101.419004756552,101.419004756552,101.419004756552,101.419004756552
890,101.419004756552,101.419004756552,101.419004756552,101.419004756552
900,101.419004756552,101.419004756552,101.419004756552,101.419004756552
910,101.419004756552,101.419004756552,101.419004756552,101.419004756552
920,101.419004756552,101.419004756552,101.419004756552,101.419004756552
930,101.419004756552,101.419004756552,101.419004756552,101.419004756552
940,101.419004756552,101.419004756552,101.419004756552,101.419004756552
950,101.419004756552,101.419004756552,101.419004756552,101.419004756552
960,101.419004756552,101.419004756552,101.419004756552,101.419004756552
970,101.419004756552,101.419004756552,101.419004756552,101.419004756552
980,101.419004756552,101.419004756552,101.419004756552,101.419004756552
990,101.419004756552,101.419004756552,101.419004756552,101.419004756552
1000,101.419004756552,101.419004756552,101.419004756552,101.419004756552
1010,101.419004756552,101.419004756552,101.419004756552,101.419004756552
1020,101.419004756552,101.419004756552,101.419004756552,101.419004756552
1030,101.419004756552,101.419004756552,101.419004756552,101.419004756552
1040,101.419004756552,101.419004756552,101.419004756552,101.419004756552
1050,101.419004756552,101.419004756552,101.419004756552,101.419004756552
1060,101.419004756552,101.419004756552,101.419004756552,101.419004756552
1070,101.419004756552,101.419004756552,101.419004756552,101.419004756552
1080,101.419004756552,101.419004756552,101.419004756552,101.419004756552
1090,101.419004756552,101.419004756552,101.419004756552,101.419004756552
1100,101.419004756552,101.419004756552,101.419004756552,101.419004756552
1110,101.419004756552,101.419004756552,101.419004756552,101.419004756552
1120,101.419004756552,101.419004756552,101.419004756552,101.419004756552
1130,101.419004756552,101.419004756552,101.419004756552,101.419004756552
1140,101.419004756552,101.419004756552,101.419004756552,101.419004756552
1150,101.419004756552,101.419004756552,101.419004756552,101.419004756552
1160,101.419004756552,101.419004756552,101.419004756552,101.419004756552
1170,101.419004756552,101.419004756552,101.419004756552,101.419004756552
1180,101.419004756552,101.419004756552,101.419004756552,101.419004756552
1190,101.419004756552,101.419004756552,101.419004756552,101.419004756552
1200,101.419004756552,101.419004756552,101.419004756552,101.419004756552
1210,101.419004756552,101.419004756552,101.419004756552,101.419004756552
1220,101.419004756552,101.419004756552,101.419004756552,101.419004756552
1230,101.419004756552,101.419004756552,101.419004756552,101.419004756552
1240,101.419004756552,101.419004756552,101.419004756552,101.419004756552
1250,101.419004756552,101.419004756552,101.419004756552,101.419004756552
1260,101.419004756552,101.419004756552,101.419004756552,101.419004756552
1270,101.419004756552,101.419004756552,101.419004756552,101.419004756552
1280,101.419004756552,101.419004756552,101.419004756552,101.419004756552
1290,101.419004756552,101.419004756552,101.419004756552,101.419004756552
1300,101.419004756552,101.419004756552,101.419004756552,101.419004756552
1310,101.419004756552,101.419004756552,101.419004756552,101.419004756552
1320,101.419004756552,101.419004756552,101.419004756552,101.419004756552
1330,101.419004756552,101.419004756552,101.419004756552,101.419004756552
1340,101.419004756552,101.419004756552,101.419004756552,101.419004756552
1350,101.419004756552,101.419004756552,101.419004756552,101.419004756552
1360,101.419004756552,101.419004756552,101.419004756552,101.419004756552
1370,101.419004756552,101.419004756552,101.419004756552,101.419004756552
1380,101.419004756552,101.419004756552,101.419004756552,101.419004756552
1390,101.419004756552,101.419004756552,101.419004756552,101.419004756552
1400,101.419004756552,101.419004756552,101.419004756552,101.419004756552
1410,101.419004756552,101.419004756552,101.419004756552,101.419004756552
1420,101.419004756552,101.419004756552,101.419004756552,101.419004756552
1430,101.419004756552,101.419004756552,101.419004756552,101.419004756552
1440,101.419004756552,101.419004756552,101.419004756552,101.419004756552
1440,101.419004756552,101.419004756552,101.419004756552,101.419004756552
1450,101.4190711061152,102.4010711061152,101.51240443944853,102.44038583133054
1460,101.4191374556784,103.3831374556784,101.60580412234506,103.4617669061091
1470,101.4192038052416,104.3652038052416,101.6992038052416,104.48314798088765
1480,101.4192701548048,105.3472701548048,101.79260348813813,105.5045290556662
1490,101.419336504368,106.329336504368,101.88600317103466,106.52591013044476
1500,101.4194028539312,107.3114028539312,101.97940285393119,107.5472912052233
1510,101.4194692034944,108.2934692034944,102.07280253682772,108.56867228000185
1520,101.4195355530576,109.27553555305761,102.16620221972427,109.59005335478041
1530,101.4196019026208,110.2576019026208,102.2596019026208,110.61143442955895
1540,101.419668252184,111.239668252184,102.35300158551733,111.6328155043375
1550,101.4197346017472,112.2217346017472,102.44640126841387,112.65419657911606
1560,101.4198009513104,113.2038009513104,102.5398009513104,113.6755776538946
1570,101.4198673008736,114.18586730087361,102.63320063420693,114.69695872867315
1580,101.4199336504368,115.16793365043681,102.72660031710346,115.71833980345171
1590,101.42,116.15,102.82,116.73972087823026
1600,101.42,116.658,102.93533333333333,117.23921011289994
1610,101.42,117.16600000000001,103.05066666666666,117.73869934756962
1620,101.42,117.674,103.166,118.23818858223932
1630,101.42,118.182,103.28133333333332,118.737677816909
1640,101.42,118.69,103.39666666666666,119.23716705157868
1650,101.42,119.19800000000001,103.512,119.73665628624836
1660,101.42,119.706,103.62733333333333,120.23614552091804
1670,101.42,120.214,103.74266666666666,120.73563475558774
1680,101.42,120.722,103.85799999999999,121.23512399025742
1690,101.42,121.23,103.97333333333333,121.7346132249271
1700,101.42,121.738,104.08866666666667,122.23410245959678
1710,101.42,122.246,104.204,122.73359169426647
1720,101.42,122.75399999999999,104.31933333333333,123.23308092893616
1730,101.42,123.262,104.43466666666666,123.73257016360584
1740,101.42,123.77,104.55,124.23205939827552
1750,101.42066666666666,124.098,104.64133333333334,124.56671311543428
1760,101.42133333333334,124.426,104.73266666666666,124.90136683259306
1770,101.422,124.75399999999999,104.824,125.23602054975181
1780,101.42266666666667,125.082,104.91533333333334,125.57067426691059
1790,101.42333333333333,125.41,105.00666666666666,125.90532798406934
1800,101.424,125.738,105.098,126.2399817012281
1810,101.42466666666667,126.066,105.18933333333334,126.57463541838688
1820,101.42533333333334,126.39399999999999,105.28066666666666,126.90928913554563
1830,101.426,126.722,105.372,127.24394285270441
1840,101.42666666666668,127.05,105.46333333333334,127.57859656986317
1850,101.42733333333334,127.378,105.55466666666666,127.91325028702192
1860,101.42800000000001,127.706,105.646,128.2479040041807
1870,101.42866666666667,128.034,105.73733333333334,128.58255772133947
1880,101.42933333333335,128.362,105.82866666666666,128.9172114384982
1890,101.43,128.69,105.92,129.251865155657
1900,101.43400000000001,129.21,106.03666666666666,129.7787396779028
1910,101.438,129.73,106.15333333333334,130.3056142001486
1920,101.44200000000001,130.25,106.27,130.8324887223944
1930,101.446,130.77,106.38666666666667,131.35936324464018
1940,101.45,131.29,106.50333333333333,131.88623776688598
1950,101.45400000000001,131.81,106.62,132.4131122891318
1960,101.458,132.33,106.73666666666666,132.9399868113776
1970,101.462,132.85,106.85333333333334,133.4668613336234
1980,101.466,133.37,106.97,133.9937358558692
1990,101.47,133.89000000000001,107.08666666666667,134.520610378115
2000,101.474,134.41,107.20333333333333,135.0474849003608
2010,101.478,134.93,107.32000000000001,135.5743594226066
2020,101.482,135.45000000000002,107.43666666666667,136.1012339448524
2030,101.48599999999999,135.97,107.55333333333334,136.6281084670982
2040,101.49,136.49,107.67,137.154982989344
2050,101.49866666666667,137.32133333333334,107.82933333333334,138.0045597878842
2060,101.50733333333334,138.15266666666668,107.98866666666667,138.8541365864244
2070,101.51599999999999,138.984,108.148,139.7037133849646
2080,101.52466666666666,139.81533333333334,108.30733333333333,140.5532901835048
2090,101.53333333333333,140.64666666666668,108.46666666666667,141.402866982045
2100,101.542,141.478,108.626,142.2524437805852
2110,101.55066666666667,142.30933333333334,108.78533333333334,143.1020205791254
2120,101.55933333333333,143.14066666666668,108.94466666666666,143.95159737766562
2130,101.568,143.972,109.104,144.80117417620582
2140,101.57666666666667,144.80333333333334,109.26333333333334,145.65075097474602
2150,101.58533333333334,145.63466666666667,109.42266666666667,146.50032777328622
2160,101.59400000000001,146.466,109.58200000000001,147.34990457182641
2170,101.60266666666666,147.29733333333334,109.74133333333333,148.1994813703666
2180,101.61133333333333,148.12866666666667,109.90066666666667,149.0490581689068
2190,101.62,148.96,110.06,149.898634967447
2200,101.63466666666667,149.30866666666668,110.208,150.23327432290426
2210,101.64933333333333,149.65733333333333,110.35600000000001,150.56791367836155
2220,101.664,150.006,110.504,150.9025530338188
2230,101.67866666666667,150.35466666666667,110.652,151.2371923892761
2240,101.69333333333334,150.70333333333335,110.8,151.57183174473334
2250,101.708,151.052,110.94800000000001,151.9064711001906
2260,101.72266666666667,151.40066666666667,111.096,152.24111045564788
2270,101.73733333333334,151.74933333333334,111.244,152.57574981110514
2280,101.75200000000001,152.098,111.392,152.91038916656242
2290,101.76666666666667,152.44666666666666,111.54,153.24502852201968
2300,101.78133333333334,152.79533333333333,111.688,153.57966787747694
2310,101.796,153.144,111.836,153.91430723293422
2320,101.81066666666668,153.49266666666668,111.984,154.24894658839148
2330,101.82533333333333,153.84133333333332,112.132,154.58358594384876
2340,101.84,154.19,112.28,154.91822529930602
2350,101.86200000000001,154.42733333333334,112.396,155.163114896447
2360,101.884,154.66466666666668,112.512,155.408004493588
2370,101.906,154.902,112.628,155.652894090729
2380,101.928,155.13933333333333,112.744,155.89778368787
2390,101.95,155.37666666666667,112.86,156.142673285011
2400,101.97200000000001,155.614,112.976,156.387562882152
2410,101.994,155.85133333333334,113.092,156.632452479293
2420,102.016,156.08866666666665,113.208,156.87734207643402
2430,102.038,156.326,113.324,157.12223167357502
2440,102.06,156.56333333333333,113.44,157.367121270716
2450,102.08200000000001,156.80066666666667,113.556,157.612010867857
2460,102.104,157.038,113.672,157.856900464998
2470,102.126,157.27533333333332,113.788,158.101790062139
2480,102.148,157.51266666666666,113.904,158.34667965928
2490,102.17,157.75,114.02,158.591569256421
2500,102.20066666666666,158.322,114.17133333333334,159.1718967800124
2510,102.23133333333334,158.894,114.32266666666666,159.7522243036038
2520,102.262,159.466,114.474,160.3325518271952
2530,102.29266666666666,160.038,114.62533333333333,160.9128793507866
2540,102.32333333333334,160.61,114.77666666666667,161.493206874378
2550,102.354,161.18200000000002,114.928,162.0735343979694
2560,102.38466666666666,161.75400000000002,115.07933333333334,162.6538619215608
2570,102.41533333333334,162.326,115.23066666666666,163.2341894451522
2580,102.446,162.898,115.382,163.8145169687436
2590,102.47666666666666,163.47,115.53333333333333,164.394844492335
2600,102.50733333333334,164.042,115.68466666666667,164.9751720159264
2610,102.538,164.614,115.836,165.5554995395178
2620,102.56866666666666,165.186,115.98733333333334,166.1358270631092
2630,102.59933333333333,165.758,116.13866666666667,166.7161545867006
2640,102.63,166.33,116.29,167.296482110292
2650,102.66866666666667,167.26733333333334,116.492,168.25469237380025
2660,102.70733333333332,168.20466666666667,116.694,169.2129026373085
2670,102.746,169.142,116.896,170.17111290081675
2680,102.78466666666667,170.07933333333335,117.098,171.129323164325
2690,102.82333333333332,171.01666666666668,117.3,172.08753342783325
2700,102.862,171.954,117.502,173.0457436913415
2710,102.90066666666667,172.89133333333334,117.704,174.00395395484975
2720,102.93933333333332,173.82866666666666,117.906,174.96216421835797
2730,102.978,174.766,118.108,175.92037448186622
2740,103.01666666666667,175.70333333333332,118.31,176.87858474537447
2750,103.05533333333332,176.64066666666665,118.512,177.83679500888272
2760,103.094,177.578,118.714,178.79500527239097
2770,103.13266666666667,178.51533333333333,118.916,179.75321553589922
2780,103.17133333333332,179.45266666666666,119.118,180.71142579940746
2790,103.21,180.39,119.32,181.6696360629157
2800,103.25733333333332,181.05399999999997,119.53466666666667,182.3314823277299
2810,103.30466666666666,181.718,119.74933333333333,182.9933285925441
2820,103.35199999999999,182.38199999999998,119.964,183.65517485735828
2830,103.39933333333333,183.046,120.17866666666666,184.31702112217246
2840,103.44666666666666,183.70999999999998,120.39333333333333,184.97886738698665
2850,103.494,184.374,120.608,185.64071365180084
2860,103.54133333333333,185.03799999999998,120.82266666666666,186.30255991661502
2870,103.58866666666667,185.702,121.03733333333334,186.96440618142918
2880,103.636,186.36599999999999,121.252,187.62625244624337
2890,103.68333333333334,187.03,121.46666666666667,188.28809871105756
2900,103.73066666666666,187.694,121.68133333333334,188.94994497587174
2910,103.778,188.358,121.896,189.61179124068593
2920,103.82533333333333,189.022,122.11066666666667,190.27363750550012
2930,103.87266666666667,189.686,122.32533333333333,190.9354837703143
2940,103.92,190.35,122.54,191.5973300351285
2950,103.97533333333334,190.85999999999999,122.73400000000001,192.10819553486562
2960,104.03066666666666,191.37,122.92800000000001,192.61906103460277
2970,104.086,191.88,123.122,193.1299265343399
2980,104.14133333333334,192.39,123.316,193.64079203407704
2990,104.19666666666667,192.9,123.51,194.15165753381416
3000,104.252,193.41,123.70400000000001,194.66252303355128
3010,104.30733333333333,193.92,123.89800000000001,195.17338853328843
3020,104.36266666666667,194.43,124.092,195.68425403302555
3030,104.418,194.94,124.286,196.1951195327627
3040,104.47333333333333,195.45,124.48,196.70598503249983
3050,104.52866666666667,195.96,124.674,197.21685053223695
3060,104.584,196.47,124.86800000000001,197.7277160319741
3070,104.63933333333334,196.98,125.062,198.23858153171122
3080,104.69466666666666,197.49,125.256,198.74944703144837
3090,104.75,198.0,125.45,199.2603125311855
3100,104.81466666666667,198.50133333333332,125.64733333333334,199.7655804994626
3110,104.87933333333334,199.00266666666667,125.84466666666667,200.27084846773968
3120,104.944,199.504,126.042,200.7761164360168
3130,105.00866666666667,200.00533333333334,126.23933333333333,201.2813844042939
3140,105.07333333333334,200.50666666666666,126.43666666666667,201.78665237257098
3150,105.138,201.008,126.634,202.2919203408481
3160,105.20266666666667,201.50933333333333,126.83133333333333,202.7971883091252
3170,105.26733333333333,202.01066666666668,127.02866666666667,203.30245627740229
3180,105.332,202.512,127.226,203.8077242456794
3190,105.39666666666666,203.01333333333335,127.42333333333333,204.3129922139565
3200,105.46133333333333,203.51466666666667,127.62066666666666,204.8182601822336
3210,105.526,204.01600000000002,127.818,205.3235281505107
3220,105.59066666666666,204.51733333333334,128.01533333333333,205.8287961187878
3230,105.65533333333333,205.0186666666667,128.21266666666668,206.3340640870649
3240,105.72,205.52,128.41,206.839332055342
3250,105.794,206.19733333333335,128.62733333333333,207.52723214892
3260,105.868,206.87466666666668,128.84466666666665,208.215132242498
3270,105.942,207.55200000000002,129.06199999999998,208.903032336076
3280,106.016,208.22933333333333,129.27933333333334,209.590932429654
3290,106.09,208.90666666666667,129.49666666666667,210.278832523232
3300,106.164,209.584,129.714,210.96673261681
3310,106.238,210.26133333333334,129.93133333333333,211.654632710388
3320,106.312,210.93866666666668,130.14866666666666,212.342532803966
3330,106.386,211.616,130.36599999999999,213.03043289754402
3340,106.46,212.29333333333335,130.58333333333331,213.718332991122
3350,106.53399999999999,212.97066666666666,130.80066666666664,214.4062330847
3360,106.608,213.648,131.018,215.094133178278
3370,106.682,214.32533333333333,131.23533333333333,215.78203327185602
3380,106.756,215.00266666666667,131.45266666666666,216.469933365434
3390,106.83,215.68,131.67,217.157833459012
3400,106.914,216.268,131.89666666666665,217.74777294294464
3410,106.998,216.856,132.12333333333333,218.3377124268773
3420,107.082,217.44400000000002,132.35,218.9276519108099
3430,107.166,218.032,132.57666666666665,219.51759139474254
3440,107.25,218.62,132.8033333333333,220.10753087867516
3450,107.334,219.208,133.03,220.69747036260782
3460,107.418,219.796,133.25666666666666,221.28740984654044
3470,107.502,220.38400000000001,133.48333333333332,221.87734933047307
3480,107.586,220.972,133.70999999999998,222.4672888144057
3490,107.67,221.56,133.93666666666667,223.05722829833834
3500,107.754,222.148,134.16333333333333,223.64716778227097
3510,107.83800000000001,222.736,134.39,224.2371072662036
3520,107.922,223.324,134.61666666666665,224.82704675013622
3530,108.006,223.912,134.84333333333333,225.41698623406887
3540,108.09,224.5,135.07,226.0069257180015
3550,108.18333333333334,225.05733333333333,135.2973333333333,226.56881046181297
3560,108.27666666666667,225.61466666666666,135.52466666666666,227.13069520562442
3570,108.37,226.172,135.75199999999998,227.6925799494359
3580,108.46333333333334,226.72933333333333,135.97933333333333,228.25446469324737
3590,108.55666666666667,227.28666666666666,136.20666666666665,228.81634943705882
3600,108.65,227.844,136.434,229.3782341808703
3610,108.74333333333334,228.40133333333333,136.66133333333332,229.94011892468177
3620,108.83666666666666,228.9586666666667,136.88866666666667,230.50200366849322
3630,108.92999999999999,229.51600000000002,137.11599999999999,231.0638884123047
3640,109.02333333333333,230.07333333333335,137.34333333333333,231.62577315611617
3650,109.11666666666666,230.63066666666668,137.57066666666665,232.18765789992761
3660,109.21,231.18800000000002,137.798,232.7495426437391
3670,109.30333333333333,231.74533333333335,138.02533333333332,233.31142738755057
3680,109.39666666666666,232.30266666666668,138.25266666666667,233.873312131362
3690,109.49,232.86,138.48,234.4351968751735
3700,109.592,233.46066666666667,138.71066666666667,235.038932748388
3710,109.69399999999999,234.06133333333335,138.94133333333332,235.6426686216025
3720,109.79599999999999,234.662,139.172,236.246404494817
3730,109.898,235.2626666666667,139.40266666666665,236.85014036803148
3740,110.0,235.86333333333334,139.63333333333333,237.45387624124598
3750,110.10199999999999,236.464,139.864,238.05761211446048
3760,110.204,237.06466666666668,140.09466666666665,238.661347987675
3770,110.306,237.66533333333334,140.32533333333333,239.2650838608895
3780,110.408,238.26600000000002,140.55599999999998,239.868819734104
3790,110.50999999999999,238.86666666666667,140.78666666666666,240.4725556073185
3800,110.612,239.46733333333333,141.01733333333334,241.076291480533
3810,110.714,240.068,141.248,241.68002735374748
3820,110.816,240.66866666666667,141.47866666666667,242.28376322696198
3830,110.91799999999999,241.26933333333335,141.70933333333332,242.88749910017648
3840,111.02,241.87,141.94,243.491234973391
3850,111.13066666666667,242.114,142.14666666666668,243.72608047887064
3860,111.24133333333333,242.358,142.35333333333332,243.9609259843503
3870,111.352,242.602,142.56,244.19577148982992
3880,111.46266666666666,242.846,142.76666666666665,244.43061699530958
3890,111.57333333333334,243.09,142.97333333333333,244.66546250078923
3900,111.684,243.334,143.18,244.9003080062689
3910,111.79466666666667,243.578,143.38666666666666,245.13515351174854
3920,111.90533333333333,243.822,143.59333333333333,245.36999901722817
3930,112.016,244.066,143.79999999999998,245.60484452270782
3940,112.12666666666667,244.31,144.00666666666666,245.83969002818748
3950,112.23733333333334,244.554,144.21333333333334,246.07453553366713
3960,112.348,244.798,144.42,246.30938103914679
3970,112.45866666666667,245.042,144.62666666666667,246.5442265446264
3980,112.56933333333333,245.286,144.83333333333331,246.77907205010607
3990,112.68,245.53,145.04,247.01391755558572
4000,112.79933333333334,246.13666666666666,145.26266666666666,247.63787693541363
4010,112.91866666666667,246.74333333333334,145.48533333333333,248.26183631524157
4020,113.03800000000001,247.35,145.708,248.88579569506948
4030,113.15733333333334,247.95666666666668,145.93066666666667,249.50975507489738
4040,113.27666666666667,248.56333333333333,146.15333333333334,250.13371445472532
4050,113.396,249.17,146.376,250.75767383455323
4060,113.51533333333333,249.77666666666667,146.59866666666667,251.38163321438114
4070,113.63466666666667,250.38333333333333,146.8213333333333,252.00559259420908
4080,113.754,250.99,147.04399999999998,252.62955197403699
4090,113.87333333333333,251.59666666666666,147.26666666666665,253.2535113538649
4100,113.99266666666666,252.20333333333332,147.48933333333332,253.87747073369283
4110,114.112,252.81,147.712,254.50143011352074
4120,114.23133333333334,253.41666666666666,147.93466666666666,255.12538949334865
4130,114.35066666666667,254.02333333333334,148.15733333333333,255.7493488731766
4140,114.47,254.63,148.38,256.3733082530045
4150,114.598,255.32999999999998,148.63733333333332,257.0747341831976
4160,114.726,256.03,148.89466666666667,257.7761601133908
4170,114.854,256.73,149.152,258.4775860435839
4180,114.982,257.43,149.40933333333334,259.1790119737771
4190,115.11,258.13,149.66666666666666,259.88043790397023
4200,115.238,258.83,149.924,260.5818638341634
4210,115.366,259.53,150.18133333333333,261.28328976435654
4220,115.494,260.23,150.43866666666668,261.9847156945497
4230,115.622,260.93,150.696,262.68614162474285
4240,115.75,261.63,150.95333333333335,263.387567554936
4250,115.878,262.33,151.21066666666667,264.08899348512915
4260,116.006,263.03,151.46800000000002,264.79041941532233
4270,116.134,263.73,151.72533333333334,265.49184534551546
4280,116.262,264.43,151.9826666666667,266.19327127570864
4290,116.39,265.13,152.24,266.89469720590176
4300,116.52533333333334,265.596,152.48533333333333,267.3619423624771
4310,116.66066666666667,266.062,152.73066666666668,267.8291875190525
4320,116.796,266.528,152.976,268.2964326756278
4330,116.93133333333333,266.99399999999997,153.22133333333335,268.76367783220314
4340,117.06666666666666,267.46,153.46666666666667,269.2309229887785
4350,117.202,267.926,153.712,269.69816814535386
4360,117.33733333333333,268.392,153.95733333333334,270.1654133019292
4370,117.47266666666667,268.858,154.20266666666666,270.6326584585045
4380,117.608,269.324,154.448,271.0999036150799
4390,117.74333333333334,269.79,154.69333333333333,271.56714877165524
4400,117.87866666666667,270.25600000000003,154.93866666666665,272.0343939282306
4410,118.014,270.722,155.184,272.50163908480596
4420,118.14933333333333,271.188,155.42933333333332,272.96888424138126
4430,118.28466666666667,271.654,155.67466666666667,273.4361293979566
4440,118.42,272.12,155.92,273.903374554532
4450,118.56333333333333,272.57,156.164,274.35483323198343
4460,118.70666666666666,273.02,156.408,274.8062919094349
4470,118.85,273.47,156.652,275.25775058688635
4480,118.99333333333334,273.92,156.896,275.70920926433774
4490,119.13666666666667,274.37,157.14,276.1606679417892
4500,119.28,274.82,157.384,276.61212661924066
4510,119.42333333333333,275.27,157.628,277.0635852966921
4520,119.56666666666666,275.72,157.872,277.51504397414357
4530,119.71,276.17,158.116,277.966502651595
4540,119.85333333333332,276.62,158.36,278.4179613290465
4550,119.99666666666666,277.07,158.604,278.86942000649793
4560,120.14,277.52,158.848,279.32087868394933
4570,120.28333333333333,277.97,159.092,279.7723373614008
4580,120.42666666666666,278.42,159.336,280.22379603885224
4590,120.57,278.87,159.58,280.6752547163037
4600,120.71799999999999,279.25,159.8106666666667,281.0509749243922
4610,120.866,279.63,160.04133333333334,281.42669513248075
4620,121.014,280.01,160.27200000000002,281.80241534056927
4630,121.16199999999999,280.39,160.50266666666667,282.1781355486578
4640,121.31,280.77,160.73333333333335,282.5538557567463
4650,121.458,281.15,160.964,282.92957596483484
4660,121.606,281.53,161.19466666666668,283.30529617292336
4670,121.754,281.91,161.42533333333333,283.68101638101183
4680,121.902,282.29,161.656,284.05673658910035
4690,122.05,282.67,161.88666666666666,284.4324567971889
4700,122.19800000000001,283.05,162.11733333333333,284.8081770052774
4710,122.346,283.43,162.34799999999998,285.1838972133659
4720,122.494,283.81,162.57866666666666,285.55961742145445
4730,122.64200000000001,284.19,162.8093333333333,285.93533762954297
4740,122.79,284.57,163.04,286.3110578376315
4750,122.944,285.1193333333333,163.27666666666667,286.87717039219757
4760,123.098,285.66866666666664,163.51333333333332,287.44328294676365
4770,123.25200000000001,286.218,163.75,288.0093955013298
4780,123.406,286.76733333333334,163.98666666666665,288.57550805589585
4790,123.56,287.31666666666666,164.22333333333333,289.1416206104619
4800,123.714,287.866,164.46,289.707733165028
4810,123.868,288.4153333333333,164.69666666666666,290.2738457195941
4820,124.022,288.9646666666667,164.93333333333334,290.8399582741602
4830,124.176,289.514,165.17,291.4060708287263
4840,124.33,290.06333333333333,165.40666666666667,291.97218338329236
4850,124.484,290.61266666666666,165.64333333333335,292.53829593785844
4860,124.63799999999999,291.162,165.88,293.1044084924245
4870,124.792,291.71133333333336,166.11666666666667,293.67052104699064
4880,124.946,292.2606666666667,166.35333333333332,294.2366336015567
4890,125.1,292.81,166.59,294.8027461561228
4900,125.26066666666667,293.81733333333335,166.88733333333334,295.82538187300696
4910,125.42133333333332,294.82466666666664,167.18466666666666,296.84801758989107
4920,125.582,295.832,167.482,297.87065330677524
4930,125.74266666666666,296.83933333333334,167.77933333333334,298.8932890236594
4940,125.90333333333334,297.8466666666667,168.07666666666668,299.9159247405435
4950,126.064,298.854,168.374,300.9385604574277
4960,126.22466666666666,299.86133333333333,168.67133333333334,301.96119617431185
4970,126.38533333333334,300.8686666666667,168.96866666666668,302.98383189119596
4980,126.546,301.87600000000003,169.26600000000002,304.00646760808013
4990,126.70666666666666,302.8833333333333,169.56333333333333,305.0291033249643
5000,126.86733333333333,303.8906666666667,169.86066666666667,306.0517390418484
5010,127.028,304.898,170.15800000000002,307.0743747587326
5020,127.18866666666668,305.9053333333334,170.45533333333336,308.09701047561674
5030,127.34933333333333,306.91266666666667,170.75266666666667,309.11964619250085
5040,127.51,307.92,171.05,310.142281909385
5050,127.67666666666668,308.206,171.316,310.4101528805496
5060,127.84333333333333,308.492,171.58200000000002,310.6780238517142
5070,128.01,308.778,171.848,310.9458948228788
5080,128.17666666666668,309.064,172.114,311.2137657940434
5090,128.34333333333333,309.35,172.38,311.481636765208
5100,128.51,309.636,172.64600000000002,311.7495077363726
5110,128.67666666666668,309.922,172.912,312.0173787075372
5120,128.84333333333333,310.20799999999997,173.178,312.2852496787018
5130,129.01,310.49399999999997,173.444,312.5531206498664
5140,129.17666666666668,310.78,173.71,312.820991621031
5150,129.34333333333333,311.066,173.976,313.0888625921956
5160,129.51,311.352,174.242,313.3567335633602
5170,129.67666666666665,311.638,174.50799999999998,313.6246045345248
5180,129.84333333333333,311.924,174.774,313.8924755056894
5190,130.01,312.21,175.04,314.160346476854
5200,130.182,312.774,175.30733333333333,314.7371293893002
5210,130.35399999999998,313.33799999999997,175.57466666666667,315.3139123017465
5220,130.52599999999998,313.902,175.84199999999998,315.8906952141927
5230,130.698,314.466,176.10933333333332,316.4674781266389
5240,130.87,315.03,176.37666666666667,317.04426103908514
5250,131.042,315.594,176.644,317.6210439515314
5260,131.214,316.158,176.91133333333335,318.19782686397764
5270,131.386,316.722,177.17866666666666,318.77460977642386
5280,131.558,317.286,177.446,319.3513926888701
5290,131.73,317.85,177.71333333333334,319.92817560131635
5300,131.902,318.414,177.98066666666668,320.5049585137626
5310,132.074,318.978,178.24800000000002,321.0817414262088
5320,132.246,319.54200000000003,178.51533333333333,321.658524338655
5330,132.418,320.106,178.78266666666667,322.2353072511013
5340,132.59,320.67,179.05,322.8120901635475
5350,132.76666666666668,321.37,179.33733333333333,323.5136687014241
5360,132.94333333333333,322.07,179.62466666666668,324.2152472393006
5370,133.12,322.77000000000004,179.912,324.91682577717717
5380,133.29666666666668,323.47,180.19933333333336,325.6184043150537
5390,133.47333333333333,324.17,180.48666666666668,326.31998285293025
5400,133.65,324.87,180.774,327.0215613908068
5410,133.82666666666668,325.57,181.06133333333335,327.72313992868334
5420,134.00333333333333,326.27000000000004,181.34866666666667,328.4247184665599
5430,134.18,326.97,181.63600000000002,329.1262970044364
5440,134.35666666666668,327.67,181.92333333333335,329.827875542313
5450,134.53333333333333,328.37,182.21066666666667,330.52945408018957
5460,134.71,329.07,182.49800000000002,331.2310326180661
5470,134.88666666666668,329.77000000000004,182.78533333333334,331.93261115594265
5480,135.06333333333333,330.47,183.0726666666667,332.63418969381917
5490,135.24,331.17,183.36,333.33576823169574
5500,135.42066666666668,331.80733333333336,183.65066666666667,333.9780260791513
5510,135.60133333333334,332.4446666666667,183.94133333333335,334.6202839266068
5520,135.782,333.082,184.232,335.2625417740624
5530,135.96266666666668,333.71933333333334,184.52266666666668,335.90479962151795
5540,136.14333333333335,334.3566666666667,184.81333333333333,336.5470574689735
5550,136.324,334.994,185.104,337.18931531642903
5560,136.50466666666668,335.6313333333334,185.39466666666667,337.83157316388457
5570,136.68533333333332,336.26866666666666,185.68533333333335,338.47383101134017
5580,136.86599999999999,336.906,185.976,339.1160888587957
5590,137.04666666666665,337.54333333333335,186.26666666666668,339.75834670625125
5600,137.22733333333332,338.1806666666667,186.55733333333333,340.4006045537068
5610,137.408,338.81800000000004,186.848,341.0428624011623
5620,137.58866666666665,339.45533333333333,187.13866666666667,341.6851202486179
5630,137.76933333333332,340.0926666666667,187.42933333333335,342.32737809607346
5640,137.95,340.73,187.72,342.969635943529
5650,138.13733333333332,340.88666666666666,187.97733333333332,343.11150497363536
5660,138.32466666666664,341.04333333333335,188.23466666666667,343.25337400374167
5670,138.512,341.2,188.492,343.39524303384803
5680,138.69933333333333,341.3566666666667,188.74933333333334,343.5371120639544
5690,138.88666666666666,341.5133333333333,189.00666666666666,343.67898109406076
5700,139.07399999999998,341.67,189.264,343.82085012416707
5710,139.2613333333333,341.82666666666665,189.52133333333333,343.96271915427343
5720,139.44866666666667,341.98333333333335,189.77866666666668,344.1045881843798
5730,139.636,342.14,190.036,344.24645721448616
5740,139.82333333333332,342.2966666666667,190.29333333333335,344.38832624459246
5750,140.01066666666665,342.4533333333333,190.55066666666667,344.5301952746988
5760,140.19799999999998,342.61,190.80800000000002,344.6720643048052
5770,140.38533333333334,342.76666666666665,191.06533333333334,344.81393333491155
5780,140.57266666666666,342.92333333333335,191.3226666666667,344.95580236501786
5790,140.76,343.08,191.58,345.0976713951242
5800,140.95266666666666,343.4973333333333,191.83733333333333,345.52533067154377
5810,141.14533333333333,343.9146666666667,192.09466666666668,345.9529899479633
5820,141.338,344.332,192.352,346.38064922438286
5830,141.53066666666666,344.7493333333333,192.60933333333335,346.8083085008024
5840,141.72333333333333,345.16666666666663,192.86666666666667,347.23596777722196
5850,141.916,345.584,193.124,347.6636270536415
5860,142.10866666666666,346.0013333333333,193.38133333333334,348.09128633006105
5870,142.30133333333333,346.41866666666664,193.63866666666667,348.51894560648066
5880,142.494,346.83599999999996,193.89600000000002,348.9466048829002
5890,142.68666666666667,347.25333333333333,194.15333333333334,349.37426415931975
5900,142.87933333333334,347.67066666666665,194.41066666666666,349.8019234357393
5910,143.072,348.08799999999997,194.668,350.22958271215884
5920,143.26466666666667,348.5053333333333,194.92533333333333,350.6572419885784
5930,143.45733333333334,348.92266666666666,195.18266666666668,351.08490126499794
5940,143.65,349.34,195.44,351.5125605414175
5950,143.84933333333333,349.986,195.72466666666668,352.16947320036854
5960,144.04866666666666,350.63199999999995,196.00933333333333,352.82638585931966
5970,144.248,351.27799999999996,196.294,353.4832985182707
5980,144.44733333333335,351.924,196.57866666666666,354.14021117722183
5990,144.64666666666668,352.57,196.86333333333334,354.7971238361729
6000,144.846,353.21599999999995,197.148,355.454036495124
6010,145.04533333333333,353.86199999999997,197.43266666666668,356.11094915407506
6020,145.24466666666666,354.508,197.71733333333333,356.7678618130262
6030,145.444,355.154,198.002,357.42477447197723
6040,145.64333333333332,355.79999999999995,198.28666666666666,358.08168713092834
6050,145.84266666666664,356.44599999999997,198.57133333333334,358.7385997898794
6060,146.042,357.092,198.856,359.3955124488305
6070,146.24133333333333,357.738,199.14066666666668,360.0524251077816
6080,146.44066666666666,358.38399999999996,199.42533333333333,360.7093377667327
6090,146.64,359.03,199.71,361.36625042568375
6100,146.844,359.8546666666666,200.02533333333335,362.1958796033847
6110,147.04799999999997,360.6793333333333,200.34066666666666,363.02550878108565
6120,147.25199999999998,361.50399999999996,200.656,363.8551379587866
6130,147.456,362.32866666666666,200.97133333333335,364.68476713648755
6140,147.66,363.1533333333333,201.28666666666666,365.5143963141885
6150,147.86399999999998,363.97799999999995,201.602,366.34402549188945
6160,148.06799999999998,364.80266666666665,201.91733333333335,367.1736546695904
6170,148.272,365.6273333333333,202.23266666666666,368.00328384729136
6180,148.476,366.452,202.548,368.8329130249923
6190,148.67999999999998,367.27666666666664,202.86333333333334,369.66254220269326
6200,148.884,368.1013333333333,203.17866666666666,370.4921713803942
6210,149.088,368.926,203.494,371.32180055809516
6220,149.292,369.75066666666663,203.80933333333334,372.1514297357961
6230,149.49599999999998,370.57533333333333,204.12466666666666,372.98105891349707
6240,149.7,371.4,204.44,373.810688091198
6250,149.90466666666666,371.918,204.73733333333334,374.3244416922184
6260,150.10933333333332,372.436,205.03466666666665,374.8381952932387
6270,150.314,372.954,205.332,375.35194889425907
6280,150.51866666666666,373.472,205.62933333333334,375.86570249527944
6290,150.72333333333333,373.99,205.92666666666668,376.37945609629975
6300,150.928,374.508,206.224,376.8932096973201
6310,151.13266666666667,375.026,206.52133333333333,377.4069632983405
6320,151.33733333333333,375.544,206.81866666666667,377.9207168993608
6330,151.542,376.062,207.116,378.43447050038117
6340,151.74666666666667,376.58,207.41333333333333,378.94822410140154
6350,151.95133333333334,377.098,207.71066666666667,379.46197770242185
6360,152.156,377.616,208.008,379.9757313034422
6370,152.36066666666667,378.134,208.30533333333335,380.4894849044626
6380,152.56533333333334,378.652,208.60266666666666,381.0032385054829
6390,152.77,379.17,208.9,381.51699210650327
6400,152.97866666666667,379.87533333333334,209.20933333333335,382.23422039410315
6410,153.18733333333336,380.5806666666667,209.51866666666666,382.951448681703
6420,153.39600000000002,381.286,209.828,383.6686769693029
6430,153.60466666666667,381.99133333333333,210.13733333333334,384.3859052569028
6440,153.81333333333333,382.69666666666666,210.44666666666666,385.10313354450267
6450,154.02200000000002,383.402,210.756,385.82036183210255
6460,154.23066666666668,384.1073333333333,211.06533333333334,386.53759011970243
6470,154.43933333333334,384.8126666666667,211.37466666666666,387.25481840730237
6480,154.648,385.51800000000003,211.684,387.97204669490225
6490,154.85666666666668,386.22333333333336,211.99333333333334,388.6892749825021
6500,155.06533333333334,386.9286666666667,212.30266666666665,389.406503270102
6510,155.274,387.634,212.612,390.1237315577019
6520,155.48266666666666,388.33933333333334,212.92133333333334,390.84095984530177
6530,155.69133333333335,389.04466666666667,213.23066666666665,391.55818813290165
6540,155.9,389.75,213.54,392.27541642050153
6550,156.11333333333334,390.46133333333336,213.86933333333332,392.9867503560141
6560,156.32666666666668,391.17266666666666,214.19866666666667,393.6980842915267
6570,156.54,391.884,214.528,394.4094182270393
6580,156.75333333333333,392.5953333333333,214.85733333333332,395.12075216255187
6590,156.96666666666667,393.3066666666667,215.18666666666667,395.83208609806445
6600,157.18,394.01800000000003,215.516,396.54342003357704
6610,157.39333333333335,394.72933333333333,215.84533333333331,397.2547539690896
6620,157.60666666666665,395.4406666666667,216.17466666666667,397.96608790460215
6630,157.82,396.152,216.504,398.67742184011473
6640,158.03333333333333,396.86333333333334,216.83333333333331,399.3887557756273
6650,158.24666666666667,397.5746666666667,217.16266666666667,400.1000897111399
6660,158.46,398.286,217.492,400.8114236466525
6670,158.67333333333332,398.99733333333336,217.8213333333333,401.52275758216507
6680,158.88666666666666,399.70866666666666,218.15066666666667,402.23409151767765
6690,159.1,400.42,218.48,402.94542545319024
6700,159.31866666666667,400.916,218.79666666666665,403.44149599794866
6710,159.53733333333332,401.41200000000003,219.11333333333332,403.93756654270715
6720,159.756,401.908,219.42999999999998,404.43363708746557
6730,159.97466666666665,402.404,219.74666666666667,404.92970763222405
6740,160.19333333333333,402.90000000000003,220.06333333333333,405.4257781769825
6750,160.412,403.396,220.38,405.92184872174096
6760,160.63066666666666,403.892,220.69666666666666,406.4179192664994
6770,160.84933333333333,404.38800000000003,221.01333333333332,406.91398981125786
6780,161.06799999999998,404.884,221.32999999999998,407.4100603560163
6790,161.28666666666666,405.38,221.64666666666665,407.90613090077477
6800,161.50533333333334,405.87600000000003,221.9633333333333,408.4022014455332
6810,161.724,406.372,222.28,408.8982719902917
6820,161.94266666666667,406.868,222.59666666666666,409.3943425350501
6830,162.16133333333332,407.36400000000003,222.91333333333333,409.8904130798086
6840,162.38,407.86,223.23,410.386483624567
6850,162.60333333333332,408.37666666666667,223.54333333333332,410.90003670274103
6860,162.82666666666665,408.8933333333334,223.85666666666665,411.4135897809151
6870,163.04999999999998,409.41,224.17,411.92714285908914
6880,163.27333333333334,409.9266666666667,224.48333333333332,412.44069593726323
6890,163.49666666666667,410.4433333333333,224.79666666666665,412.95424901543726
6900,163.72,410.96000000000004,225.10999999999999,413.4678020936113
6910,163.94333333333333,411.4766666666667,225.42333333333332,413.98135517178537
6920,164.16666666666666,411.99333333333334,225.73666666666668,414.4949082499594
6930,164.39,412.51,226.05,415.0084613281335
6940,164.61333333333332,413.0266666666667,226.36333333333334,415.5220144063075
6950,164.83666666666664,413.54333333333335,226.67666666666668,416.03556748448153
6960,165.06,414.06,226.99,416.5491205626556
6970,165.28333333333333,414.57666666666665,227.30333333333334,417.06267364082964
6980,165.50666666666666,415.09333333333336,227.61666666666667,417.5762267190037
6990,165.73,415.61,227.93,418.08977979717775
7000,165.95399999999998,415.86533333333335,228.21533333333335,418.33536387428285
7010,166.178,416.1206666666667,228.50066666666666,418.580947951388
7020,166.402,416.37600000000003,228.786,418.8265320284931
7030,166.626,416.6313333333333,229.07133333333334,419.07211610559824
7040,166.85,416.88666666666666,229.35666666666668,419.31770018270333
7050,167.07399999999998,417.142,229.642,419.5632842598084
7060,167.298,417.39733333333334,229.92733333333334,419.8088683369136
7070,167.522,417.6526666666667,230.21266666666668,420.05445241401867
7080,167.746,417.908,230.49800000000002,420.3000364911238
7090,167.97,418.16333333333336,230.78333333333333,420.5456205682289
7100,168.194,418.4186666666667,231.06866666666667,420.791204645334
7110,168.418,418.674,231.354,421.03678872243916
7120,168.642,418.9293333333333,231.63933333333335,421.28237279954425
7130,168.866,419.18466666666666,231.92466666666667,421.5279568766494
7140,169.09,419.44,232.21,421.7735409537545
7150,169.31933333333333,419.698,232.47733333333335,422.03779576261536
7160,169.54866666666666,419.956,232.74466666666666,422.30205057147623
7170,169.778,420.214,233.012,422.5663053803371
7180,170.00733333333335,420.472,233.27933333333334,422.83056018919797
7190,170.23666666666668,420.73,233.54666666666668,423.09481499805884
7200,170.466,420.988,233.814,423.3590698069197
7210,170.69533333333334,421.246,234.08133333333333,423.6233246157806
7220,170.92466666666667,421.504,234.34866666666667,423.8875794246414
7230,171.154,421.762,234.616,424.15183423350226
7240,171.38333333333333,422.02,234.88333333333333,424.4160890423631
7250,171.61266666666666,422.278,235.15066666666667,424.680343851224
7260,171.842,422.536,235.418,424.94459866008486
7270,172.07133333333334,422.794,235.68533333333335,425.20885346894573
7280,172.30066666666667,423.052,235.95266666666666,425.4731082778066
7290,172.53,423.31,236.22,425.7373630866675
7300,172.764,423.87333333333333,236.51533333333333,426.30692836010877
7310,172.998,424.43666666666667,236.81066666666666,426.87649363355007
7320,173.232,425.0,237.106,427.44605890699137
7330,173.466,425.56333333333333,237.40133333333333,428.01562418043267
7340,173.7,426.12666666666667,237.69666666666666,428.58518945387397
7350,173.934,426.69,237.992,429.15475472731526
7360,174.168,427.25333333333333,238.28733333333332,429.72432000075656
7370,174.402,427.81666666666666,238.58266666666668,430.2938852741979
7380,174.636,428.38,238.87800000000001,430.8634505476392
7390,174.87,428.9433333333333,239.17333333333335,431.4330158210805
7400,175.10399999999998,429.50666666666666,239.46866666666668,432.0025810945218
7410,175.338,430.07,239.764,432.5721463679631
7420,175.572,430.6333333333333,240.05933333333334,433.1417116414044
7430,175.80599999999998,431.19666666666666,240.35466666666667,433.7112769148457
7440,176.04,431.76,240.65,434.280842188287
7450,176.2793333333333,432.322,240.95666666666668,434.84656514766124
7460,176.51866666666666,432.884,241.26333333333335,435.4122881070354
7470,176.75799999999998,433.44599999999997,241.57,435.97801106640964
7480,176.99733333333333,434.008,241.87666666666667,436.5437340257838
7490,177.23666666666665,434.57,242.18333333333334,437.10945698515803
7500,177.476,435.132,242.49,437.6751799445322
7510,177.71533333333332,435.694,242.79666666666668,438.24090290390643
7520,177.95466666666667,436.256,243.10333333333332,438.8066258632806
7530,178.194,436.818,243.41,439.3723488226548
7540,178.43333333333334,437.38,243.71666666666667,439.938071782029
7550,178.67266666666666,437.942,244.02333333333334,440.5037947414032
7560,178.912,438.504,244.33,441.0695177007774
7570,179.15133333333333,439.066,244.63666666666666,441.6352406601516
7580,179.39066666666668,439.628,244.94333333333333,442.2009636195258
7590,179.63,440.19,245.25,442.7666865789
7600,179.87333333333333,441.03933333333333,245.58466666666666,443.63322141394843
7610,180.11666666666667,441.88866666666667,245.91933333333333,444.49975624899685
7620,180.35999999999999,442.738,246.254,445.36629108404526
7630,180.60333333333332,443.58733333333333,246.58866666666668,446.2328259190936
7640,180.84666666666666,444.43666666666667,246.92333333333335,447.099360754142
7650,181.09,445.286,247.258,447.96589558919044
7660,181.33333333333334,446.13533333333334,247.59266666666667,448.83243042423885
7670,181.57666666666665,446.98466666666667,247.92733333333334,449.69896525928726
7680,181.82,447.834,248.262,450.5655000943357
7690,182.06333333333333,448.68333333333334,248.59666666666666,451.4320349293841
7700,182.30666666666667,449.53266666666667,248.93133333333333,452.2985697644325
7710,182.55,450.382,249.26600000000002,453.16510459948086
7720,182.79333333333332,451.23133333333334,249.60066666666668,454.03163943452927
7730,183.03666666666666,452.0806666666667,249.93533333333335,454.8981742695777
7740,183.28,452.93,250.27,455.7647091046261
7750,183.522,453.8246666666667,250.63266666666667,456.6591972145654
7760,183.764,454.71933333333334,250.99533333333335,457.55368532450467
7770,184.006,455.61400000000003,251.358,458.44817343444396
7780,184.248,456.50866666666667,251.7206666666667,459.3426615443833
7790,184.49,457.40333333333336,252.08333333333334,460.2371496543226
7800,184.732,458.298,252.446,461.1316377642619
7810,184.974,459.1926666666667,252.80866666666668,462.02612587420117
7820,185.216,460.08733333333333,253.17133333333334,462.92061398414046
7830,185.458,460.982,253.53400000000002,463.81510209407975
7840,185.7,461.87666666666667,253.89666666666668,464.70959020401904
7850,185.942,462.77133333333336,254.25933333333333,465.6040783139583
7860,186.184,463.666,254.622,466.49856642389767
7870,186.426,464.5606666666667,254.98466666666667,467.39305453383696
7880,186.668,465.45533333333333,255.34733333333335,468.28754264377625
7890,186.91,466.35,255.71,469.18203075371554
7900,187.152,466.99800000000005,256.0593333333333,469.83161353776245
7910,187.394,467.646,256.40866666666665,470.4811963218093
7920,187.636,468.29400000000004,256.758,471.1307791058562
7930,187.878,468.942,257.1073333333333,471.78036188990313
7940,188.12,469.59000000000003,257.45666666666665,472.42994467395005
7950,188.362,470.238,257.806,473.0795274579969
7960,188.60399999999998,470.886,258.1553333333333,473.7291102420438
7970,188.846,471.534,258.50466666666665,474.37869302609073
7980,189.088,472.182,258.854,475.02827581013764
7990,189.32999999999998,472.83,259.2033333333333,475.6778585941845
8000,189.572,473.478,259.55266666666665,476.3274413782314
8010,189.814,474.126,259.902,476.9770241622783
8020,190.05599999999998,474.774,260.2513333333333,477.62660694632524
8030,190.298,475.42199999999997,260.60066666666665,478.2761897303721
8040,190.54,476.07,260.95,478.925772514419
8050,190.7853333333333,476.464,261.28,479.3127879007635
8060,191.03066666666666,476.858,261.61,479.699803287108
8070,191.27599999999998,477.252,261.94,480.0868186734525
8080,191.52133333333333,477.646,262.27,480.473834059797
8090,191.76666666666665,478.04,262.59999999999997,480.8608494461415
8100,192.012,478.434,262.93,481.247864832486
8110,192.25733333333332,478.82800000000003,263.26,481.6348802188305
8120,192.50266666666667,479.222,263.59,482.02189560517496
8130,192.748,479.616,263.91999999999996,482.40891099151946
8140,192.99333333333334,480.01,264.25,482.79592637786396
8150,193.23866666666666,480.404,264.58,483.18294176420846
8160,193.484,480.798,264.90999999999997,483.56995715055297
8170,193.72933333333333,481.192,265.23999999999995,483.95697253689747
8180,193.97466666666668,481.586,265.57,484.34398792324197
8190,194.22,481.98,265.9,484.73100330958647
8200,194.46933333333334,482.24733333333336,266.2126666666666,484.9913380078002
8210,194.71866666666668,482.5146666666667,266.5253333333333,485.25167270601395
8220,194.968,482.78200000000004,266.83799999999997,485.5120074042277
8230,195.21733333333333,483.0493333333333,267.15066666666667,485.7723421024414
8240,195.46666666666667,483.31666666666666,267.4633333333333,486.03267680065517
8250,195.716,483.584,267.77599999999995,486.2930114988689
8260,195.96533333333335,483.85133333333334,268.08866666666665,486.55334619708265
8270,196.21466666666666,484.1186666666667,268.4013333333333,486.81368089529633
8280,196.464,484.386,268.714,487.07401559351007
8290,196.71333333333334,484.65333333333336,269.02666666666664,487.3343502917238
8300,196.96266666666668,484.9206666666667,269.3393333333333,487.59468498993755
8310,197.21200000000002,485.188,269.652,487.8550196881513
8320,197.46133333333333,485.45533333333333,269.96466666666663,488.115354386365
8330,197.71066666666667,485.72266666666667,270.27733333333333,488.37568908457877
8340,197.96,485.99,270.59,488.6360237827925
8350,198.2146666666667,486.42,270.89733333333334,489.0805108804124
8360,198.46933333333334,486.85,271.20466666666664,489.5249979780324
8370,198.72400000000002,487.28000000000003,271.512,489.9694850756523
8380,198.97866666666667,487.71,271.8193333333333,490.4139721732722
8390,199.23333333333335,488.14,272.12666666666667,490.8584592708922
8400,199.488,488.57,272.43399999999997,491.3029463685121
8410,199.74266666666668,489.0,272.74133333333333,491.747433466132
8420,199.99733333333333,489.43,273.04866666666663,492.191920563752
8430,200.252,489.86,273.356,492.6364076613719
8440,200.50666666666666,490.29,273.6633333333333,493.0808947589918
8450,200.76133333333334,490.72,273.97066666666666,493.5253818566118
8460,201.016,491.15,274.27799999999996,493.9698689542317
8470,201.27066666666667,491.58,274.5853333333333,494.4143560518516
8480,201.52533333333332,492.01,274.8926666666666,494.85884314947157
8490,201.78,492.44,275.2,495.3033302470915
8500,202.038,493.368,275.56,496.24280283165456
8510,202.296,494.296,275.92,497.1822754162177
8520,202.554,495.224,276.28,498.12174800078077
8530,202.812,496.152,276.64,499.0612205853439
8540,203.07,497.08,277.0,500.000693169907
8550,203.328,498.008,277.36,500.94016575447006
8560,203.586,498.936,277.72,501.8796383390332
8570,203.844,499.86400000000003,278.08,502.81911092359627
8580,204.102,500.79200000000003,278.44,503.7585835081594
8590,204.36,501.72,278.8,504.6980560927225
8600,204.618,502.648,279.16,505.63752867728556
8610,204.876,503.576,279.52000000000004,506.5770012618487
8620,205.13400000000001,504.504,279.88,507.51647384641177
8630,205.392,505.432,280.24,508.4559464309749
8640,205.65,506.36,280.6,509.395419015538
8650,205.90666666666667,504.4053333333334,280.7486666666667,507.3353517536598
8660,206.16333333333333,502.4506666666667,280.89733333333334,505.2752844917816
8670,206.42000000000002,500.49600000000004,281.046,503.2152172299034
8680,206.67666666666668,498.54133333333334,281.1946666666667,501.15514996802517
8690,206.93333333333334,496.5866666666667,281.34333333333336,499.09508270614697
8700,207.19,494.632,281.492,497.03501544426877
8710,207.44666666666666,492.67733333333337,281.6406666666667,494.97494818239056
8720,207.70333333333335,490.72266666666667,281.78933333333333,492.9148809205124
8730,207.96,488.76800000000003,281.938,490.8548136586342
8740,208.21666666666667,486.81333333333333,282.08666666666664,488.794746396756
8750,208.47333333333333,484.8586666666667,282.2353333333333,486.7346791348778
8760,208.73,482.904,282.384,484.6746118729996
8770,208.98666666666668,480.94933333333336,282.53266666666667,482.6145446111214
8780,209.24333333333334,478.99466666666666,282.6813333333333,480.5544773492432
8790,209.5,477.04,282.83,478.494410087365
8800,209.76066666666668,476.19,282.91866666666664,477.6640814940917
8810,210.02133333333333,475.34000000000003,283.00733333333335,476.8337529008184
8820,210.282,474.49,283.096,476.0034243075451
8830,210.54266666666666,473.64000000000004,283.18466666666666,475.17309571427177
8840,210.80333333333334,472.79,283.2733333333333,474.3427671209985
8850,211.064,471.94,283.362,473.5124385277252
8860,211.32466666666667,471.09000000000003,283.4506666666667,472.6821099344519
8870,211.58533333333332,470.24,283.53933333333333,471.8517813411786
8880,211.846,469.39000000000004,283.628,471.0214527479053
8890,212.10666666666665,468.54,283.7166666666667,470.191124154632
8900,212.36733333333333,467.69,283.80533333333335,469.3607955613587
8910,212.628,466.84000000000003,283.894,468.53046696808536
8920,212.88866666666667,465.99,283.98266666666666,467.70013837481207
8930,213.14933333333332,465.14000000000004,284.07133333333337,466.8698097815388
8940,213.41,464.29,284.16,466.0394811882655
8950,213.674,463.906,284.2906666666667,465.6430773588396
8960,213.938,463.522,284.42133333333334,465.2466735294137
8970,214.202,463.13800000000003,284.552,464.85026969998785
8980,214.466,462.754,284.6826666666667,464.45386587056197
8990,214.73,462.37,284.81333333333333,464.0574620411361
9000,214.994,461.986,284.944,463.6610582117102
9010,215.258,461.602,285.0746666666667,463.26465438228433
9020,215.522,461.218,285.20533333333333,462.86825055285846
9030,215.786,460.834,285.336,462.4718467234326
9040,216.05,460.45,285.4666666666667,462.0754428940067
9050,216.314,460.066,285.5973333333333,461.6790390645808
9060,216.578,459.68199999999996,285.728,461.28263523515494
9070,216.842,459.298,285.8586666666667,460.88623140572906
9080,217.106,458.914,285.9893333333333,460.4898275763032
9090,217.37,458.53,286.12,460.0934237468773
9100,217.632,457.7846666666666,286.20933333333335,459.33513077654135
9110,217.894,457.03933333333333,286.2986666666667,458.5768378062054
9120,218.156,456.294,286.388,457.81854483586943
9130,218.418,455.54866666666663,286.4773333333333,457.0602518655335
9140,218.68,454.80333333333334,286.56666666666666,456.3019588951975
9150,218.942,454.058,286.656,455.54366592486156
9160,219.204,453.31266666666664,286.74533333333335,454.7853729545256
9170,219.466,452.56733333333335,286.83466666666664,454.0270799841897
9180,219.728,451.822,286.924,453.26878701385374
9190,219.99,451.07666666666665,287.0133333333333,452.5104940435178
9200,220.252,450.33133333333336,287.10266666666666,451.7522010731818
9210,220.514,449.586,287.192,450.99390810284586
9220,220.776,448.84066666666666,287.2813333333333,450.2356151325099
9230,221.038,448.0953333333334,287.37066666666664,449.47732216217395
9240,221.3,447.35,287.46,448.719029191838
9250,221.56133333333335,447.0013333333334,287.5553333333333,448.3747222119333
9260,221.82266666666666,446.6526666666667,287.65066666666667,448.0304152320287
9270,222.084,446.30400000000003,287.746,447.68610825212403
9280,222.34533333333334,445.95533333333333,287.8413333333333,447.34180127221936
9290,222.60666666666668,445.6066666666667,287.93666666666667,446.99749429231474
9300,222.868,445.25800000000004,288.032,446.65318731241007
9310,223.12933333333334,444.90933333333334,288.1273333333333,446.3088803325054
9320,223.39066666666668,444.5606666666667,288.22266666666667,445.9645733526008
9330,223.65200000000002,444.212,288.318,445.6202663726961
9340,223.91333333333333,443.86333333333334,288.4133333333333,445.27595939279144
9350,224.17466666666667,443.5146666666667,288.50866666666667,444.9316524128868
9360,224.436,443.166,288.604,444.58734543298215
9370,224.69733333333335,442.81733333333335,288.6993333333333,444.2430384530775
9380,224.95866666666666,442.46866666666665,288.79466666666667,443.89873147317286
9390,225.22,442.12,288.89,443.5544244932682
9400,225.478,441.68533333333335,288.97933333333333,443.11059022085334
9410,225.736,441.2506666666667,289.0686666666667,442.6667559484385
9420,225.994,440.81600000000003,289.158,442.22292167602365
9430,226.252,440.3813333333333,289.2473333333333,441.77908740360886
9440,226.51,439.94666666666666,289.33666666666664,441.335253131194
9450,226.768,439.512,289.426,440.89141885877916
9460,227.026,439.07733333333334,289.51533333333333,440.4475845863643
9470,227.284,438.6426666666667,289.6046666666667,440.00375031394947
9480,227.542,438.208,289.694,439.5599160415346
9490,227.8,437.77333333333337,289.78333333333336,439.1160817691198
9500,228.058,437.3386666666667,289.8726666666667,438.6722474967049
9510,228.316,436.904,289.962,438.22841322429014
9520,228.574,436.46933333333334,290.05133333333333,437.7845789518753
9530,228.832,436.0346666666667,290.1406666666667,437.34074467946044
9540,229.09,435.6,290.23,436.8969104070456
9550,229.342,435.0606666666667,290.30133333333333,436.3467050344084
9560,229.594,434.52133333333336,290.3726666666667,435.79649966177124
9570,229.846,433.982,290.444,435.246294289134
9580,230.098,433.4426666666667,290.51533333333333,434.6960889164968
9590,230.35,432.90333333333336,290.5866666666667,434.14588354385967
9600,230.602,432.36400000000003,290.658,433.59567817122246
9610,230.854,431.8246666666667,290.72933333333333,433.04547279858525
9620,231.106,431.2853333333333,290.8006666666667,432.4952674259481
9630,231.358,430.746,290.872,431.9450620533109
9640,231.61,430.20666666666665,290.9433333333333,431.3948566806737
9650,231.862,429.6673333333333,291.0146666666667,430.84465130803653
9660,232.114,429.128,291.086,430.2944459353993
9670,232.366,428.58866666666665,291.1573333333333,429.7442405627621
9680,232.618,428.0493333333333,291.2286666666667,429.19403519012496
9690,232.87,427.51,291.3,428.64382981748776
9700,233.11533333333333,426.856,291.346,427.9804095369161
9710,233.36066666666667,426.202,291.392,427.31698925634447
9720,233.606,425.548,291.438,426.6535689757728
9730,233.85133333333334,424.894,291.48400000000004,425.9901486952011
9740,234.09666666666666,424.24,291.53000000000003,425.3267284146295
9750,234.342,423.586,291.576,424.66330813405784
9760,234.58733333333333,422.932,291.622,423.9998878534862
9770,234.83266666666668,422.27799999999996,291.668,423.33646757291456
9780,235.078,421.62399999999997,291.714,422.6730472923429
9790,235.32333333333335,420.96999999999997,291.76,422.0096270117713
9800,235.56866666666667,420.316,291.806,421.34620673119963
9810,235.81400000000002,419.662,291.85200000000003,420.68278645062793
9820,236.05933333333334,419.008,291.898,420.0193661700563
9830,236.3046666666667,418.354,291.944,419.35594588948464
9840,236.55,417.7,291.99,418.692525608913
9850,236.78266666666667,417.24666666666667,292.0346666666667,418.2389203416594
9860,237.01533333333333,416.7933333333333,292.07933333333335,417.7853150744058
9870,237.24800000000002,416.34,292.124,417.3317098071522
9880,237.48066666666668,415.88666666666666,292.1686666666667,416.8781045398986
9890,237.71333333333334,415.43333333333334,292.21333333333337,416.424499272645
9900,237.946,414.97999999999996,292.25800000000004,415.9708940053914
9910,238.17866666666666,414.52666666666664,292.3026666666667,415.5172887381378
9920,238.41133333333335,414.0733333333333,292.3473333333333,415.0636834708842
9930,238.644,413.62,292.392,414.61007820363056
9940,238.87666666666667,413.16666666666663,292.43666666666667,414.156472936377
9950,239.10933333333332,412.7133333333333,292.48133333333334,413.7028676691234
9960,239.34199999999998,412.26,292.526,413.24926240186977
9970,239.57466666666667,411.8066666666667,292.5706666666667,412.7956571346162
9980,239.80733333333333,411.3533333333333,292.61533333333335,412.34205186736256
9990,240.04,410.9,292.66,411.888446600109
10000,240.26266666666666,410.178,292.6826666666667,411.14795212862055
10010,240.48533333333333,409.45599999999996,292.70533333333333,410.40745765713206
10020,240.708,408.734,292.728,409.6669631856436
10030,240.93066666666667,408.012,292.7506666666667,408.92646871415513
10040,241.15333333333334,407.28999999999996,292.77333333333337,408.1859742426667
10050,241.376,406.568,292.796,407.4454797711782
10060,241.59866666666667,405.846,292.8186666666667,406.7049852996898
10070,241.8213333333333,405.12399999999997,292.84133333333335,405.9644908282013
10080,242.04399999999998,404.402,292.86400000000003,405.22399635671286
10090,242.26666666666665,403.68,292.88666666666666,404.48350188522437
10100,242.48933333333332,402.95799999999997,292.90933333333334,403.74300741373594
10110,242.712,402.236,292.932,403.00251294224745
10120,242.93466666666666,401.514,292.9546666666667,402.262018470759
10130,243.15733333333333,400.792,292.9773333333333,401.5215239992705
10140,243.38,400.07,293.0,400.7810295277821
10150,243.59466666666665,399.40133333333335,292.996,400.1149132628836
10160,243.80933333333334,398.73266666666666,292.992,399.4487969979851
10170,244.024,398.064,292.988,398.7826807330866
10180,244.23866666666666,397.3953333333333,292.984,398.1165644681881
10190,244.45333333333332,396.7266666666667,292.98,397.45044820328957
10200,244.668,396.058,292.976,396.78433193839106
10210,244.88266666666667,395.38933333333335,292.972,396.11821567349256
10220,245.09733333333332,394.72066666666666,292.968,395.45209940859405
10230,245.31199999999998,394.052,292.964,394.78598314369555
10240,245.52666666666667,393.3833333333333,292.96,394.11986687879704
10250,245.74133333333333,392.7146666666667,292.956,393.45375061389853
10260,245.956,392.046,292.952,392.78763434900003
10270,246.17066666666665,391.37733333333335,292.948,392.1215180841015
10280,246.38533333333334,390.70866666666666,292.944,391.455401819203
10290,246.6,390.04,292.94,390.7892855543045
10300,246.80533333333332,389.80733333333336,292.96733333333333,390.5588149068208
10310,247.01066666666665,389.5746666666667,292.99466666666666,390.3283442593371
10320,247.216,389.34200000000004,293.022,390.0978736118534
10330,247.42133333333334,389.1093333333333,293.0493333333333,389.8674029643697
10340,247.62666666666667,388.87666666666667,293.07666666666665,389.63693231688603
10350,247.832,388.644,293.104,389.4064616694023
10360,248.03733333333332,388.41133333333335,293.1313333333333,389.1759910219186
10370,248.24266666666668,388.1786666666667,293.1586666666667,388.9455203744349
10380,248.448,387.946,293.18600000000004,388.71504972695124
10390,248.65333333333334,387.71333333333337,293.21333333333337,388.4845790794675
10400,248.85866666666666,387.4806666666667,293.2406666666667,388.2541084319838
10410,249.064,387.248,293.26800000000003,388.0236377845001
10420,249.26933333333335,387.01533333333333,293.29533333333336,387.79316713701644
10430,249.47466666666668,386.78266666666667,293.3226666666667,387.5626964895327
10440,249.68,386.55,293.35,387.332225842049
10450,249.87533333333334,386.1553333333333,293.372,386.92983692625285
10460,250.07066666666668,385.7606666666667,293.394,386.52744801045674
10470,250.26600000000002,385.366,293.416,386.12505909466057
10480,250.46133333333333,384.97133333333335,293.43800000000005,385.7226701788644
10490,250.65666666666667,384.57666666666665,293.46000000000004,385.3202812630683
10500,250.852,384.182,293.482,384.91789234727213
10510,251.04733333333334,383.7873333333333,293.504,384.51550343147596
10520,251.24266666666668,383.3926666666667,293.526,384.11311451567985
10530,251.43800000000002,382.998,293.548,383.7107255998837
10540,251.63333333333335,382.60333333333335,293.57,383.3083366840875
10550,251.8286666666667,382.20866666666666,293.592,382.9059477682914
10560,252.024,381.814,293.61400000000003,382.50355885249525
10570,252.21933333333334,381.4193333333333,293.636,382.1011699366991
10580,252.41466666666668,381.0246666666667,293.658,381.69878102090297
10590,252.61,380.63,293.68,381.2963921051068
10600,252.79600000000002,380.09133333333335,293.68533333333335,380.7469691953964
10610,252.982,379.55266666666665,293.6906666666667,380.197546285686
10620,253.168,379.014,293.696,379.64812337597556
10630,253.354,378.4753333333333,293.7013333333333,379.09870046626514
10640,253.54000000000002,377.93666666666667,293.70666666666665,378.5492775565547
10650,253.726,377.398,293.712,377.9998546468443
10660,253.912,376.8593333333333,293.71733333333333,377.4504317371339
10670,254.098,376.3206666666667,293.72266666666667,376.9010088274234
10680,254.28400000000002,375.782,293.728,376.351585917713
10690,254.47,375.24333333333334,293.73333333333335,375.8021630080026
10700,254.656,374.7046666666667,293.7386666666667,375.2527400982922
10710,254.842,374.166,293.74399999999997,374.70331718858176
10720,255.02800000000002,373.62733333333335,293.7493333333333,374.15389427887135
10730,255.214,373.08866666666665,293.75466666666665,373.60447136916093
10740,255.4,372.55,293.76,373.0550484594505
10750,255.572,371.798,293.7373333333333,372.285419253263
10760,255.744,371.046,293.7146666666667,371.5157900470754
10770,255.916,370.294,293.692,370.7461608408879
10780,256.088,369.54200000000003,293.6693333333333,369.9765316347004
10790,256.26,368.79,293.64666666666665,369.2069024285128
10800,256.432,368.038,293.624,368.4372732223253
10810,256.604,367.286,293.60133333333334,367.6676440161378
10820,256.776,366.534,293.57866666666666,366.8980148099502
10830,256.94800000000004,365.782,293.556,366.1283856037627
10840,257.12,365.03,293.53333333333336,365.3587563975752
10850,257.29200000000003,364.27799999999996,293.5106666666667,364.5891271913876
10860,257.464,363.526,293.488,363.8194979852001
10870,257.636,362.774,293.4653333333333,363.04986877901257
10880,257.808,362.022,293.4426666666667,362.280239572825
10890,257.98,361.27,293.42,361.5106103666375
10900,258.1426666666667,360.2233333333333,293.3466666666667,360.44760256141
10910,258.30533333333335,359.1766666666667,293.27333333333337,359.3845947561825
10920,258.468,358.13,293.2,358.321586950955
10930,258.6306666666667,357.0833333333333,293.12666666666667,357.2585791457275
10940,258.79333333333335,356.03666666666663,293.05333333333334,356.1955713405
10950,258.956,354.99,292.98,355.1325635352725
10960,259.1186666666667,353.9433333333333,292.9066666666667,354.069555730045
10970,259.28133333333335,352.89666666666665,292.8333333333333,353.0065479248175
10980,259.444,351.84999999999997,292.76,351.94354011959
10990,259.6066666666667,350.80333333333334,292.68666666666667,350.8805323143625
11000,259.76933333333335,349.75666666666666,292.61333333333334,349.817524509135
11010,259.932,348.71,292.54,348.7545167039075
11020,260.0946666666667,347.6633333333333,292.46666666666664,347.69150889868
11030,260.25733333333335,346.6166666666667,292.3933333333333,346.6285010934525
11040,260.42,345.57,292.32,345.565493288225
11050,260.5726666666667,345.18333333333334,292.27,345.19206908942124
11060,260.72533333333337,344.7966666666667,292.21999999999997,344.8186448906175
11070,260.878,344.40999999999997,292.17,344.44522069181374
11080,261.03066666666666,344.0233333333333,292.12,344.07179649301
11090,261.18333333333334,343.63666666666666,292.07,343.69837229420625
11100,261.336,343.25,292.02,343.32494809540253
11110,261.4886666666667,342.86333333333334,291.96999999999997,342.95152389659876
11120,261.6413333333333,342.47666666666663,291.92,342.57809969779504
11130,261.794,342.09,291.87,342.20467549899126
11140,261.94666666666666,341.7033333333333,291.82,341.83125130018755
11150,262.09933333333333,341.31666666666666,291.77,341.45782710138377
11160,262.252,340.93,291.71999999999997,341.08440290258005
11170,262.4046666666666,340.5433333333333,291.67,340.7109787037763
11180,262.5573333333333,340.15666666666664,291.62,340.33755450497256
11190,262.71,339.77,291.57,339.9641303061688
11200,262.854,339.284,291.524,339.4704821513722
11210,262.998,338.798,291.478,338.97683399657564
11220,263.142,338.312,291.432,338.483185841779
11230,263.286,337.82599999999996,291.38599999999997,337.98953768698243
11240,263.43,337.34,291.34,337.49588953218586
11250,263.574,336.854,291.294,337.0022413773893
11260,263.718,336.368,291.248,336.5085932225927
11270,263.86199999999997,335.882,291.202,336.0149450677961
11280,264.006,335.396,291.156,335.5212969129995
11290,264.15,334.91,291.11,335.02764875820293
11300,264.294,334.42400000000004,291.064,334.53400060340635
11310,264.438,333.938,291.018,334.0403524486098
11320,264.582,333.452,290.972,333.54670429381315
11330,264.726,332.966,290.926,333.0530561390166
11340,264.87,332.48,290.88,332.55940798422
11350,265.004,331.994,290.826,332.07347913882984
11360,265.138,331.50800000000004,290.772,331.5875502934397
11370,265.272,331.022,290.718,331.10162144804957
11380,265.406,330.536,290.664,330.6156926026594
11390,265.54,330.05,290.61,330.12976375726925
11400,265.674,329.564,290.556,329.6438349118791
11410,265.808,329.07800000000003,290.502,329.1579060664889
11420,265.942,328.592,290.448,328.6719772210988
11430,266.076,328.106,290.394,328.18604837570865
11440,266.21,327.62,290.34,327.7001195303185
11450,266.344,327.134,290.286,327.2141906849283
11460,266.478,326.648,290.23199999999997,326.72826183953816
11470,266.612,326.162,290.178,326.24233299414806
11480,266.746,325.676,290.12399999999997,325.7564041487579
11490,266.88,325.19,290.07,325.27047530336773
11500,267.002,324.84133333333335,290.0253333333333,324.9202090327833
11510,267.12399999999997,324.49266666666665,289.98066666666665,324.5699427621988
11520,267.246,324.144,289.936,324.2196764916144
11530,267.368,323.7953333333333,289.8913333333333,323.8694102210299
11540,267.49,323.44666666666666,289.84666666666664,323.5191439504455
11550,267.61199999999997,323.098,289.80199999999996,323.16887767986105
11560,267.734,322.7493333333333,289.7573333333333,322.81861140927657
11570,267.856,322.40066666666667,289.7126666666667,322.46834513869214
11580,267.978,322.05199999999996,289.668,322.11807886810766
11590,268.09999999999997,321.7033333333333,289.62333333333333,321.76781259752323
11600,268.222,321.3546666666667,289.57866666666666,321.4175463269388
11610,268.344,321.006,289.534,321.0672800563543
11620,268.466,320.6573333333333,289.4893333333333,320.7170137857699
11630,268.58799999999997,320.3086666666666,289.44466666666665,320.3667475151854
11640,268.71,319.96,289.4,320.016481244601
11650,268.822,319.35999999999996,289.3353333333333,319.40431924537046
11660,268.93399999999997,318.76,289.27066666666667,318.79215724614
11670,269.046,318.15999999999997,289.20599999999996,318.17999524690947
11680,269.15799999999996,317.56,289.1413333333333,317.567833247679
11690,269.27,316.96,289.07666666666665,316.9556712484485
11700,269.382,316.35999999999996,289.012,316.34350924921796
11710,269.49399999999997,315.76,288.94733333333335,315.7313472499875
11720,269.606,315.15999999999997,288.88266666666664,315.11918525075697
11730,269.71799999999996,314.56,288.818,314.5070232515265
11740,269.83,313.96,288.75333333333333,313.894861252296
11750,269.942,313.35999999999996,288.6886666666667,313.28269925306546
11760,270.054,312.76,288.624,312.670537253835
11770,270.166,312.15999999999997,288.5593333333333,312.05837525460447
11780,270.27799999999996,311.56,288.49466666666666,311.446213255374
11790,270.39,310.96,288.43,310.8340512561435
11800,270.49199999999996,310.46999999999997,288.358,310.3425765533118
11810,270.594,309.97999999999996,288.286,309.85110185048006
11820,270.69599999999997,309.49,288.214,309.3596271476484
11830,270.798,309.0,288.142,308.8681524448167
11840,270.9,308.51,288.07,308.37667774198496
11850,271.002,308.02,287.998,307.8852030391533
11860,271.104,307.53,287.926,307.3937283363216
11870,271.206,307.04,287.85400000000004,306.90225363348986
11880,271.308,306.55,287.78200000000004,306.4107789306582
11890,271.41,306.06,287.71000000000004,305.9193042278265
11900,271.512,305.57,287.63800000000003,305.42782952499476
11910,271.61400000000003,305.08,287.56600000000003,304.9363548221631
11920,271.716,304.59000000000003,287.494,304.4448801193314
11930,271.81800000000004,304.1,287.422,303.95340541649966
11940,271.92,303.61,287.35,303.461930713668
11950,272.012,303.0586666666667,287.27333333333337,302.8979541034522
11960,272.10400000000004,302.50733333333335,287.19666666666666,302.3339774932365
11970,272.196,301.956,287.12,301.7700008830207
11980,272.288,301.4046666666667,287.04333333333335,301.206024272805
11990,272.38,300.85333333333335,286.9666666666667,300.6420476625892
12000,272.47200000000004,300.302,286.89,300.07807105237345
12010,272.564,299.7506666666667,286.81333333333333,299.5140944421577
12020,272.656,299.1993333333333,286.7366666666667,298.95011783194195
12030,272.748,298.64799999999997,286.66,298.38614122172623
12040,272.84000000000003,298.09666666666664,286.5833333333333,297.82216461151046
12050,272.932,297.5453333333333,286.50666666666666,297.2581880012947
12060,273.024,296.99399999999997,286.43,296.69421139107897
12070,273.116,296.44266666666664,286.35333333333335,296.1302347808632
12080,273.208,295.8913333333333,286.27666666666664,295.5662581706475
12090,273.3,295.34,286.2,295.0022815604317
12100,273.382,294.522,286.0853333333333,294.17261383904906
12110,273.464,293.70399999999995,285.97066666666666,293.34294611766643
12120,273.546,292.88599999999997,285.856,292.51327839628374
12130,273.628,292.068,285.74133333333333,291.6836106749011
12140,273.71,291.25,285.62666666666667,290.85394295351847
12150,273.792,290.43199999999996,285.512,290.02427523213584
12160,273.87399999999997,289.614,285.39733333333334,289.1946075107532
12170,273.956,288.796,285.28266666666667,288.3649397893705
12180,274.038,287.978,285.168,287.5352720679879
12190,274.12,287.15999999999997,285.05333333333334,286.70560434660524
12200,274.202,286.342,284.9386666666667,285.8759366252226
12210,274.284,285.524,284.824,285.04626890384
12220,274.366,284.706,284.70933333333335,284.2166011824573
12230,274.448,283.888,284.5946666666667,283.38693346107465
12240,274.53,283.07,284.48,282.557265739692
12250,274.60266666666666,282.41266666666667,284.356,281.8966538963858
12260,274.6753333333333,281.75533333333334,284.232,281.2360420530796
12270,274.748,281.098,284.108,280.5754302097734
12280,274.8206666666666,280.44066666666663,283.98400000000004,279.9148183664672
12290,274.8933333333333,279.7833333333333,283.86,279.25420652316103
12300,274.966,279.126,283.736,278.5935946798548
12310,275.03866666666664,278.46866666666665,283.612,277.9329828365486
12320,275.11133333333333,277.8113333333333,283.488,277.2723709932424
12330,275.18399999999997,277.154,283.36400000000003,276.61175914993623
12340,275.25666666666666,276.49666666666667,283.24,275.95114730663
12350,275.32933333333335,275.83933333333334,283.116,275.2905354633238
12360,275.402,275.18199999999996,282.992,274.6299236200176
12370,275.4746666666667,274.52466666666663,282.868,273.96931177671144
12380,275.5473333333333,273.8673333333333,282.744,273.3086999334052
12390,275.62,273.21,282.62,272.648088090099
12400,275.68333333333334,272.57266666666663,282.4906666666667,272.00579053708276
12410,275.74666666666667,271.9353333333333,282.36133333333333,271.36349298406645
12420,275.81,271.298,282.232,270.7211954310502
12430,275.87333333333333,270.66066666666666,282.10266666666666,270.07889787803396
12440,275.93666666666667,270.0233333333333,281.97333333333336,269.43660032501765
12450,276.0,269.38599999999997,281.844,268.7943027720014
12460,276.06333333333333,268.7486666666666,281.7146666666667,268.15200521898515
12470,276.12666666666667,268.11133333333333,281.5853333333333,267.50970766596885
12480,276.19,267.474,281.456,266.8674101129526
12490,276.25333333333333,266.83666666666664,281.32666666666665,266.22511255993635
12500,276.31666666666666,266.1993333333333,281.19733333333335,265.58281500692004
12510,276.38,265.56199999999995,281.068,264.9405174539038
12520,276.4433333333333,264.92466666666667,280.9386666666667,264.29821990088755
12530,276.50666666666666,264.2873333333333,280.8093333333333,263.65592234787124
12540,276.57,263.65,280.68,263.013624794855
12550,276.62399999999997,263.18466666666666,280.55266666666665,262.5548205997099
12560,276.678,262.71933333333334,280.42533333333336,262.0960164045648
12570,276.73199999999997,262.25399999999996,280.298,261.6372122094197
12580,276.786,261.78866666666664,280.17066666666665,261.17840801427457
12590,276.84,261.3233333333333,280.04333333333335,260.7196038191295
12600,276.894,260.858,279.916,260.2607996239844
12610,276.948,260.3926666666667,279.78866666666664,259.8019954288393
12620,277.002,259.9273333333333,279.66133333333335,259.3431912336942
12630,277.056,259.462,279.534,258.8843870385491
12640,277.11,258.99666666666667,279.40666666666664,258.425582843404
12650,277.164,258.53133333333335,279.27933333333334,257.9667786482589
12660,277.218,258.06600000000003,279.152,257.5079744531138
12670,277.272,257.60066666666665,279.02466666666663,257.0491702579687
12680,277.326,257.13533333333334,278.89733333333334,256.5903660628236
12690,277.38,256.67,278.77,256.1315618676785
12700,277.42466666666667,256.55466666666666,278.68066666666664,256.0214300979858
12710,277.46933333333334,256.43933333333337,278.5913333333333,255.9112983282931
12720,277.514,256.324,278.502,255.80116655860039
12730,277.5586666666667,256.20866666666666,278.41266666666667,255.6910347889077
12740,277.60333333333335,256.09333333333336,278.3233333333333,255.580903019215
12750,277.648,255.978,278.234,255.4707712495223
12760,277.6926666666667,255.86266666666668,278.14466666666664,255.3606394798296
12770,277.7373333333333,255.74733333333333,278.05533333333335,255.2505077101369
12780,277.782,255.632,277.966,255.1403759404442
12790,277.82666666666665,255.51666666666668,277.87666666666667,255.0302441707515
12800,277.8713333333333,255.40133333333333,277.7873333333333,254.9201124010588
12810,277.916,255.286,277.698,254.8099806313661
12820,277.96066666666667,255.17066666666668,277.6086666666667,254.6998488616734
12830,278.00533333333334,255.05533333333332,277.51933333333335,254.5897170919807
12840,278.05,254.94,277.43,254.479585322288
12850,278.0846666666667,254.04533333333333,277.2886666666667,253.5559611601257
12860,278.1193333333333,253.15066666666667,277.14733333333334,252.6323369979634
12870,278.154,252.256,277.00600000000003,251.7087128358011
12880,278.1886666666667,251.36133333333333,276.86466666666666,250.7850886736388
12890,278.22333333333336,250.46666666666667,276.72333333333336,249.8614645114765
12900,278.258,249.572,276.582,248.9378403493142
12910,278.29266666666666,248.67733333333334,276.4406666666667,248.0142161871519
12920,278.32733333333334,247.78266666666667,276.2993333333333,247.09059202498958
12930,278.362,246.888,276.158,246.16696786282728
12940,278.39666666666665,245.99333333333334,276.01666666666665,245.24334370066498
12950,278.4313333333333,245.09866666666667,275.87533333333334,244.31971953850268
12960,278.466,244.204,275.734,243.39609537634038
12970,278.5006666666667,243.30933333333334,275.5926666666667,242.47247121417809
12980,278.5353333333333,242.41466666666668,275.4513333333333,241.5488470520158
12990,278.57,241.52,275.31,240.6252228898535
13000,278.5946666666667,240.918,275.1526666666667,240.02610321328535
13010,278.6193333333333,240.316,274.99533333333335,239.42698353671722
13020,278.644,239.714,274.838,238.82786386014908
13030,278.66866666666664,239.11200000000002,274.68066666666664,238.22874418358097
13040,278.6933333333333,238.51000000000002,274.5233333333333,237.62962450701284
13050,278.718,237.90800000000002,274.366,237.0305048304447
13060,278.74266666666665,237.306,274.20866666666666,236.43138515387656
13070,278.76733333333334,236.704,274.05133333333333,235.83226547730843
13080,278.792,236.102,273.894,235.2331458007403
13090,278.81666666666666,235.5,273.7366666666667,234.63402612417215
13100,278.84133333333335,234.898,273.57933333333335,234.03490644760402
13110,278.866,234.29600000000002,273.42199999999997,233.4357867710359
13120,278.8906666666667,233.69400000000002,273.26466666666664,232.83666709446777
13130,278.9153333333333,233.092,273.1073333333333,232.23754741789963
13140,278.94,232.49,272.95,231.6384277413315
13150,278.95533333333333,232.05066666666667,272.8066666666667,231.19742409568119
13160,278.97066666666666,231.61133333333333,272.6633333333333,230.75642045003087
13170,278.986,231.172,272.52,230.31541680438056
13180,279.0013333333333,230.7326666666667,272.37666666666667,229.87441315873025
13190,279.01666666666665,230.29333333333335,272.23333333333335,229.43340951307994
13200,279.032,229.854,272.09,228.99240586742962
13210,279.0473333333333,229.41466666666668,271.94666666666666,228.5514022217793
13220,279.0626666666667,228.97533333333334,271.80333333333334,228.11039857612897
13230,279.07800000000003,228.536,271.66,227.66939493047866
13240,279.09333333333336,228.09666666666666,271.51666666666665,227.22839128482835
13250,279.1086666666667,227.65733333333333,271.37333333333333,226.78738763917804
13260,279.124,227.21800000000002,271.23,226.34638399352772
13270,279.13933333333335,226.77866666666668,271.0866666666667,225.9053803478774
13280,279.1546666666667,226.33933333333334,270.9433333333333,225.4643767022271
13290,279.17,225.9,270.8,225.0233730565768
13300,279.1766666666667,225.45333333333335,270.6566666666667,224.57409698716793
13310,279.18333333333334,225.00666666666666,270.5133333333333,224.12482091775908
13320,279.19,224.56,270.37,223.67554484835023
13330,279.19666666666666,224.11333333333334,270.2266666666667,223.22626877894137
13340,279.2033333333333,223.66666666666666,270.0833333333333,222.77699270953252
13350,279.21,223.22,269.94,222.32771664012367
13360,279.21666666666664,222.77333333333334,269.7966666666667,221.87844057071482
13370,279.22333333333336,222.32666666666665,269.6533333333333,221.42916450130596
13380,279.23,221.88,269.51,220.9798884318971
13390,279.2366666666667,221.43333333333334,269.3666666666667,220.53061236248826
13400,279.24333333333334,220.98666666666665,269.2233333333333,220.0813362930794
13410,279.25,220.54,269.08,219.63206022367055
13420,279.25666666666666,220.09333333333333,268.93666666666667,219.1827841542617
13430,279.2633333333333,219.64666666666665,268.7933333333333,218.73350808485284
13440,279.27,219.2,268.65,218.284232015444
13450,279.26666666666665,218.45,268.47799999999995,217.51884002848678
13460,279.2633333333333,217.7,268.306,216.7534480415296
13470,279.26,216.95,268.13399999999996,215.98805605457238
13480,279.25666666666666,216.2,267.962,215.2226640676152
13490,279.25333333333333,215.45,267.78999999999996,214.457272080658
13500,279.25,214.7,267.618,213.6918800937008
13510,279.24666666666667,213.95,267.44599999999997,212.9264881067436
13520,279.24333333333334,213.2,267.274,212.1610961197864
13530,279.24,212.45,267.102,211.3957041328292
13540,279.2366666666667,211.7,266.93,210.630312145872
13550,279.23333333333335,210.95,266.758,209.8649201589148
13560,279.23,210.2,266.586,209.09952817195762
13570,279.2266666666667,209.45,266.414,208.3341361850004
13580,279.22333333333336,208.7,266.242,207.5687441980432
13590,279.22,207.95,266.07,206.803352211086
13600,279.208,207.49599999999998,265.90066666666667,206.35681237172992
13610,279.196,207.042,265.73133333333334,205.9102725323738
13620,279.184,206.588,265.562,205.4637326930177
13630,279.172,206.134,265.3926666666666,205.0171928536616
13640,279.16,205.67999999999998,265.2233333333333,204.5706530143055
13650,279.148,205.226,265.054,204.1241131749494
13660,279.136,204.772,264.88466666666665,203.6775733355933
13670,279.124,204.31799999999998,264.7153333333333,203.2310334962372
13680,279.112,203.86399999999998,264.546,202.7844936568811
13690,279.1,203.41,264.37666666666667,202.337953817525
13700,279.088,202.956,264.20733333333334,201.89141397816888
13710,279.076,202.50199999999998,264.03799999999995,201.4448741388128
13720,279.064,202.04799999999997,263.8686666666666,200.9983342994567
13730,279.052,201.594,263.6993333333333,200.55179446010058
13740,279.04,201.14,263.53,200.1052546207445
13750,279.01933333333335,200.7373333333333,263.376,199.69454387164058
13760,278.9986666666667,200.33466666666666,263.222,199.28383312253666
13770,278.978,199.932,263.068,198.87312237343272
13780,278.95733333333334,199.5293333333333,262.914,198.4624116243288
13790,278.93666666666667,199.12666666666667,262.76,198.0517008752249
13800,278.916,198.724,262.606,197.64099012612098
13810,278.8953333333333,198.3213333333333,262.452,197.23027937701707
13820,278.8746666666667,197.91866666666667,262.298,196.81956862791313
13830,278.85400000000004,197.516,262.144,196.40885787880921
13840,278.83333333333337,197.11333333333332,261.99,195.9981471297053
13850,278.8126666666667,196.71066666666667,261.836,195.5874363806014
13860,278.79200000000003,196.308,261.682,195.17672563149748
13870,278.77133333333336,195.90533333333332,261.528,194.76601488239353
13880,278.7506666666667,195.50266666666667,261.374,194.35530413328962
13890,278.73,195.1,261.22,193.9445933841857
13900,278.7,194.452,261.0346666666667,193.28668866798506
13910,278.67,193.804,260.84933333333333,192.6287839517844
13920,278.64,193.156,260.66400000000004,191.97087923558377
13930,278.61,192.50799999999998,260.4786666666667,191.31297451938312
13940,278.58,191.85999999999999,260.29333333333335,190.65506980318247
13950,278.55,191.212,260.108,189.99716508698182
13960,278.52,190.564,259.92266666666666,189.33926037078118
13970,278.49,189.916,259.73733333333337,188.68135565458053
13980,278.46,189.268,259.552,188.02345093837988
13990,278.43,188.62,259.3666666666667,187.36554622217923
14000,278.4,187.972,259.1813333333333,186.7076415059786
14010,278.37,187.32399999999998,258.996,186.04973678977794
14020,278.34,186.676,258.8106666666667,185.3918320735773
14030,278.31,186.028,258.62533333333334,184.73392735737664
14040,278.28,185.38,258.44,184.076022641176
14050,278.24199999999996,184.61866666666666,258.23,183.3042544354428
14060,278.20399999999995,183.85733333333334,258.02,182.5324862297096
14070,278.166,183.096,257.81,181.7607180239764
14080,278.128,182.33466666666666,257.6,180.98894981824319
14090,278.09,181.57333333333332,257.39,180.21718161251
14100,278.05199999999996,180.812,257.18,179.4454134067768
14110,278.01399999999995,180.05066666666667,256.96999999999997,178.6736452010436
14120,277.976,179.28933333333333,256.76,177.9018769953104
14130,277.938,178.528,256.55,177.1301087895772
14140,277.9,177.76666666666668,256.34,176.358340583844
14150,277.86199999999997,177.00533333333334,256.13,175.58657237811082
14160,277.82399999999996,176.244,255.92,174.8148041723776
14170,277.786,175.48266666666666,255.70999999999998,174.0430359666444
14180,277.748,174.72133333333335,255.5,173.2712677609112
14190,277.71,173.96,255.29,172.499499555178
14200,277.66266666666667,173.59266666666667,255.094,172.14491057457133
14210,277.6153333333333,173.22533333333334,254.898,171.79032159396468
14220,277.568,172.858,254.702,171.435732613358
14230,277.52066666666667,172.49066666666667,254.506,171.08114363275135
14240,277.4733333333333,172.12333333333333,254.31,170.72655465214467
14250,277.426,171.756,254.114,170.371965671538
14260,277.3786666666667,171.38866666666667,253.918,170.01737669093134
14270,277.3313333333333,171.02133333333333,253.72199999999998,169.66278771032466
14280,277.284,170.654,253.52599999999998,169.30819872971801
14290,277.2366666666667,170.28666666666666,253.32999999999998,168.95360974911134
14300,277.1893333333333,169.91933333333333,253.134,168.59902076850466
14310,277.142,169.552,252.938,168.244431787898
14320,277.0946666666667,169.18466666666666,252.742,167.88984280729133
14330,277.0473333333333,168.81733333333332,252.546,167.53525382668468
14340,277.0,168.45,252.35,167.180664846078
14350,276.94466666666665,168.036,252.17466666666667,166.75052619113353
14360,276.88933333333335,167.62199999999999,251.99933333333334,166.32038753618903
14370,276.834,167.208,251.82399999999998,165.89024888124456
14380,276.77866666666665,166.79399999999998,251.64866666666666,165.46011022630006
14390,276.72333333333336,166.38,251.47333333333333,165.0299715713556
14400,276.668,165.966,251.298,164.59983291641112
14410,276.61266666666666,165.552,251.12266666666667,164.16969426146662
14420,276.55733333333336,165.138,250.94733333333332,163.73955560652215
14430,276.502,164.724,250.772,163.30941695157765
14440,276.44666666666666,164.31,250.59666666666666,162.87927829663317
14450,276.39133333333336,163.89600000000002,250.42133333333334,162.4491396416887
14460,276.336,163.482,250.246,162.0190009867442
14470,276.28066666666666,163.068,250.07066666666665,161.58886233179973
14480,276.22533333333337,162.654,249.89533333333333,161.15872367685523
14490,276.17,162.24,249.72,160.72858502191076
14500,276.106,161.25733333333335,249.48,159.7301677931641
14510,276.04200000000003,160.27466666666666,249.24,158.73175056441747
14520,275.978,159.292,249.0,157.7333333356708
14530,275.914,158.30933333333334,248.76,156.73491610692415
14540,275.85,157.32666666666668,248.52,155.7364988781775
14550,275.786,156.344,248.28,154.73808164943085
14560,275.722,155.36133333333333,248.04,153.7396644206842
14570,275.658,154.37866666666667,247.8,152.74124719193756
14580,275.594,153.39600000000002,247.56,151.7428299631909
14590,275.53,152.41333333333333,247.32,150.74441273444424
14600,275.466,151.43066666666667,247.08,149.7459955056976
14610,275.402,150.448,246.84,148.74757827695095
14620,275.33799999999997,149.46533333333332,246.6,147.7491610482043
14630,275.274,148.48266666666666,246.36,146.75074381945765
14640,275.21,147.5,246.12,145.752326590711
14650,275.1373333333333,147.06066666666666,245.89066666666668,145.32252004311854
14660,275.06466666666665,146.62133333333333,245.66133333333335,144.8927134955261
14670,274.99199999999996,146.182,245.43200000000002,144.46290694793365
14680,274.9193333333333,145.74266666666668,245.20266666666666,144.0331004003412
14690,274.84666666666664,145.30333333333334,244.97333333333333,143.60329385274875
14700,274.774,144.864,244.744,143.1734873051563
14710,274.7013333333333,144.42466666666667,244.51466666666667,142.74368075756385
14720,274.6286666666667,143.98533333333333,244.28533333333334,142.31387420997137
14730,274.556,143.546,244.056,141.88406766237892
14740,274.48333333333335,143.10666666666665,243.82666666666668,141.45426111478648
14750,274.41066666666666,142.66733333333332,243.59733333333335,141.02445456719403
14760,274.338,142.228,243.368,140.59464801960158
14770,274.26533333333333,141.78866666666667,243.13866666666667,140.16484147200913
14780,274.1926666666667,141.34933333333333,242.90933333333334,139.73503492441668
14790,274.12,140.91,242.68,139.30522837682423
14800,274.03866666666664,140.378,242.45533333333333,138.76702205487044
14810,273.95733333333334,139.846,242.23066666666668,138.22881573291667
14820,273.876,139.314,242.006,137.69060941096288
14830,273.79466666666667,138.782,241.78133333333335,137.1524030890091
14840,273.7133333333333,138.25,241.55666666666667,136.61419676705532
14850,273.632,137.718,241.332,136.07599044510152
14860,273.55066666666664,137.186,241.10733333333334,135.53778412314776
14870,273.46933333333334,136.654,240.88266666666667,134.99957780119396
14880,273.388,136.122,240.65800000000002,134.4613714792402
14890,273.3066666666667,135.59,240.43333333333334,133.9231651572864
14900,273.2253333333333,135.058,240.20866666666666,133.3849588353326
14910,273.144,134.526,239.984,132.84675251337885
14920,273.06266666666664,133.994,239.75933333333333,132.30854619142505
14930,272.98133333333334,133.46200000000002,239.53466666666668,131.7703398694713
14940,272.9,132.93,239.31,131.2321335475175
14950,272.81,132.41266666666667,239.07866666666666,130.71560239118102
14960,272.71999999999997,131.89533333333333,238.84733333333332,130.19907123484455
14970,272.63,131.37800000000001,238.616,129.68254007850808
14980,272.53999999999996,130.86066666666667,238.38466666666667,129.16600892217164
14990,272.45,130.34333333333333,238.15333333333334,128.64947776583517
15000,272.36,129.826,237.922,128.1329466094987
15010,272.27,129.30866666666668,237.69066666666666,127.61641545316223
15020,272.18,128.79133333333334,237.45933333333335,127.09988429682576
15030,272.09,128.274,237.228,126.5833531404893
15040,272.0,127.75666666666667,236.99666666666667,126.06682198415284
15050,271.91,127.23933333333333,236.76533333333333,125.55029082781637
15060,271.82,126.72200000000001,236.534,125.0337596714799
15070,271.73,126.20466666666667,236.30266666666668,124.51722851514343
15080,271.64,125.68733333333333,236.07133333333334,124.00069735880697
15090,271.55,125.17,235.84,123.4841662024705
15100,271.452,124.80466666666666,235.62333333333333,123.11938515173
15110,271.354,124.43933333333334,235.40666666666667,122.75460410098951
15120,271.25600000000003,124.074,235.19,122.389823050249
15130,271.158,123.70866666666667,234.97333333333333,122.0250419995085
15140,271.06,123.34333333333333,234.75666666666666,121.660260948768
15150,270.962,122.978,234.54,121.29547989802751
15160,270.864,122.61266666666667,234.32333333333332,120.930698847287
15170,270.766,122.24733333333333,234.10666666666668,120.5659177965465
15180,270.668,121.882,233.89000000000001,120.201136745806
15190,270.57,121.51666666666667,233.67333333333335,119.8363556950655
15200,270.472,121.15133333333333,233.45666666666668,119.471574644325
15210,270.37399999999997,120.786,233.24,119.1067935935845
15220,270.276,120.42066666666666,233.02333333333334,118.742012542844
15230,270.178,120.05533333333334,232.80666666666667,118.3772314921035
15240,270.08,119.69,232.59,118.012450441363
15250,269.97266666666667,118.868,232.336,117.17130209466545
15260,269.8653333333333,118.04599999999999,232.082,116.3301537479679
15270,269.758,117.224,231.828,115.48900540127035
15280,269.65066666666667,116.402,231.574,114.64785705457281
15290,269.54333333333335,115.58,231.32,113.80670870787526
15300,269.436,114.758,231.066,112.96556036117771
15310,269.32866666666666,113.93599999999999,230.812,112.12441201448016
15320,269.22133333333335,113.114,230.558,111.2832636677826
15330,269.11400000000003,112.292,230.304,110.44211532108505
15340,269.00666666666666,111.47,230.05,109.6009669743875
15350,268.89933333333335,110.648,229.796,108.75981862768995
15360,268.79200000000003,109.826,229.542,107.91867028099242
15370,268.6846666666667,109.004,229.288,107.07752193429486
15380,268.57733333333334,108.182,229.034,106.23637358759731
15390,268.47,107.36,228.78,105.39522524089976
15400,268.35400000000004,107.042,228.534,105.09185967508685
15410,268.238,106.724,228.288,104.78849410927393
15420,268.122,106.406,228.042,104.48512854346102
15430,268.00600000000003,106.088,227.796,104.18176297764809
15440,267.89000000000004,105.77,227.55,103.87839741183518
15450,267.774,105.452,227.304,103.57503184602226
15460,267.658,105.134,227.058,103.27166628020935
15470,267.54200000000003,104.816,226.812,102.96830071439642
15480,267.42600000000004,104.498,226.566,102.66493514858351
15490,267.31,104.18,226.32,102.36156958277058
15500,267.194,103.86200000000001,226.074,102.05820401695767
15510,267.07800000000003,103.544,225.828,101.75483845114475
15520,266.96200000000005,103.226,225.582,101.45147288533184
15530,266.846,102.908,225.336,101.14810731951891
15540,266.73,102.59,225.09,100.844741753706
15550,266.60533333333336,102.55133333333333,224.89133333333334,100.81342563679227
15560,266.4806666666667,102.51266666666668,224.69266666666667,100.78210951987853
15570,266.356,102.474,224.494,100.7507934029648
15580,266.23133333333334,102.43533333333333,224.29533333333333,100.71947728605107
15590,266.1066666666667,102.39666666666668,224.09666666666666,100.68816116913733
15600,265.982,102.358,223.898,100.6568450522236
15610,265.8573333333334,102.31933333333333,223.69933333333333,100.62552893530987
15620,265.73266666666666,102.28066666666668,223.5006666666667,100.59421281839613
15630,265.608,102.242,223.30200000000002,100.5628967014824
15640,265.48333333333335,102.20333333333333,223.10333333333335,100.53158058456867
15650,265.3586666666667,102.16466666666668,222.90466666666669,100.50026446765493
15660,265.23400000000004,102.126,222.70600000000002,100.4689483507412
15670,265.1093333333333,102.08733333333333,222.50733333333335,100.43763223382747
15680,264.98466666666667,102.04866666666668,222.30866666666668,100.40631611691373
15690,264.86,102.01,222.11,100.375
15700,264.7273333333333,101.98066666666666,221.93200000000002,100.35
15710,264.5946666666667,101.95133333333334,221.75400000000002,100.325
15720,264.462,101.922,221.57600000000002,100.3
15730,264.32933333333335,101.89266666666667,221.398,100.275
15740,264.19666666666666,101.86333333333333,221.22,100.25
15750,264.064,101.834,221.042,100.225
15760,263.9313333333333,101.80466666666666,220.864,100.2
15770,263.7986666666667,101.77533333333334,220.686,100.175
15780,263.666,101.746,220.508,100.15
15790,263.53333333333336,101.71666666666667,220.33,100.125
15800,263.40066666666667,101.68733333333333,220.15200000000002,100.1
15810,263.26800000000003,101.658,219.974,100.075
15820,263.13533333333334,101.62866666666666,219.796,100.05
15830,263.0026666666667,101.59933333333333,219.618,100.025
15840,262.87,101.57,219.44,100.0
