Time (s),T_outer (C),T_inner (C),T_avg (C),Input Temperature (C)
0,305.269100458448,305.269100458448,305.269100458448,305.269100458448
10,305.269100458448,305.269100458448,305.269100458448,305.269100458448
20,305.269100458448,305.269100458448,305.269100458448,305.269100458448
30,305.269100458448,305.269100458448,305.269100458448,305.269100458448
40,305.269100458448,305.269100458448,305.269100458448,305.269100458448
50,305.269100458448,305.269100458448,305.269100458448,305.269100458448
60,305.269100458448,305.269100458448,305.269100458448,305.269100458448
70,305.269100458448,305.269100458448,305.269100458448,305.269100458448
80,305.269100458448,305.269100458448,305.269100458448,305.269100458448
90,305.269100458448,305.269100458448,305.269100458448,305.269100458448
100,305.269100458448,305.269100458448,305.269100458448,305.269100458448
110,305.269100458448,305.269100458448,305.269100458448,305.269100458448
120,305.269100458448,305.269100458448,305.269100458448,305.269100458448
130,305.269100458448,305.269100458448,305.269100458448,305.269100458448
140,305.269100458448,305.269100458448,305.269100458448,305.269100458448
150,305.269100458448,305.269100458448,305.269100458448,305.269100458448
160,305.269100458448,305.269100458448,305.269100458448,305.269100458448
170,305.269100458448,305.269100458448,305.269100458448,305.269100458448
180,305.269100458448,305.269100458448,305.269100458448,305.269100458448
190,305.269100458448,305.269100458448,305.269100458448,305.269100458448
200,305.269100458448,305.269100458448,305.269100458448,305.269100458448
210,305.269100458448,305.269100458448,305.269100458448,305.269100458448
220,305.269100458448,305.269100458448,305.269100458448,305.269100458448
230,305.269100458448,305.269100458448,305.269100458448,305.269100458448
240,305.269100458448,305.269100458448,305.269100458448,305.269100458448
250,305.269100458448,305.269100458448,305.269100458448,305.269100458448
260,305.269100458448,305.269100458448,305.269100458448,305.269100458448
270,305.269100458448,305.269100458448,305.269100458448,305.269100458448
280,305.269100458448,305.269100458448,305.269100458448,305.269100458448
290,305.269100458448,305.269100458448,305.269100458448,305.269100458448
300,305.269100458448,305.269100458448,305.269100458448,305.269100458448
310,305.269100458448,305.269100458448,305.269100458448,305.269100458448
320,305.269100458448,305.269100458448,305.269100458448,305.269100458448
330,305.269100458448,305.269100458448,305.269100458448,305.269100458448
340,305.269100458448,305.269100458448,305.269100458448,305.269100458448
350,305.269100458448,305.269100458448,305.269100458448,305.269100458448
360,305.269100458448,305.269100458448,305.269100458448,305.269100458448
370,305.269100458448,305.269100458448,305.269100458448,305.269100458448
380,305.269100458448,305.269100458448,305.269100458448,305.269100458448
390,305.269100458448,305.269100458448,305.269100458448,305.269100458448
400,305.269100458448,305.269100458448,305.269100458448,305.269100458448
410,305.269100458448,305.269100458448,305.269100458448,305.269100458448
420,305.269100458448,305.269100458448,305.269100458448,305.269100458448
430,305.269100458448,305.269100458448,305.269100458448,305.269100458448
440,305.269100458448,305.269100458448,305.269100458448,305.269100458448
450,305.269100458448,305.269100458448,305.269100458448,305.269100458448
460,305.269100458448,305.269100458448,305.269100458448,305.269100458448
470,305.269100458448,305.269100458448,305.269100458448,305.269100458448
480,305.269100458448,305.269100458448,305.269100458448,305.269100458448
490,305.269100458448,305.269100458448,305.269100458448,305.269100458448
500,305.269100458448,305.269100458448,305.269100458448,305.269100458448
510,305.269100458448,305.269100458448,305.269100458448,305.269100458448
520,305.269100458448,305.269100458448,305.269100458448,305.269100458448
530,305.269100458448,305.269100458448,305.269100458448,305.269100458448
540,305.269100458448,305.269100458448,305.269100458448,305.269100458448
550,305.269100458448,305.269100458448,305.269100458448,305.269100458448
560,305.269100458448,305.269100458448,305.269100458448,305.269100458448
570,305.269100458448,305.269100458448,305.269100458448,305.269100458448
580,305.269100458448,305.269100458448,305.269100458448,305.269100458448
590,305.269100458448,305.269100458448,305.269100458448,305.269100458448
600,305.269100458448,305.269100458448,305.269100458448,305.269100458448
610,305.269100458448,305.269100458448,305.269100458448,305.269100458448
620,305.269100458448,305.269100458448,305.269100458448,305.269100458448
630,305.269100458448,305.269100458448,305.269100458448,305.269100458448
640,305.269100458448,305.269100458448,305.269100458448,305.269100458448
650,305.269100458448,305.269100458448,305.269100458448,305.269100458448
660,305.269100458448,305.269100458448,305.269100458448,305.269100458448
670,305.269100458448,305.269100458448,305.269100458448,305.269100458448
680,305.269100458448,305.269100458448,305.269100458448,305.269100458448
690,305.269100458448,305.269100458448,305.269100458448,305.269100458448
700,305.269100458448,305.269100458448,305.269100458448,305.269100458448
710,305.269100458448,305.269100458448,305.269100458448,305.269100458448
720,305.269100458448,305.269100458448,305.269100458448,305.269100458448
730,305.269100458448,305.269100458448,305.269100458448,305.269100458448
740,305.269100458448,305.269100458448,305.269100458448,305.269100458448
750,305.269100458448,305.269100458448,305.269100458448,305.269100458448
760,305.269100458448,305.269100458448,305.269100458448,305.269100458448
770,305.269100458448,305.269100458448,305.269100458448,305.269100458448
780,305.269100458448,305.269100458448,305.269100458448,305.269100458448
790,305.269100458448,305.269100458448,305.269100458448,305.269100458448
800,305.269100458448,305.269100458448,305.269100458448,305.269100458448
810,305.269100458448,305.269100458448,305.269100458448,305.269100458448
820,305.269100458448,305.269100458448,305.269100458448,305.269100458448
830,305.269100458448,305.269100458448,305.269100458448,305.269100458448
840,305.269100458448,305.269100458448,305.269100458448,305.269100458448
850,305.269100458448,305.269100458448,305.269100458448,305.269100458448
860,305.269100458448,305.269100458448,305.269100458448,305.269100458448
870,305.269100458448,305.269100458448,305.269100458448,305.269100458448
880,305.269100458448,305.269100458448,305.269100458448,305.269100458448
890,305.269100458448,305.269100458448,305.269100458448,305.269100458448
900,305.269100458448,305.269100458448,305.269100458448,305.269100458448
910,305.269100458448,305.269100458448,305.269100458448,305.269100458448
920,305.269100458448,305.269100458448,305.269100458448,305.269100458448
930,305.269100458448,305.269100458448,305.269100458448,305.269100458448
940,305.269100458448,305.269100458448,305.269100458448,305.269100458448
950,305.269100458448,305.269100458448,305.269100458448,305.269100458448
960,305.269100458448,305.269100458448,305.269100458448,305.269100458448
970,305.269100458448,305.269100458448,305.269100458448,305.269100458448
980,305.269100458448,305.269100458448,305.269100458448,305.269100458448
990,305.269100458448,305.269100458448,305.269100458448,305.269100458448
1000,305.269100458448,305.269100458448,305.269100458448,305.269100458448
1010,305.269100458448,305.269100458448,305.269100458448,305.269100458448
1020,305.269100458448,305.269100458448,305.269100458448,305.269100458448
1030,305.269100458448,305.269100458448,305.269100458448,305.269100458448
1040,305.269100458448,305.269100458448,305.269100458448,305.269100458448
1050,305.269100458448,305.269100458448,305.269100458448,305.269100458448
1060,305.269100458448,305.269100458448,305.269100458448,305.269100458448
1070,305.269100458448,305.269100458448,305.269100458448,305.269100458448
1080,305.269100458448,305.269100458448,305.269100458448,305.269100458448
1090,305.269100458448,305.269100458448,305.269100458448,305.269100458448
1100,305.269100458448,305.269100458448,305.269100458448,305.269100458448
1110,305.269100458448,305.269100458448,305.269100458448,305.269100458448
1120,305.269100458448,305.269100458448,305.269100458448,305.269100458448
1130,305.269100458448,305.269100458448,305.269100458448,305.269100458448
1140,305.269100458448,305.269100458448,305.269100458448,305.269100458448
1150,305.269100458448,305.269100458448,305.269100458448,305.269100458448
1160,305.269100458448,305.269100458448,305.269100458448,305.269100458448
1170,305.269100458448,305.269100458448,305.269100458448,305.269100458448
1180,305.269100458448,305.269100458448,305.269100458448,305.269100458448
1190,305.269100458448,305.269100458448,305.269100458448,305.269100458448
1200,305.269100458448,305.269100458448,305.269100458448,305.269100458448
1210,305.269100458448,305.269100458448,305.269100458448,305.269100458448
1220,305.269100458448,305.269100458448,305.269100458448,305.269100458448
1230,305.269100458448,305.269100458448,305.269100458448,305.269100458448
1240,305.269100458448,305.269100458448,305.269100458448,305.269100458448
1250,305.269100458448,305.269100458448,305.269100458448,305.269100458448
1260,305.269100458448,305.269100458448,305.269100458448,305.269100458448
1270,305.269100458448,305.269100458448,305.269100458448,305.269100458448
1280,305.269100458448,305.269100458448,305.269100458448,305.269100458448
1290,305.269100458448,305.269100458448,305.269100458448,305.269100458448
1300,305.269100458448,305.269100458448,305.269100458448,305.269100458448
1310,305.269100458448,305.269100458448,305.269100458448,305.269100458448
1320,305.269100458448,305.269100458448,305.269100458448,305.269100458448
1330,305.269100458448,305.269100458448,305.269100458448,305.269100458448
1340,305.269100458448,305.269100458448,305.269100458448,305.269100458448
1350,305.269100458448,305.269100458448,305.269100458448,305.269100458448
1360,305.269100458448,305.269100458448,305.269100458448,305.269100458448
1370,305.269100458448,305.269100458448,305.269100458448,305.269100458448
1380,305.269100458448,305.269100458448,305.269100458448,305.269100458448
1390,305.269100458448,305.269100458448,305.269100458448,305.269100458448
1400,305.269100458448,305.269100458448,305.269100458448,305.269100458448
1410,305.269100458448,305.269100458448,305.269100458448,305.269100458448
1420,305.269100458448,305.269100458448,305.269100458448,305.269100458448
1430,305.269100458448,305.269100458448,305.269100458448,305.269100458448
1440,305.269100458448,305.269100458448,305.269100458448,305.269100458448
1440,305.269100458448,305.269100458448,305.269100458448,305.269100458448
1450,305.2691604278848,305.9831604278848,305.3291604278848,306.01129549615086
1460,305.2692203973216,306.6972203973216,305.3892203973216,306.7534905338537
1470,305.2692803667584,307.41128036675843,305.4492803667584,307.4956855715566
1480,305.2693403361952,308.1253403361952,305.50934033619524,308.2378806092594
1490,305.269400305632,308.839400305632,305.56940030563203,308.98007564696223
1500,305.2694602750688,309.5534602750688,305.6294602750688,309.7222706846651
1510,305.2695202445056,310.2675202445056,305.6895202445056,310.46446572236795
1520,305.2695802139424,310.98158021394244,305.7495802139424,311.2066607600708
1530,305.2696401833792,311.6956401833792,305.8096401833792,311.94885579777366
1540,305.269700152816,312.409700152816,305.869700152816,312.6910508354765
1550,305.26976012225276,313.1237601222528,305.9297601222528,313.4332458731794
1560,305.2698200916896,313.8378200916896,305.98982009168964,314.1754409108822
1570,305.2698800611264,314.55188006112644,306.04988006112643,314.91763594858503
1580,305.2699400305632,315.26594003056323,306.1099400305632,315.6598309862879
1590,305.27,315.98,306.17,316.40202602399074
1600,305.27,316.838,306.27933333333334,317.27764737974246
1610,305.27,317.696,306.38866666666667,318.1532687354942
1620,305.27,318.55400000000003,306.498,319.0288900912459
1630,305.27,319.41200000000003,306.6073333333334,319.9045114469976
1640,305.27,320.27000000000004,306.7166666666667,320.78013280274934
1650,305.27,321.12800000000004,306.826,321.65575415850105
1660,305.27,321.98600000000005,306.93533333333335,322.5313755142528
1670,305.27,322.844,307.04466666666667,323.4069968700045
1680,305.27,323.702,307.154,324.2826182257562
1690,305.27,324.56,307.2633333333333,325.1582395815079
1700,305.27,325.418,307.37266666666665,326.03386093725965
1710,305.27,326.276,307.482,326.90948229301137
1720,305.27,327.134,307.59133333333335,327.7851036487631
1730,305.27,327.992,307.7006666666667,328.6607250045148
1740,305.27,328.85,307.81,329.5363463602665
1750,305.27,329.91266666666667,307.9653333333333,330.62270055464467
1760,305.27,330.97533333333337,308.1206666666667,331.7090547490228
1770,305.27,332.038,308.276,332.79540894340096
1780,305.27,333.1006666666667,308.4313333333333,333.88176313777916
1790,305.27,334.16333333333336,308.58666666666664,334.9681173321573
1800,305.27,335.226,308.742,336.05447152653545
1810,305.27,336.2886666666667,308.89733333333334,337.1408257209136
1820,305.27,337.35133333333334,309.05266666666665,338.22717991529174
1830,305.27,338.41400000000004,309.20799999999997,339.3135341096699
1840,305.27,339.4766666666667,309.36333333333334,340.39988830404803
1850,305.27,340.53933333333333,309.51866666666666,341.4862424984262
1860,305.27,341.60200000000003,309.674,342.5725966928044
1870,305.27,342.6646666666667,309.8293333333333,343.6589508871825
1880,305.27,343.7273333333334,309.98466666666667,344.7453050815607
1890,305.27,344.79,310.14,345.8316592759388
1900,305.27066666666667,346.146,310.356,347.20605282952096
1910,305.2713333333333,347.502,310.572,348.5804463831031
1920,305.272,348.858,310.788,349.95483993668523
1930,305.2726666666666,350.214,311.00399999999996,351.3292334902674
1940,305.2733333333333,351.57,311.21999999999997,352.70362704384956
1950,305.274,352.926,311.436,354.0780205974317
1960,305.27466666666663,354.282,311.652,355.45241415101384
1970,305.2753333333333,355.63800000000003,311.868,356.826807704596
1980,305.27599999999995,356.994,312.084,358.2012012581781
1990,305.27666666666664,358.35,312.3,359.57559481176025
2000,305.27733333333333,359.706,312.516,360.9499883653424
2010,305.27799999999996,361.062,312.73199999999997,362.3243819189246
2020,305.27866666666665,362.418,312.948,363.6987754725067
2030,305.2793333333333,363.774,313.164,365.07316902608886
2040,305.28,365.13,313.38,366.447562579671
2050,305.2826666666666,365.7593333333333,313.57466666666664,367.06470515732696
2060,305.2853333333333,366.38866666666667,313.76933333333335,367.6818477349829
2070,305.28799999999995,367.018,313.964,368.29899031263886
2080,305.29066666666665,367.64733333333334,314.15866666666665,368.9161328902948
2090,305.2933333333333,368.27666666666664,314.35333333333335,369.5332754679508
2100,305.296,368.906,314.548,370.1504180456067
2110,305.29866666666663,369.5353333333333,314.74266666666665,370.7675606232627
2120,305.30133333333333,370.1646666666667,314.93733333333336,371.38470320091864
2130,305.304,370.794,315.132,372.0018457785746
2140,305.3066666666667,371.42333333333335,315.32666666666665,372.61898835623055
2150,305.3093333333333,372.05266666666665,315.52133333333336,373.2361309338865
2160,305.312,372.682,315.716,373.85327351154245
2170,305.31466666666665,373.3113333333333,315.91066666666666,374.4704160891984
2180,305.31733333333335,373.9406666666667,316.10533333333336,375.08755866685436
2190,305.32,374.57,316.3,375.7047012445103
2200,305.32533333333333,375.516,316.50933333333336,376.6705994560947
2210,305.3306666666667,376.462,316.71866666666665,377.63649766767907
2220,305.336,377.408,316.928,378.60239587926344
2230,305.3413333333333,378.354,317.13733333333334,379.5682940908478
2240,305.34666666666664,379.3,317.3466666666667,380.5341923024322
2250,305.352,380.246,317.556,381.50009051401656
2260,305.3573333333333,381.192,317.76533333333333,382.46598872560094
2270,305.36266666666666,382.138,317.9746666666667,383.43188693718537
2280,305.368,383.084,318.184,384.39778514876974
2290,305.37333333333333,384.03,318.3933333333333,385.3636833603541
2300,305.3786666666667,384.976,318.60266666666666,386.3295815719385
2310,305.38399999999996,385.92199999999997,318.812,387.29547978352286
2320,305.3893333333333,386.868,319.02133333333336,388.26137799510724
2330,305.39466666666664,387.81399999999996,319.23066666666665,389.2272762066916
2340,305.4,388.76,319.44,390.193174418276
2350,305.4113333333333,389.89933333333335,319.68533333333335,391.3440511034758
2360,305.42266666666666,391.03866666666664,319.93066666666664,392.4949277886756
2370,305.43399999999997,392.178,320.176,393.64580447387544
2380,305.44533333333334,393.31733333333335,320.42133333333334,394.79668115907526
2390,305.45666666666665,394.45666666666665,320.6666666666667,395.9475578442751
2400,305.46799999999996,395.596,320.912,397.0984345294749
2410,305.47933333333333,396.73533333333336,321.1573333333333,398.2493112146747
2420,305.49066666666664,397.87466666666666,321.4026666666667,399.4001878998745
2430,305.502,399.014,321.648,400.5510645850743
2440,305.5133333333333,400.15333333333336,321.8933333333333,401.7019412702741
2450,305.52466666666663,401.29266666666666,322.13866666666667,402.85281795547394
2460,305.536,402.432,322.384,404.00369464067376
2470,305.5473333333333,403.57133333333337,322.62933333333336,405.1545713258736
2480,305.5586666666667,404.71066666666667,322.87466666666666,406.3054480110734
2490,305.57,405.85,323.12,407.4563246962732
2500,305.58799999999997,407.01000000000005,323.3906666666667,408.62840269477545
2510,305.606,408.17,323.66133333333335,409.80048069327773
2520,305.62399999999997,409.33000000000004,323.932,410.97255869177997
2530,305.642,410.49,324.2026666666667,412.1446366902822
2540,305.65999999999997,411.65000000000003,324.47333333333336,413.3167146887845
2550,305.678,412.81,324.744,414.4887926872867
2560,305.69599999999997,413.97,325.0146666666667,415.66087068578895
2570,305.714,415.13,325.2853333333333,416.83294868429124
2580,305.73199999999997,416.29,325.556,418.00502668279347
2590,305.75,417.45,325.82666666666665,419.1771046812957
2600,305.768,418.61,326.0973333333333,420.349182679798
2610,305.786,419.77,326.368,421.5212606783002
2620,305.804,420.93,326.63866666666667,422.69333867680245
2630,305.822,422.09000000000003,326.90933333333334,423.86541667530474
2640,305.84,423.25,327.18,425.037494673807
2650,305.8666666666666,423.852,327.4266666666667,425.6292351861974
2660,305.8933333333333,424.454,327.67333333333335,426.2209756985878
2670,305.91999999999996,425.056,327.92,426.8127162109782
2680,305.94666666666666,425.658,328.1666666666667,427.4044567233686
2690,305.9733333333333,426.26,328.41333333333336,427.996197235759
2700,306.0,426.86199999999997,328.66,428.5879377481494
2710,306.02666666666664,427.464,328.9066666666667,429.1796782605398
2720,306.05333333333334,428.066,329.1533333333333,429.7714187729302
2730,306.08,428.668,329.4,430.3631592853206
2740,306.1066666666667,429.27,329.64666666666665,430.954899797711
2750,306.1333333333333,429.87199999999996,329.8933333333333,431.5466403101014
2760,306.16,430.474,330.14,432.1383808224918
2770,306.18666666666667,431.07599999999996,330.38666666666666,432.7301213348822
2780,306.21333333333337,431.678,330.6333333333333,433.3218618472726
2790,306.24,432.28,330.88,433.913602359663
2800,306.2766666666667,433.2,331.13533333333334,434.8494983174071
2810,306.31333333333333,434.11999999999995,331.3906666666667,435.78539427515113
2820,306.35,435.03999999999996,331.646,436.7212902328952
2830,306.38666666666666,435.96,331.9013333333333,437.65718619063927
2840,306.42333333333335,436.88,332.15666666666664,438.59308214838336
2850,306.46000000000004,437.79999999999995,332.412,439.5289781061274
2860,306.49666666666667,438.71999999999997,332.6673333333333,440.4648740638715
2870,306.53333333333336,439.64,332.92266666666666,441.40077002161553
2880,306.57,440.56,333.178,442.3366659793596
2890,306.6066666666667,441.47999999999996,333.43333333333334,443.27256193710366
2900,306.6433333333334,442.4,333.6886666666667,444.20845789484775
2910,306.68,443.32,333.94399999999996,445.1443538525918
2920,306.7166666666667,444.24,334.1993333333333,446.0802498103359
2930,306.75333333333333,445.15999999999997,334.45466666666664,447.0161457680799
2940,306.79,446.08,334.71,447.952041725824
2950,306.8366666666667,446.846,334.97999999999996,448.7044160469168
2960,306.8833333333333,447.61199999999997,335.25,449.45679036800954
2970,306.93,448.378,335.52,450.2091646891023
2980,306.9766666666667,449.144,335.78999999999996,450.9615390101951
2990,307.02333333333337,449.90999999999997,336.06,451.71391333128787
3000,307.07,450.676,336.33,452.46628765238063
3010,307.1166666666667,451.442,336.59999999999997,453.2186619734734
3020,307.16333333333336,452.20799999999997,336.87,453.97103629456615
3030,307.21000000000004,452.974,337.14,454.7234106156589
3040,307.25666666666666,453.74,337.40999999999997,455.47578493675167
3050,307.30333333333334,454.506,337.68,456.2281592578444
3060,307.35,455.272,337.95,456.98053357893724
3070,307.3966666666667,456.038,338.21999999999997,457.73290790003
3080,307.4433333333333,456.804,338.49,458.48528222112276
3090,307.49,457.57,338.76,459.2376565422155
3100,307.54733333333337,457.622,338.962,459.27883214465203
3110,307.6046666666667,457.674,339.164,459.32000774708854
3120,307.66200000000003,457.726,339.366,459.361183349525
3130,307.71933333333334,457.778,339.568,459.4023589519615
3140,307.7766666666667,457.83,339.77,459.443534554398
3150,307.834,457.882,339.972,459.4847101568345
3160,307.89133333333336,457.934,340.174,459.52588575927103
3170,307.94866666666667,457.986,340.37600000000003,459.5670613617075
3180,308.00600000000003,458.038,340.57800000000003,459.608236964144
3190,308.06333333333333,458.09000000000003,340.78000000000003,459.6494125665805
3200,308.1206666666667,458.142,340.982,459.690588169017
3210,308.178,458.194,341.184,459.73176377145353
3220,308.23533333333336,458.24600000000004,341.386,459.77293937389
3230,308.29266666666666,458.298,341.588,459.8141149763265
3240,308.35,458.35,341.79,459.855290578763
3250,308.4186666666667,458.15333333333336,341.9446666666667,459.64374356182043
3260,308.48733333333337,457.9566666666667,342.09933333333333,459.4321965448779
3270,308.55600000000004,457.76,342.254,459.22064952793534
3280,308.62466666666666,457.56333333333333,342.4086666666667,459.0091025109928
3290,308.6933333333333,457.3666666666667,342.56333333333333,458.79755549405024
3300,308.762,457.17,342.718,458.5860084771077
3310,308.8306666666667,456.97333333333336,342.8726666666667,458.37446146016515
3320,308.89933333333335,456.77666666666664,343.02733333333333,458.16291444322263
3330,308.968,456.58,343.182,457.95136742628006
3340,309.0366666666667,456.3833333333333,343.3366666666667,457.73982040933754
3350,309.10533333333336,456.18666666666667,343.49133333333333,457.52827339239496
3360,309.174,455.99,343.646,457.31672637545245
3370,309.24266666666665,455.7933333333333,343.8006666666667,457.1051793585099
3380,309.3113333333333,455.59666666666664,343.95533333333333,456.89363234156735
3390,309.38,455.4,344.11,456.6820853246248
3400,309.45933333333335,455.42266666666666,344.252,456.70814046156175
3410,309.53866666666664,455.44533333333334,344.394,456.7341955984987
3420,309.618,455.46799999999996,344.536,456.76025073543565
3430,309.69733333333335,455.49066666666664,344.678,456.78630587237257
3440,309.77666666666664,455.5133333333333,344.82,456.81236100930954
3450,309.856,455.536,344.962,456.83841614624646
3460,309.93533333333335,455.5586666666667,345.104,456.86447128318343
3470,310.01466666666664,455.5813333333333,345.24600000000004,456.89052642012035
3480,310.094,455.604,345.38800000000003,456.9165815570573
3490,310.17333333333335,455.62666666666667,345.53000000000003,456.94263669399425
3500,310.25266666666664,455.64933333333335,345.672,456.9686918309312
3510,310.332,455.672,345.814,456.99474696786814
3520,310.41133333333335,455.69466666666665,345.956,457.0208021048051
3530,310.49066666666664,455.71733333333333,346.098,457.04685724174203
3540,310.57,455.74,346.24,457.072912378679
3550,310.65999999999997,455.73,346.3806666666667,457.05123887362936
3560,310.75,455.72,346.52133333333336,457.02956536857977
3570,310.84,455.71,346.66200000000003,457.0078918635301
3580,310.93,455.7,346.80266666666665,456.98621835848047
3590,311.02,455.69,346.9433333333333,456.9645448534308
3600,311.11,455.68,347.084,456.94287134838123
3610,311.2,455.67,347.2246666666667,456.9211978433316
3620,311.29,455.65999999999997,347.36533333333335,456.89952433828194
3630,311.38,455.65,347.50600000000003,456.8778508332323
3640,311.47,455.64,347.6466666666667,456.8561773281827
3650,311.56,455.63,347.7873333333334,456.83450382313305
3660,311.65000000000003,455.62,347.928,456.8128303180834
3670,311.74,455.60999999999996,348.0686666666667,456.79115681303375
3680,311.83000000000004,455.59999999999997,348.20933333333335,456.76948330798416
3690,311.92,455.59,348.35,456.7478098029345
3700,312.01933333333335,455.2453333333333,348.4466666666667,456.39307686003224
3710,312.1186666666667,454.90066666666667,348.54333333333335,456.0383439171299
3720,312.218,454.556,348.64000000000004,455.68361097422763
3730,312.31733333333335,454.2113333333333,348.7366666666667,455.3288780313253
3740,312.4166666666667,453.8666666666667,348.83333333333337,454.97414508842303
3750,312.516,453.522,348.93,454.6194121455207
3760,312.61533333333335,453.1773333333333,349.0266666666667,454.2646792026184
3770,312.7146666666667,452.8326666666667,349.12333333333333,453.9099462597161
3780,312.814,452.488,349.22,453.5552133168138
3790,312.91333333333336,452.1433333333333,349.31666666666666,453.2004803739115
3800,313.0126666666667,451.7986666666667,349.41333333333336,452.8457474310092
3810,313.112,451.454,349.51,452.4910144881069
3820,313.21133333333336,451.1093333333333,349.6066666666667,452.1362815452046
3830,313.3106666666667,450.7646666666667,349.7033333333333,451.7815486023023
3840,313.41,450.42,349.8,451.4268156594
3850,313.5166666666667,450.93,349.944,451.9624187778805
3860,313.62333333333333,451.44,350.088,452.4980218963609
3870,313.73,451.95,350.232,453.0336250148414
3880,313.8366666666667,452.46000000000004,350.376,453.5692281333218
3890,313.9433333333333,452.97,350.52,454.1048312518023
3900,314.05,453.48,350.664,454.6404343702827
3910,314.1566666666667,453.99,350.808,455.1760374887632
3920,314.2633333333333,454.5,350.952,455.7116406072436
3930,314.37,455.01,351.096,456.2472437257241
3940,314.4766666666667,455.52,351.24,456.7828468442045
3950,314.5833333333333,456.03,351.384,457.318449962685
3960,314.69,456.54,351.52799999999996,457.85405308116543
3970,314.7966666666667,457.05,351.67199999999997,458.3896561996459
3980,314.9033333333333,457.56,351.816,458.92525931812634
3990,315.01,458.07,351.96,459.4608624366068
4000,315.12266666666665,457.95,352.08866666666665,459.3160005579161
4010,315.2353333333333,457.83,352.21733333333333,459.1711386792253
4020,315.348,457.71,352.346,459.02627680053456
4030,315.46066666666667,457.59,352.4746666666666,458.8814149218438
4040,315.5733333333333,457.46999999999997,352.6033333333333,458.73655304315304
4050,315.686,457.34999999999997,352.73199999999997,458.5916911644623
4060,315.79866666666663,457.22999999999996,352.86066666666665,458.44682928577157
4070,315.91133333333335,457.11,352.9893333333333,458.3019674070808
4080,316.024,456.99,353.118,458.15710552839005
4090,316.13666666666666,456.87,353.24666666666667,458.0122436496993
4100,316.2493333333333,456.75,353.37533333333334,457.8673817710085
4110,316.36199999999997,456.63,353.50399999999996,457.7225198923178
4120,316.4746666666667,456.51,353.63266666666664,457.57765801362706
4130,316.58733333333333,456.39,353.7613333333333,457.43279613493627
4140,316.7,456.27,353.89,457.28793425624553
4150,316.8173333333333,455.9626666666667,353.96933333333334,456.98159357843326
4160,316.93466666666666,455.6553333333333,354.04866666666663,456.675252900621
4170,317.05199999999996,455.348,354.128,456.36891222280866
4180,317.1693333333333,455.04066666666665,354.20733333333334,456.0625715449964
4190,317.28666666666663,454.73333333333335,354.28666666666663,455.7562308671841
4200,317.404,454.426,354.366,455.44989018937184
4210,317.5213333333333,454.1186666666667,354.44533333333334,455.14354951155957
4220,317.63866666666667,453.8113333333333,354.52466666666663,454.83720883374724
4230,317.756,453.504,354.604,454.53086815593497
4240,317.87333333333333,453.19666666666666,354.68333333333334,454.2245274781227
4250,317.99066666666664,452.88933333333335,354.76266666666663,453.9181868003104
4260,318.108,452.582,354.842,453.61184612249815
4270,318.2253333333333,452.2746666666667,354.92133333333334,453.3055054446858
4280,318.3426666666667,451.96733333333333,355.00066666666663,452.99916476687355
4290,318.46,451.66,355.08,452.6928240890613
4300,318.5793333333333,451.70933333333335,355.17866666666663,452.74399081017714
4310,318.69866666666667,451.75866666666667,355.27733333333333,452.79515753129294
4320,318.818,451.808,355.376,452.8463242524088
4330,318.9373333333333,451.8573333333334,355.4746666666667,452.89749097352467
4340,319.0566666666667,451.9066666666667,355.5733333333333,452.94865769464053
4350,319.176,451.956,355.67199999999997,452.99982441575634
4360,319.2953333333333,452.00533333333334,355.77066666666667,453.0509911368722
4370,319.4146666666667,452.05466666666666,355.8693333333333,453.10215785798806
4380,319.534,452.104,355.968,453.1533245791039
4390,319.6533333333333,452.1533333333333,356.06666666666666,453.20449130021973
4400,319.7726666666667,452.20266666666663,356.1653333333333,453.2556580213356
4410,319.892,452.252,356.264,453.30682474245145
4420,320.0113333333333,452.30133333333333,356.36266666666666,453.3579914635673
4430,320.1306666666667,452.35066666666665,356.46133333333336,453.4091581846831
4440,320.25,452.4,356.56,453.460324905799
4450,320.372,452.73466666666667,356.68533333333335,453.8058983296466
4460,320.49399999999997,453.0693333333333,356.8106666666667,454.1514717534942
4470,320.616,453.404,356.936,454.49704517734176
4480,320.738,453.73866666666663,357.0613333333333,454.8426186011894
4490,320.86,454.0733333333333,357.18666666666667,455.188192025037
4500,320.98199999999997,454.408,357.312,455.5337654488846
4510,321.104,454.74266666666665,357.43733333333336,455.8793388727322
4520,321.226,455.07733333333334,357.56266666666664,456.22491229657976
4530,321.348,455.412,357.688,456.57048572042737
4540,321.46999999999997,455.74666666666667,357.81333333333333,456.916059144275
4550,321.592,456.08133333333336,357.9386666666667,457.2616325681226
4560,321.714,456.416,358.064,457.6072059919702
4570,321.836,456.7506666666667,358.1893333333333,457.95277941581776
4580,321.95799999999997,457.0853333333333,358.31466666666665,458.29835283966537
4590,322.08,457.42,358.44,458.643926263513
4600,322.20266666666663,457.41333333333336,358.5573333333333,458.6246859280585
4610,322.32533333333333,457.4066666666667,358.67466666666667,458.60544559260404
4620,322.448,457.40000000000003,358.792,458.5862052571496
4630,322.5706666666667,457.3933333333333,358.90933333333334,458.5669649216951
4640,322.6933333333333,457.38666666666666,359.02666666666664,458.54772458624063
4650,322.816,457.38,359.144,458.52848425078616
4660,322.9386666666667,457.37333333333333,359.2613333333333,458.5092439153317
4670,323.0613333333333,457.3666666666667,359.3786666666667,458.4900035798773
4680,323.184,457.36,359.496,458.4707632444228
4690,323.3066666666667,457.35333333333335,359.61333333333334,458.45152290896834
4700,323.4293333333333,457.3466666666667,359.73066666666665,458.4322825735139
4710,323.552,457.34,359.848,458.4130422380594
4720,323.67466666666667,457.3333333333333,359.9653333333333,458.39380190260493
4730,323.79733333333337,457.32666666666665,360.0826666666667,458.37456156715047
4740,323.92,457.32,360.2,458.355321231696
4750,324.04266666666666,457.24399999999997,360.29333333333335,458.28184989416104
4760,324.16533333333336,457.168,360.38666666666666,458.20837855662614
4770,324.288,457.092,360.48,458.1349072190912
4780,324.41066666666666,457.016,360.5733333333333,458.0614358815563
4790,324.53333333333336,456.94,360.6666666666667,457.98796454402134
4800,324.656,456.864,360.76,457.9144932064864
4810,324.77866666666665,456.788,360.85333333333335,457.8410218689515
4820,324.90133333333335,456.712,360.94666666666666,457.76755053141653
4830,325.024,456.636,361.04,457.69407919388163
4840,325.14666666666665,456.56,361.1333333333333,457.6206078563467
4850,325.26933333333335,456.484,361.2266666666667,457.5471365188117
4860,325.392,456.408,361.32,457.47366518127683
4870,325.51466666666664,456.332,361.41333333333336,457.4001938437419
4880,325.63733333333334,456.25600000000003,361.50666666666666,457.326722506207
4890,325.76,456.18,361.6,457.253251168672
4900,325.88266666666664,456.3593333333333,361.71333333333337,457.43613158627824
4910,326.00533333333334,456.5386666666667,361.8266666666667,457.6190120038844
4920,326.128,456.718,361.94,457.8018924214906
4930,326.2506666666667,456.89733333333334,362.05333333333334,457.9847728390968
4940,326.37333333333333,457.07666666666665,362.1666666666667,458.16765325670303
4950,326.496,457.25600000000003,362.28000000000003,458.3505336743092
4960,326.6186666666667,457.43533333333335,362.3933333333334,458.5334140919154
4970,326.74133333333333,457.61466666666666,362.50666666666666,458.7162945095216
4980,326.86400000000003,457.794,362.62,458.89917492712783
4990,326.9866666666667,457.97333333333336,362.73333333333335,459.082055344734
5000,327.1093333333333,458.1526666666667,362.8466666666667,459.2649357623402
5010,327.232,458.332,362.96000000000004,459.4478161799464
5020,327.3546666666667,458.5113333333333,363.0733333333333,459.6306965975526
5030,327.4773333333334,458.6906666666667,363.18666666666667,459.8135770151588
5040,327.6,458.87,363.3,459.996457432765
5050,327.72266666666667,458.642,363.38666666666666,459.75403894551835
5060,327.8453333333334,458.414,363.47333333333336,459.5116204582717
5070,327.968,458.186,363.56,459.26920197102504
5080,328.09066666666666,457.958,363.6466666666667,459.0267834837784
5090,328.21333333333337,457.73,363.73333333333335,458.78436499653174
5100,328.336,457.502,363.82,458.5419465092851
5110,328.45866666666666,457.274,363.9066666666667,458.29952802203843
5120,328.58133333333336,457.046,363.99333333333334,458.05710953479183
5130,328.704,456.818,364.08000000000004,457.8146910475452
5140,328.82666666666665,456.59,364.1666666666667,457.57227256029853
5150,328.94933333333336,456.36199999999997,364.25333333333333,457.3298540730519
5160,329.072,456.134,364.34000000000003,457.0874355858052
5170,329.19466666666665,455.906,364.4266666666667,456.84501709855857
5180,329.31733333333335,455.678,364.5133333333334,456.6025986113119
5190,329.44,455.45,364.6,456.36018012406527
5200,329.562,455.316,364.67533333333336,456.2260445161756
5210,329.68399999999997,455.182,364.7506666666667,456.0919089082859
5220,329.806,455.048,364.826,455.95777330039624
5230,329.928,454.914,364.90133333333335,455.8236376925065
5240,330.05,454.78,364.9766666666667,455.68950208461683
5250,330.17199999999997,454.646,365.052,455.55536647672716
5260,330.294,454.512,365.12733333333335,455.4212308688375
5270,330.416,454.378,365.2026666666667,455.2870952609478
5280,330.538,454.24399999999997,365.278,455.15295965305813
5290,330.65999999999997,454.11,365.35333333333335,455.01882404516846
5300,330.782,453.976,365.4286666666667,454.8846884372788
5310,330.904,453.842,365.504,454.75055282938905
5320,331.026,453.70799999999997,365.57933333333335,454.6164172214994
5330,331.14799999999997,453.574,365.6546666666667,454.4822816136097
5340,331.27,453.44,365.73,454.34814600572
5350,331.3913333333333,453.33933333333334,365.80533333333335,454.24374732556765
5360,331.51266666666663,453.2386666666667,365.8806666666667,454.1393486454153
5370,331.63399999999996,453.138,365.956,454.0349499652629
5380,331.75533333333334,453.0373333333333,366.03133333333335,453.93055128511054
5390,331.87666666666667,452.93666666666667,366.1066666666667,453.82615260495817
5400,331.998,452.836,366.182,453.7217539248058
5410,332.1193333333333,452.73533333333336,366.25733333333335,453.6173552446534
5420,332.24066666666664,452.63466666666665,366.3326666666667,453.5129565645011
5430,332.36199999999997,452.534,366.408,453.40855788434874
5440,332.4833333333333,452.43333333333334,366.48333333333335,453.30415920419637
5450,332.6046666666666,452.3326666666667,366.5586666666667,453.199760524044
5460,332.726,452.232,366.634,453.0953618438916
5470,332.8473333333333,452.1313333333333,366.70933333333335,452.99096316373925
5480,332.96866666666665,452.03066666666666,366.7846666666667,452.8865644835869
5490,333.09,451.93,366.86,452.7821658034345
5500,333.21,451.78000000000003,366.9266666666667,452.6289580993998
5510,333.33,451.63,366.99333333333334,452.4757503953651
5520,333.45,451.48,367.06,452.3225426913304
5530,333.57,451.33,367.12666666666667,452.1693349872957
5540,333.69,451.18,367.1933333333333,452.016127283261
5550,333.81,451.03000000000003,367.26,451.8629195792263
5560,333.93,450.88,367.32666666666665,451.7097118751916
5570,334.04999999999995,450.73,367.3933333333334,451.5565041711569
5580,334.16999999999996,450.58,367.46000000000004,451.40329646712223
5590,334.28999999999996,450.43,367.5266666666667,451.2500887630875
5600,334.40999999999997,450.28000000000003,367.59333333333336,451.0968810590528
5610,334.53,450.13,367.66,450.9436733550181
5620,334.65,449.98,367.7266666666667,450.79046565098344
5630,334.77,449.83,367.79333333333335,450.6372579469487
5640,334.89,449.68,367.86,450.484050242914
5650,335.00866666666667,450.0746666666667,367.9646666666667,450.89748942493895
5660,335.1273333333333,450.46933333333334,368.06933333333336,451.3109286069639
5670,335.246,450.86400000000003,368.17400000000004,451.72436778898884
5680,335.36466666666666,451.25866666666667,368.27866666666665,452.13780697101384
5690,335.48333333333335,451.65333333333336,368.3833333333333,452.5512461530388
5700,335.602,452.048,368.488,452.96468533506373
5710,335.72066666666666,452.4426666666667,368.5926666666667,453.3781245170887
5720,335.83933333333334,452.83733333333333,368.69733333333335,453.7915636991136
5730,335.958,453.232,368.802,454.20500288113857
5740,336.07666666666665,453.62666666666667,368.9066666666667,454.6184420631635
5750,336.19533333333334,454.02133333333336,369.01133333333337,455.03188124518846
5760,336.314,454.416,369.116,455.44532042721346
5770,336.4326666666667,454.8106666666667,369.22066666666666,455.8587596092384
5780,336.55133333333333,455.20533333333333,369.32533333333333,456.27219879126335
5790,336.67,455.6,369.43,456.6856379732883
5800,336.78333333333336,455.6446666666667,369.534,456.7178345035253
5810,336.8966666666667,455.68933333333337,369.63800000000003,456.75003103376235
5820,337.01,455.73400000000004,369.742,456.78222756399936
5830,337.12333333333333,455.77866666666665,369.846,456.81442409423636
5840,337.2366666666667,455.8233333333333,369.95,456.8466206244734
5850,337.35,455.868,370.05400000000003,456.8788171547104
5860,337.46333333333337,455.91266666666667,370.158,456.9110136849474
5870,337.57666666666665,455.95733333333334,370.262,456.9432102151845
5880,337.69,456.002,370.366,456.9754067454215
5890,337.80333333333334,456.0466666666667,370.47,457.0076032756585
5900,337.9166666666667,456.09133333333335,370.574,457.03979980589554
5910,338.03000000000003,456.13599999999997,370.678,457.07199633613254
5920,338.1433333333333,456.18066666666664,370.782,457.10419286636954
5930,338.25666666666666,456.2253333333333,370.886,457.1363893966066
5940,338.37,456.27,370.99,457.1685859268436
5950,338.48066666666665,456.17066666666665,371.068,457.06777393113043
5960,338.59133333333335,456.0713333333333,371.146,456.96696193541726
5970,338.702,455.972,371.224,456.8661499397041
5980,338.81266666666664,455.87266666666665,371.302,456.7653379439909
5990,338.92333333333335,455.7733333333333,371.38,456.66452594827774
6000,339.034,455.674,371.458,456.56371395256457
6010,339.14466666666664,455.57466666666664,371.536,456.4629019568514
6020,339.25533333333334,455.4753333333333,371.61400000000003,456.3620899611382
6030,339.366,455.376,371.692,456.26127796542505
6040,339.47666666666663,455.27666666666664,371.77000000000004,456.1604659697119
6050,339.58733333333333,455.1773333333333,371.848,456.0596539739987
6060,339.698,455.078,371.92600000000004,455.95884197828553
6070,339.8086666666666,454.97866666666664,372.004,455.85802998257236
6080,339.9193333333333,454.8793333333333,372.08200000000005,455.7572179868592
6090,340.03,454.78,372.16,455.656405991146
6100,340.13866666666667,454.7946666666666,372.24133333333333,455.67081959532044
6110,340.2473333333333,454.8093333333333,372.3226666666667,455.6852331994948
6120,340.356,454.82399999999996,372.404,455.6996468036692
6130,340.46466666666663,454.83866666666665,372.48533333333336,455.7140604078436
6140,340.5733333333333,454.8533333333333,372.56666666666666,455.728474012018
6150,340.682,454.868,372.648,455.74288761619243
6160,340.79066666666665,454.88266666666664,372.72933333333333,455.7573012203668
6170,340.89933333333335,454.89733333333334,372.8106666666667,455.7717148245412
6180,341.008,454.912,372.892,455.7861284287156
6190,341.1166666666667,454.9266666666667,372.97333333333336,455.80054203289
6200,341.22533333333337,454.9413333333333,373.05466666666666,455.81495563706443
6210,341.334,454.956,373.136,455.8293692412388
6220,341.4426666666667,454.97066666666666,373.21733333333333,455.8437828454132
6230,341.55133333333333,454.98533333333336,373.2986666666667,455.8581964495876
6240,341.66,455.0,373.38,455.872610053762
6250,341.76733333333334,455.1,373.468,455.97538671111255
6260,341.8746666666667,455.2,373.556,456.0781633684631
6270,341.982,455.3,373.644,456.18094002581364
6280,342.08933333333334,455.4,373.73199999999997,456.2837166831642
6290,342.19666666666666,455.5,373.82,456.38649334051473
6300,342.30400000000003,455.6,373.908,456.4892699978653
6310,342.41133333333335,455.7,373.996,456.5920466552158
6320,342.51866666666666,455.8,374.084,456.6948233125664
6330,342.626,455.9,374.17199999999997,456.797599969917
6340,342.73333333333335,456.0,374.26,456.9003766272675
6350,342.84066666666666,456.1,374.348,457.00315328461807
6360,342.948,456.2,374.436,457.1059299419686
6370,343.0553333333333,456.3,374.524,457.20870659931916
6380,343.16266666666667,456.4,374.61199999999997,457.3114832566697
6390,343.27,456.5,374.7,457.41425991402025
6400,343.376,456.3093333333333,374.7713333333333,457.2099887884166
6410,343.48199999999997,456.1186666666667,374.8426666666667,457.00571766281297
6420,343.58799999999997,455.928,374.914,456.8014465372093
6430,343.694,455.7373333333333,374.9853333333333,456.59717541160563
6440,343.8,455.5466666666667,375.0566666666667,456.392904286002
6450,343.906,455.356,375.128,456.18863316039835
6460,344.012,455.1653333333333,375.1993333333333,455.9843620347947
6470,344.118,454.9746666666667,375.27066666666667,455.7800909091911
6480,344.224,454.784,375.342,455.5758197835874
6490,344.33,454.5933333333333,375.4133333333333,455.37154865798374
6500,344.436,454.4026666666667,375.48466666666667,455.1672775323801
6510,344.54200000000003,454.212,375.556,454.96300640677646
6520,344.648,454.0213333333333,375.6273333333333,454.7587352811728
6530,344.754,453.8306666666667,375.69866666666667,454.5544641555692
6540,344.86,453.64,375.77,454.3501930299655
6550,344.9646666666667,453.452,375.8193333333333,454.1672181158991
6560,345.06933333333336,453.264,375.8686666666666,453.9842432018327
6570,345.17400000000004,453.07599999999996,375.918,453.80126828776633
6580,345.27866666666665,452.888,375.96733333333333,453.6182933737
6590,345.3833333333333,452.7,376.01666666666665,453.4353184596336
6600,345.488,452.512,376.066,453.2523435455672
6610,345.5926666666667,452.324,376.1153333333333,453.0693686315008
6620,345.69733333333335,452.13599999999997,376.1646666666667,452.88639371743443
6630,345.802,451.948,376.214,452.70341880336804
6640,345.9066666666667,451.76,376.2633333333333,452.52044388930165
6650,346.01133333333337,451.572,376.31266666666664,452.33746897523525
6660,346.116,451.384,376.36199999999997,452.1544940611689
6670,346.22066666666666,451.19599999999997,376.41133333333335,451.9715191471025
6680,346.32533333333333,451.008,376.46066666666667,451.78854423303613
6690,346.43,450.82,376.51,451.60556931896974
6700,346.53333333333336,450.98199999999997,376.58799999999997,451.7722346109321
6710,346.63666666666666,451.144,376.666,451.93889990289443
6720,346.74,451.306,376.74399999999997,452.1055651948568
6730,346.84333333333336,451.468,376.822,452.2722304868191
6740,346.94666666666666,451.63,376.9,452.4388957787815
6750,347.05,451.792,376.978,452.6055610707439
6760,347.15333333333336,451.954,377.056,452.7722263627062
6770,347.25666666666666,452.116,377.134,452.93889165466857
6780,347.36,452.278,377.212,453.1055569466309
6790,347.46333333333337,452.44,377.29,453.27222223859326
6800,347.56666666666666,452.602,377.368,453.43888753055563
6810,347.67,452.764,377.446,453.60555282251795
6820,347.77333333333337,452.926,377.524,453.7722181144803
6830,347.87666666666667,453.088,377.60200000000003,453.93888340644264
6840,347.98,453.25,377.68,454.105548698405
6850,348.082,453.54,377.778,454.40254064854565
6860,348.184,453.83,377.876,454.6995325986863
6870,348.286,454.12,377.974,454.996524548827
6880,348.38800000000003,454.41,378.072,455.2935164989676
6890,348.49,454.7,378.17,455.59050844910826
6900,348.592,454.99,378.268,455.8875003992489
6910,348.694,455.28000000000003,378.366,456.18449234938953
6920,348.796,455.57,378.464,456.4814842995302
6930,348.898,455.86,378.562,456.77847624967086
6940,349.0,456.15000000000003,378.65999999999997,457.0754681998115
6950,349.102,456.44,378.758,457.37246014995213
6960,349.204,456.73,378.856,457.66945210009277
6970,349.306,457.02000000000004,378.954,457.96644405023346
6980,349.408,457.31,379.05199999999996,458.2634360003741
6990,349.51,457.6,379.15,458.56042795051474
7000,349.61066666666665,457.67333333333335,379.2453333333333,458.6263666390903
7010,349.7113333333333,457.74666666666667,379.34066666666666,458.6923053276659
7020,349.812,457.82,379.436,458.75824401624146
7030,349.91266666666667,457.8933333333334,379.5313333333333,458.8241827048171
7040,350.0133333333333,457.9666666666667,379.62666666666667,458.89012139339263
7050,350.114,458.04,379.722,458.95606008196825
7060,350.21466666666663,458.11333333333334,379.8173333333333,459.0219987705438
7070,350.31533333333334,458.18666666666667,379.91266666666667,459.0879374591194
7080,350.416,458.26,380.008,459.153876147695
7090,350.51666666666665,458.3333333333333,380.1033333333333,459.2198148362706
7100,350.6173333333333,458.40666666666664,380.19866666666667,459.28575352484614
7110,350.71799999999996,458.48,380.294,459.35169221342176
7120,350.8186666666667,458.55333333333334,380.3893333333333,459.4176309019973
7130,350.9193333333333,458.62666666666667,380.48466666666667,459.4835695905729
7140,351.02,458.7,380.58,459.5495082791485
7150,351.1193333333333,458.55333333333334,380.6526666666667,459.39271114263283
7160,351.21866666666665,458.40666666666664,380.7253333333333,459.23591400611724
7170,351.318,458.26,380.798,459.0791168696016
7180,351.4173333333333,458.11333333333334,380.87066666666664,458.92231973308594
7190,351.51666666666665,457.96666666666664,380.9433333333333,458.76552259657035
7200,351.616,457.82,381.016,458.6087254600547
7210,351.7153333333333,457.67333333333335,381.08866666666665,458.45192832353905
7220,351.81466666666665,457.52666666666664,381.16133333333335,458.29513118702346
7230,351.914,457.38,381.234,458.1383340505078
7240,352.0133333333333,457.23333333333335,381.3066666666667,457.98153691399216
7250,352.11266666666666,457.08666666666664,381.37933333333336,457.82473977747657
7260,352.212,456.94,381.452,457.6679426409609
7270,352.3113333333333,456.79333333333335,381.5246666666667,457.51114550444527
7280,352.41066666666666,456.64666666666665,381.5973333333333,457.3543483679297
7290,352.51,456.5,381.67,457.197551231414
7300,352.6073333333333,456.13733333333334,381.71066666666667,456.82633570628104
7310,352.70466666666664,455.7746666666667,381.7513333333333,456.455120181148
7320,352.802,455.412,381.79200000000003,456.083904656015
7330,352.89933333333335,455.0493333333333,381.8326666666667,455.71268913088204
7340,352.99666666666667,454.68666666666667,381.87333333333333,455.341473605749
7350,353.094,454.324,381.914,454.970258080616
7360,353.1913333333333,453.96133333333336,381.95466666666664,454.59904255548304
7370,353.2886666666667,453.59866666666665,381.99533333333335,454.22782703035
7380,353.386,453.236,382.036,453.856611505217
7390,353.48333333333335,452.87333333333333,382.07666666666665,453.48539598008404
7400,353.5806666666667,452.5106666666667,382.1173333333333,453.114180454951
7410,353.678,452.148,382.15799999999996,452.742964929818
7420,353.7753333333334,451.7853333333333,382.19866666666667,452.37174940468503
7430,353.8726666666667,451.42266666666666,382.2393333333333,452.000533879552
7440,353.97,451.06,382.28,451.629318354419
7450,354.0666666666667,451.05466666666666,382.332,451.6324508794512
7460,354.16333333333336,451.0493333333333,382.38399999999996,451.63558340448344
7470,354.26000000000005,451.044,382.436,451.6387159295156
7480,354.3566666666667,451.0386666666667,382.488,451.6418484545478
7490,354.4533333333334,451.03333333333336,382.53999999999996,451.64498097958
7500,354.55,451.028,382.592,451.64811350461224
7510,354.6466666666667,451.0226666666667,382.644,451.6512460296444
7520,354.74333333333334,451.01733333333334,382.69599999999997,451.6543785546766
7530,354.84000000000003,451.012,382.748,451.6575110797088
7540,354.93666666666667,451.00666666666666,382.8,451.66064360474104
7550,355.03333333333336,451.0013333333333,382.852,451.6637761297732
7560,355.13,450.99600000000004,382.904,451.6669086548054
7570,355.2266666666667,450.9906666666667,382.956,451.6700411798376
7580,355.3233333333333,450.98533333333336,383.008,451.67317370486984
7590,355.42,450.98,383.06,451.676306229902
7600,355.51533333333333,450.9653333333334,383.118,451.66097078985564
7610,355.6106666666667,450.9506666666667,383.176,451.6456353498093
7620,355.706,450.93600000000004,383.234,451.6302999097629
7630,355.80133333333333,450.92133333333334,383.29200000000003,451.61496446971654
7640,355.8966666666667,450.9066666666667,383.35,451.5996290296702
7650,355.992,450.892,383.408,451.5842935896238
7660,356.08733333333333,450.87733333333335,383.466,451.56895814957744
7670,356.1826666666667,450.86266666666666,383.524,451.5536227095311
7680,356.278,450.848,383.582,451.5382872694847
7690,356.37333333333333,450.8333333333333,383.64,451.52295182943834
7700,356.4686666666667,450.8186666666667,383.698,451.507616389392
7710,356.564,450.804,383.75600000000003,451.4922809493456
7720,356.65933333333334,450.78933333333333,383.814,451.47694550929924
7730,356.7546666666667,450.77466666666663,383.872,451.4616100692529
7740,356.85,450.76,383.93,451.4462746292065
7750,356.9446666666667,450.72666666666663,383.98733333333337,451.41157973770027
7760,357.03933333333333,450.6933333333333,384.04466666666667,451.37688484619406
7770,357.134,450.65999999999997,384.10200000000003,451.3421899546878
7780,357.2286666666667,450.62666666666667,384.15933333333334,451.30749506318153
7790,357.3233333333333,450.5933333333333,384.2166666666667,451.27280017167527
7800,357.418,450.56,384.274,451.23810528016907
7810,357.5126666666667,450.52666666666664,384.33133333333336,451.2034103886628
7820,357.6073333333333,450.49333333333334,384.38866666666667,451.16871549715654
7830,357.702,450.46,384.446,451.1340206056503
7840,357.7966666666667,450.4266666666667,384.50333333333333,451.0993257141441
7850,357.8913333333333,450.3933333333333,384.5606666666667,451.0646308226378
7860,357.986,450.36,384.618,451.02993593113155
7870,358.0806666666667,450.32666666666665,384.67533333333336,450.9952410396253
7880,358.1753333333333,450.29333333333335,384.73266666666666,450.9605461481191
7890,358.27,450.26,384.79,450.9258512566128
7900,358.36266666666666,450.20666666666665,384.844,450.87090542726537
7910,358.45533333333333,450.1533333333333,384.898,450.8159595979179
7920,358.548,450.09999999999997,384.952,450.7610137685705
7930,358.6406666666667,450.0466666666667,385.00600000000003,450.706067939223
7940,358.73333333333335,449.99333333333334,385.06,450.65112210987553
7950,358.826,449.94,385.11400000000003,450.5961762805281
7960,358.9186666666667,449.88666666666666,385.168,450.54123045118064
7970,359.0113333333333,449.8333333333333,385.22200000000004,450.4862846218332
7980,359.104,449.78,385.276,450.43133879248575
7990,359.19666666666666,449.72666666666663,385.33000000000004,450.3763929631383
8000,359.28933333333333,449.6733333333333,385.384,450.32144713379085
8010,359.382,449.62,385.43800000000005,450.26650130444335
8020,359.4746666666667,449.56666666666666,385.492,450.2115554750959
8030,359.56733333333335,449.5133333333333,385.54600000000005,450.15660964574846
8040,359.66,449.46,385.6,450.101663816401
8050,359.7513333333334,449.71866666666665,385.67733333333337,450.3716017259377
8060,359.8426666666667,449.9773333333333,385.7546666666667,450.6415396354743
8070,359.934,450.236,385.832,450.911477545011
8080,360.0253333333333,450.49466666666666,385.90933333333334,451.1814154545476
8090,360.1166666666667,450.75333333333333,385.9866666666667,451.4513533640843
8100,360.208,451.012,386.064,451.7212912736209
8110,360.2993333333333,451.27066666666667,386.14133333333336,451.9912291831576
8120,360.3906666666667,451.5293333333333,386.21866666666665,452.2611670926942
8130,360.48199999999997,451.78799999999995,386.296,452.5311050022309
8140,360.5733333333333,452.0466666666666,386.37333333333333,452.8010429117675
8150,360.6646666666667,452.3053333333333,386.4506666666667,453.0709808213042
8160,360.756,452.56399999999996,386.528,453.3409187308408
8170,360.8473333333333,452.82266666666663,386.6053333333333,453.6108566403775
8180,360.9386666666666,453.0813333333333,386.68266666666665,453.8807945499141
8190,361.03,453.34,386.76,454.1507324594508
8200,361.11999999999995,453.53066666666666,386.84666666666664,454.34144607153166
8210,361.21,453.7213333333333,386.93333333333334,454.5321596836125
8220,361.29999999999995,453.912,387.02,454.7228732956933
8230,361.39,454.10266666666666,387.1066666666667,454.9135869077742
8240,361.47999999999996,454.2933333333333,387.1933333333333,455.10430051985503
8250,361.57,454.484,387.28,455.2950141319359
8260,361.65999999999997,454.67466666666667,387.3666666666667,455.48572774401674
8270,361.75,454.8653333333333,387.4533333333333,455.67644135609754
8280,361.84,455.056,387.54,455.8671549681784
8290,361.93,455.24666666666667,387.62666666666667,456.05786858025925
8300,362.02,455.4373333333333,387.7133333333333,456.2485821923401
8310,362.11,455.628,387.8,456.43929580442096
8320,362.2,455.8186666666667,387.88666666666666,456.63000941650176
8330,362.29,456.0093333333333,387.97333333333336,456.8207230285826
8340,362.38,456.2,388.06,457.0114366406635
8350,362.46733333333333,456.3173333333333,388.1453333333333,457.12676330867885
8360,362.55466666666666,456.43466666666666,388.23066666666665,457.24208997669416
8370,362.642,456.55199999999996,388.316,457.35741664470953
8380,362.72933333333333,456.6693333333333,388.40133333333335,457.4727433127249
8390,362.81666666666666,456.78666666666663,388.4866666666667,457.5880699807402
8400,362.904,456.904,388.572,457.7033966487556
8410,362.99133333333333,457.0213333333333,388.6573333333333,457.81872331677096
8420,363.07866666666666,457.13866666666667,388.74266666666665,457.93404998478627
8430,363.166,457.256,388.828,458.04937665280164
8440,363.25333333333333,457.37333333333333,388.9133333333333,458.164703320817
8450,363.34066666666666,457.49066666666664,388.9986666666666,458.2800299888323
8460,363.428,457.608,389.084,458.3953566568477
8470,363.51533333333333,457.7253333333333,389.1693333333333,458.51068332486307
8480,363.60266666666666,457.8426666666667,389.25466666666665,458.6260099928784
8490,363.69,457.96,389.34,458.74133666089375
8500,363.776,458.00466666666665,389.41866666666664,458.7851137382339
8510,363.862,458.0493333333333,389.4973333333333,458.828890815574
8520,363.948,458.094,389.57599999999996,458.8726678929142
8530,364.034,458.13866666666667,389.6546666666666,458.91644497025436
8540,364.12,458.18333333333334,389.7333333333333,458.9602220475945
8550,364.206,458.228,389.81199999999995,459.00399912493464
8560,364.29200000000003,458.2726666666667,389.8906666666666,459.0477762022748
8570,364.378,458.3173333333333,389.96933333333334,459.09155327961497
8580,364.464,458.36199999999997,390.048,459.13533035695514
8590,364.55,458.40666666666664,390.12666666666667,459.17910743429525
8600,364.636,458.4513333333333,390.20533333333333,459.2228845116354
8610,364.72200000000004,458.496,390.284,459.2666615889756
8620,364.808,458.54066666666665,390.36266666666666,459.31043866631575
8630,364.894,458.5853333333333,390.4413333333333,459.35421574365586
8640,364.98,458.63,390.52,459.397992820996
8650,365.0646666666667,456.644,390.43333333333334,457.33215817482375
8660,365.14933333333335,454.658,390.34666666666664,455.2663235286514
8670,365.23400000000004,452.67199999999997,390.26,453.20048888247914
8680,365.3186666666667,450.686,390.17333333333335,451.1346542363068
8690,365.40333333333336,448.7,390.08666666666664,449.0688195901345
8700,365.488,446.714,390.0,447.00298494396225
8710,365.5726666666667,444.728,389.91333333333336,444.9371502977899
8720,365.6573333333333,442.74199999999996,389.82666666666665,442.87131565161764
8730,365.742,440.756,389.74,440.8054810054453
8740,365.82666666666665,438.77,389.65333333333336,438.739646359273
8750,365.91133333333335,436.784,389.56666666666666,436.67381171310075
8760,365.996,434.798,389.48,434.6079770669284
8770,366.0806666666667,432.81199999999995,389.3933333333334,432.54214242075614
8780,366.1653333333333,430.82599999999996,389.3066666666667,430.4763077745838
8790,366.25,428.84,389.22,428.4104731284115
8800,366.3333333333333,427.8053333333333,389.0926666666667,427.3929170116314
8810,366.4166666666667,426.77066666666667,388.9653333333334,426.3753608948513
8820,366.5,425.736,388.838,425.3578047780712
8830,366.5833333333333,424.7013333333333,388.71066666666667,424.3402486612911
8840,366.6666666666667,423.66666666666663,388.58333333333337,423.322692544511
8850,366.75,422.632,388.456,422.30513642773093
8860,366.8333333333333,421.5973333333333,388.32866666666666,421.28758031095083
8870,366.9166666666667,420.56266666666664,388.20133333333337,420.2700241941708
8880,367.0,419.52799999999996,388.074,419.2524680773907
8890,367.0833333333333,418.49333333333334,387.94666666666666,418.2349119606106
8900,367.1666666666667,417.45866666666666,387.81933333333336,417.2173558438305
8910,367.25,416.424,387.692,416.1997997270504
8920,367.3333333333333,415.3893333333333,387.56466666666665,415.1822436102703
8930,367.4166666666667,414.3546666666667,387.43733333333336,414.1646874934902
8940,367.5,413.32,387.31,413.1471313767101
8950,367.5806666666667,412.62,387.21733333333333,412.43093462021096
8960,367.66133333333335,411.92,387.12466666666666,411.7147378637118
8970,367.742,411.21999999999997,387.032,410.99854110721265
8980,367.82266666666663,410.52,386.93933333333337,410.28234435071346
8990,367.9033333333333,409.82,386.8466666666667,409.5661475942143
9000,367.984,409.12,386.754,408.84995083771514
9010,368.06466666666665,408.42,386.66133333333335,408.133754081216
9020,368.1453333333333,407.71999999999997,386.5686666666667,407.4175573247168
9030,368.226,407.02,386.476,406.7013605682177
9040,368.3066666666667,406.32,386.3833333333333,405.9851638117185
9050,368.38733333333334,405.62,386.29066666666665,405.2689670552194
9060,368.46799999999996,404.92,386.19800000000004,404.5527702987202
9070,368.54866666666663,404.21999999999997,386.10533333333336,403.83657354222106
9080,368.6293333333333,403.52,386.0126666666667,403.1203767857219
9090,368.71,402.82,385.92,402.40418002922274
9100,368.78799999999995,401.674,385.776,401.2424234638933
9110,368.866,400.528,385.632,400.08066689856383
9120,368.94399999999996,399.382,385.488,398.9189103332344
9130,369.022,398.236,385.344,397.7571537679049
9140,369.09999999999997,397.09,385.2,396.5953972025755
9150,369.178,395.944,385.056,395.43364063724607
9160,369.256,394.798,384.912,394.2718840719166
9170,369.334,393.652,384.76800000000003,393.11012750658716
9180,369.412,392.506,384.624,391.9483709412577
9190,369.49,391.36,384.48,390.78661437592825
9200,369.568,390.214,384.336,389.6248578105988
9210,369.646,389.068,384.192,388.46310124526934
9220,369.724,387.92199999999997,384.048,387.3013446799399
9230,369.802,386.776,383.904,386.13958811461043
9240,369.88,385.63,383.76,384.977831549281
9250,369.95533333333333,384.80266666666665,383.61133333333333,384.1495704546208
9260,370.03066666666666,383.9753333333333,383.4626666666667,383.3213093599606
9270,370.106,383.148,383.31399999999996,382.4930482653004
9280,370.1813333333333,382.3206666666667,383.1653333333333,381.66478717064024
9290,370.25666666666666,381.49333333333334,383.01666666666665,380.83652607598003
9300,370.332,380.666,382.868,380.0082649813198
9310,370.4073333333333,379.83866666666665,382.71933333333334,379.1800038866596
9320,370.48266666666666,379.01133333333337,382.5706666666666,378.3517427919994
9330,370.558,378.184,382.42199999999997,377.5234816973392
9340,370.6333333333333,377.3566666666667,382.2733333333333,376.695220602679
9350,370.70866666666666,376.52933333333334,382.12466666666666,375.8669595080188
9360,370.784,375.702,381.976,375.03869841335865
9370,370.8593333333333,374.8746666666667,381.8273333333333,374.21043731869844
9380,370.93466666666666,374.04733333333337,381.67866666666663,373.38217622403823
9390,371.01,373.22,381.53,372.553915129378
9400,371.0806666666667,372.3813333333334,381.37266666666665,371.7067985494635
9410,371.1513333333333,371.54266666666666,381.2153333333333,370.85968196954894
9420,371.222,370.704,381.058,370.0125653896344
9430,371.29266666666666,369.86533333333335,380.90066666666667,369.1654488097199
9440,371.36333333333334,369.0266666666667,380.74333333333334,368.3183322298054
9450,371.43399999999997,368.188,380.586,367.47121564989084
9460,371.50466666666665,367.34933333333333,380.4286666666667,366.6240990699763
9470,371.57533333333333,366.5106666666667,380.2713333333333,365.77698249006176
9480,371.646,365.672,380.114,364.9298659101472
9490,371.71666666666664,364.8333333333333,379.95666666666665,364.0827493302327
9500,371.7873333333333,363.99466666666666,379.7993333333333,363.23563275031813
9510,371.858,363.156,379.642,362.38851617040365
9520,371.9286666666667,362.31733333333335,379.48466666666667,361.5413995904891
9530,371.9993333333333,361.47866666666664,379.32733333333334,360.69428301057457
9540,372.07,360.64,379.17,359.84716643066
9550,372.13466666666665,359.8066666666667,379.0006666666667,359.00776962103845
9560,372.19933333333336,358.9733333333333,378.83133333333336,358.1683728114168
9570,372.264,358.14,378.66200000000003,357.32897600179524
9580,372.32866666666666,357.3066666666667,378.49266666666665,356.4895791921736
9590,372.3933333333333,356.4733333333333,378.3233333333333,355.65018238255203
9600,372.458,355.64,378.154,354.8107855729304
9610,372.5226666666667,354.8066666666667,377.98466666666667,353.9713887633088
9620,372.58733333333333,353.9733333333333,377.81533333333334,353.1319919536872
9630,372.652,353.14,377.646,352.2925951440656
9640,372.7166666666667,352.3066666666667,377.4766666666667,351.453198334444
9650,372.78133333333335,351.4733333333333,377.30733333333336,350.6138015248224
9660,372.846,350.64,377.138,349.7744047152008
9670,372.91066666666666,349.8066666666667,376.96866666666665,348.9350079055792
9680,372.97533333333337,348.9733333333333,376.7993333333333,348.09561109595757
9690,373.04,348.14,376.63,347.256214286336
9700,373.0966666666667,347.3413333333333,376.45466666666664,346.45111250255457
9710,373.15333333333336,346.54266666666666,376.27933333333334,345.6460107187732
9720,373.21000000000004,345.74399999999997,376.104,344.8409089349918
9730,373.26666666666665,344.94533333333334,375.9286666666667,344.0358071512104
9740,373.3233333333333,344.14666666666665,375.75333333333333,343.230705367429
9750,373.38,343.348,375.578,342.4256035836476
9760,373.43666666666667,342.5493333333333,375.4026666666667,341.6205017998662
9770,373.49333333333334,341.7506666666667,375.2273333333333,340.8154000160848
9780,373.55,340.952,375.052,340.0102982323034
9790,373.6066666666667,340.15333333333336,374.87666666666667,339.20519644852203
9800,373.66333333333336,339.3546666666667,374.7013333333333,338.4000946647406
9810,373.71999999999997,338.55600000000004,374.526,337.59499288095924
9820,373.77666666666664,337.75733333333335,374.35066666666665,336.7898910971778
9830,373.8333333333333,336.9586666666667,374.17533333333336,335.98478931339645
9840,373.89,336.16,374.0,335.179687529615
9850,373.938,335.3506666666667,373.81466666666665,334.3633998321538
9860,373.986,334.54133333333334,373.62933333333336,333.5471121346925
9870,374.034,333.732,373.444,332.73082443723126
9880,374.082,332.92266666666666,373.25866666666667,331.91453673977
9890,374.13,332.11333333333334,373.0733333333333,331.0982490423088
9900,374.178,331.30400000000003,372.88800000000003,330.2819613448475
9910,374.226,330.49466666666666,372.7026666666667,329.46567364738627
9920,374.274,329.68533333333335,372.51733333333334,328.64938594992503
9930,374.322,328.876,372.332,327.8330982524638
9940,374.37,328.06666666666666,372.1466666666667,327.0168105550025
9950,374.418,327.25733333333335,371.96133333333336,326.2005228575413
9960,374.466,326.448,371.776,325.38423516008004
9970,374.514,325.63866666666667,371.59066666666666,324.5679474626188
9980,374.562,324.8293333333333,371.4053333333334,323.7516597651575
9990,374.61,324.02,371.22,322.9353720676963
10000,374.648,323.2126666666667,371.02000000000004,322.1198529155075
10010,374.68600000000004,322.4053333333333,370.82000000000005,321.30433376331877
10020,374.724,321.598,370.62,320.48881461113
10030,374.762,320.79066666666665,370.42,319.67329545894125
10040,374.8,319.98333333333335,370.22,318.8577763067525
10050,374.838,319.176,370.02000000000004,318.04225715456374
10060,374.87600000000003,318.3686666666667,369.82000000000005,317.226738002375
10070,374.914,317.5613333333333,369.62,316.4112188501863
10080,374.952,316.754,369.42,315.59569969799753
10090,374.99,315.94666666666666,369.22,314.7801805458088
10100,375.028,315.13933333333335,369.02000000000004,313.96466139362
10110,375.06600000000003,314.332,368.82000000000005,313.14914224143126
10120,375.104,313.5246666666667,368.62,312.3336230892425
10130,375.142,312.71733333333333,368.42,311.51810393705375
10140,375.18,311.91,368.22,310.702584784865
10150,375.208,311.37800000000004,368.02733333333333,310.1854282166234
10160,375.236,310.846,367.8346666666667,309.6682716483818
10170,375.264,310.314,367.642,309.15111508014013
10180,375.29200000000003,309.78200000000004,367.44933333333336,308.6339585118985
10190,375.32,309.25,367.25666666666666,308.1168019436569
10200,375.348,308.718,367.064,307.5996453754153
10210,375.37600000000003,308.18600000000004,366.8713333333333,307.0824888071737
10220,375.404,307.654,366.6786666666667,306.56533223893206
10230,375.432,307.122,366.486,306.04817567069045
10240,375.46000000000004,306.59000000000003,366.29333333333335,305.53101910244885
10250,375.488,306.058,366.10066666666665,305.01386253420725
10260,375.516,305.526,365.908,304.49670596596565
10270,375.54400000000004,304.994,365.7153333333333,303.979549397724
10280,375.572,304.462,365.5226666666667,303.4623928294824
10290,375.6,303.93,365.33,302.9452362612408
10300,375.618,303.99733333333336,365.204,303.02403631562095
10310,375.636,304.06466666666665,365.078,303.10283637000106
10320,375.654,304.132,364.952,303.1816364243812
10330,375.672,304.19933333333336,364.82599999999996,303.2604364787614
10340,375.69,304.26666666666665,364.7,303.3392365331415
10350,375.708,304.334,364.574,303.41803658752167
10360,375.726,304.40133333333335,364.448,303.49683664190184
10370,375.744,304.46866666666665,364.322,303.57563669628195
10380,375.762,304.536,364.19599999999997,303.6544367506621
10390,375.78000000000003,304.60333333333335,364.07,303.7332368050423
10400,375.798,304.67066666666665,363.944,303.8120368594224
10410,375.81600000000003,304.738,363.818,303.89083691380256
10420,375.834,304.80533333333335,363.692,303.9696369681827
10430,375.85200000000003,304.87266666666665,363.566,304.04843702256284
10440,375.87,304.94,363.44,304.127237076943
10450,375.87666666666667,304.936,363.33666666666664,304.12655407254096
10460,375.8833333333333,304.932,363.23333333333335,304.1258710681389
10470,375.89,304.928,363.13,304.12518806373686
10480,375.8966666666667,304.924,363.02666666666664,304.1245050593348
10490,375.90333333333336,304.92,362.92333333333335,304.12382205493276
10500,375.91,304.916,362.82,304.1231390505307
10510,375.9166666666667,304.912,362.71666666666664,304.12245604612866
10520,375.92333333333335,304.908,362.61333333333334,304.1217730417266
10530,375.93,304.904,362.51,304.12109003732456
10540,375.93666666666667,304.9,362.40666666666664,304.1204070329225
10550,375.9433333333333,304.896,362.30333333333334,304.11972402852047
10560,375.95000000000005,304.892,362.2,304.1190410241184
10570,375.9566666666667,304.888,362.09666666666664,304.11835801971637
10580,375.96333333333337,304.884,361.99333333333334,304.1176750153143
10590,375.97,304.88,361.89,304.11699201091227
10600,375.9653333333334,304.836,361.796,304.0739225438981
10610,375.96066666666667,304.792,361.702,304.0308530768839
10620,375.956,304.748,361.608,303.9877836098697
10630,375.95133333333337,304.704,361.514,303.9447141428555
10640,375.94666666666666,304.66,361.42,303.90164467584134
10650,375.942,304.616,361.326,303.8585752088272
10660,375.93733333333336,304.572,361.232,303.81550574181296
10670,375.93266666666665,304.528,361.138,303.7724362747988
10680,375.928,304.48400000000004,361.044,303.7293668077846
10690,375.92333333333335,304.44,360.95,303.6862973407704
10700,375.91866666666664,304.396,360.856,303.64322787375625
10710,375.914,304.35200000000003,360.762,303.600158406742
10720,375.90933333333334,304.30800000000005,360.668,303.55708893972786
10730,375.9046666666666,304.264,360.574,303.51401947271364
10740,375.9,304.22,360.48,303.4709500056995
10750,375.88533333333334,304.1806666666667,360.3926666666667,303.43536188974775
10760,375.87066666666664,304.14133333333336,360.30533333333335,303.3997737737961
10770,375.856,304.10200000000003,360.218,303.36418565784436
10780,375.8413333333333,304.0626666666667,360.1306666666667,303.3285975418927
10790,375.82666666666665,304.02333333333337,360.04333333333335,303.29300942594097
10800,375.812,303.98400000000004,359.956,303.2574213099893
10810,375.7973333333333,303.9446666666667,359.8686666666667,303.2218331940376
10820,375.78266666666667,303.9053333333333,359.78133333333335,303.1862450780859
10830,375.768,303.866,359.694,303.1506569621342
10840,375.75333333333333,303.82666666666665,359.6066666666667,303.1150688461825
10850,375.7386666666667,303.7873333333333,359.51933333333335,303.0794807302308
10860,375.724,303.748,359.432,303.0438926142791
10870,375.70933333333335,303.70866666666666,359.3446666666667,303.0083044983274
10880,375.69466666666665,303.6693333333333,359.25733333333335,302.9727163823757
10890,375.68,303.63,359.17,302.937128266424
10900,375.656,303.64866666666666,359.0953333333334,302.9588893152094
10910,375.632,303.6673333333333,359.02066666666667,302.9806503639948
10920,375.608,303.686,358.946,303.0024114127802
10930,375.584,303.7046666666667,358.8713333333333,303.0241724615656
10940,375.56,303.72333333333336,358.7966666666667,303.045933510351
10950,375.536,303.742,358.72200000000004,303.0676945591364
10960,375.512,303.7606666666667,358.64733333333334,303.0894556079218
10970,375.488,303.77933333333334,358.5726666666667,303.1112166567072
10980,375.464,303.798,358.498,303.13297770549264
10990,375.44,303.81666666666666,358.42333333333335,303.154738754278
11000,375.416,303.8353333333333,358.3486666666667,303.1764998030634
11010,375.392,303.85400000000004,358.274,303.19826085184883
11020,375.368,303.8726666666667,358.19933333333336,303.2200219006342
11030,375.344,303.89133333333336,358.12466666666666,303.24178294941964
11040,375.32,303.91,358.05,303.263543998205
11050,375.2873333333333,304.3106666666667,358.014,303.68076636173066
11060,375.25466666666665,304.71133333333336,357.978,304.0979887252563
11070,375.222,305.112,357.942,304.515211088782
11080,375.1893333333333,305.5126666666667,357.906,304.93243345230763
11090,375.15666666666664,305.91333333333336,357.87,305.3496558158333
11100,375.12399999999997,306.314,357.834,305.7668781793589
11110,375.0913333333333,306.7146666666667,357.798,306.18410054288455
11120,375.0586666666667,307.11533333333335,357.762,306.60132290641025
11130,375.026,307.516,357.726,307.0185452699359
11140,374.99333333333334,307.9166666666667,357.69,307.4357676334615
11150,374.96066666666667,308.31733333333335,357.654,307.85298999698716
11160,374.928,308.718,357.618,308.2702123605128
11170,374.8953333333333,309.1186666666667,357.582,308.6874347240385
11180,374.86266666666666,309.51933333333335,357.546,309.10465708756414
11190,374.83,309.92,357.51,309.5218794510898
11200,374.79133333333334,309.986,357.476,309.57875059394877
11210,374.75266666666664,310.052,357.442,309.6356217368078
11220,374.714,310.118,357.408,309.6924928796668
11230,374.6753333333333,310.184,357.37399999999997,309.7493640225258
11240,374.63666666666666,310.25,357.34,309.80623516538486
11250,374.598,310.31600000000003,357.306,309.86310630824386
11260,374.5593333333333,310.382,357.272,309.91997745110285
11270,374.52066666666667,310.44800000000004,357.238,309.9768485939619
11280,374.48199999999997,310.514,357.204,310.0337197368209
11290,374.4433333333333,310.58000000000004,357.17,310.0905908796799
11300,374.4046666666667,310.646,357.136,310.14746202253895
11310,374.366,310.71200000000005,357.102,310.20433316539794
11320,374.32733333333334,310.778,357.068,310.26120430825694
11330,374.28866666666664,310.84400000000005,357.034,310.318075451116
11340,374.25,310.91,357.0,310.374946593975
11350,374.20533333333333,310.798,356.944,310.2607884712608
11360,374.16066666666666,310.68600000000004,356.888,310.1466303485466
11370,374.116,310.574,356.832,310.0324722258324
11380,374.0713333333333,310.46200000000005,356.776,309.9183141031182
11390,374.02666666666664,310.35,356.72,309.804155980404
11400,373.98199999999997,310.238,356.664,309.6899978576898
11410,373.9373333333333,310.12600000000003,356.608,309.5758397349756
11420,373.8926666666667,310.014,356.552,309.4616816122614
11430,373.848,309.90200000000004,356.49600000000004,309.3475234895472
11440,373.80333333333334,309.79,356.44,309.23336536683297
11450,373.75866666666667,309.678,356.384,309.1192072441188
11460,373.714,309.56600000000003,356.32800000000003,309.00504912140457
11470,373.6693333333333,309.454,356.27200000000005,308.8908909986904
11480,373.62466666666666,309.34200000000004,356.216,308.77673287597617
11490,373.58,309.23,356.16,308.662574753262
11500,373.532,309.1346666666667,356.1,308.566709320068
11510,373.484,309.03933333333333,356.04,308.470843886874
11520,373.436,308.944,355.98,308.37497845368
11530,373.388,308.8486666666667,355.92,308.27911302048597
11540,373.34,308.75333333333333,355.86,308.183247587292
11550,373.292,308.658,355.8,308.087382154098
11560,373.24399999999997,308.5626666666667,355.74,307.991516720904
11570,373.196,308.46733333333333,355.68,307.89565128771
11580,373.148,308.372,355.62,307.79978585451596
11590,373.1,308.2766666666667,355.56,307.703920421322
11600,373.052,308.1813333333333,355.5,307.608054988128
11610,373.004,308.086,355.44,307.51218955493397
11620,372.956,307.9906666666667,355.38,307.41632412174
11630,372.908,307.8953333333333,355.32,307.32045868854595
11640,372.86,307.8,355.26,307.224593255352
11650,372.8086666666667,307.56466666666665,355.186,306.98324547662685
11660,372.75733333333335,307.32933333333335,355.11199999999997,306.74189769790166
11670,372.706,307.094,355.038,306.50054991917654
11680,372.6546666666667,306.8586666666667,354.964,306.2592021404514
11690,372.60333333333335,306.62333333333333,354.89,306.0178543617263
11700,372.552,306.388,354.816,305.7765065830011
11710,372.5006666666667,306.1526666666667,354.74199999999996,305.53515880427597
11720,372.4493333333333,305.9173333333333,354.668,305.29381102555084
11730,372.39799999999997,305.682,354.594,305.0524632468257
11740,372.34666666666664,305.44666666666666,354.52,304.8111154681005
11750,372.2953333333333,305.2113333333333,354.44599999999997,304.5697676893754
11760,372.24399999999997,304.976,354.37199999999996,304.32841991065027
11770,372.19266666666664,304.74066666666664,354.298,304.08707213192514
11780,372.1413333333333,304.50533333333334,354.224,303.84572435319996
11790,372.09,304.27,354.15,303.6043765744748
11800,372.0373333333333,304.19599999999997,354.0793333333333,303.5358860906355
11810,371.98466666666667,304.122,354.00866666666667,303.4673956067961
11820,371.93199999999996,304.048,353.938,303.39890512295676
11830,371.8793333333333,303.974,353.8673333333333,303.3304146391174
11840,371.82666666666665,303.9,353.7966666666666,303.26192415527805
11850,371.774,303.826,353.726,303.1934336714387
11860,371.72133333333335,303.752,353.6553333333333,303.12494318759934
11870,371.66866666666664,303.678,353.58466666666664,303.05645270376
11880,371.616,303.604,353.51399999999995,302.98796221992063
11890,371.56333333333333,303.53000000000003,353.4433333333333,302.9194717360813
11900,371.5106666666667,303.456,353.37266666666665,302.8509812522419
11910,371.458,303.382,353.30199999999996,302.78249076840257
11920,371.4053333333333,303.308,353.2313333333333,302.7140002845632
11930,371.35266666666666,303.23400000000004,353.16066666666666,302.64550980072386
11940,371.3,303.16,353.09,302.5770193168845
11950,371.24600000000004,303.1433333333334,353.0313333333333,302.55979655182927
11960,371.192,303.12666666666667,352.97266666666667,302.5425737867741
11970,371.13800000000003,303.11,352.914,302.52535102171885
11980,371.084,303.09333333333336,352.8553333333333,302.5081282566636
11990,371.03000000000003,303.0766666666667,352.7966666666666,302.49090549160843
12000,370.976,303.06,352.738,302.4736827265532
12010,370.922,303.04333333333335,352.6793333333333,302.45645996149796
12020,370.868,303.0266666666667,352.62066666666664,302.4392371964428
12030,370.814,303.01000000000005,352.56199999999995,302.42201443138754
12040,370.76,302.99333333333334,352.50333333333333,302.4047916663323
12050,370.706,302.9766666666667,352.44466666666665,302.3875689012771
12060,370.652,302.96000000000004,352.38599999999997,302.3703461362219
12070,370.598,302.9433333333334,352.3273333333333,302.35312337116665
12080,370.544,302.9266666666667,352.26866666666666,302.33590060611147
12090,370.49,302.91,352.21,302.3186778410562
12100,370.43533333333335,302.8233333333334,352.14666666666665,302.23113321868345
12110,370.3806666666667,302.7366666666667,352.0833333333333,302.14358859631074
12120,370.326,302.65000000000003,352.02,302.05604397393796
12130,370.27133333333336,302.56333333333333,351.95666666666665,301.96849935156524
12140,370.2166666666667,302.4766666666667,351.8933333333333,301.88095472919247
12150,370.16200000000003,302.39000000000004,351.83,301.79341010681975
12160,370.1073333333334,302.30333333333334,351.76666666666665,301.705865484447
12170,370.05266666666665,302.2166666666667,351.7033333333333,301.61832086207426
12180,369.998,302.13,351.64,301.5307762397015
12190,369.9433333333333,302.04333333333335,351.57666666666665,301.44323161732876
12200,369.88866666666667,301.9566666666667,351.5133333333333,301.355686994956
12210,369.834,301.87,351.45,301.26814237258327
12220,369.77933333333334,301.78333333333336,351.38666666666666,301.1805977502105
12230,369.7246666666667,301.69666666666666,351.3233333333333,301.0930531278378
12240,369.67,301.61,351.26,301.005508505465
12250,369.61466666666666,302.13,351.246,301.54920334719844
12260,369.55933333333337,302.65000000000003,351.23199999999997,302.0928981889319
12270,369.504,303.17,351.218,302.6365930306653
12280,369.44866666666667,303.69,351.204,303.1802878723988
12290,369.3933333333333,304.21000000000004,351.19,303.72398271413226
12300,369.338,304.73,351.176,304.2676775558657
12310,369.28266666666667,305.25,351.162,304.81137239759914
12320,369.2273333333333,305.77000000000004,351.148,305.3550672393326
12330,369.17199999999997,306.29,351.134,305.898762081066
12340,369.1166666666667,306.81,351.12,306.44245692279947
12350,369.0613333333333,307.33000000000004,351.106,306.9861517645329
12360,369.006,307.85,351.092,307.5298466062664
12370,368.9506666666666,308.37,351.07800000000003,308.07354144799984
12380,368.8953333333333,308.89000000000004,351.064,308.6172362897333
12390,368.84,309.41,351.05,309.1609311314667
12400,368.784,309.5133333333334,351.038,309.2524258283754
12410,368.72799999999995,309.6166666666667,351.026,309.3439205252841
12420,368.67199999999997,309.72,351.014,309.4354152221928
12430,368.616,309.8233333333333,351.002,309.52690991910146
12440,368.56,309.9266666666667,350.99,309.61840461601014
12450,368.50399999999996,310.03000000000003,350.978,309.7098993129188
12460,368.448,310.1333333333333,350.966,309.8013940098275
12470,368.392,310.2366666666667,350.954,309.8928887067362
12480,368.336,310.34,350.942,309.98438340364487
12490,368.28,310.4433333333333,350.93,310.07587810055355
12500,368.224,310.5466666666667,350.918,310.16737279746224
12510,368.168,310.65,350.906,310.2588674943709
12520,368.112,310.75333333333333,350.894,310.3503621912796
12530,368.056,310.8566666666666,350.882,310.4418568881883
12540,368.0,310.96,350.87,310.53335158509697
12550,367.9433333333333,310.8413333333333,350.82800000000003,310.4113473137237
12560,367.88666666666666,310.72266666666667,350.786,310.2893430423505
12570,367.83,310.604,350.744,310.1673387709772
12580,367.7733333333333,310.4853333333333,350.702,310.045334499604
12590,367.71666666666664,310.3666666666667,350.66,309.9233302282307
12600,367.65999999999997,310.248,350.618,309.80132595685745
12610,367.6033333333333,310.1293333333333,350.576,309.67932168548424
12620,367.5466666666667,310.0106666666667,350.534,309.55731741411097
12630,367.49,309.892,350.492,309.43531314273775
12640,367.43333333333334,309.7733333333333,350.45,309.3133088713645
12650,367.37666666666667,309.6546666666667,350.408,309.1913045999912
12660,367.32,309.536,350.366,309.069300328618
12670,367.2633333333333,309.4173333333333,350.324,308.9472960572447
12680,367.20666666666665,309.2986666666667,350.282,308.8252917858715
12690,367.15,309.18,350.24,308.70328751449824
12700,367.0933333333333,309.084,350.1926666666667,308.6064854513859
12710,367.03666666666663,308.988,350.1453333333333,308.5096833882736
12720,366.97999999999996,308.892,350.098,308.4128813251612
12730,366.92333333333335,308.796,350.05066666666664,308.31607926204885
12740,366.8666666666667,308.7,350.00333333333333,308.2192771989365
12750,366.81,308.604,349.956,308.1224751358242
12760,366.75333333333333,308.508,349.90866666666665,308.0256730727118
12770,366.69666666666666,308.41200000000003,349.86133333333333,307.92887100959945
12780,366.64,308.31600000000003,349.81399999999996,307.8320689464871
12790,366.5833333333333,308.22,349.76666666666665,307.7352668833748
12800,366.52666666666664,308.124,349.71933333333334,307.6384648202624
12810,366.47,308.028,349.67199999999997,307.54166275715005
12820,366.41333333333336,307.932,349.62466666666666,307.4448606940377
12830,366.3566666666667,307.836,349.5773333333333,307.3480586309254
12840,366.3,307.74,349.53,307.251256567813
12850,366.244,307.5846666666667,349.4733333333333,307.09242258288117
12860,366.188,307.4293333333333,349.41666666666663,306.9335885979493
12870,366.132,307.274,349.35999999999996,306.7747546130175
12880,366.076,307.1186666666667,349.30333333333334,306.61592062808563
12890,366.02,306.96333333333337,349.24666666666667,306.4570866431538
12900,365.964,306.808,349.19,306.29825265822194
12910,365.908,306.6526666666667,349.1333333333333,306.1394186732901
12920,365.852,306.49733333333336,349.07666666666665,305.9805846883582
12930,365.796,306.34200000000004,349.02,305.82175070342635
12940,365.74,306.18666666666667,348.9633333333333,305.6629167184945
12950,365.68399999999997,306.03133333333335,348.90666666666664,305.50408273356265
12960,365.628,305.87600000000003,348.85,305.3452487486308
12970,365.572,305.7206666666667,348.79333333333335,305.18641476369896
12980,365.51599999999996,305.56533333333334,348.7366666666667,305.0275807787671
12990,365.46,305.41,348.68,304.86874679383527
13000,365.404,305.29333333333335,348.6213333333333,304.75200444714307
13010,365.34799999999996,305.1766666666667,348.5626666666667,304.6352621004508
13020,365.292,305.06,348.504,304.5185197537586
13030,365.236,304.9433333333334,348.44533333333334,304.4017774070664
13040,365.18,304.8266666666667,348.38666666666666,304.2850350603742
13050,365.12399999999997,304.71000000000004,348.32800000000003,304.1682927136819
13060,365.068,304.59333333333336,348.26933333333335,304.0515503669897
13070,365.012,304.4766666666667,348.21066666666667,303.9348080202975
13080,364.956,304.36,348.152,303.8180656736053
13090,364.9,304.24333333333334,348.09333333333336,303.70132332691304
13100,364.844,304.12666666666667,348.0346666666667,303.58458098022084
13110,364.788,304.01000000000005,347.976,303.46783863352863
13120,364.732,303.8933333333334,347.9173333333333,303.3510962868364
13130,364.676,303.7766666666667,347.8586666666667,303.23435394014416
13140,364.62,303.66,347.8,303.11761159345195
13150,364.56466666666665,303.68600000000004,347.748,303.15267754261885
13160,364.50933333333336,303.71200000000005,347.696,303.1877434917858
13170,364.454,303.738,347.644,303.2228094409527
13180,364.39866666666666,303.764,347.592,303.25787539011964
13190,364.34333333333336,303.79,347.54,303.29294133928653
13200,364.288,303.81600000000003,347.488,303.3280072884535
13210,364.23266666666666,303.84200000000004,347.436,303.36307323762037
13220,364.17733333333337,303.868,347.384,303.3981391867873
13230,364.122,303.894,347.332,303.4332051359542
13240,364.06666666666666,303.92,347.28,303.46827108512116
13250,364.01133333333337,303.946,347.228,303.50333703428805
13260,363.956,303.97200000000004,347.176,303.538402983455
13270,363.90066666666667,303.998,347.12399999999997,303.5734689326219
13280,363.8453333333334,304.024,347.072,303.60853488178884
13290,363.79,304.05,347.02,303.64360083095573
13300,363.73600000000005,304.33933333333334,347.00066666666663,303.9401917336013
13310,363.682,304.6286666666667,346.98133333333334,304.23678263624686
13320,363.62800000000004,304.918,346.962,304.53337353889236
13330,363.574,305.20733333333334,346.94266666666664,304.8299644415379
13340,363.52000000000004,305.49666666666667,346.92333333333335,305.1265553441835
13350,363.466,305.786,346.904,305.42314624682905
13360,363.41200000000003,306.07533333333333,346.88466666666665,305.7197371494746
13370,363.358,306.36466666666666,346.86533333333335,306.0163280521201
13380,363.30400000000003,306.654,346.846,306.3129189547657
13390,363.25,306.9433333333333,346.82666666666665,306.60950985741124
13400,363.196,307.23266666666666,346.80733333333336,306.9061007600568
13410,363.142,307.522,346.788,307.20269166270236
13420,363.088,307.8113333333333,346.76866666666666,307.49928256534787
13430,363.034,308.10066666666665,346.74933333333337,307.79587346799343
13440,362.98,308.39,346.73,308.092464370639
13450,362.9266666666667,308.62466666666666,346.72133333333335,308.3299987298262
13460,362.87333333333333,308.8593333333333,346.7126666666667,308.5675330890133
13470,362.82,309.094,346.704,308.8050674482005
13480,362.7666666666667,309.32866666666666,346.69533333333334,309.0426018073876
13490,362.71333333333337,309.56333333333333,346.68666666666667,309.2801361665748
13500,362.66,309.798,346.678,309.5176705257619
13510,362.6066666666667,310.03266666666667,346.6693333333333,309.7552048849491
13520,362.55333333333334,310.26733333333334,346.6606666666667,309.9927392441362
13530,362.5,310.502,346.65200000000004,310.2302736033234
13540,362.44666666666666,310.7366666666667,346.6433333333334,310.4678079625105
13550,362.3933333333333,310.97133333333335,346.6346666666667,310.7053423216977
13560,362.34000000000003,311.206,346.62600000000003,310.9428766808848
13570,362.2866666666667,311.4406666666667,346.61733333333336,311.180411040072
13580,362.23333333333335,311.67533333333336,346.6086666666667,311.4179453992591
13590,362.18,311.91,346.6,311.6554797584463
13600,362.12666666666667,311.656,346.564,311.3804067030206
13610,362.0733333333333,311.40200000000004,346.528,311.10533364759493
13620,362.02,311.148,346.492,310.8302605921692
13630,361.9666666666667,310.894,346.456,310.5551875367436
13640,361.91333333333336,310.64000000000004,346.42,310.28011448131787
13650,361.86,310.386,346.384,310.00504142589216
13660,361.8066666666667,310.132,346.348,309.7299683704665
13670,361.75333333333333,309.87800000000004,346.312,309.4548953150408
13680,361.7,309.624,346.276,309.17982225961515
13690,361.64666666666665,309.37,346.24,308.90474920418944
13700,361.5933333333333,309.11600000000004,346.204,308.62967614876374
13710,361.54,308.862,346.168,308.3546030933381
13720,361.4866666666667,308.608,346.132,308.0795300379124
13730,361.43333333333334,308.35400000000004,346.096,307.8044569824867
13740,361.38,308.1,346.06,307.529383927061
13750,361.32733333333334,307.7606666666667,345.984,307.1940608012012
13760,361.27466666666663,307.42133333333334,345.908,306.85873767534144
13770,361.222,307.082,345.832,306.52341454948163
13780,361.1693333333333,306.7426666666667,345.75600000000003,306.1880914236218
13790,361.1166666666667,306.40333333333336,345.68,305.852768297762
13800,361.06399999999996,306.064,345.604,305.51744517190224
13810,361.0113333333333,305.7246666666667,345.528,305.1821220460424
13820,360.95866666666666,305.38533333333334,345.452,304.8467989201826
13830,360.906,305.046,345.37600000000003,304.5114757943228
13840,360.8533333333333,304.70666666666665,345.3,304.17615266846303
13850,360.80066666666664,304.3673333333333,345.224,303.8408295426032
13860,360.748,304.028,345.148,303.5055064167434
13870,360.69533333333334,303.6886666666667,345.072,303.1701832908836
13880,360.6426666666666,303.34933333333333,344.99600000000004,302.8348601650238
13890,360.59,303.01,344.92,302.499537039164
13900,360.53799999999995,303.06266666666664,344.872,302.5563211870488
13910,360.486,303.11533333333335,344.824,302.6131053349336
13920,360.43399999999997,303.168,344.776,302.6698894828184
13930,360.382,303.22066666666666,344.728,302.7266736307032
13940,360.33,303.2733333333333,344.68,302.783457778588
13950,360.27799999999996,303.326,344.632,302.8402419264728
13960,360.226,303.3786666666667,344.584,302.8970260743576
13970,360.174,303.4313333333333,344.536,302.9538102222424
13980,360.122,303.484,344.488,303.0105943701272
13990,360.07,303.5366666666667,344.44,303.067378518012
14000,360.018,303.58933333333334,344.392,303.1241626658968
14010,359.966,303.642,344.344,303.1809468137816
14020,359.914,303.69466666666665,344.296,303.2377309616664
14030,359.862,303.74733333333336,344.248,303.2945151095512
14040,359.81,303.8,344.2,303.351299257436
14050,359.75933333333336,303.88666666666666,344.164,303.4416538516757
14060,359.70866666666666,303.97333333333336,344.128,303.5320084459155
14070,359.658,304.06,344.092,303.6223630401552
14080,359.6073333333333,304.1466666666667,344.056,303.712717634395
14090,359.5566666666667,304.23333333333335,344.02,303.80307222863473
14100,359.50600000000003,304.32,343.984,303.89342682287446
14110,359.45533333333333,304.4066666666667,343.948,303.98378141711424
14120,359.4046666666667,304.49333333333334,343.91200000000003,304.07413601135397
14130,359.354,304.58000000000004,343.87600000000003,304.16449060559376
14140,359.30333333333334,304.6666666666667,343.84000000000003,304.2548451998335
14150,359.2526666666667,304.75333333333333,343.80400000000003,304.3451997940732
14160,359.202,304.84000000000003,343.76800000000003,304.435554388313
14170,359.15133333333335,304.9266666666667,343.732,304.5259089825527
14180,359.10066666666665,305.0133333333334,343.696,304.6162635767925
14190,359.05,305.1,343.66,304.70661817103223
14200,358.99933333333337,304.99800000000005,343.6166666666667,304.59685439785443
14210,358.94866666666667,304.896,343.5733333333334,304.4870906246767
14220,358.898,304.79400000000004,343.53000000000003,304.3773268514989
14230,358.8473333333333,304.692,343.4866666666667,304.2675630783211
14240,358.7966666666667,304.59000000000003,343.4433333333333,304.1577993051433
14250,358.74600000000004,304.488,343.40000000000003,304.0480355319655
14260,358.69533333333334,304.386,343.3566666666667,303.9382717587877
14270,358.6446666666667,304.284,343.31333333333333,303.82850798561
14280,358.594,304.182,343.27,303.71874421243217
14290,358.54333333333335,304.08,343.2266666666667,303.60898043925437
14300,358.4926666666667,303.978,343.18333333333334,303.4992166660766
14310,358.442,303.876,343.14,303.3894528928988
14320,358.39133333333336,303.774,343.09666666666664,303.279689119721
14330,358.34066666666666,303.67199999999997,343.05333333333334,303.16992534654327
14340,358.29,303.57,343.01,303.06016157336546
14350,358.2406666666667,303.55133333333333,342.95933333333335,303.0524682165412
14360,358.1913333333334,303.53266666666667,342.90866666666665,303.04477485971694
14370,358.142,303.514,342.858,303.03708150289265
14380,358.0926666666667,303.49533333333335,342.8073333333333,303.0293881460684
14390,358.04333333333335,303.4766666666667,342.75666666666666,303.0216947892441
14400,357.994,303.458,342.706,303.0140014324199
14410,357.9446666666667,303.43933333333337,342.6553333333333,303.0063080755956
14420,357.8953333333333,303.42066666666665,342.6046666666667,302.99861471877136
14430,357.846,303.402,342.554,302.9909213619471
14440,357.7966666666667,303.3833333333333,342.50333333333333,302.98322800512284
14450,357.74733333333336,303.36466666666666,342.4526666666667,302.97553464829855
14460,357.69800000000004,303.346,342.402,302.9678412914743
14470,357.64866666666666,303.32733333333334,342.35133333333334,302.96014793465
14480,357.59933333333333,303.3086666666667,342.30066666666664,302.9524545778258
14490,357.55,303.29,342.25,302.9447612210015
14500,357.5006666666667,303.6766666666667,342.244,303.3413270643018
14510,357.45133333333337,304.06333333333333,342.238,303.7378929076021
14520,357.402,304.45,342.232,304.1344587509024
14530,357.35266666666666,304.8366666666667,342.226,304.5310245942027
14540,357.30333333333334,305.22333333333336,342.22,304.927590437503
14550,357.254,305.61,342.214,305.3241562808033
14560,357.2046666666667,305.99666666666667,342.208,305.7207221241036
14570,357.1553333333333,306.3833333333333,342.202,306.1172879674039
14580,357.106,306.77,342.196,306.5138538107042
14590,357.0566666666667,307.15666666666664,342.19,306.9104196540045
14600,357.00733333333335,307.5433333333333,342.184,307.3069854973048
14610,356.958,307.93,342.178,307.7035513406051
14620,356.90866666666665,308.31666666666666,342.172,308.1001171839054
14630,356.8593333333333,308.7033333333333,342.166,308.4966830272057
14640,356.81,309.09,342.16,308.893248870506
14650,356.7613333333333,308.92266666666666,342.12733333333335,308.7101388432332
14660,356.7126666666667,308.7553333333333,342.0946666666667,308.5270288159604
14670,356.664,308.58799999999997,342.062,308.3439187886876
14680,356.61533333333335,308.42066666666665,342.02933333333334,308.1608087614148
14690,356.56666666666666,308.25333333333333,341.99666666666667,307.977698734142
14700,356.518,308.08599999999996,341.964,307.7945887068692
14710,356.46933333333334,307.91866666666664,341.9313333333333,307.6114786795964
14720,356.42066666666665,307.7513333333333,341.8986666666667,307.42836865232357
14730,356.372,307.584,341.86600000000004,307.2452586250508
14740,356.3233333333333,307.41666666666663,341.83333333333337,307.062148597778
14750,356.27466666666663,307.2493333333333,341.8006666666667,306.8790385705052
14760,356.226,307.082,341.76800000000003,306.6959285432324
14770,356.1773333333333,306.9146666666667,341.73533333333336,306.51281851595957
14780,356.1286666666667,306.7473333333333,341.7026666666667,306.3297084886868
14790,356.08,306.58,341.67,306.146598461414
14800,356.0313333333333,306.756,341.646,306.3370887620921
14810,355.98266666666666,306.932,341.622,306.5275790627702
14820,355.93399999999997,307.108,341.598,306.7180693634483
14830,355.88533333333334,307.284,341.574,306.90855966412636
14840,355.83666666666664,307.46,341.55,307.09904996480446
14850,355.788,307.636,341.526,307.2895402654826
14860,355.7393333333333,307.812,341.502,307.4800305661607
14870,355.6906666666667,307.988,341.478,307.6705208668388
14880,355.642,308.164,341.454,307.8610111675169
14890,355.59333333333336,308.34000000000003,341.43,308.051501468195
14900,355.54466666666667,308.516,341.406,308.2419917688731
14910,355.49600000000004,308.692,341.382,308.43248206955116
14920,355.44733333333335,308.868,341.358,308.62297237022926
14930,355.3986666666667,309.04400000000004,341.334,308.81346267090737
14940,355.35,309.22,341.31,309.0039529715855
14950,355.302,309.3566666666667,341.306,309.12967218451735
14960,355.254,309.49333333333334,341.302,309.2553913974493
14970,355.206,309.63,341.298,309.38111061038114
14980,355.158,309.7666666666667,341.294,309.506829823313
14990,355.11,309.90333333333336,341.29,309.6325490362449
15000,355.062,310.04,341.286,309.7582682491768
15010,355.014,310.1766666666667,341.282,309.8839874621087
15020,354.966,310.31333333333333,341.278,310.00970667504055
15030,354.918,310.45,341.274,310.1354258879724
15040,354.87,310.58666666666664,341.27,310.26114510090434
15050,354.822,310.7233333333333,341.266,310.3868643138362
15060,354.774,310.86,341.262,310.5125835267681
15070,354.726,310.99666666666667,341.258,310.63830273969995
15080,354.678,311.1333333333333,341.254,310.7640219526319
15090,354.63,311.27,341.25,310.88974116556375
15100,354.5826666666667,310.902,341.19666666666666,310.5123178750523
15110,354.5353333333333,310.534,341.1433333333333,310.13489458454086
15120,354.488,310.166,341.09,309.7574712940294
15130,354.4406666666667,309.798,341.0366666666667,309.38004800351797
15140,354.3933333333333,309.43,340.98333333333335,309.0026247130065
15150,354.346,309.062,340.93,308.6252014224951
15160,354.2986666666667,308.694,340.87666666666667,308.24777813198364
15170,354.2513333333333,308.32599999999996,340.8233333333333,307.87035484147214
15180,354.204,307.95799999999997,340.77,307.4929315509607
15190,354.1566666666667,307.59,340.71666666666664,307.11550826044925
15200,354.1093333333333,307.222,340.6633333333333,306.7380849699378
15210,354.062,306.854,340.61,306.36066167942636
15220,354.0146666666667,306.486,340.5566666666667,305.9832383889149
15230,353.96733333333333,306.118,340.50333333333333,305.60581509840347
15240,353.92,305.75,340.45,305.228391807892
15250,353.87333333333333,305.878,340.4173333333333,305.3704089831772
15260,353.8266666666667,306.00600000000003,340.38466666666665,305.51242615846235
15270,353.78000000000003,306.134,340.352,305.65444333374745
15280,353.73333333333335,306.262,340.3193333333333,305.7964605090326
15290,353.68666666666667,306.39,340.28666666666663,305.9384776843178
15300,353.64000000000004,306.51800000000003,340.25399999999996,306.08049485960294
15310,353.59333333333336,306.646,340.2213333333333,306.2225120348881
15320,353.5466666666667,306.774,340.1886666666667,306.3645292101732
15330,353.5,306.902,340.156,306.50654638545836
15340,353.4533333333334,307.03000000000003,340.12333333333333,306.6485635607435
15350,353.4066666666667,307.158,340.09066666666666,306.7905807360287
15360,353.36,307.286,340.058,306.93259791131385
15370,353.31333333333333,307.414,340.0253333333333,307.07461508659895
15380,353.2666666666667,307.54200000000003,339.99266666666665,307.2166322618841
15390,353.22,307.67,339.96,307.3586494371693
15400,353.17400000000004,307.526,339.92133333333334,307.20392423418554
15410,353.12800000000004,307.382,339.88266666666664,307.0491990312018
15420,353.082,307.238,339.844,306.894473828218
15430,353.036,307.094,339.8053333333333,306.73974862523426
15440,352.99,306.95,339.76666666666665,306.5850234222505
15450,352.944,306.806,339.728,306.4302982192668
15460,352.898,306.662,339.6893333333333,306.27557301628303
15470,352.852,306.51800000000003,339.65066666666667,306.12084781329924
15480,352.806,306.374,339.61199999999997,305.9661226103155
15490,352.76,306.23,339.5733333333333,305.81139740733175
15500,352.714,306.086,339.5346666666667,305.656672204348
15510,352.668,305.942,339.496,305.5019470013643
15520,352.62199999999996,305.798,339.45733333333334,305.3472217983805
15530,352.57599999999996,305.654,339.41866666666664,305.19249659539673
15540,352.53,305.51,339.38,305.037771392413
15550,352.4853333333333,305.35266666666666,339.3233333333333,304.885593673147
15560,352.44066666666663,305.19533333333334,339.26666666666665,304.73341595388104
15570,352.39599999999996,305.038,339.21,304.58123823461506
15580,352.35133333333334,304.8806666666666,339.1533333333333,304.4290605153491
15590,352.3066666666667,304.7233333333333,339.09666666666664,304.2768827960831
15600,352.262,304.566,339.03999999999996,304.1247050768171
15610,352.21733333333333,304.40866666666665,338.9833333333333,303.97252735755114
15620,352.17266666666666,304.2513333333333,338.9266666666667,303.8203496382851
15630,352.128,304.094,338.87,303.66817191901913
15640,352.0833333333333,303.93666666666667,338.81333333333333,303.51599419975315
15650,352.03866666666664,303.77933333333334,338.75666666666666,303.3638164804872
15660,351.994,303.62199999999996,338.7,303.2116387612212
15670,351.94933333333336,303.46466666666663,338.6433333333333,303.0594610419552
15680,351.9046666666667,303.3073333333333,338.58666666666664,302.90728332268924
15690,351.86,303.15,338.53,302.75510560342326
15700,351.81666666666666,303.294,338.50066666666663,302.9047652298617
15710,351.77333333333337,303.438,338.4713333333333,303.05442485630016
15720,351.73,303.582,338.44199999999995,303.2040844827386
15730,351.68666666666667,303.726,338.41266666666667,303.35374410917706
15740,351.6433333333333,303.87,338.3833333333333,303.5034037356155
15750,351.6,304.014,338.354,303.65306336205396
15760,351.5566666666667,304.158,338.32466666666664,303.8027229884924
15770,351.5133333333333,304.30199999999996,338.2953333333333,303.95238261493085
15780,351.46999999999997,304.44599999999997,338.26599999999996,304.1020422413693
15790,351.4266666666667,304.59,338.2366666666666,304.25170186780775
15800,351.3833333333333,304.734,338.2073333333333,304.4013614942462
15810,351.34,304.878,338.178,304.55102112068465
15820,351.2966666666666,305.022,338.14866666666666,304.7006807471231
15830,351.25333333333333,305.166,338.1193333333333,304.85034037356155
15840,351.21,305.31,338.09,305.0
