Time (s),T_outer (C),T_inner (C),T_avg (C),Input Temperature (C)
0,205.023786873521,205.023786873521,205.023786873521,205.023786873521
10,205.023786873521,205.023786873521,205.023786873521,205.023786873521
20,205.023786873521,205.023786873521,205.023786873521,205.023786873521
30,205.023786873521,205.023786873521,205.023786873521,205.023786873521
40,205.023786873521,205.023786873521,205.023786873521,205.023786873521
50,205.023786873521,205.023786873521,205.023786873521,205.023786873521
60,205.023786873521,205.023786873521,205.023786873521,205.023786873521
70,205.023786873521,205.023786873521,205.023786873521,205.023786873521
80,205.023786873521,205.023786873521,205.023786873521,205.023786873521
90,205.023786873521,205.023786873521,205.023786873521,205.023786873521
100,205.023786873521,205.023786873521,205.023786873521,205.023786873521
110,205.023786873521,205.023786873521,205.023786873521,205.023786873521
120,205.023786873521,205.023786873521,205.023786873521,205.023786873521
130,205.023786873521,205.023786873521,205.023786873521,205.023786873521
140,205.023786873521,205.023786873521,205.023786873521,205.023786873521
150,205.023786873521,205.023786873521,205.023786873521,205.023786873521
160,205.023786873521,205.023786873521,205.023786873521,205.023786873521
170,205.023786873521,205.023786873521,205.023786873521,205.023786873521
180,205.023786873521,205.023786873521,205.023786873521,205.023786873521
190,205.023786873521,205.023786873521,205.023786873521,205.023786873521
200,205.023786873521,205.023786873521,205.023786873521,205.023786873521
210,205.023786873521,205.023786873521,205.023786873521,205.023786873521
220,205.023786873521,205.023786873521,205.023786873521,205.023786873521
230,205.023786873521,205.023786873521,205.023786873521,205.023786873521
240,205.023786873521,205.023786873521,205.023786873521,205.023786873521
250,205.023786873521,205.023786873521,205.023786873521,205.023786873521
260,205.023786873521,205.023786873521,205.023786873521,205.023786873521
270,205.023786873521,205.023786873521,205.023786873521,205.023786873521
280,205.023786873521,205.023786873521,205.023786873521,205.023786873521
290,205.023786873521,205.023786873521,205.023786873521,205.023786873521
300,205.023786873521,205.023786873521,205.023786873521,205.023786873521
310,205.023786873521,205.023786873521,205.023786873521,205.023786873521
320,205.023786873521,205.023786873521,205.023786873521,205.023786873521
330,205.023786873521,205.023786873521,205.023786873521,205.023786873521
340,205.023786873521,205.023786873521,205.023786873521,205.023786873521
350,205.023786873521,205.023786873521,205.023786873521,205.023786873521
360,205.023786873521,205.023786873521,205.023786873521,205.023786873521
370,205.023786873521,205.023786873521,205.023786873521,205.023786873521
380,205.023786873521,205.023786873521,205.023786873521,205.023786873521
390,205.023786873521,205.023786873521,205.023786873521,205.023786873521
400,205.023786873521,205.023786873521,205.023786873521,205.023786873521
410,205.023786873521,205.023786873521,205.023786873521,205.023786873521
420,205.023786873521,205.023786873521,205.023786873521,205.023786873521
430,205.023786873521,205.023786873521,205.023786873521,205.023786873521
440,205.023786873521,205.023786873521,205.023786873521,205.023786873521
450,205.023786873521,205.023786873521,205.023786873521,205.023786873521
460,205.023786873521,205.023786873521,205.023786873521,205.023786873521
470,205.023786873521,205.023786873521,205.023786873521,205.023786873521
480,205.023786873521,205.023786873521,205.023786873521,205.023786873521
490,205.023786873521,205.023786873521,205.023786873521,205.023786873521
500,205.023786873521,205.023786873521,205.023786873521,205.023786873521
510,205.023786873521,205.023786873521,205.023786873521,205.023786873521
520,205.023786873521,205.023786873521,205.023786873521,205.023786873521
530,205.023786873521,205.023786873521,205.023786873521,205.023786873521
540,205.023786873521,205.023786873521,205.023786873521,205.023786873521
550,205.023786873521,205.023786873521,205.023786873521,205.023786873521
560,205.023786873521,205.023786873521,205.023786873521,205.023786873521
570,205.023786873521,205.023786873521,205.023786873521,205.023786873521
580,205.023786873521,205.023786873521,205.023786873521,205.023786873521
590,205.023786873521,205.023786873521,205.023786873521,205.023786873521
600,205.023786873521,205.023786873521,205.023786873521,205.023786873521
610,205.023786873521,205.023786873521,205.023786873521,205.023786873521
620,205.023786873521,205.023786873521,205.023786873521,205.023786873521
630,205.023786873521,205.023786873521,205.023786873521,205.023786873521
640,205.023786873521,205.023786873521,205.023786873521,205.023786873521
650,205.023786873521,205.023786873521,205.023786873521,205.023786873521
660,205.023786873521,205.023786873521,205.023786873521,205.023786873521
670,205.023786873521,205.023786873521,205.023786873521,205.023786873521
680,205.023786873521,205.023786873521,205.023786873521,205.023786873521
690,205.023786873521,205.023786873521,205.023786873521,205.023786873521
700,205.023786873521,205.023786873521,205.023786873521,205.023786873521
710,205.023786873521,205.023786873521,205.023786873521,205.023786873521
720,205.023786873521,205.023786873521,205.023786873521,205.023786873521
730,205.023786873521,205.023786873521,205.023786873521,205.023786873521
740,205.023786873521,205.023786873521,205.023786873521,205.023786873521
750,205.023786873521,205.023786873521,205.023786873521,205.023786873521
760,205.023786873521,205.023786873521,205.023786873521,205.023786873521
770,205.023786873521,205.023786873521,205.023786873521,205.023786873521
780,205.023786873521,205.023786873521,205.023786873521,205.023786873521
790,205.023786873521,205.023786873521,205.023786873521,205.023786873521
800,205.023786873521,205.023786873521,205.023786873521,205.023786873521
810,205.023786873521,205.023786873521,205.023786873521,205.023786873521
820,205.023786873521,205.023786873521,205.023786873521,205.023786873521
830,205.023786873521,205.023786873521,205.023786873521,205.023786873521
840,205.023786873521,205.023786873521,205.023786873521,205.023786873521
850,205.023786873521,205.023786873521,205.023786873521,205.023786873521
860,205.023786873521,205.023786873521,205.023786873521,205.023786873521
870,205.023786873521,205.023786873521,205.023786873521,205.023786873521
880,205.023786873521,205.023786873521,205.023786873521,205.023786873521
890,205.023786873521,205.023786873521,205.023786873521,205.023786873521
900,205.023786873521,205.023786873521,205.023786873521,205.023786873521
910,205.023786873521,205.023786873521,205.023786873521,205.023786873521
920,205.023786873521,205.023786873521,205.023786873521,205.023786873521
930,205.023786873521,205.023786873521,205.023786873521,205.023786873521
940,205.023786873521,205.023786873521,205.023786873521,205.023786873521
950,205.023786873521,205.023786873521,205.023786873521,205.023786873521
960,205.023786873521,205.023786873521,205.023786873521,205.023786873521
970,205.023786873521,205.023786873521,205.023786873521,205.023786873521
980,205.023786873521,205.023786873521,205.023786873521,205.023786873521
990,205.023786873521,205.023786873521,205.023786873521,205.023786873521
1000,205.023786873521,205.023786873521,205.023786873521,205.023786873521
1010,205.023786873521,205.023786873521,205.023786873521,205.023786873521
1020,205.023786873521,205.023786873521,205.023786873521,205.023786873521
1030,205.023786873521,205.023786873521,205.023786873521,205.023786873521
1040,205.023786873521,205.023786873521,205.023786873521,205.023786873521
1050,205.023786873521,205.023786873521,205.023786873521,205.023786873521
1060,205.023786873521,205.023786873521,205.023786873521,205.023786873521
1070,205.023786873521,205.023786873521,205.023786873521,205.023786873521
1080,205.023786873521,205.023786873521,205.023786873521,205.023786873521
1090,205.023786873521,205.023786873521,205.023786873521,205.023786873521
1100,205.023786873521,205.023786873521,205.023786873521,205.023786873521
1110,205.023786873521,205.023786873521,205.023786873521,205.023786873521
1120,205.023786873521,205.023786873521,205.023786873521,205.023786873521
1130,205.023786873521,205.023786873521,205.023786873521,205.023786873521
1140,205.023786873521,205.023786873521,205.023786873521,205.023786873521
1150,205.023786873521,205.023786873521,205.023786873521,205.023786873521
1160,205.023786873521,205.023786873521,205.023786873521,205.023786873521
1170,205.023786873521,205.023786873521,205.023786873521,205.023786873521
1180,205.023786873521,205.023786873521,205.023786873521,205.023786873521
1190,205.023786873521,205.023786873521,205.023786873521,205.023786873521
1200,205.023786873521,205.023786873521,205.023786873521,205.023786873521
1210,205.023786873521,205.023786873521,205.023786873521,205.023786873521
1220,205.023786873521,205.023786873521,205.023786873521,205.023786873521
1230,205.023786873521,205.023786873521,205.023786873521,205.023786873521
1240,205.023786873521,205.023786873521,205.023786873521,205.023786873521
1250,205.023786873521,205.023786873521,205.023786873521,205.023786873521
1260,205.023786873521,205.023786873521,205.023786873521,205.023786873521
1270,205.023786873521,205.023786873521,205.023786873521,205.023786873521
1280,205.023786873521,205.023786873521,205.023786873521,205.023786873521
1290,205.023786873521,205.023786873521,205.023786873521,205.023786873521
1300,205.023786873521,205.023786873521,205.023786873521,205.023786873521
1310,205.023786873521,205.023786873521,205.023786873521,205.023786873521
1320,205.023786873521,205.023786873521,205.023786873521,205.023786873521
1330,205.023786873521,205.023786873521,205.023786873521,205.023786873521
1340,205.023786873521,205.023786873521,205.023786873521,205.023786873521
1350,205.023786873521,205.023786873521,205.023786873521,205.023786873521
1360,205.023786873521,205.023786873521,205.023786873521,205.023786873521
1370,205.023786873521,205.023786873521,205.023786873521,205.023786873521
1380,205.023786873521,205.023786873521,205.023786873521,205.023786873521
1390,205.023786873521,205.023786873521,205.023786873521,205.023786873521
1400,205.023786873521,205.023786873521,205.023786873521,205.023786873521
1410,205.023786873521,205.023786873521,205.023786873521,205.023786873521
1420,205.023786873521,205.023786873521,205.023786873521,205.023786873521
1430,205.023786873521,205.023786873521,205.023786873521,205.023786873521
1440,205.023786873521,205.023786873521,205.023786873521,205.023786873521
1440,205.023786873521,205.023786873521,205.023786873521,205.023786873521
1450,205.02353441528626,205.4288677486196,205.05953441528627,205.44494671682966
1460,205.02328195705155,205.83394862371821,205.09528195705153,205.8661065601383
1470,205.0230294988168,206.2390294988168,205.13102949881682,206.28726640344695
1480,205.02277704058207,206.6441103739154,205.16677704058208,206.7084262467556
1490,205.02252458234733,207.049191249014,205.20252458234734,207.12958609006427
1500,205.02227212411262,207.4542721241126,205.2382721241126,207.5507459333729
1510,205.02201966587788,207.8593529992112,205.27401966587786,207.97190577668155
1520,205.02176720764314,208.2644338743098,205.30976720764315,208.3930656199902
1530,205.0215147494084,208.6695147494084,205.3455147494084,208.81422546329887
1540,205.02126229117368,209.074595624507,205.38126229117367,209.2353853066075
1550,205.02100983293894,209.4796764996056,205.41700983293893,209.65654514991616
1560,205.0207573747042,209.8847573747042,205.4527573747042,210.0777049932248
1570,205.02050491646946,210.28983824980278,205.48850491646948,210.49886483653347
1580,205.02025245823475,210.6949191249014,205.52425245823474,210.9200246798421
1590,205.02,211.1,205.56,211.34118452315076
1600,205.02,211.63466666666667,205.62866666666667,211.88918606499684
1610,205.02,212.16933333333333,205.69733333333335,212.4371876068429
1620,205.02,212.704,205.766,212.98518914868902
1630,205.02,213.23866666666666,205.83466666666666,213.5331906905351
1640,205.02,213.77333333333334,205.90333333333334,214.08119223238117
1650,205.02,214.308,205.972,214.62919377422725
1660,205.02,214.84266666666667,206.04066666666668,215.17719531607332
1670,205.02,215.37733333333333,206.10933333333332,215.72519685791943
1680,205.02,215.912,206.178,216.2731983997655
1690,205.02,216.44666666666666,206.24666666666667,216.82119994161158
1700,205.02,216.98133333333334,206.31533333333334,217.36920148345766
1710,205.02,217.516,206.38400000000001,217.91720302530373
1720,205.02,218.05066666666667,206.45266666666666,218.46520456714984
1730,205.02,218.58533333333332,206.52133333333333,219.01320610899592
1740,205.02,219.12,206.59,219.561207650842
1750,205.02066666666667,219.654,206.68466666666666,220.09851922397016
1760,205.02133333333333,220.18800000000002,206.77933333333334,220.63583079709832
1770,205.02200000000002,220.722,206.874,221.1731423702265
1780,205.02266666666668,221.256,206.96866666666668,221.71045394335465
1790,205.02333333333334,221.79,207.06333333333333,222.24776551648281
1800,205.024,222.324,207.158,222.78507708961098
1810,205.02466666666666,222.858,207.25266666666667,223.32238866273914
1820,205.02533333333335,223.392,207.34733333333332,223.85970023586734
1830,205.026,223.926,207.442,224.3970118089955
1840,205.02666666666667,224.46,207.53666666666666,224.93432338212367
1850,205.02733333333333,224.994,207.63133333333332,225.47163495525183
1860,205.028,225.528,207.726,226.00894652838
1870,205.02866666666668,226.06199999999998,207.82066666666665,226.54625810150816
1880,205.02933333333334,226.596,207.91533333333334,227.08356967463632
1890,205.03,227.13,208.01,227.6208812477645
1900,205.03066666666666,227.516,208.102,228.00997118491938
1910,205.03133333333332,227.902,208.194,228.3990611220743
1920,205.032,228.28799999999998,208.286,228.7881510592292
1930,205.03266666666667,228.674,208.378,229.17724099638409
1940,205.03333333333333,229.06,208.47,229.56633093353898
1950,205.034,229.446,208.56199999999998,229.9554208706939
1960,205.03466666666665,229.832,208.654,230.3445108078488
1970,205.03533333333334,230.218,208.74599999999998,230.73360074500368
1980,205.036,230.60399999999998,208.838,231.12269068215858
1990,205.03666666666666,230.98999999999998,208.92999999999998,231.5117806193135
2000,205.03733333333332,231.37599999999998,209.022,231.9008705564684
2010,205.03799999999998,231.762,209.11399999999998,232.28996049362328
2020,205.03866666666667,232.148,209.206,232.67905043077818
2030,205.03933333333333,232.534,209.29799999999997,233.0681403679331
2040,205.04,232.92,209.39,233.457230305088
2050,205.042,233.838,209.53466666666665,234.40021649958524
2060,205.04399999999998,234.756,209.67933333333332,235.3432026940825
2070,205.046,235.67399999999998,209.82399999999998,236.28618888857974
2080,205.048,236.59199999999998,209.96866666666665,237.229175083077
2090,205.04999999999998,237.51,210.11333333333332,238.17216127757425
2100,205.052,238.428,210.25799999999998,239.1151474720715
2110,205.054,239.346,210.40266666666665,240.05813366656875
2120,205.05599999999998,240.26399999999998,210.54733333333334,241.001119861066
2130,205.058,241.182,210.692,241.94410605556325
2140,205.06,242.1,210.83666666666667,242.8870922500605
2150,205.06199999999998,243.018,210.98133333333334,243.83007844455776
2160,205.064,243.936,211.126,244.773064639055
2170,205.066,244.85399999999998,211.27066666666667,245.71605083355226
2180,205.06799999999998,245.772,211.41533333333334,246.6590370280495
2190,205.07,246.69,211.56,247.60202322254676
2200,205.07533333333333,247.168,211.704,248.0688835768553
2210,205.08066666666667,247.646,211.848,248.53574393116386
2220,205.08599999999998,248.124,211.992,249.00260428547242
2230,205.09133333333332,248.602,212.136,249.46946463978097
2240,205.09666666666666,249.08,212.28,249.93632499408952
2250,205.102,249.558,212.424,250.40318534839807
2260,205.10733333333334,250.036,212.568,250.87004570270662
2270,205.11266666666666,250.514,212.712,251.33690605701514
2280,205.118,250.99200000000002,212.856,251.8037664113237
2290,205.12333333333333,251.47,213.0,252.27062676563224
2300,205.12866666666667,251.948,213.144,252.7374871199408
2310,205.13400000000001,252.42600000000002,213.288,253.20434747424935
2320,205.13933333333333,252.90400000000002,213.432,253.6712078285579
2330,205.14466666666667,253.382,213.576,254.13806818286645
2340,205.15,253.86,213.72,254.604928537175
2350,205.15933333333334,254.18400000000003,213.83933333333334,254.93451840298633
2360,205.16866666666667,254.508,213.95866666666666,255.26410826879766
2370,205.178,254.83200000000002,214.078,255.59369813460899
2380,205.18733333333333,255.156,214.19733333333332,255.92328800042034
2390,205.19666666666666,255.48000000000002,214.31666666666666,256.25287786623164
2400,205.206,255.80400000000003,214.436,256.58246773204297
2410,205.21533333333332,256.12800000000004,214.55533333333332,256.9120575978543
2420,205.22466666666668,256.452,214.67466666666667,257.2416474636657
2430,205.234,256.776,214.79399999999998,257.571237329477
2440,205.24333333333334,257.1,214.91333333333333,257.90082719528834
2450,205.25266666666667,257.42400000000004,215.03266666666667,258.2304170610997
2460,205.262,257.74800000000005,215.152,258.560006926911
2470,205.27133333333333,258.072,215.27133333333333,258.88959679272233
2480,205.28066666666666,258.396,215.39066666666665,259.21918665853366
2490,205.29,258.72,215.51,259.548776524345
2500,205.30533333333332,259.2446666666667,215.64933333333332,260.0799512533506
2510,205.32066666666665,259.76933333333335,215.78866666666667,260.6111259823562
2520,205.33599999999998,260.29400000000004,215.928,261.14230071136177
2530,205.35133333333334,260.8186666666667,216.06733333333332,261.6734754403674
2540,205.36666666666667,261.34333333333336,216.20666666666665,262.204650169373
2550,205.382,261.868,216.346,262.7358248983786
2560,205.39733333333334,262.3926666666667,216.48533333333333,263.2669996273842
2570,205.41266666666667,262.9173333333333,216.62466666666666,263.7981743563898
2580,205.428,263.442,216.76399999999998,264.3293490853954
2590,205.44333333333333,263.96666666666664,216.90333333333334,264.860523814401
2600,205.45866666666666,264.49133333333333,217.04266666666666,265.3916985434066
2610,205.47400000000002,265.01599999999996,217.182,265.92287327241223
2620,205.48933333333335,265.54066666666665,217.3213333333333,266.4540480014178
2630,205.50466666666668,266.0653333333333,217.46066666666667,266.9852227304234
2640,205.52,266.59,217.6,267.516397459429
2650,205.54066666666668,267.24199999999996,217.76066666666665,268.17843037247974
2660,205.56133333333335,267.894,217.92133333333334,268.8404632855305
2670,205.58200000000002,268.546,218.082,269.50249619858124
2680,205.60266666666666,269.198,218.24266666666665,270.164529111632
2690,205.62333333333333,269.84999999999997,218.40333333333334,270.82656202468274
2700,205.644,270.502,218.564,271.4885949377335
2710,205.66466666666668,271.154,218.72466666666665,272.15062785078425
2720,205.68533333333335,271.806,218.88533333333334,272.812660763835
2730,205.70600000000002,272.45799999999997,219.046,273.47469367688575
2740,205.7266666666667,273.11,219.20666666666665,274.13672658993653
2750,205.74733333333336,273.762,219.36733333333333,274.79875950298725
2760,205.768,274.414,219.528,275.46079241603803
2770,205.78866666666667,275.066,219.68866666666665,276.12282532908876
2780,205.80933333333334,275.718,219.84933333333333,276.78485824213953
2790,205.83,276.37,220.01,277.44689115519026
2800,205.85866666666666,276.91333333333336,220.17933333333332,277.9914614728705
2810,205.88733333333334,277.45666666666665,220.34866666666667,278.53603179055074
2820,205.916,278.0,220.518,279.080602108231
2830,205.94466666666668,278.54333333333335,220.68733333333333,279.6251724259113
2840,205.97333333333333,279.08666666666664,220.85666666666665,280.1697427435915
2850,206.002,279.63,221.026,280.71431306127175
2860,206.03066666666666,280.17333333333335,221.19533333333334,281.258883378952
2870,206.05933333333334,280.71666666666664,221.36466666666666,281.80345369663223
2880,206.088,281.26,221.534,282.3480240143125
2890,206.11666666666667,281.80333333333334,221.70333333333335,282.89259433199277
2900,206.14533333333333,282.34666666666664,221.87266666666667,283.437164649673
2910,206.174,282.89,222.042,283.98173496735325
2920,206.20266666666666,283.43333333333334,222.21133333333333,284.5263052850335
2930,206.23133333333334,283.97666666666663,222.38066666666668,285.0708756027137
2940,206.26,284.52,222.55,285.615445920394
2950,206.29466666666667,285.06066666666663,222.72,286.16339968345375
2960,206.32933333333332,285.60133333333334,222.89000000000001,286.71135344651344
2970,206.364,286.142,223.06,287.2593072095732
2980,206.39866666666666,286.68266666666665,223.23000000000002,287.80726097263295
2990,206.43333333333334,287.2233333333333,223.4,288.35521473569264
3000,206.468,287.764,223.57,288.9031684987524
3010,206.50266666666667,288.30466666666666,223.74,289.45112226181215
3020,206.53733333333332,288.8453333333333,223.91,289.99907602487184
3030,206.572,289.38599999999997,224.08,290.5470297879316
3040,206.60666666666665,289.9266666666667,224.25,291.09498355099134
3050,206.64133333333334,290.46733333333333,224.42,291.64293731405104
3060,206.676,291.008,224.59,292.1908910771108
3070,206.71066666666667,291.54866666666663,224.76,292.73884484017054
3080,206.74533333333332,292.08933333333334,224.93,293.28679860323024
3090,206.78,292.63,225.1,293.83475236629
3100,206.82266666666666,293.296,225.286,294.50693561547916
3110,206.86533333333333,293.962,225.47199999999998,295.1791188646684
3120,206.908,294.628,225.658,295.85130211385757
3130,206.95066666666668,295.294,225.844,296.5234853630468
3140,206.99333333333334,295.96,226.03,297.195668612236
3150,207.036,296.626,226.21599999999998,297.8678518614252
3160,207.07866666666666,297.292,226.402,298.5400351106144
3170,207.12133333333333,297.958,226.588,299.2122183598036
3180,207.164,298.624,226.774,299.8844016089928
3190,207.20666666666665,299.29,226.95999999999998,300.556584858182
3200,207.2493333333333,299.956,227.146,301.2287681073712
3210,207.292,300.622,227.332,301.9009513565604
3220,207.33466666666666,301.288,227.518,302.5731346057496
3230,207.37733333333333,301.954,227.70399999999998,303.24531785493883
3240,207.42,302.62,227.89,303.917501104128
3250,207.47,302.58133333333336,228.02866666666665,303.8574234142779
3260,207.51999999999998,302.54266666666666,228.16733333333332,303.7973457244278
3270,207.57,302.504,228.30599999999998,303.7372680345777
3280,207.61999999999998,302.4653333333333,228.44466666666665,303.6771903447276
3290,207.67,302.4266666666667,228.58333333333331,303.61711265487753
3300,207.72,302.38800000000003,228.72199999999998,303.5570349650274
3310,207.76999999999998,302.34933333333333,228.86066666666665,303.4969572751773
3320,207.82,302.3106666666667,228.99933333333334,303.43687958532723
3330,207.86999999999998,302.272,229.138,303.3768018954771
3340,207.92,302.23333333333335,229.27666666666667,303.316724205627
3350,207.97,302.1946666666667,229.41533333333334,303.25664651577694
3360,208.01999999999998,302.156,229.554,303.1965688259268
3370,208.07,302.11733333333336,229.69266666666667,303.1364911360767
3380,208.11999999999998,302.07866666666666,229.83133333333333,303.07641344622664
3390,208.17,302.04,229.97,303.0163357563765
3400,208.22733333333332,302.1793333333334,230.094,303.1595464067964
3410,208.28466666666665,302.3186666666667,230.218,303.3027570572162
3420,208.34199999999998,302.458,230.342,303.44596770763604
3430,208.39933333333332,302.5973333333333,230.466,303.58917835805585
3440,208.45666666666665,302.7366666666667,230.59,303.7323890084757
3450,208.51399999999998,302.87600000000003,230.714,303.8755996588955
3460,208.5713333333333,303.01533333333333,230.838,304.01881030931537
3470,208.62866666666667,303.1546666666667,230.96200000000002,304.1620209597352
3480,208.686,303.294,231.086,304.30523161015503
3490,208.74333333333334,303.43333333333334,231.21,304.44844226057484
3500,208.80066666666667,303.5726666666667,231.334,304.5916529109947
3510,208.858,303.712,231.458,304.7348635614145
3520,208.91533333333334,303.85133333333334,231.58200000000002,304.87807421183436
3530,208.97266666666667,303.99066666666664,231.70600000000002,305.02128486225416
3540,209.03,304.13,231.83,305.164495512674
3550,209.09466666666665,304.29333333333335,231.9586666666667,305.3235589363851
3560,209.15933333333334,304.45666666666665,232.08733333333333,305.4826223600961
3570,209.224,304.62,232.216,305.6416857838072
3580,209.28866666666667,304.7833333333333,232.34466666666668,305.8007492075182
3590,209.35333333333332,304.94666666666666,232.47333333333333,305.9598126312293
3600,209.418,305.11,232.602,306.1188760549403
3610,209.48266666666666,305.2733333333333,232.73066666666668,306.2779394786514
3620,209.54733333333334,305.43666666666667,232.85933333333332,306.4370029023624
3630,209.612,305.59999999999997,232.988,306.59606632607347
3640,209.67666666666668,305.7633333333333,233.11666666666667,306.7551297497845
3650,209.74133333333333,305.9266666666667,233.24533333333332,306.91419317349556
3660,209.806,306.09,233.374,307.0732565972066
3670,209.87066666666666,306.25333333333333,233.50266666666667,307.23232002091765
3680,209.93533333333335,306.41666666666663,233.63133333333332,307.3913834446287
3690,210.0,306.58,233.76,307.55044686833975
3700,210.072,306.572,233.86666666666665,307.5379274983633
3710,210.144,306.56399999999996,233.97333333333333,307.52540812838686
3720,210.216,306.556,234.07999999999998,307.5128887584104
3730,210.288,306.548,234.18666666666667,307.50036938843397
3740,210.36,306.53999999999996,234.29333333333332,307.4878500184575
3750,210.43200000000002,306.532,234.4,307.475330648481
3760,210.50400000000002,306.524,234.50666666666666,307.4628112785046
3770,210.576,306.51599999999996,234.61333333333334,307.45029190852813
3780,210.648,306.508,234.72,307.4377725385517
3790,210.72,306.5,234.82666666666668,307.42525316857524
3800,210.792,306.49199999999996,234.93333333333334,307.41273379859877
3810,210.864,306.484,235.04000000000002,307.40021442862235
3820,210.936,306.476,235.14666666666668,307.3876950586459
3830,211.008,306.46799999999996,235.25333333333336,307.37517568866946
3840,211.08,306.46,235.36,307.362656318693
3850,211.15800000000002,306.128,235.42933333333335,307.0155943018306
3860,211.23600000000002,305.796,235.49866666666668,306.6685322849683
3870,211.31400000000002,305.464,235.568,306.32147026810594
3880,211.392,305.132,235.63733333333334,305.9744082512436
3890,211.47,304.8,235.70666666666668,305.62734623438126
3900,211.548,304.468,235.776,305.2802842175189
3910,211.626,304.136,235.84533333333334,304.93322220065653
3920,211.704,303.804,235.91466666666668,304.5861601837942
3930,211.782,303.472,235.984,304.23909816693185
3940,211.86,303.14,236.05333333333334,303.8920361500695
3950,211.93800000000002,302.808,236.12266666666667,303.5449741332072
3960,212.016,302.476,236.192,303.1979121163448
3970,212.094,302.144,236.26133333333334,302.85085009948244
3980,212.172,301.812,236.33066666666667,302.50378808262013
3990,212.25,301.48,236.4,302.15672606575777
4000,212.33333333333334,301.5346666666667,236.47333333333333,302.22375368622664
4010,212.41666666666666,301.58933333333334,236.54666666666668,302.2907813066955
4020,212.5,301.644,236.62,302.3578089271644
4030,212.58333333333334,301.69866666666667,236.69333333333333,302.4248365476333
4040,212.66666666666666,301.75333333333333,236.76666666666668,302.49186416810215
4050,212.75,301.808,236.84,302.55889178857103
4060,212.83333333333334,301.86266666666666,236.91333333333333,302.6259194090399
4070,212.91666666666666,301.9173333333334,236.98666666666668,302.69294702950884
4080,213.0,301.97200000000004,237.06,302.7599746499777
4090,213.08333333333334,302.0266666666667,237.13333333333333,302.8270022704466
4100,213.16666666666666,302.08133333333336,237.20666666666668,302.8940298909155
4110,213.25,302.136,237.28,302.96105751138435
4120,213.33333333333334,302.1906666666667,237.35333333333332,303.02808513185323
4130,213.41666666666666,302.24533333333335,237.42666666666668,303.0951127523221
4140,213.5,302.3,237.5,303.162140372791
4150,213.58666666666667,302.4266666666667,237.596,303.2823568429982
4160,213.67333333333335,302.55333333333334,237.692,303.4025733132054
4170,213.76,302.68,237.788,303.5227897834126
4180,213.84666666666666,302.8066666666667,237.884,303.6430062536198
4190,213.93333333333334,302.93333333333334,237.98,303.76322272382697
4200,214.02,303.06,238.076,303.88343919403417
4210,214.10666666666668,303.18666666666667,238.172,304.00365566424136
4220,214.19333333333333,303.31333333333333,238.268,304.1238721344486
4230,214.28,303.44,238.364,304.2440886046558
4240,214.36666666666667,303.56666666666666,238.46,304.364305074863
4250,214.45333333333335,303.6933333333333,238.556,304.4845215450702
4260,214.54000000000002,303.82,238.652,304.6047380152774
4270,214.62666666666667,303.94666666666666,238.748,304.7249544854846
4280,214.71333333333334,304.0733333333333,238.844,304.8451709556918
4290,214.8,304.2,238.94,304.965387425899
4300,214.89000000000001,304.01866666666666,239.006,304.7778919582516
4310,214.98000000000002,303.83733333333333,239.072,304.5903964906042
4320,215.07000000000002,303.656,239.138,304.40290102295677
4330,215.16,303.4746666666667,239.204,304.2154055553094
4340,215.25,303.29333333333335,239.27,304.027910087662
4350,215.34,303.112,239.336,303.8404146200146
4360,215.43,302.9306666666667,239.40200000000002,303.6529191523672
4370,215.52,302.7493333333333,239.468,303.4654236847198
4380,215.61,302.568,239.534,303.2779282170724
4390,215.70000000000002,302.38666666666666,239.6,303.09043274942496
4400,215.79000000000002,302.20533333333333,239.666,302.90293728177755
4410,215.88,302.024,239.732,302.7154418141302
4420,215.97,301.8426666666667,239.798,302.5279463464828
4430,216.06,301.66133333333335,239.864,302.3404508788354
4440,216.15,301.48,239.93,302.152955411188
4450,216.24066666666667,301.536,240.00333333333333,302.2144418866321
4460,216.33133333333333,301.59200000000004,240.07666666666668,302.2759283620762
4470,216.422,301.648,240.15,302.33741483752027
4480,216.51266666666666,301.704,240.22333333333333,302.39890131296437
4490,216.60333333333332,301.76,240.29666666666668,302.46038778840847
4500,216.694,301.81600000000003,240.37,302.52187426385257
4510,216.78466666666665,301.872,240.44333333333333,302.58336073929667
4520,216.87533333333334,301.928,240.51666666666668,302.6448472147408
4530,216.966,301.984,240.59,302.7063336901849
4540,217.05666666666667,302.04,240.66333333333333,302.767820165629
4550,217.14733333333334,302.096,240.73666666666668,302.8293066410731
4560,217.238,302.152,240.81,302.8907931165172
4570,217.32866666666666,302.20799999999997,240.88333333333333,302.9522795919613
4580,217.41933333333333,302.264,240.95666666666668,303.0137660674054
4590,217.51,302.32,241.03,303.0752525428495
4600,217.60133333333332,302.37399999999997,241.10733333333334,303.1290907776525
4610,217.69266666666667,302.428,241.18466666666666,303.18292901245553
4620,217.784,302.48199999999997,241.262,303.2367672472585
4630,217.87533333333332,302.536,241.33933333333334,303.2906054820615
4640,217.96666666666667,302.59,241.41666666666666,303.34444371686453
4650,218.058,302.644,241.494,303.3982819516675
4660,218.14933333333332,302.698,241.57133333333334,303.4521201864705
4670,218.24066666666667,302.752,241.64866666666666,303.50595842127353
4680,218.332,302.806,241.726,303.5597966560765
4690,218.42333333333332,302.86,241.80333333333334,303.6136348908795
4700,218.51466666666667,302.914,241.88066666666666,303.66747312568253
4710,218.606,302.968,241.958,303.7213113604855
4720,218.69733333333332,303.022,242.03533333333334,303.7751495952885
4730,218.78866666666667,303.076,242.11266666666666,303.82898783009153
4740,218.88,303.13,242.19,303.8828260648945
4750,218.972,303.214,242.27,303.96881761895776
4760,219.064,303.298,242.35,304.054809173021
4770,219.156,303.382,242.43,304.14080072708424
4780,219.248,303.466,242.51,304.2267922811474
4790,219.34,303.55,242.59,304.31278383521067
4800,219.432,303.634,242.67,304.3987753892739
4810,219.524,303.718,242.75,304.48476694333715
4820,219.61599999999999,303.80199999999996,242.82999999999998,304.5707584974004
4830,219.708,303.88599999999997,242.91,304.65675005146363
4840,219.79999999999998,303.96999999999997,242.98999999999998,304.7427416055269
4850,219.892,304.054,243.07,304.8287331595901
4860,219.98399999999998,304.138,243.14999999999998,304.9147247136533
4870,220.076,304.222,243.23,305.00071626771654
4880,220.16799999999998,304.306,243.30999999999997,305.0867078217798
4890,220.26,304.39,243.39,305.172699375843
4900,220.35066666666665,304.546,243.47866666666664,305.33064580906785
4910,220.44133333333332,304.702,243.56733333333332,305.4885922422926
4920,220.53199999999998,304.858,243.65599999999998,305.64653867551743
4930,220.62266666666667,305.014,243.74466666666666,305.8044851087422
4940,220.71333333333334,305.17,243.83333333333331,305.962431541967
4950,220.804,305.326,243.922,306.12037797519184
4960,220.89466666666667,305.482,244.01066666666665,306.2783244084166
4970,220.98533333333333,305.638,244.09933333333333,306.43627084164143
4980,221.076,305.794,244.188,306.5942172748662
4990,221.16666666666666,305.95,244.27666666666667,306.752163708091
5000,221.25733333333332,306.106,244.36533333333333,306.91011014131584
5010,221.348,306.262,244.454,307.0680565745406
5020,221.43866666666668,306.418,244.54266666666666,307.2260030077654
5030,221.52933333333334,306.574,244.63133333333334,307.3839494409902
5040,221.62,306.73,244.72,307.541895874215
5050,221.71066666666667,306.53266666666667,244.78333333333333,307.3318987222309
5060,221.80133333333333,306.3353333333333,244.84666666666666,307.1219015702468
5070,221.892,306.13800000000003,244.91,306.91190441826274
5080,221.98266666666666,305.9406666666667,244.97333333333333,306.7019072662786
5090,222.07333333333332,305.74333333333334,245.03666666666666,306.4919101142945
5100,222.164,305.546,245.1,306.2819129623104
5110,222.25466666666665,305.34866666666665,245.16333333333333,306.0719158103263
5120,222.34533333333334,305.15133333333335,245.22666666666666,305.86191865834223
5130,222.436,304.954,245.29,305.6519215063581
5140,222.52666666666667,304.75666666666666,245.35333333333332,305.441924354374
5150,222.61733333333333,304.5593333333333,245.41666666666666,305.2319272023899
5160,222.708,304.36199999999997,245.48,305.0219300504058
5170,222.79866666666666,304.1646666666667,245.54333333333332,304.81193289842173
5180,222.88933333333333,303.96733333333333,245.60666666666665,304.6019357464376
5190,222.98,303.77,245.67,304.3919385944535
5200,223.06933333333333,303.8413333333333,245.73666666666665,304.4726884403663
5210,223.15866666666665,303.91266666666667,245.8033333333333,304.5534382862792
5220,223.248,303.984,245.86999999999998,304.634188132192
5230,223.33733333333333,304.0553333333333,245.93666666666667,304.71493797810484
5240,223.42666666666665,304.12666666666667,246.00333333333333,304.79568782401765
5250,223.516,304.198,246.07,304.8764376699305
5260,223.60533333333333,304.2693333333333,246.13666666666666,304.9571875158433
5270,223.69466666666665,304.34066666666666,246.20333333333332,305.0379373617562
5280,223.784,304.412,246.26999999999998,305.118687207669
5290,223.87333333333333,304.4833333333333,246.33666666666664,305.19943705358185
5300,223.96266666666665,304.55466666666666,246.4033333333333,305.28018689949465
5310,224.052,304.626,246.47,305.3609367454075
5320,224.14133333333334,304.6973333333333,246.53666666666666,305.4416865913203
5330,224.23066666666665,304.76866666666666,246.60333333333332,305.5224364372332
5340,224.32,304.84,246.67,305.603186283146
5350,224.40866666666665,304.90799999999996,246.75133333333332,305.6630555106858
5360,224.49733333333333,304.976,246.83266666666665,305.7229247382257
5370,224.58599999999998,305.044,246.914,305.7827939657655
5380,224.67466666666667,305.11199999999997,246.99533333333332,305.8426631933053
5390,224.76333333333332,305.18,247.07666666666665,305.90253242084515
5400,224.852,305.248,247.158,305.962401648385
5410,224.94066666666666,305.316,247.23933333333332,306.02227087592485
5420,225.02933333333334,305.384,247.32066666666665,306.08214010346467
5430,225.118,305.452,247.402,306.1420093310045
5440,225.20666666666668,305.52,247.48333333333332,306.20187855854437
5450,225.29533333333333,305.588,247.56466666666665,306.2617477860842
5460,225.38400000000001,305.656,247.646,306.321617013624
5470,225.47266666666667,305.724,247.72733333333332,306.3814862411638
5480,225.56133333333335,305.79200000000003,247.80866666666665,306.4413554687037
5490,225.65,305.86,247.89,306.5012246962435
5500,225.738,305.5953333333334,247.93533333333332,306.2285856891404
5510,225.826,305.3306666666667,247.98066666666665,305.95594668203734
5520,225.91400000000002,305.06600000000003,248.02599999999998,305.6833076749342
5530,226.002,304.80133333333333,248.0713333333333,305.41066866783115
5540,226.09,304.5366666666667,248.11666666666665,305.138029660728
5550,226.178,304.272,248.16199999999998,304.8653906536249
5560,226.266,304.00733333333335,248.2073333333333,304.59275164652183
5570,226.354,303.74266666666665,248.25266666666667,304.3201126394187
5580,226.442,303.478,248.298,304.04747363231564
5590,226.53,303.2133333333333,248.34333333333333,303.7748346252125
5600,226.618,302.94866666666667,248.38866666666667,303.5021956181094
5610,226.706,302.68399999999997,248.434,303.22955661100633
5620,226.794,302.4193333333333,248.47933333333333,302.9569176039032
5630,226.882,302.1546666666666,248.52466666666666,302.68427859680014
5640,226.97,301.89,248.57,302.411639589697
5650,227.05733333333333,302.038,248.63533333333334,302.5714971125725
5660,227.14466666666667,302.186,248.70066666666665,302.73135463544804
5670,227.232,302.334,248.766,302.8912121583235
5680,227.31933333333333,302.48199999999997,248.83133333333333,303.051069681199
5690,227.40666666666667,302.63,248.89666666666668,303.2109272040745
5700,227.494,302.778,248.962,303.37078472695003
5710,227.58133333333333,302.926,249.02733333333333,303.5306422498255
5720,227.66866666666667,303.074,249.09266666666667,303.690499772701
5730,227.756,303.222,249.15800000000002,303.8503572955765
5740,227.84333333333333,303.37,249.22333333333333,304.010214818452
5750,227.93066666666667,303.51800000000003,249.28866666666667,304.1700723413275
5760,228.018,303.666,249.354,304.329929864203
5770,228.10533333333333,303.814,249.41933333333336,304.4897873870785
5780,228.19266666666667,303.962,249.48466666666667,304.649644909954
5790,228.28,304.11,249.55,304.8095024328295
5800,228.366,304.1573333333333,249.62066666666666,304.8535189659703
5810,228.452,304.2046666666667,249.69133333333335,304.89753549911103
5820,228.538,304.252,249.762,304.9415520322518
5830,228.624,304.2993333333333,249.83266666666668,304.98556856539255
5840,228.71,304.3466666666667,249.90333333333334,305.02958509853335
5850,228.796,304.394,249.97400000000002,305.0736016316741
5860,228.882,304.4413333333333,250.04466666666667,305.11761816481487
5870,228.968,304.4886666666667,250.11533333333335,305.1616346979556
5880,229.054,304.536,250.186,305.2056512310964
5890,229.14,304.5833333333333,250.2566666666667,305.24966776423713
5900,229.226,304.6306666666667,250.32733333333334,305.2936842973779
5910,229.31199999999998,304.678,250.39800000000002,305.33770083051866
5920,229.398,304.7253333333333,250.46866666666668,305.38171736365945
5930,229.48399999999998,304.7726666666667,250.53933333333336,305.4257338968002
5940,229.57,304.82,250.61,305.469750429941
5950,229.65466666666666,304.796,250.67200000000003,305.44351947058436
5960,229.73933333333332,304.772,250.734,305.41728851122775
5970,229.82399999999998,304.748,250.79600000000002,305.3910575518712
5980,229.90866666666668,304.724,250.858,305.3648265925146
5990,229.99333333333334,304.7,250.92000000000002,305.338595633158
6000,230.078,304.676,250.982,305.31236467380137
6010,230.16266666666667,304.652,251.044,305.28613371444476
6020,230.24733333333333,304.628,251.106,305.2599027550882
6030,230.332,304.604,251.168,305.2336717957316
6040,230.41666666666666,304.58,251.23,305.207440836375
6050,230.50133333333332,304.556,251.292,305.1812098770184
6060,230.586,304.532,251.35399999999998,305.15497891766177
6070,230.67066666666668,304.508,251.416,305.1287479583052
6080,230.75533333333334,304.484,251.47799999999998,305.1025169989486
6090,230.84,304.46,251.54,305.076286039592
6100,230.924,304.41066666666666,251.596,305.0254010849754
6110,231.008,304.36133333333333,251.652,304.9745161303588
6120,231.092,304.312,251.708,304.9236311757422
6130,231.176,304.26266666666663,251.76399999999998,304.8727462211256
6140,231.26,304.2133333333333,251.82,304.821861266509
6150,231.344,304.164,251.876,304.7709763118924
6160,231.428,304.11466666666666,251.932,304.7200913572758
6170,231.512,304.06533333333334,251.988,304.6692064026592
6180,231.596,304.016,252.04399999999998,304.6183214480426
6190,231.68,303.9666666666667,252.1,304.567436493426
6200,231.764,303.9173333333334,252.156,304.5165515388094
6210,231.84799999999998,303.868,252.212,304.46566658419283
6220,231.932,303.8186666666667,252.268,304.4147816295762
6230,232.016,303.76933333333335,252.32399999999998,304.3638966749596
6240,232.1,303.72,252.38,304.313011720343
6250,232.182,303.78133333333335,252.44266666666667,304.37660334239797
6260,232.264,303.8426666666667,252.50533333333334,304.4401949644529
6270,232.346,303.904,252.56799999999998,304.5037865865079
6280,232.428,303.9653333333334,252.63066666666666,304.5673782085628
6290,232.51,304.0266666666667,252.69333333333333,304.63096983061774
6300,232.592,304.088,252.756,304.6945614526727
6310,232.674,304.14933333333335,252.81866666666667,304.75815307472766
6320,232.756,304.21066666666667,252.88133333333332,304.8217446967826
6330,232.838,304.272,252.944,304.8853363188376
6340,232.92000000000002,304.3333333333333,253.00666666666666,304.94892794089253
6350,233.002,304.39466666666664,253.06933333333333,305.0125195629475
6360,233.084,304.456,253.132,305.0761111850024
6370,233.166,304.51733333333334,253.19466666666665,305.13970280705735
6380,233.24800000000002,304.57866666666666,253.25733333333332,305.2032944291123
6390,233.33,304.64,253.32,305.26688605116726
6400,233.41066666666669,304.6546666666666,253.382,305.2796625633782
6410,233.49133333333333,304.6693333333333,253.444,305.29243907558913
6420,233.572,304.68399999999997,253.506,305.3052155878001
6430,233.65266666666668,304.69866666666667,253.56799999999998,305.31799210001105
6440,233.73333333333335,304.7133333333333,253.63,305.330768612222
6450,233.814,304.728,253.692,305.3435451244329
6460,233.89466666666667,304.74266666666665,253.754,305.3563216366439
6470,233.97533333333334,304.75733333333335,253.816,305.36909814885485
6480,234.056,304.772,253.878,305.3818746610658
6490,234.13666666666666,304.7866666666667,253.94,305.3946511732767
6500,234.21733333333333,304.80133333333333,254.002,305.4074276854877
6510,234.298,304.81600000000003,254.064,305.42020419769864
6520,234.37866666666667,304.8306666666667,254.126,305.4329807099096
6530,234.45933333333332,304.8453333333334,254.188,305.4457572221205
6540,234.54,304.86,254.25,305.45853373433147
6550,234.62,304.79200000000003,254.30466666666666,305.38499364465713
6560,234.7,304.724,254.35933333333332,305.3114535549828
6570,234.78,304.656,254.414,305.23791346530845
6580,234.85999999999999,304.588,254.46866666666668,305.16437337563417
6590,234.94,304.52,254.52333333333334,305.09083328595983
6600,235.02,304.452,254.578,305.0172931962855
6610,235.1,304.384,254.63266666666667,304.94375310661115
6620,235.18,304.316,254.68733333333333,304.8702130169368
6630,235.26,304.248,254.742,304.7966729272625
6640,235.34,304.18,254.79666666666665,304.72313283758814
6650,235.42000000000002,304.11199999999997,254.85133333333332,304.6495927479138
6660,235.5,304.044,254.906,304.5760526582395
6670,235.58,303.976,254.96066666666667,304.5025125685652
6680,235.66,303.90799999999996,255.01533333333333,304.42897247889084
6690,235.74,303.84,255.07,304.3554323892165
6700,235.818,303.64866666666666,255.10666666666665,304.1600742056156
6710,235.89600000000002,303.45733333333334,255.14333333333332,303.9647160220147
6720,235.97400000000002,303.26599999999996,255.18,303.7693578384138
6730,236.052,303.07466666666664,255.21666666666667,303.5739996548129
6740,236.13,302.8833333333333,255.25333333333333,303.378641471212
6750,236.208,302.692,255.29,303.1832832876111
6760,236.286,302.5006666666667,255.32666666666665,302.98792510401023
6770,236.364,302.3093333333333,255.36333333333334,302.7925669204093
6780,236.442,302.118,255.4,302.5972087368084
6790,236.52,301.9266666666667,255.43666666666667,302.4018505532075
6800,236.598,301.73533333333336,255.47333333333333,302.2064923696066
6810,236.676,301.54400000000004,255.51,302.01113418600573
6820,236.754,301.35266666666666,255.54666666666668,301.8157760024048
6830,236.832,301.16133333333335,255.58333333333334,301.6204178188039
6840,236.91,300.97,255.62,301.425059635203
6850,236.98733333333334,300.94733333333335,255.66133333333335,301.4050124133309
6860,237.06466666666665,300.92466666666667,255.70266666666666,301.38496519145883
6870,237.142,300.90200000000004,255.744,301.3649179695867
6880,237.21933333333334,300.87933333333336,255.78533333333334,301.3448707477146
6890,237.29666666666665,300.8566666666667,255.82666666666668,301.32482352584253
6900,237.374,300.834,255.868,301.3047763039704
6910,237.45133333333334,300.8113333333333,255.90933333333334,301.2847290820983
6920,237.52866666666665,300.7886666666667,255.95066666666668,301.26468186022623
6930,237.606,300.766,255.99200000000002,301.2446346383541
6940,237.68333333333334,300.74333333333334,256.03333333333336,301.224587416482
6950,237.76066666666665,300.72066666666666,256.0746666666667,301.20454019460993
6960,237.838,300.698,256.116,301.1844929727378
6970,237.91533333333334,300.67533333333336,256.1573333333333,301.1644457508657
6980,237.99266666666665,300.6526666666667,256.19866666666667,301.14439852899363
6990,238.07,300.63,256.24,301.1243513071215
7000,238.146,300.844,256.30133333333333,301.3499531651751
7010,238.222,301.058,256.36266666666666,301.5755550232288
7020,238.298,301.272,256.42400000000004,301.8011568812824
7030,238.374,301.486,256.48533333333336,302.02675873933606
7040,238.45,301.7,256.5466666666667,302.25236059738967
7050,238.526,301.914,256.608,302.4779624554433
7060,238.602,302.128,256.6693333333333,302.70356431349694
7070,238.678,302.342,256.7306666666667,302.92916617155055
7080,238.754,302.556,256.79200000000003,303.1547680296042
7090,238.83,302.77,256.85333333333335,303.3803698876578
7100,238.906,302.984,256.9146666666667,303.60597174571143
7110,238.982,303.198,256.976,303.8315736037651
7120,239.058,303.412,257.0373333333334,304.0571754618187
7130,239.13400000000001,303.626,257.0986666666667,304.28277731987237
7140,239.21,303.84,257.16,304.508379177926
7150,239.28400000000002,303.972,257.238,304.63026886614966
7160,239.358,304.104,257.31600000000003,304.75215855437335
7170,239.43200000000002,304.236,257.394,304.87404824259704
7180,239.506,304.368,257.47200000000004,304.99593793082073
7190,239.58,304.5,257.55,305.1178276190444
7200,239.654,304.632,257.628,305.2397173072681
7210,239.728,304.764,257.706,305.3616069954918
7220,239.802,304.89599999999996,257.784,305.48349668371543
7230,239.876,305.02799999999996,257.862,305.6053863719391
7240,239.95,305.15999999999997,257.94,305.7272760601628
7250,240.024,305.292,258.018,305.8491657483865
7260,240.09799999999998,305.424,258.096,305.9710554366102
7270,240.172,305.556,258.174,306.0929451248339
7280,240.24599999999998,305.688,258.252,306.21483481305756
7290,240.32,305.82,258.33,306.33672450128125
7300,240.39266666666666,305.498,258.36066666666665,306.0055407699193
7310,240.46533333333332,305.176,258.3913333333333,305.67435703855733
7320,240.53799999999998,304.854,258.42199999999997,305.3431733071954
7330,240.61066666666667,304.532,258.4526666666667,305.01198957583347
7340,240.68333333333334,304.21,258.48333333333335,304.6808058444715
7350,240.756,303.888,258.514,304.34962211310955
7360,240.82866666666666,303.566,258.54466666666667,304.0184383817476
7370,240.90133333333333,303.244,258.57533333333333,303.6872546503856
7380,240.974,302.922,258.606,303.3560709190237
7390,241.04666666666665,302.6,258.63666666666666,303.02488718766176
7400,241.11933333333332,302.278,258.6673333333333,302.6937034562998
7410,241.192,301.956,258.69800000000004,302.36251972493784
7420,241.26466666666667,301.634,258.7286666666667,302.0313359935759
7430,241.33733333333333,301.312,258.75933333333336,301.7001522622139
7440,241.41,300.99,258.79,301.368968530852
7450,241.48066666666665,300.9306666666667,258.8233333333334,301.31356043252157
7460,241.55133333333333,300.8713333333333,258.8566666666667,301.2581523341912
7470,241.62199999999999,300.812,258.89000000000004,301.2027442358608
7480,241.69266666666667,300.7526666666667,258.92333333333335,301.1473361375304
7490,241.76333333333332,300.6933333333333,258.9566666666667,301.09192803919996
7500,241.834,300.634,258.99,301.0365199408696
7510,241.90466666666666,300.5746666666667,259.02333333333337,300.9811118425392
7520,241.97533333333334,300.51533333333333,259.0566666666667,300.92570374420876
7530,242.046,300.456,259.09000000000003,300.87029564587834
7540,242.11666666666667,300.3966666666667,259.12333333333333,300.814887547548
7550,242.18733333333333,300.33733333333333,259.1566666666667,300.75947944921757
7560,242.258,300.278,259.19,300.70407135088715
7570,242.32866666666666,300.2186666666667,259.22333333333336,300.64866325255673
7580,242.39933333333335,300.15933333333334,259.25666666666666,300.59325515422637
7590,242.47,300.1,259.29,300.53784705589595
7600,242.54,300.2146666666667,259.3386666666667,300.66033741570027
7610,242.61,300.32933333333335,259.38733333333334,300.78282777550453
7620,242.68,300.444,259.43600000000004,300.90531813530885
7630,242.75,300.5586666666667,259.48466666666667,301.02780849511316
7640,242.82,300.67333333333335,259.53333333333336,301.1502988549175
7650,242.89000000000001,300.788,259.582,301.27278921472174
7660,242.96,300.9026666666667,259.6306666666667,301.39527957452606
7670,243.03,301.01733333333334,259.6793333333333,301.5177699343304
7680,243.1,301.132,259.728,301.6402602941347
7690,243.17000000000002,301.24666666666667,259.77666666666664,301.76275065393895
7700,243.24,301.36133333333333,259.82533333333333,301.88524101374327
7710,243.31,301.476,259.87399999999997,302.0077313735476
7720,243.38,301.59066666666666,259.92266666666666,302.1302217333519
7730,243.45000000000002,301.70533333333333,259.9713333333333,302.25271209315616
7740,243.52,301.82,260.02,302.3752024529605
7750,243.58866666666668,302.002,260.08599999999996,302.5589177399072
7760,243.65733333333336,302.18399999999997,260.152,302.7426330268539
7770,243.726,302.366,260.21799999999996,302.92634831380064
7780,243.79466666666667,302.548,260.284,303.11006360074737
7790,243.86333333333334,302.73,260.34999999999997,303.2937788876941
7800,243.93200000000002,302.912,260.416,303.4774941746408
7810,244.0006666666667,303.094,260.48199999999997,303.66120946158753
7820,244.06933333333333,303.276,260.548,303.8449247485342
7830,244.138,303.458,260.614,304.0286400354809
7840,244.20666666666668,303.64,260.68,304.21235532242764
7850,244.27533333333335,303.822,260.746,304.39607060937436
7860,244.34400000000002,304.004,260.812,304.5797858963211
7870,244.41266666666667,304.18600000000004,260.878,304.7635011832678
7880,244.48133333333334,304.368,260.944,304.9472164702145
7890,244.55,304.55,261.01,305.13093175716125
7900,244.61666666666667,304.67733333333337,261.07733333333334,305.2591984402581
7910,244.68333333333334,304.80466666666666,261.14466666666664,305.38746512335496
7920,244.75,304.932,261.212,305.5157318064518
7930,244.8166666666667,305.0593333333333,261.27933333333334,305.64399848954866
7940,244.88333333333335,305.18666666666667,261.34666666666664,305.7722651726455
7950,244.95000000000002,305.314,261.414,305.9005318557424
7960,245.01666666666668,305.4413333333333,261.48133333333334,306.0287985388392
7970,245.08333333333334,305.5686666666667,261.54866666666663,306.157065221936
7980,245.15,305.69599999999997,261.616,306.2853319050329
7990,245.21666666666667,305.8233333333333,261.68333333333334,306.41359858812973
8000,245.28333333333333,305.9506666666667,261.75066666666663,306.5418652712266
8010,245.35000000000002,306.078,261.818,306.67013195432344
8020,245.41666666666669,306.20533333333333,261.88533333333334,306.7983986374203
8030,245.48333333333335,306.3326666666666,261.95266666666663,306.92666532051715
8040,245.55,306.46,262.02,307.054932003614
8050,245.61533333333335,306.382,262.07266666666663,306.96985552524706
8060,245.68066666666667,306.304,262.12533333333334,306.8847790468801
8070,245.746,306.226,262.178,306.79970256851317
8080,245.81133333333335,306.14799999999997,262.23066666666665,306.7146260901462
8090,245.87666666666667,306.07,262.2833333333333,306.6295496117793
8100,245.942,305.992,262.336,306.54447313341234
8110,246.00733333333335,305.914,262.38866666666667,306.4593966550454
8120,246.07266666666666,305.836,262.4413333333333,306.3743201766784
8130,246.138,305.758,262.49399999999997,306.28924369831145
8140,246.20333333333335,305.68,262.5466666666667,306.2041672199445
8150,246.26866666666666,305.60200000000003,262.59933333333333,306.11909074157757
8160,246.334,305.524,262.652,306.0340142632106
8170,246.39933333333335,305.446,262.70466666666664,305.9489377848437
8180,246.46466666666666,305.368,262.75733333333335,305.86386130647674
8190,246.53,305.29,262.81,305.7787848281098
8200,246.59466666666665,305.14000000000004,262.848,305.622761458693
8210,246.65933333333334,304.99,262.886,305.46673808927613
8220,246.724,304.84000000000003,262.924,305.31071471985933
8230,246.78866666666667,304.69,262.962,305.15469135044253
8240,246.85333333333332,304.54,263.0,304.9986679810257
8250,246.918,304.39000000000004,263.038,304.8426446116089
8260,246.98266666666666,304.24,263.076,304.6866212421921
8270,247.04733333333334,304.09000000000003,263.114,304.5305978727752
8280,247.112,303.94,263.152,304.3745745033584
8290,247.17666666666668,303.79,263.19,304.2185511339416
8300,247.24133333333333,303.64000000000004,263.228,304.06252776452476
8310,247.306,303.49,263.266,303.90650439510796
8320,247.37066666666666,303.34000000000003,263.304,303.75048102569116
8330,247.43533333333335,303.19,263.342,303.5944576562743
8340,247.5,303.04,263.38,303.4384342868575
8350,247.56333333333333,302.93333333333334,263.40866666666665,303.33456751408085
8360,247.62666666666667,302.8266666666667,263.43733333333336,303.2307007413042
8370,247.69,302.72,263.466,303.12683396852754
8380,247.75333333333333,302.61333333333334,263.49466666666666,303.0229671957509
8390,247.81666666666666,302.50666666666666,263.5233333333333,302.9191004229742
8400,247.88,302.40000000000003,263.552,302.81523365019757
8410,247.94333333333333,302.29333333333335,263.5806666666667,302.7113668774209
8420,248.00666666666666,302.18666666666667,263.6093333333333,302.6075001046443
8430,248.07,302.08,263.638,302.50363333186766
8440,248.13333333333333,301.97333333333336,263.6666666666667,302.399766559091
8450,248.19666666666666,301.8666666666667,263.69533333333334,302.29589978631435
8460,248.26,301.76,263.724,302.1920330135377
8470,248.32333333333332,301.6533333333333,263.75266666666664,302.08816624076104
8480,248.38666666666666,301.5466666666667,263.78133333333335,301.9842994679844
8490,248.45,301.44,263.81,301.88043269520773
8500,248.51266666666666,301.50933333333336,263.8546666666667,301.9518260067613
8510,248.57533333333333,301.57866666666666,263.89933333333335,302.02321931831483
8520,248.63799999999998,301.648,263.944,302.0946126298684
8530,248.70066666666665,301.71733333333333,263.9886666666667,302.16600594142193
8540,248.76333333333332,301.7866666666667,264.03333333333336,302.2373992529755
8550,248.826,301.856,264.07800000000003,302.308792564529
8560,248.88866666666667,301.92533333333336,264.1226666666667,302.3801858760826
8570,248.9513333333333,301.99466666666666,264.1673333333333,302.4515791876361
8580,249.01399999999998,302.064,264.212,302.5229724991897
8590,249.07666666666665,302.1333333333333,264.25666666666666,302.5943658107432
8600,249.13933333333333,302.2026666666667,264.30133333333333,302.6657591222968
8610,249.202,302.272,264.346,302.7371524338503
8620,249.26466666666664,302.34133333333335,264.3906666666667,302.8085457454039
8630,249.3273333333333,302.41066666666666,264.43533333333335,302.8799390569574
8640,249.39,302.48,264.48,302.951332368511
8650,249.452,301.64933333333335,264.452,302.08530982047375
8660,249.51399999999998,300.8186666666667,264.42400000000004,301.2192872724365
8670,249.576,299.988,264.396,300.35326472439925
8680,249.63799999999998,299.1573333333333,264.368,299.487242176362
8690,249.7,298.32666666666665,264.34000000000003,298.62121962832475
8700,249.762,297.496,264.312,297.7551970802875
8710,249.82399999999998,296.6653333333333,264.284,296.88917453225025
8720,249.886,295.8346666666667,264.25600000000003,296.023151984213
8730,249.94799999999998,295.004,264.228,295.15712943617575
8740,250.01,294.17333333333335,264.2,294.2911068881385
8750,250.072,293.3426666666667,264.172,293.42508434010125
8760,250.134,292.512,264.144,292.55906179206397
8770,250.196,291.6813333333333,264.116,291.69303924402675
8780,250.25799999999998,290.85066666666665,264.088,290.82701669598947
8790,250.32,290.02,264.06,289.96099414795225
8800,250.37933333333334,289.1553333333333,263.98333333333335,289.0818874622747
8810,250.43866666666665,288.29066666666665,263.9066666666667,288.2027807765972
8820,250.498,287.426,263.83,287.3236740909197
8830,250.55733333333333,286.5613333333333,263.75333333333333,286.4445674052422
8840,250.61666666666667,285.69666666666666,263.6766666666667,285.56546071956467
8850,250.676,284.832,263.6,284.68635403388714
8860,250.73533333333333,283.96733333333333,263.52333333333337,283.8072473482096
8870,250.79466666666667,283.10266666666666,263.44666666666666,282.92814066253214
8880,250.854,282.238,263.37,282.0490339768546
8890,250.91333333333333,281.37333333333333,263.29333333333335,281.1699272911771
8900,250.97266666666667,280.50866666666667,263.2166666666667,280.29082060549956
8910,251.032,279.644,263.14000000000004,279.41171391982203
8920,251.09133333333335,278.77933333333334,263.06333333333333,278.53260723414456
8930,251.15066666666667,277.9146666666667,262.9866666666667,277.65350054846704
8940,251.21,277.05,262.91,276.7743938627895
8950,251.26666666666668,276.36533333333335,262.8126666666667,276.09199188860697
8960,251.32333333333335,275.6806666666667,262.7153333333334,275.40958991442443
8970,251.38,274.996,262.618,274.7271879402419
8980,251.43666666666667,274.3113333333333,262.52066666666667,274.04478596605935
8990,251.49333333333334,273.62666666666667,262.42333333333335,273.3623839918768
9000,251.55,272.942,262.326,272.6799820176943
9010,251.60666666666668,272.25733333333335,262.2286666666667,271.99758004351173
9020,251.66333333333333,271.57266666666663,262.1313333333333,271.31517806932925
9030,251.72,270.888,262.034,270.6327760951467
9040,251.77666666666667,270.2033333333333,261.93666666666667,269.95037412096417
9050,251.83333333333334,269.51866666666666,261.83933333333334,269.26797214678163
9060,251.89000000000001,268.834,261.742,268.5855701725991
9070,251.94666666666666,268.1493333333333,261.64466666666664,267.90316819841655
9080,252.00333333333333,267.46466666666663,261.5473333333333,267.220766224234
9090,252.06,266.78,261.45,266.5383642500515
9100,252.11466666666666,266.50266666666664,261.38266666666664,266.26245583649916
9110,252.16933333333333,266.2253333333333,261.31533333333334,265.9865474229469
9120,252.224,265.948,261.248,265.7106390093946
9130,252.27866666666668,265.67066666666665,261.18066666666664,265.43473059584227
9140,252.33333333333334,265.3933333333333,261.11333333333334,265.15882218229
9150,252.388,265.116,261.046,264.8829137687377
9160,252.44266666666667,264.83866666666665,260.97866666666664,264.6070053551854
9170,252.49733333333333,264.5613333333333,260.91133333333335,264.3310969416331
9180,252.552,264.284,260.844,264.0551885280808
9190,252.60666666666665,264.00666666666666,260.77666666666664,263.7792801145285
9200,252.66133333333332,263.72933333333333,260.70933333333335,263.50337170097623
9210,252.716,263.452,260.642,263.2274632874239
9220,252.77066666666667,263.17466666666667,260.57466666666664,262.9515548738716
9230,252.82533333333333,262.89733333333334,260.50733333333335,262.67564646031934
9240,252.88,262.62,260.44,262.399738046767
9250,252.93066666666667,261.99533333333335,260.34866666666665,261.7598791791767
9260,252.98133333333334,261.3706666666667,260.25733333333335,261.1200203115864
9270,253.03199999999998,260.746,260.166,260.4801614439961
9280,253.08266666666665,260.1213333333333,260.07466666666664,259.8403025764058
9290,253.13333333333333,259.49666666666667,259.98333333333335,259.2004437088155
9300,253.184,258.872,259.892,258.5605848412252
9310,253.23466666666667,258.24733333333336,259.80066666666664,257.9207259736349
9320,253.2853333333333,257.62266666666665,259.70933333333335,257.28086710604464
9330,253.33599999999998,256.998,259.618,256.64100823845433
9340,253.38666666666666,256.37333333333333,259.52666666666664,256.001149370864
9350,253.43733333333333,255.74866666666668,259.43533333333335,255.3612905032737
9360,253.488,255.124,259.344,254.72143163568342
9370,253.53866666666664,254.49933333333334,259.25266666666664,254.0815727680931
9380,253.58933333333331,253.87466666666666,259.16133333333335,253.4417139005028
9390,253.64,253.25,259.07,252.8018550329125
9400,253.68666666666667,252.60266666666666,258.95866666666666,252.14660041995808
9410,253.73333333333332,251.95533333333333,258.8473333333333,251.49134580700363
9420,253.78,251.308,258.736,250.8360911940492
9430,253.82666666666665,250.66066666666666,258.62466666666666,250.18083658109475
9440,253.87333333333333,250.01333333333332,258.5133333333333,249.52558196814033
9450,253.92,249.36599999999999,258.402,248.8703273551859
9460,253.96666666666667,248.71866666666665,258.29066666666665,248.21507274223146
9470,254.01333333333332,248.07133333333334,258.1793333333333,247.55981812927703
9480,254.06,247.424,258.068,246.90456351632258
9490,254.10666666666665,246.77666666666667,257.95666666666665,246.24930890336816
9500,254.15333333333334,246.12933333333334,257.8453333333333,245.59405429041374
9510,254.2,245.482,257.734,244.9387996774593
9520,254.24666666666667,244.83466666666666,257.62266666666665,244.28354506450486
9530,254.29333333333332,244.18733333333333,257.5113333333333,243.6282904515504
9540,254.34,243.54,257.4,242.973035838596
9550,254.38,242.89466666666667,257.2726666666666,242.3211691944993
9560,254.42000000000002,242.24933333333334,257.1453333333333,241.66930255040262
9570,254.46,241.60399999999998,257.018,241.01743590630593
9580,254.5,240.95866666666666,256.8906666666667,240.36556926220928
9590,254.54,240.31333333333333,256.7633333333333,239.7137026181126
9600,254.58,239.668,256.63599999999997,239.0618359740159
9610,254.62,239.02266666666668,256.50866666666667,238.40996932991922
9620,254.66,238.37733333333333,256.3813333333333,237.75810268582254
9630,254.7,237.732,256.254,237.10623604172585
9640,254.74,237.08666666666667,256.12666666666667,236.45436939762916
9650,254.78,236.44133333333335,255.99933333333334,235.8025027535325
9660,254.82,235.79600000000002,255.872,235.15063610943582
9670,254.85999999999999,235.15066666666667,255.74466666666666,234.49876946533914
9680,254.9,234.50533333333334,255.61733333333333,233.84690282124245
9690,254.94,233.86,255.49,233.19503617714577
9700,254.97333333333333,233.23666666666668,255.35333333333335,232.56534121612873
9710,255.00666666666666,232.61333333333334,255.21666666666667,231.93564625511166
9720,255.04,231.99,255.08,231.30595129409463
9730,255.07333333333332,231.36666666666667,254.94333333333333,230.67625633307756
9740,255.10666666666665,230.74333333333334,254.80666666666667,230.04656137206052
9750,255.14,230.12,254.67000000000002,229.41686641104346
9760,255.17333333333332,229.49666666666667,254.53333333333333,228.78717145002642
9770,255.20666666666668,228.87333333333333,254.39666666666668,228.15747648900935
9780,255.24,228.25,254.26,227.52778152799232
9790,255.27333333333334,227.62666666666667,254.12333333333333,226.89808656697525
9800,255.30666666666667,227.00333333333333,253.98666666666668,226.26839160595821
9810,255.34,226.38,253.85,225.63869664494115
9820,255.37333333333333,225.75666666666666,253.71333333333334,225.0090016839241
9830,255.40666666666667,225.13333333333333,253.57666666666665,224.37930672290705
9840,255.44,224.51,253.44,223.74961176189
9850,255.466,224.04866666666666,253.30733333333333,223.28898792598727
9860,255.492,223.58733333333333,253.17466666666667,222.8283640900845
9870,255.518,223.126,253.042,222.36774025418177
9880,255.544,222.66466666666665,252.90933333333334,221.907116418279
9890,255.57,222.20333333333332,252.77666666666667,221.44649258237627
9900,255.596,221.742,252.644,220.9858687464735
9910,255.622,221.28066666666666,252.51133333333334,220.52524491057076
9920,255.648,220.81933333333333,252.37866666666665,220.064621074668
9930,255.674,220.358,252.24599999999998,219.60399723876526
9940,255.70000000000002,219.89666666666668,252.11333333333332,219.1433734028625
9950,255.726,219.43533333333335,251.98066666666665,218.68274956695976
9960,255.752,218.974,251.84799999999998,218.222125731057
9970,255.77800000000002,218.51266666666666,251.71533333333332,217.76150189515425
9980,255.804,218.05133333333333,251.58266666666665,217.3008780592515
9990,255.83,217.59,251.45,216.84025422334875
10000,255.84733333333335,217.086,251.31466666666665,216.33068099286183
10010,255.86466666666666,216.582,251.17933333333332,215.8211077623749
10020,255.882,216.078,251.04399999999998,215.31153453188801
10030,255.89933333333335,215.574,250.90866666666665,214.8019613014011
10040,255.91666666666666,215.07,250.7733333333333,214.29238807091417
10050,255.934,214.566,250.63799999999998,213.78281484042725
10060,255.95133333333334,214.062,250.50266666666664,213.27324160994033
10070,255.96866666666665,213.558,250.36733333333333,212.76366837945343
10080,255.986,213.054,250.232,212.2540951489665
10090,256.00333333333333,212.55,250.09666666666666,211.7445219184796
10100,256.02066666666667,212.046,249.96133333333333,211.23494868799267
10110,256.038,211.542,249.826,210.72537545750575
10120,256.0553333333333,211.038,249.69066666666666,210.21580222701886
10130,256.07266666666663,210.534,249.55533333333332,209.70622899653193
10140,256.09,210.03,249.42,209.196655766045
10150,256.09999999999997,209.62066666666666,249.28333333333333,208.7924357544944
10160,256.10999999999996,209.21133333333333,249.14666666666665,208.38821574294374
10170,256.12,208.802,249.01,207.98399573139312
10180,256.13,208.39266666666666,248.87333333333333,207.57977571984247
10190,256.14,207.98333333333332,248.73666666666665,207.17555570829185
10200,256.15,207.57399999999998,248.6,206.7713356967412
10210,256.15999999999997,207.16466666666665,248.46333333333334,206.36711568519058
10220,256.17,206.75533333333334,248.32666666666665,205.96289567363993
10230,256.18,206.346,248.19,205.5586756620893
10240,256.19,205.93666666666667,248.05333333333334,205.15445565053867
10250,256.2,205.52733333333333,247.91666666666666,204.75023563898804
10260,256.21,205.118,247.78,204.3460156274374
10270,256.22,204.70866666666666,247.64333333333335,203.94179561588678
10280,256.23,204.29933333333332,247.50666666666666,203.53757560433613
10290,256.24,203.89,247.37,203.1333555927855
10300,256.2406666666667,203.742,247.26066666666668,202.98879141369162
10310,256.24133333333333,203.594,247.15133333333333,202.8442272345977
10320,256.242,203.446,247.042,202.6996630555038
10330,256.24266666666665,203.29799999999997,246.93266666666668,202.55509887640991
10340,256.24333333333334,203.14999999999998,246.82333333333332,202.410534697316
10350,256.244,203.00199999999998,246.714,202.2659705182221
10360,256.24466666666666,202.85399999999998,246.60466666666667,202.1214063391282
10370,256.24533333333335,202.706,246.49533333333332,201.9768421600343
10380,256.246,202.558,246.386,201.8322779809404
10390,256.24666666666667,202.41,246.27666666666667,201.6877138018465
10400,256.24733333333336,202.262,246.16733333333332,201.5431496227526
10410,256.248,202.11399999999998,246.058,201.3985854436587
10420,256.2486666666667,201.96599999999998,245.94866666666667,201.2540212645648
10430,256.2493333333333,201.81799999999998,245.83933333333331,201.1094570854709
10440,256.25,201.67,245.73,200.964892906377
10450,256.24133333333333,201.844,245.65933333333334,201.15245125493615
10460,256.23266666666666,202.018,245.58866666666665,201.3400096034953
10470,256.224,202.19199999999998,245.518,201.52756795205445
10480,256.2153333333333,202.36599999999999,245.44733333333332,201.7151263006136
10490,256.20666666666665,202.54,245.37666666666667,201.90268464917276
10500,256.198,202.714,245.30599999999998,202.0902429977319
10510,256.1893333333333,202.888,245.23533333333333,202.27780134629106
10520,256.1806666666667,203.06199999999998,245.16466666666665,202.46535969485018
10530,256.172,203.236,245.094,202.65291804340933
10540,256.16333333333336,203.41,245.0233333333333,202.84047639196848
10550,256.1546666666667,203.584,244.95266666666666,203.02803474052763
10560,256.146,203.758,244.88199999999998,203.21559308908678
10570,256.13733333333334,203.932,244.81133333333332,203.40315143764593
10580,256.1286666666667,204.106,244.74066666666664,203.59070978620508
10590,256.12,204.28,244.67,203.77826813476423
10600,256.104,204.25,244.60733333333332,203.74390230296598
10610,256.088,204.22,244.54466666666664,203.70953647116772
10620,256.072,204.19,244.482,203.6751706393695
10630,256.056,204.16,244.41933333333333,203.64080480757124
10640,256.04,204.13,244.35666666666665,203.606438975773
10650,256.024,204.1,244.29399999999998,203.57207314397473
10660,256.008,204.07,244.2313333333333,203.53770731217648
10670,255.992,204.04000000000002,244.16866666666667,203.50334148037825
10680,255.976,204.01000000000002,244.106,203.46897564858
10690,255.96,203.98000000000002,244.04333333333332,203.43460981678174
10700,255.944,203.95000000000002,243.98066666666665,203.4002439849835
10710,255.928,203.92000000000002,243.91799999999998,203.36587815318524
10720,255.912,203.89000000000001,243.85533333333333,203.331512321387
10730,255.896,203.86,243.79266666666666,203.29714648958876
10740,255.88,203.83,243.73,203.2627806577905
10750,255.85533333333333,203.7506666666667,243.66,203.1870195690881
10760,255.83066666666667,203.67133333333334,243.59,203.1112584803857
10770,255.80599999999998,203.592,243.51999999999998,203.0354973916833
10780,255.78133333333332,203.51266666666666,243.45,202.9597363029809
10790,255.75666666666666,203.43333333333334,243.38,202.8839752142785
10800,255.732,203.354,243.31,202.8082141255761
10810,255.70733333333334,203.27466666666666,243.24,202.7324530368737
10820,255.68266666666665,203.19533333333334,243.17,202.6566919481713
10830,255.658,203.11599999999999,243.1,202.5809308594689
10840,255.63333333333333,203.03666666666666,243.03,202.50516977076649
10850,255.60866666666666,202.95733333333334,242.96,202.4294086820641
10860,255.584,202.878,242.89000000000001,202.3536475933617
10870,255.5593333333333,202.79866666666666,242.82,202.2778865046593
10880,255.53466666666665,202.7193333333333,242.75,202.20212541595689
10890,255.51,202.64,242.68,202.1263643272545
10900,255.47866666666667,202.7,242.62666666666667,202.1897369051012
10910,255.44733333333332,202.76,242.57333333333335,202.2531094829479
10920,255.416,202.82,242.52,202.31648206079458
10930,255.38466666666665,202.88,242.46666666666667,202.3798546386413
10940,255.35333333333332,202.94,242.41333333333333,202.443227216488
10950,255.322,203.0,242.36,202.5065997943347
10960,255.29066666666665,203.06,242.30666666666667,202.5699723721814
10970,255.25933333333333,203.11999999999998,242.25333333333333,202.6333449500281
10980,255.22799999999998,203.17999999999998,242.2,202.6967175278748
10990,255.19666666666666,203.23999999999998,242.14666666666668,202.7600901057215
11000,255.16533333333334,203.29999999999998,242.09333333333333,202.8234626835682
11010,255.134,203.35999999999999,242.04,202.88683526141492
11020,255.10266666666666,203.42,241.98666666666665,202.9502078392616
11030,255.0713333333333,203.48,241.93333333333334,203.0135804171083
11040,255.04,203.54,241.88,203.076952994955
11050,255.004,203.61666666666665,241.83599999999998,203.15629989830632
11060,254.968,203.69333333333333,241.792,203.2356468016576
11070,254.932,203.76999999999998,241.748,203.3149937050089
11080,254.896,203.84666666666666,241.704,203.3943406083602
11090,254.85999999999999,203.92333333333332,241.66,203.47368751171152
11100,254.82399999999998,204.0,241.61599999999999,203.5530344150628
11110,254.78799999999998,204.07666666666665,241.572,203.6323813184141
11120,254.752,204.15333333333334,241.528,203.7117282217654
11130,254.716,204.23,241.484,203.79107512511672
11140,254.68,204.30666666666667,241.44,203.870422028468
11150,254.644,204.38333333333333,241.396,203.9497689318193
11160,254.608,204.46,241.352,204.02911583517061
11170,254.572,204.53666666666666,241.308,204.10846273852192
11180,254.536,204.61333333333334,241.264,204.1878096418732
11190,254.5,204.69,241.22,204.2671565452245
11200,254.45933333333332,204.63266666666667,241.17266666666666,204.20529077693487
11210,254.41866666666667,204.57533333333333,241.12533333333334,204.14342500864524
11220,254.378,204.518,241.078,204.0815592403556
11230,254.33733333333333,204.46066666666667,241.03066666666666,204.01969347206597
11240,254.29666666666665,204.40333333333334,240.98333333333332,203.95782770377633
11250,254.256,204.346,240.936,203.8959619354867
11260,254.21533333333332,204.28866666666667,240.88866666666667,203.83409616719706
11270,254.17466666666667,204.23133333333334,240.84133333333332,203.77223039890745
11280,254.134,204.174,240.79399999999998,203.71036463061782
11290,254.09333333333333,204.11666666666667,240.74666666666667,203.64849886232818
11300,254.05266666666665,204.05933333333334,240.69933333333333,203.58663309403855
11310,254.012,204.002,240.652,203.5247673257489
11320,253.97133333333332,203.94466666666668,240.60466666666665,203.46290155745928
11330,253.93066666666667,203.88733333333334,240.55733333333333,203.40103578916964
11340,253.89,203.83,240.51,203.33917002088
11350,253.84599999999998,203.74533333333335,240.45333333333332,203.25600655704721
11360,253.802,203.66066666666669,240.39666666666665,203.17284309321442
11370,253.75799999999998,203.57600000000002,240.34,203.08967962938166
11380,253.714,203.49133333333333,240.28333333333333,203.00651616554887
11390,253.67,203.40666666666667,240.22666666666666,202.92335270171608
11400,253.62599999999998,203.322,240.17,202.8401892378833
11410,253.582,203.23733333333334,240.11333333333332,202.7570257740505
11420,253.53799999999998,203.15266666666668,240.05666666666667,202.67386231021774
11430,253.494,203.068,240.0,202.59069884638495
11440,253.45,202.98333333333335,239.94333333333333,202.50753538255216
11450,253.40599999999998,202.89866666666668,239.88666666666666,202.42437191871937
11460,253.362,202.814,239.82999999999998,202.34120845488658
11470,253.31799999999998,202.72933333333333,239.77333333333334,202.25804499105382
11480,253.274,202.64466666666667,239.71666666666667,202.17488152722103
11490,253.23,202.56,239.66,202.09171806338824
11500,253.184,202.57333333333332,239.61333333333334,202.1071718801101
11510,253.13799999999998,202.58666666666667,239.56666666666666,202.12262569683193
11520,253.09199999999998,202.6,239.52,202.1380795135538
11530,253.046,202.61333333333334,239.47333333333333,202.15353333027565
11540,253.0,202.62666666666667,239.42666666666668,202.1689871469975
11550,252.95399999999998,202.64,239.38,202.18444096371934
11560,252.908,202.65333333333334,239.33333333333334,202.19989478044118
11570,252.862,202.66666666666666,239.28666666666666,202.21534859716306
11580,252.816,202.68,239.24,202.2308024138849
11590,252.76999999999998,202.69333333333333,239.19333333333333,202.24625623060675
11600,252.724,202.70666666666665,239.14666666666668,202.2617100473286
11610,252.678,202.72,239.1,202.27716386405044
11620,252.632,202.73333333333332,239.05333333333334,202.2926176807723
11630,252.58599999999998,202.74666666666667,239.00666666666666,202.30807149749415
11640,252.54,202.76,238.96,202.323525314216
11650,252.49333333333334,202.88533333333334,238.92666666666668,202.4541854022625
11660,252.44666666666666,203.01066666666665,238.89333333333335,202.584845490309
11670,252.4,203.136,238.86,202.7155055783555
11680,252.35333333333332,203.2613333333333,238.82666666666668,202.846165666402
11690,252.30666666666667,203.38666666666666,238.79333333333335,202.9768257544485
11700,252.26,203.512,238.76000000000002,203.107485842495
11710,252.21333333333334,203.63733333333332,238.7266666666667,203.2381459305415
11720,252.16666666666666,203.76266666666666,238.69333333333333,203.368806018588
11730,252.12,203.88799999999998,238.66,203.4994661066345
11740,252.07333333333332,204.01333333333332,238.62666666666667,203.630126194681
11750,252.02666666666667,204.13866666666667,238.59333333333333,203.7607862827275
11760,251.98,204.26399999999998,238.56,203.891446370774
11770,251.93333333333334,204.38933333333333,238.52666666666667,204.0221064588205
11780,251.88666666666666,204.51466666666664,238.49333333333334,204.15276654686699
11790,251.84,204.64,238.46,204.2834266349135
11800,251.79133333333334,204.59533333333331,238.4226666666667,204.23316400437346
11810,251.74266666666668,204.55066666666664,238.38533333333334,204.18290137383343
11820,251.69400000000002,204.506,238.348,204.1326387432934
11830,251.64533333333333,204.46133333333333,238.31066666666666,204.08237611275337
11840,251.59666666666666,204.41666666666666,238.27333333333334,204.03211348221333
11850,251.548,204.37199999999999,238.23600000000002,203.9818508516733
11860,251.49933333333334,204.3273333333333,238.19866666666667,203.93158822113327
11870,251.45066666666668,204.28266666666667,238.16133333333335,203.88132559059324
11880,251.40200000000002,204.238,238.124,203.8310629600532
11890,251.35333333333335,204.19333333333333,238.08666666666667,203.78080032951317
11900,251.3046666666667,204.14866666666666,238.04933333333335,203.73053769897314
11910,251.256,204.10399999999998,238.012,203.6802750684331
11920,251.20733333333334,204.05933333333334,237.97466666666668,203.63001243789307
11930,251.15866666666668,204.01466666666667,237.93733333333333,203.57974980735304
11940,251.11,203.97,237.9,203.529487176813
11950,251.06133333333335,203.94466666666668,237.854,203.51021723117466
11960,251.0126666666667,203.91933333333333,237.808,203.4909472855363
11970,250.964,203.894,237.762,203.47167733989795
11980,250.91533333333334,203.86866666666666,237.716,203.4524073942596
11990,250.86666666666667,203.84333333333333,237.67000000000002,203.43313744862124
12000,250.818,203.818,237.624,203.4138675029829
12010,250.76933333333335,203.79266666666666,237.578,203.39459755734455
12020,250.72066666666666,203.76733333333334,237.532,203.37532761170618
12030,250.672,203.742,237.48600000000002,203.35605766606784
12040,250.62333333333333,203.71666666666667,237.44,203.3367877204295
12050,250.57466666666667,203.69133333333335,237.394,203.31751777479113
12060,250.526,203.666,237.348,203.29824782915279
12070,250.47733333333332,203.64066666666668,237.30200000000002,203.27897788351444
12080,250.42866666666666,203.61533333333333,237.256,203.25970793787607
12090,250.38,203.59,237.21,203.24043799223773
12100,250.33133333333333,203.808,237.19133333333335,203.46407613498928
12110,250.28266666666667,204.026,237.1726666666667,203.68771427774084
12120,250.234,204.244,237.154,203.9113524204924
12130,250.18533333333332,204.46200000000002,237.13533333333334,204.13499056324395
12140,250.13666666666666,204.68,237.11666666666667,204.3586287059955
12150,250.088,204.898,237.098,204.58226684874705
12160,250.03933333333333,205.116,237.07933333333335,204.8059049914986
12170,249.99066666666667,205.334,237.06066666666666,205.02954313425013
12180,249.942,205.55200000000002,237.042,205.2531812770017
12190,249.89333333333335,205.77,237.02333333333334,205.47681941975324
12200,249.84466666666668,205.988,237.00466666666668,205.7004575625048
12210,249.796,206.20600000000002,236.98600000000002,205.92409570525635
12220,249.74733333333333,206.424,236.96733333333333,206.1477338480079
12230,249.69866666666667,206.64200000000002,236.94866666666667,206.37137199075946
12240,249.65,206.86,236.93,206.595010133511
12250,249.60133333333334,206.92533333333336,236.90933333333334,206.65832498672427
12260,249.55266666666668,206.99066666666667,236.88866666666667,206.7216398399375
12270,249.504,207.056,236.868,206.78495469315075
12280,249.45533333333333,207.12133333333335,236.84733333333335,206.848269546364
12290,249.40666666666667,207.18666666666667,236.82666666666668,206.91158439957724
12300,249.358,207.252,236.806,206.9748992527905
12310,249.30933333333334,207.31733333333335,236.78533333333334,207.03821410600375
12320,249.26066666666665,207.38266666666667,236.76466666666667,207.10152895921698
12330,249.212,207.448,236.744,207.16484381243023
12340,249.16333333333333,207.51333333333335,236.72333333333333,207.2281586656435
12350,249.11466666666666,207.57866666666666,236.70266666666666,207.29147351885672
12360,249.066,207.644,236.68200000000002,207.35478837206998
12370,249.0173333333333,207.70933333333335,236.66133333333335,207.41810322528323
12380,248.96866666666665,207.77466666666666,236.64066666666668,207.48141807849646
12390,248.92,207.84,236.62,207.54473293170972
12400,248.87133333333333,207.798,236.592,207.49852732079296
12410,248.82266666666666,207.756,236.564,207.45232170987623
12420,248.774,207.714,236.536,207.40611609895947
12430,248.7253333333333,207.672,236.508,207.35991048804271
12440,248.67666666666665,207.63,236.48,207.31370487712599
12450,248.628,207.588,236.452,207.26749926620923
12460,248.57933333333332,207.546,236.424,207.22129365529247
12470,248.53066666666666,207.50400000000002,236.396,207.17508804437574
12480,248.482,207.46200000000002,236.368,207.12888243345898
12490,248.43333333333334,207.42000000000002,236.34,207.08267682254223
12500,248.38466666666667,207.37800000000001,236.31199999999998,207.0364712116255
12510,248.33599999999998,207.336,236.284,206.99026560070874
12520,248.28733333333332,207.294,236.256,206.94405998979198
12530,248.23866666666666,207.252,236.22799999999998,206.89785437887525
12540,248.19,207.21,236.2,206.8516487679585
12550,248.142,207.09466666666668,236.15866666666665,206.7328219675503
12560,248.094,206.97933333333333,236.11733333333333,206.61399516714212
12570,248.046,206.864,236.076,206.49516836673394
12580,247.998,206.74866666666668,236.03466666666665,206.37634156632578
12590,247.95,206.63333333333333,235.99333333333334,206.2575147659176
12600,247.902,206.518,235.952,206.1386879655094
12610,247.85399999999998,206.40266666666668,235.91066666666666,206.01986116510122
12620,247.806,206.28733333333332,235.86933333333334,205.90103436469303
12630,247.758,206.172,235.828,205.78220756428485
12640,247.71,206.05666666666667,235.78666666666666,205.66338076387666
12650,247.662,205.94133333333332,235.74533333333335,205.54455396346847
12660,247.614,205.826,235.704,205.42572716306032
12670,247.566,205.71066666666667,235.66266666666667,205.30690036265213
12680,247.518,205.59533333333331,235.62133333333335,205.18807356224394
12690,247.47,205.48,235.58,205.06924676183576
12700,247.42333333333335,205.328,235.53,204.9146980465747
12710,247.37666666666667,205.176,235.48000000000002,204.76014933131367
12720,247.33,205.024,235.43,204.6056006160526
12730,247.28333333333333,204.87199999999999,235.38000000000002,204.45105190079155
12740,247.23666666666668,204.72,235.33,204.2965031855305
12750,247.19,204.56799999999998,235.28,204.14195447026947
12760,247.14333333333335,204.416,235.23000000000002,203.9874057550084
12770,247.09666666666666,204.26399999999998,235.18,203.83285703974735
12780,247.05,204.112,235.13000000000002,203.6783083244863
12790,247.00333333333333,203.95999999999998,235.08,203.52375960922527
12800,246.95666666666668,203.808,235.03,203.3692108939642
12810,246.91,203.65599999999998,234.98000000000002,203.21466217870315
12820,246.86333333333334,203.504,234.93,203.0601134634421
12830,246.81666666666666,203.35199999999998,234.88000000000002,202.90556474818106
12840,246.77,203.2,234.83,202.75101603292
12850,246.72400000000002,203.28799999999998,234.79533333333333,202.8470929645854
12860,246.678,203.376,234.76066666666668,202.9431698962508
12870,246.632,203.464,234.726,203.0392468279162
12880,246.586,203.552,234.69133333333335,203.13532375958158
12890,246.54000000000002,203.64,234.65666666666667,203.231400691247
12900,246.494,203.728,234.622,203.3274776229124
12910,246.448,203.816,234.58733333333333,203.42355455457778
12920,246.40200000000002,203.904,234.55266666666668,203.51963148624318
12930,246.35600000000002,203.992,234.518,203.61570841790856
12940,246.31,204.08,234.48333333333335,203.71178534957397
12950,246.264,204.168,234.44866666666667,203.80786228123938
12960,246.21800000000002,204.256,234.41400000000002,203.90393921290476
12970,246.17200000000003,204.344,234.37933333333334,204.00001614457017
12980,246.126,204.43200000000002,234.34466666666668,204.09609307623555
12990,246.08,204.52,234.31,204.19217000790096
13000,246.03533333333334,204.43200000000002,234.27133333333333,204.09718223364683
13010,245.99066666666667,204.344,234.23266666666666,204.00219445939268
13020,245.946,204.256,234.194,203.90720668513856
13030,245.90133333333335,204.168,234.15533333333335,203.8122189108844
13040,245.85666666666668,204.08,234.11666666666667,203.7172311366303
13050,245.812,203.992,234.078,203.62224336237617
13060,245.76733333333334,203.904,234.03933333333333,203.52725558812202
13070,245.72266666666667,203.816,234.00066666666666,203.4322678138679
13080,245.678,203.728,233.962,203.33728003961374
13090,245.63333333333333,203.64,233.92333333333332,203.24229226535962
13100,245.58866666666665,203.552,233.88466666666665,203.1473044911055
13110,245.544,203.464,233.846,203.05231671685135
13120,245.49933333333334,203.376,233.80733333333333,202.95732894259723
13130,245.45466666666667,203.28799999999998,233.76866666666666,202.86234116834308
13140,245.41,203.2,233.73,202.76735339408896
13150,245.36533333333333,203.17,233.68333333333334,202.74681186066715
13160,245.32066666666665,203.14,233.63666666666666,202.72627032724537
13170,245.276,203.10999999999999,233.59,202.70572879382357
13180,245.23133333333334,203.07999999999998,233.54333333333332,202.68518726040176
13190,245.18666666666667,203.04999999999998,233.49666666666667,202.66464572697998
13200,245.142,203.01999999999998,233.45,202.64410419355818
13210,245.09733333333332,202.98999999999998,233.40333333333334,202.62356266013637
13220,245.05266666666668,202.96,233.35666666666665,202.6030211267146
13230,245.008,202.93,233.31,202.5824795932928
13240,244.96333333333334,202.9,233.26333333333332,202.56193805987098
13250,244.91866666666667,202.87,233.21666666666667,202.5413965264492
13260,244.874,202.84,233.17,202.5208549930274
13270,244.82933333333335,202.81,233.12333333333333,202.5003134596056
13280,244.78466666666668,202.78,233.07666666666665,202.47977192618382
13290,244.74,202.75,233.03,202.459230392762
13300,244.6966666666667,203.06133333333332,233.02266666666668,202.77864604692442
13310,244.65333333333334,203.37266666666667,233.01533333333333,203.0980617010868
13320,244.61,203.684,233.008,203.41747735524922
13330,244.56666666666666,203.99533333333332,233.00066666666666,203.7368930094116
13340,244.52333333333334,204.30666666666667,232.99333333333334,204.05630866357401
13350,244.48000000000002,204.618,232.986,204.3757243177364
13360,244.43666666666667,204.92933333333332,232.97866666666667,204.6951399718988
13370,244.39333333333335,205.24066666666667,232.97133333333332,205.0145556260612
13380,244.35,205.552,232.964,205.3339712802236
13390,244.30666666666667,205.86333333333332,232.95666666666665,205.653386934386
13400,244.26333333333335,206.17466666666667,232.94933333333333,205.9728025885484
13410,244.22,206.486,232.94199999999998,206.2922182427108
13420,244.17666666666668,206.7973333333333,232.93466666666666,206.6116338968732
13430,244.13333333333333,207.10866666666666,232.9273333333333,206.93104955103558
13440,244.09,207.42,232.92,207.250465205198
13450,244.04666666666668,207.41666666666666,232.902,207.23980343473085
13460,244.00333333333333,207.41333333333333,232.884,207.2291416642637
13470,243.96,207.41,232.86599999999999,207.21847989379657
13480,243.91666666666666,207.40666666666667,232.84799999999998,207.20781812332942
13490,243.87333333333333,207.40333333333334,232.82999999999998,207.19715635286227
13500,243.83,207.4,232.81199999999998,207.1864945823951
13510,243.78666666666666,207.39666666666668,232.79399999999998,207.17583281192796
13520,243.74333333333334,207.39333333333332,232.776,207.16517104146084
13530,243.7,207.39,232.758,207.15450927099369
13540,243.65666666666667,207.38666666666666,232.74,207.14384750052653
13550,243.61333333333334,207.38333333333333,232.722,207.13318573005938
13560,243.57,207.38,232.704,207.12252395959223
13570,243.52666666666667,207.37666666666667,232.686,207.1118621891251
13580,243.48333333333332,207.37333333333333,232.668,207.10120041865795
13590,243.44,207.37,232.65,207.0905386481908
13600,243.39733333333334,207.35066666666668,232.62466666666668,207.07047988067208
13610,243.35466666666667,207.33133333333333,232.59933333333333,207.05042111315336
13620,243.312,207.312,232.574,207.03036234563464
13630,243.26933333333332,207.29266666666666,232.54866666666666,207.01030357811592
13640,243.22666666666666,207.27333333333334,232.52333333333334,206.9902448105972
13650,243.184,207.25400000000002,232.49800000000002,206.97018604307848
13660,243.14133333333334,207.23466666666667,232.47266666666667,206.95012727555977
13670,243.09866666666667,207.21533333333335,232.44733333333335,206.93006850804105
13680,243.056,207.196,232.422,206.91000974052233
13690,243.01333333333335,207.17666666666668,232.39666666666668,206.8899509730036
13700,242.9706666666667,207.15733333333336,232.37133333333335,206.8698922054849
13710,242.928,207.138,232.346,206.84983343796617
13720,242.88533333333334,207.11866666666668,232.32066666666668,206.82977467044745
13730,242.84266666666667,207.09933333333333,232.29533333333333,206.80971590292873
13740,242.8,207.08,232.27,206.78965713541
13750,242.758,206.9946666666667,232.238,206.69888128333832
13760,242.716,206.90933333333334,232.20600000000002,206.60810543126664
13770,242.674,206.824,232.174,206.51732957919498
13780,242.632,206.7386666666667,232.142,206.4265537271233
13790,242.59,206.65333333333334,232.11,206.3357778750516
13800,242.548,206.568,232.078,206.24500202297992
13810,242.506,206.4826666666667,232.046,206.15422617090823
13820,242.464,206.39733333333334,232.014,206.06345031883657
13830,242.422,206.312,231.982,205.9726744667649
13840,242.38,206.2266666666667,231.95,205.8818986146932
13850,242.338,206.14133333333334,231.918,205.7911227626215
13860,242.296,206.056,231.886,205.70034691054983
13870,242.254,205.9706666666667,231.85399999999998,205.60957105847817
13880,242.212,205.88533333333334,231.822,205.51879520640648
13890,242.17,205.8,231.79,205.4280193543348
13900,242.12866666666665,205.58133333333333,231.73933333333332,205.20520633020874
13910,242.08733333333333,205.36266666666668,231.68866666666665,204.98239330608268
13920,242.046,205.144,231.638,204.75958028195663
13930,242.00466666666665,204.92533333333336,231.58733333333333,204.53676725783058
13940,241.96333333333334,204.70666666666668,231.53666666666666,204.31395423370452
13950,241.922,204.488,231.486,204.09114120957847
13960,241.88066666666666,204.26933333333335,231.43533333333332,203.8683281854524
13970,241.83933333333334,204.05066666666667,231.38466666666667,203.6455151613264
13980,241.798,203.83200000000002,231.334,203.42270213720033
13990,241.75666666666666,203.61333333333334,231.28333333333333,203.19988911307428
14000,241.71533333333335,203.39466666666667,231.23266666666666,202.97707608894822
14010,241.674,203.17600000000002,231.182,202.75426306482217
14020,241.63266666666667,202.95733333333334,231.13133333333334,202.53145004069611
14030,241.59133333333335,202.7386666666667,231.08066666666667,202.30863701657006
14040,241.55,202.52,231.03,202.085823992444
14050,241.50933333333333,202.64266666666668,230.99933333333334,202.21927529308755
14060,241.46866666666668,202.76533333333333,230.96866666666668,202.35272659373112
14070,241.428,202.888,230.938,202.48617789437466
14080,241.38733333333334,203.01066666666668,230.90733333333333,202.6196291950182
14090,241.34666666666666,203.13333333333335,230.87666666666667,202.75308049566178
14100,241.306,203.256,230.846,202.88653179630532
14110,241.26533333333333,203.37866666666667,230.81533333333334,203.01998309694886
14120,241.22466666666668,203.50133333333335,230.78466666666665,203.15343439759243
14130,241.184,203.62400000000002,230.754,203.28688569823598
14140,241.14333333333335,203.74666666666667,230.72333333333333,203.42033699887952
14150,241.10266666666666,203.86933333333334,230.69266666666667,203.5537882995231
14160,241.062,203.99200000000002,230.662,203.68723960016663
14170,241.02133333333333,204.1146666666667,230.63133333333332,203.82069090081018
14180,240.98066666666668,204.23733333333334,230.60066666666665,203.95414220145375
14190,240.94,204.36,230.57,204.0875935020973
14200,240.90066666666667,204.26066666666668,230.536,203.97958562686537
14210,240.86133333333333,204.16133333333335,230.50199999999998,203.87157775163345
14220,240.822,204.062,230.468,203.76356987640153
14230,240.78266666666667,203.96266666666668,230.434,203.6555620011696
14240,240.74333333333334,203.86333333333334,230.4,203.5475541259377
14250,240.704,203.764,230.36599999999999,203.43954625070577
14260,240.66466666666668,203.66466666666668,230.332,203.33153837547385
14270,240.62533333333332,203.56533333333334,230.298,203.22353050024194
14280,240.58599999999998,203.466,230.264,203.11552262501002
14290,240.54666666666665,203.36666666666667,230.23,203.0075147497781
14300,240.50733333333332,203.26733333333334,230.196,202.89950687454618
14310,240.468,203.168,230.162,202.79149899931426
14320,240.42866666666666,203.06866666666667,230.12800000000001,202.68349112408234
14330,240.38933333333333,202.96933333333334,230.094,202.57548324885042
14340,240.35,202.87,230.06,202.4674753736185
14350,240.31133333333332,202.766,230.01133333333334,202.36868329516858
14360,240.27266666666665,202.662,229.96266666666668,202.26989121671866
14370,240.234,202.558,229.91400000000002,202.17109913826874
14380,240.19533333333334,202.454,229.86533333333333,202.07230705981883
14390,240.15666666666667,202.35,229.81666666666666,201.9735149813689
14400,240.118,202.246,229.768,201.874722902919
14410,240.07933333333332,202.142,229.71933333333334,201.77593082446907
14420,240.04066666666668,202.038,229.67066666666668,201.67713874601915
14430,240.002,201.934,229.622,201.57834666756924
14440,239.96333333333334,201.83,229.57333333333335,201.47955458911932
14450,239.92466666666667,201.726,229.5246666666667,201.3807625106694
14460,239.886,201.622,229.476,201.28197043221948
14470,239.84733333333335,201.518,229.42733333333334,201.18317835376956
14480,239.80866666666668,201.41400000000002,229.37866666666667,201.08438627531964
14490,239.77,201.31,229.33,200.98559419686973
14500,239.73133333333334,201.466,229.30733333333333,201.14669288785927
14510,239.69266666666667,201.622,229.28466666666668,201.30779157884882
14520,239.654,201.778,229.262,201.46889026983837
14530,239.61533333333335,201.934,229.23933333333335,201.62998896082794
14540,239.57666666666668,202.09,229.21666666666667,201.7910876518175
14550,239.538,202.246,229.19400000000002,201.95218634280704
14560,239.49933333333334,202.40200000000002,229.17133333333334,202.1132850337966
14570,239.46066666666667,202.558,229.14866666666668,202.27438372478613
14580,239.422,202.714,229.126,202.43548241577568
14590,239.38333333333333,202.87,229.10333333333335,202.59658110676523
14600,239.34466666666665,203.026,229.08066666666667,202.75767979775478
14610,239.306,203.18200000000002,229.05800000000002,202.91877848874435
14620,239.26733333333334,203.338,229.03533333333334,203.0798771797339
14630,239.22866666666667,203.494,229.0126666666667,203.24097587072345
14640,239.19,203.65,228.99,203.402074561713
14650,239.15266666666668,203.60933333333332,228.96133333333333,203.3570583883556
14660,239.11533333333333,203.56866666666667,228.93266666666668,203.3120422149982
14670,239.078,203.528,228.904,203.2670260416408
14680,239.04066666666665,203.48733333333334,228.87533333333334,203.22200986828338
14690,239.00333333333333,203.44666666666666,228.84666666666666,203.17699369492598
14700,238.966,203.406,228.818,203.1319775215686
14710,238.92866666666666,203.36533333333333,228.78933333333333,203.0869613482112
14720,238.89133333333334,203.32466666666667,228.76066666666668,203.0419451748538
14730,238.85399999999998,203.284,228.732,202.9969290014964
14740,238.81666666666666,203.24333333333334,228.70333333333335,202.951912828139
14750,238.77933333333334,203.20266666666666,228.67466666666667,202.9068966547816
14760,238.742,203.162,228.64600000000002,202.86188048142418
14770,238.70466666666667,203.12133333333333,228.61733333333333,202.81686430806678
14780,238.66733333333332,203.08066666666667,228.58866666666668,202.7718481347094
14790,238.63,203.04,228.56,202.726831961352
14800,238.59199999999998,202.986,228.526,202.67149746556382
14810,238.554,202.932,228.492,202.61616296977567
14820,238.516,202.878,228.458,202.5608284739875
14830,238.478,202.82399999999998,228.424,202.50549397819933
14840,238.44,202.76999999999998,228.39000000000001,202.45015948241115
14850,238.402,202.71599999999998,228.356,202.394824986623
14860,238.364,202.66199999999998,228.322,202.33949049083483
14870,238.326,202.608,228.288,202.28415599504666
14880,238.288,202.554,228.25400000000002,202.2288214992585
14890,238.25,202.5,228.22,202.17348700347034
14900,238.212,202.446,228.186,202.11815250768217
14910,238.174,202.392,228.15200000000002,202.062818011894
14920,238.136,202.338,228.11800000000002,202.00748351610582
14930,238.098,202.284,228.084,201.95214902031768
14940,238.06,202.23,228.05,201.8968145245295
14950,238.022,202.19066666666666,228.01466666666667,201.8587896121859
14960,237.984,202.15133333333333,227.97933333333336,201.82076469984227
14970,237.946,202.112,227.94400000000002,201.78273978749866
14980,237.90800000000002,202.07266666666666,227.90866666666668,201.74471487515504
14990,237.87,202.03333333333333,227.87333333333333,201.70668996281142
15000,237.832,201.994,227.83800000000002,201.6686650504678
15010,237.794,201.95466666666667,227.80266666666668,201.6306401381242
15020,237.756,201.9153333333333,227.76733333333334,201.59261522578058
15030,237.71800000000002,201.87599999999998,227.732,201.55459031343696
15040,237.68,201.83666666666664,227.6966666666667,201.51656540109335
15050,237.642,201.7973333333333,227.66133333333335,201.47854048874973
15060,237.604,201.75799999999998,227.626,201.4405155764061
15070,237.566,201.71866666666665,227.59066666666666,201.4024906640625
15080,237.52800000000002,201.67933333333332,227.55533333333335,201.36446575171888
15090,237.49,201.64,227.52,201.32644083937527
15100,237.4526666666667,201.646,227.48933333333335,201.3333534163515
15110,237.41533333333334,201.652,227.4586666666667,201.34026599332776
15120,237.37800000000001,201.658,227.428,201.347178570304
15130,237.34066666666666,201.664,227.39733333333334,201.35409114728026
15140,237.30333333333334,201.67,227.36666666666667,201.3610037242565
15150,237.26600000000002,201.676,227.336,201.36791630123275
15160,237.22866666666667,201.682,227.30533333333335,201.374828878209
15170,237.19133333333335,201.688,227.27466666666666,201.38174145518528
15180,237.154,201.694,227.244,201.38865403216153
15190,237.11666666666667,201.7,227.21333333333334,201.39556660913777
15200,237.07933333333335,201.706,227.18266666666668,201.40247918611402
15210,237.042,201.712,227.15200000000002,201.40939176309027
15220,237.00466666666668,201.718,227.12133333333333,201.41630434006652
15230,236.96733333333333,201.724,227.09066666666666,201.42321691704277
15240,236.93,201.73,227.06,201.430129494019
15250,236.89333333333335,201.82399999999998,227.038,201.5277772949581
15260,236.85666666666668,201.91799999999998,227.016,201.6254250958972
15270,236.82,202.012,226.994,201.7230728968363
15280,236.78333333333333,202.106,226.972,201.8207206977754
15290,236.74666666666667,202.2,226.95,201.9183684987145
15300,236.71,202.29399999999998,226.928,202.01601629965361
15310,236.67333333333335,202.38799999999998,226.906,202.1136641005927
15320,236.63666666666666,202.482,226.884,202.21131190153181
15330,236.6,202.576,226.862,202.3089597024709
15340,236.56333333333333,202.67,226.84,202.40660750341002
15350,236.52666666666667,202.76399999999998,226.81799999999998,202.5042553043491
15360,236.49,202.85799999999998,226.796,202.60190310528822
15370,236.45333333333332,202.952,226.774,202.6995509062273
15380,236.41666666666666,203.046,226.75199999999998,202.79719870716642
15390,236.38,203.14,226.73,202.8948465081055
15400,236.34333333333333,203.08999999999997,226.70399999999998,202.83975408169525
15410,236.30666666666667,203.04,226.678,202.78466165528496
15420,236.27,202.98999999999998,226.652,202.7295692288747
15430,236.23333333333332,202.94,226.626,202.67447680246443
15440,236.19666666666666,202.89,226.6,202.61938437605417
15450,236.16,202.83999999999997,226.57399999999998,202.5642919496439
15460,236.12333333333333,202.79,226.548,202.50919952323363
15470,236.08666666666667,202.73999999999998,226.522,202.45410709682335
15480,236.05,202.69,226.496,202.3990146704131
15490,236.01333333333335,202.64,226.47,202.3439222440028
15500,235.9766666666667,202.58999999999997,226.444,202.28882981759256
15510,235.94,202.54,226.418,202.23373739118227
15520,235.90333333333334,202.48999999999998,226.392,202.17864496477202
15530,235.86666666666667,202.44,226.366,202.12355253836174
15540,235.83,202.39,226.34,202.06846011195148
15550,235.79333333333335,202.29,226.302,201.96825450670983
15560,235.7566666666667,202.19,226.264,201.86804890146814
15570,235.72,202.08999999999997,226.226,201.7678432962265
15580,235.68333333333334,201.98999999999998,226.18800000000002,201.6676376909848
15590,235.64666666666668,201.89,226.15,201.56743208574315
15600,235.61,201.79,226.112,201.4672264805015
15610,235.57333333333335,201.69,226.074,201.3670208752598
15620,235.53666666666666,201.58999999999997,226.036,201.26681527001816
15630,235.5,201.48999999999998,225.99800000000002,201.16660966477647
15640,235.46333333333334,201.39,225.96,201.06640405953482
15650,235.42666666666668,201.29,225.922,200.96619845429316
15660,235.39000000000001,201.19,225.88400000000001,200.86599284905148
15670,235.35333333333332,201.08999999999997,225.846,200.76578724380983
15680,235.31666666666666,200.98999999999998,225.80800000000002,200.66558163856814
15690,235.28,200.89,225.77,200.5653760333265
15700,235.244,200.85199999999998,225.73533333333333,200.5276842977714
15710,235.208,200.814,225.70066666666668,200.4899925622163
15720,235.172,200.77599999999998,225.666,200.4523008266612
15730,235.136,200.738,225.63133333333334,200.4146090911061
15740,235.1,200.7,225.59666666666666,200.376917355551
15750,235.064,200.66199999999998,225.562,200.3392256199959
15760,235.028,200.624,225.52733333333333,200.3015338844408
15770,234.99200000000002,200.58599999999998,225.49266666666668,200.2638421488857
15780,234.95600000000002,200.548,225.458,200.2261504133306
15790,234.92000000000002,200.51,225.42333333333335,200.1884586777755
15800,234.88400000000001,200.47199999999998,225.38866666666667,200.1507669422204
15810,234.848,200.434,225.354,200.1130752066653
15820,234.812,200.396,225.31933333333333,200.0753834711102
15830,234.776,200.358,225.28466666666668,200.0376917355551
15840,234.74,200.32,225.25,200.0
