Time (s),T_outer (C),T_inner (C),T_avg (C),Input Temperature (C)
0,176.77722085084145,176.77722085084145,176.77722085084145,176.77722085084145
10,176.77722085084145,176.77722085084145,176.77722085084145,176.77722085084145
20,176.77722085084145,176.77722085084145,176.77722085084145,176.77722085084145
30,176.77722085084145,176.77722085084145,176.77722085084145,176.77722085084145
40,176.77722085084145,176.77722085084145,176.77722085084145,176.77722085084145
50,176.77722085084145,176.77722085084145,176.77722085084145,176.77722085084145
60,176.77722085084145,176.77722085084145,176.77722085084145,176.77722085084145
70,176.77722085084145,176.77722085084145,176.77722085084145,176.77722085084145
80,176.77722085084145,176.77722085084145,176.77722085084145,176.77722085084145
90,176.77722085084145,176.77722085084145,176.77722085084145,176.77722085084145
100,176.77722085084145,176.77722085084145,176.77722085084145,176.77722085084145
110,176.77722085084145,176.77722085084145,176.77722085084145,176.77722085084145
120,176.77722085084145,176.77722085084145,176.77722085084145,176.77722085084145
130,176.77722085084145,176.77722085084145,176.77722085084145,176.77722085084145
140,176.77722085084145,176.77722085084145,176.77722085084145,176.77722085084145
150,176.77722085084145,176.77722085084145,176.77722085084145,176.77722085084145
160,176.77722085084145,176.77722085084145,176.77722085084145,176.77722085084145
170,176.77722085084145,176.77722085084145,176.77722085084145,176.77722085084145
180,176.77722085084145,176.77722085084145,176.77722085084145,176.77722085084145
190,176.77722085084145,176.77722085084145,176.77722085084145,176.77722085084145
200,176.77722085084145,176.77722085084145,176.77722085084145,176.77722085084145
210,176.77722085084145,176.77722085084145,176.77722085084145,176.77722085084145
220,176.77722085084145,176.77722085084145,176.77722085084145,176.77722085084145
230,176.77722085084145,176.77722085084145,176.77722085084145,176.77722085084145
240,176.77722085084145,176.77722085084145,176.77722085084145,176.77722085084145
250,176.77722085084145,176.77722085084145,176.77722085084145,176.77722085084145
260,176.77722085084145,176.77722085084145,176.77722085084145,176.77722085084145
270,176.77722085084145,176.77722085084145,176.77722085084145,176.77722085084145
280,176.77722085084145,176.77722085084145,176.77722085084145,176.77722085084145
290,176.77722085084145,176.77722085084145,176.77722085084145,176.77722085084145
300,176.77722085084145,176.77722085084145,176.77722085084145,176.77722085084145
310,176.77722085084145,176.77722085084145,176.77722085084145,176.77722085084145
320,176.77722085084145,176.77722085084145,176.77722085084145,176.77722085084145
330,176.77722085084145,176.77722085084145,176.77722085084145,176.77722085084145
340,176.77722085084145,176.77722085084145,176.77722085084145,176.77722085084145
350,176.77722085084145,176.77722085084145,176.77722085084145,176.77722085084145
360,176.77722085084145,176.77722085084145,176.77722085084145,176.77722085084145
370,176.77722085084145,176.77722085084145,176.77722085084145,176.77722085084145
380,176.77722085084145,176.77722085084145,176.77722085084145,176.77722085084145
390,176.77722085084145,176.77722085084145,176.77722085084145,176.77722085084145
400,176.77722085084145,176.77722085084145,176.77722085084145,176.77722085084145
410,176.77722085084145,176.77722085084145,176.77722085084145,176.77722085084145
420,176.77722085084145,176.77722085084145,176.77722085084145,176.77722085084145
430,176.77722085084145,176.77722085084145,176.77722085084145,176.77722085084145
440,176.77722085084145,176.77722085084145,176.77722085084145,176.77722085084145
450,176.77722085084145,176.77722085084145,176.77722085084145,176.77722085084145
460,176.77722085084145,176.77722085084145,176.77722085084145,176.77722085084145
470,176.77722085084145,176.77722085084145,176.77722085084145,176.77722085084145
480,176.77722085084145,176.77722085084145,176.77722085084145,176.77722085084145
490,176.77722085084145,176.77722085084145,176.77722085084145,176.77722085084145
500,176.77722085084145,176.77722085084145,176.77722085084145,176.77722085084145
510,176.77722085084145,176.77722085084145,176.77722085084145,176.77722085084145
520,176.77722085084145,176.77722085084145,176.77722085084145,176.77722085084145
530,176.77722085084145,176.77722085084145,176.77722085084145,176.77722085084145
540,176.77722085084145,176.77722085084145,176.77722085084145,176.77722085084145
550,176.77722085084145,176.77722085084145,176.77722085084145,176.77722085084145
560,176.77722085084145,176.77722085084145,176.77722085084145,176.77722085084145
570,176.77722085084145,176.77722085084145,176.77722085084145,176.77722085084145
580,176.77722085084145,176.77722085084145,176.77722085084145,176.77722085084145
590,176.77722085084145,176.77722085084145,176.77722085084145,176.77722085084145
600,176.77722085084145,176.77722085084145,176.77722085084145,176.77722085084145
610,176.77722085084145,176.77722085084145,176.77722085084145,176.77722085084145
620,176.77722085084145,176.77722085084145,176.77722085084145,176.77722085084145
630,176.77722085084145,176.77722085084145,176.77722085084145,176.77722085084145
640,176.77722085084145,176.77722085084145,176.77722085084145,176.77722085084145
650,176.77722085084145,176.77722085084145,176.77722085084145,176.77722085084145
660,176.77722085084145,176.77722085084145,176.77722085084145,176.77722085084145
670,176.77722085084145,176.77722085084145,176.77722085084145,176.77722085084145
680,176.77722085084145,176.77722085084145,176.77722085084145,176.77722085084145
690,176.77722085084145,176.77722085084145,176.77722085084145,176.77722085084145
700,176.77722085084145,176.77722085084145,176.77722085084145,176.77722085084145
710,176.77722085084145,176.77722085084145,176.77722085084145,176.77722085084145
720,176.77722085084145,176.77722085084145,176.77722085084145,176.77722085084145
730,176.77722085084145,176.77722085084145,176.77722085084145,176.77722085084145
740,176.77722085084145,176.77722085084145,176.77722085084145,176.77722085084145
750,176.77722085084145,176.77722085084145,176.77722085084145,176.77722085084145
760,176.77722085084145,176.77722085084145,176.77722085084145,176.77722085084145
770,176.77722085084145,176.77722085084145,176.77722085084145,176.77722085084145
780,176.77722085084145,176.77722085084145,176.77722085084145,176.77722085084145
790,176.77722085084145,176.77722085084145,176.77722085084145,176.77722085084145
800,176.77722085084145,176.77722085084145,176.77722085084145,176.77722085084145
810,176.77722085084145,176.77722085084145,176.77722085084145,176.77722085084145
820,176.77722085084145,176.77722085084145,176.77722085084145,176.77722085084145
830,176.77722085084145,176.77722085084145,176.77722085084145,176.77722085084145
840,176.77722085084145,176.77722085084145,176.77722085084145,176.77722085084145
850,176.77722085084145,176.77722085084145,176.77722085084145,176.77722085084145
860,176.77722085084145,176.77722085084145,176.77722085084145,176.77722085084145
870,176.77722085084145,176.77722085084145,176.77722085084145,176.77722085084145
880,176.77722085084145,176.77722085084145,176.77722085084145,176.77722085084145
890,176.77722085084145,176.77722085084145,176.77722085084145,176.77722085084145
900,176.77722085084145,176.77722085084145,176.77722085084145,176.77722085084145
910,176.77722085084145,176.77722085084145,176.77722085084145,176.77722085084145
920,176.77722085084145,176.77722085084145,176.77722085084145,176.77722085084145
930,176.77722085084145,176.77722085084145,176.77722085084145,176.77722085084145
940,176.77722085084145,176.77722085084145,176.77722085084145,176.77722085084145
950,176.77722085084145,176.77722085084145,176.77722085084145,176.77722085084145
960,176.77722085084145,176.77722085084145,176.77722085084145,176.77722085084145
970,176.77722085084145,176.77722085084145,176.77722085084145,176.77722085084145
980,176.77722085084145,176.77722085084145,176.77722085084145,176.77722085084145
990,176.77722085084145,176.77722085084145,176.77722085084145,176.77722085084145
1000,176.77722085084145,176.77722085084145,176.77722085084145,176.77722085084145
1010,176.77722085084145,176.77722085084145,176.77722085084145,176.77722085084145
1020,176.77722085084145,176.77722085084145,176.77722085084145,176.77722085084145
1030,176.77722085084145,176.77722085084145,176.77722085084145,176.77722085084145
1040,176.77722085084145,176.77722085084145,176.77722085084145,176.77722085084145
1050,176.77722085084145,176.77722085084145,176.77722085084145,176.77722085084145
1060,176.77722085084145,176.77722085084145,176.77722085084145,176.77722085084145
1070,176.77722085084145,176.77722085084145,176.77722085084145,176.77722085084145
1080,176.77722085084145,176.77722085084145,176.77722085084145,176.77722085084145
1090,176.77722085084145,176.77722085084145,176.77722085084145,176.77722085084145
1100,176.77722085084145,176.77722085084145,176.77722085084145,176.77722085084145
1110,176.77722085084145,176.77722085084145,176.77722085084145,176.77722085084145
1120,176.77722085084145,176.77722085084145,176.77722085084145,176.77722085084145
1130,176.77722085084145,176.77722085084145,176.77722085084145,176.77722085084145
1140,176.77722085084145,176.77722085084145,176.77722085084145,176.77722085084145
1150,176.77722085084145,176.77722085084145,176.77722085084145,176.77722085084145
1160,176.77722085084145,176.77722085084145,176.77722085084145,176.77722085084145
1170,176.77722085084145,176.77722085084145,176.77722085084145,176.77722085084145
1180,176.77722085084145,176.77722085084145,176.77722085084145,176.77722085084145
1190,176.77722085084145,176.77722085084145,176.77722085084145,176.77722085084145
1200,176.77722085084145,176.77722085084145,176.77722085084145,176.77722085084145
1210,176.77722085084145,176.77722085084145,176.77722085084145,176.77722085084145
1220,176.77722085084145,176.77722085084145,176.77722085084145,176.77722085084145
1230,176.77722085084145,176.77722085084145,176.77722085084145,176.77722085084145
1240,176.77722085084145,176.77722085084145,176.77722085084145,176.77722085084145
1250,176.77722085084145,176.77722085084145,176.77722085084145,176.77722085084145
1260,176.77722085084145,176.77722085084145,176.77722085084145,176.77722085084145
1270,176.77722085084145,176.77722085084145,176.77722085084145,176.77722085084145
1280,176.77722085084145,176.77722085084145,176.77722085084145,176.77722085084145
1290,176.77722085084145,176.77722085084145,176.77722085084145,176.77722085084145
1300,176.77722085084145,176.77722085084145,176.77722085084145,176.77722085084145
1310,176.77722085084145,176.77722085084145,176.77722085084145,176.77722085084145
1320,176.77722085084145,176.77722085084145,176.77722085084145,176.77722085084145
1330,176.77722085084145,176.77722085084145,176.77722085084145,176.77722085084145
1340,176.77722085084145,176.77722085084145,176.77722085084145,176.77722085084145
1350,176.77722085084145,176.77722085084145,176.77722085084145,176.77722085084145
1360,176.77722085084145,176.77722085084145,176.77722085084145,176.77722085084145
1370,176.77722085084145,176.77722085084145,176.77722085084145,176.77722085084145
1380,176.77722085084145,176.77722085084145,176.77722085084145,176.77722085084145
1390,176.77722085084145,176.77722085084145,176.77722085084145,176.77722085084145
1400,176.77722085084145,176.77722085084145,176.77722085084145,176.77722085084145
1410,176.77722085084145,176.77722085084145,176.77722085084145,176.77722085084145
1420,176.77722085084145,176.77722085084145,176.77722085084145,176.77722085084145
1430,176.77722085084145,176.77722085084145,176.77722085084145,176.77722085084145
1440,176.77722085084145,176.77722085084145,176.77722085084145,176.77722085084145
1440,176.77722085084145,176.77722085084145,176.77722085084145,176.77722085084145
1450,176.77740612745202,177.01873946078535,176.79873946078536,177.02854155130925
1460,176.77759140406258,177.26025807072926,176.82025807072924,177.27986225177708
1470,176.77777668067316,177.50177668067315,176.84177668067315,177.53118295224488
1480,176.77796195728374,177.74329529061706,176.86329529061706,177.78250365271268
1490,176.7781472338943,177.98481390056097,176.88481390056097,178.03382435318048
1500,176.77833251050487,178.22633251050488,176.90633251050485,178.2851450536483
1510,176.77851778711545,178.46785112044878,176.92785112044876,178.5364657541161
1520,176.778703063726,178.70936973039267,176.94936973039268,178.7877864545839
1530,176.77888834033658,178.95088834033658,176.9708883403366,179.0391071550517
1540,176.77907361694716,179.19240695028049,176.99240695028047,179.29042785551954
1550,176.7792588935577,179.4339255602244,177.01392556022438,179.54174855598734
1560,176.7794441701683,179.6754441701683,177.0354441701683,179.79306925645514
1570,176.77962944677887,179.9169627801122,177.0569627801122,180.04438995692294
1580,176.77981472338942,180.1584813900561,177.07848139005608,180.29571065739077
1590,176.78,180.4,177.1,180.54703135785857
1600,176.78,180.71200000000002,177.14133333333334,180.86608805360757
1610,176.78,181.024,177.18266666666665,181.18514474935654
1620,176.78,181.336,177.224,181.50420144510554
1630,176.78,181.648,177.26533333333333,181.82325814085453
1640,176.78,181.96,177.30666666666667,182.1423148366035
1650,176.78,182.27200000000002,177.34799999999998,182.4613715323525
1660,176.78,182.584,177.38933333333333,182.7804282281015
1670,176.78,182.89600000000002,177.43066666666667,183.09948492385047
1680,176.78,183.208,177.472,183.41854161959947
1690,176.78,183.52,177.51333333333332,183.73759831534846
1700,176.78,183.83200000000002,177.55466666666666,184.05665501109743
1710,176.78,184.144,177.596,184.37571170684643
1720,176.78,184.45600000000002,177.63733333333334,184.69476840259543
1730,176.78,184.768,177.67866666666666,185.0138250983444
1740,176.78,185.08,177.72,185.3328817940934
1750,176.78,185.4466666666667,177.77933333333334,185.70638358005024
1760,176.78,185.81333333333333,177.83866666666665,186.0798853660071
1770,176.78,186.18,177.898,186.45338715196394
1780,176.78,186.54666666666668,177.95733333333334,186.82688893792078
1790,176.78,186.91333333333336,178.01666666666668,187.20039072387763
1800,176.78,187.28,178.076,187.57389250983448
1810,176.78,187.64666666666668,178.13533333333334,187.94739429579133
1820,176.78,188.01333333333335,178.19466666666668,188.3208960817482
1830,176.78,188.38000000000002,178.25400000000002,188.69439786770505
1840,176.78,188.74666666666667,178.31333333333333,189.0678996536619
1850,176.78,189.11333333333334,178.37266666666667,189.44140143961874
1860,176.78,189.48000000000002,178.43200000000002,189.8149032255756
1870,176.78,189.8466666666667,178.49133333333336,190.18840501153244
1880,176.78,190.21333333333334,178.55066666666667,190.56190679748929
1890,176.78,190.58,178.61,190.93540858344613
1900,176.78066666666666,190.98933333333335,178.686,191.35006455453754
1910,176.78133333333332,191.39866666666668,178.762,191.76472052562892
1920,176.782,191.80800000000002,178.83800000000002,192.17937649672032
1930,176.78266666666667,192.21733333333333,178.91400000000002,192.5940324678117
1940,176.78333333333333,192.62666666666667,178.99,193.0086884389031
1950,176.784,193.036,179.066,193.42334440999448
1960,176.78466666666665,193.44533333333334,179.142,193.8380003810859
1970,176.78533333333334,193.85466666666667,179.21800000000002,194.25265635217727
1980,176.786,194.264,179.294,194.66731232326867
1990,176.78666666666666,194.67333333333335,179.37,195.08196829436005
2000,176.78733333333332,195.08266666666668,179.446,195.49662426545146
2010,176.78799999999998,195.492,179.522,195.91128023654284
2020,176.78866666666667,195.90133333333333,179.598,196.32593620763424
2030,176.78933333333333,196.31066666666666,179.674,196.74059217872562
2040,176.79,196.72,179.75,197.15524814981703
2050,176.7913333333333,197.31533333333334,179.854,197.76297179997883
2060,176.79266666666666,197.91066666666666,179.958,198.37069545014066
2070,176.79399999999998,198.506,180.062,198.97841910030246
2080,176.79533333333333,199.10133333333334,180.166,199.58614275046426
2090,176.79666666666665,199.69666666666666,180.27,200.1938664006261
2100,176.798,200.292,180.374,200.8015900507879
2110,176.79933333333332,200.88733333333334,180.478,201.4093137009497
2120,176.80066666666667,201.48266666666666,180.582,202.01703735111153
2130,176.802,202.078,180.686,202.62476100127333
2140,176.80333333333334,202.67333333333335,180.79,203.23248465143513
2150,176.80466666666666,203.26866666666666,180.894,203.84020830159696
2160,176.806,203.864,180.998,204.44793195175876
2170,176.80733333333333,204.45933333333335,181.102,205.05565560192056
2180,176.80866666666668,205.05466666666666,181.206,205.6633792520824
2190,176.81,205.65,181.31,206.2711029022442
2200,176.814,206.08666666666667,181.422,206.70708395897734
2210,176.818,206.52333333333334,181.534,207.14306501571045
2220,176.822,206.96,181.64600000000002,207.5790460724436
2230,176.826,207.39666666666668,181.758,208.01502712917673
2240,176.83,207.83333333333334,181.87,208.45100818590987
2250,176.834,208.27,181.982,208.88698924264298
2260,176.838,208.70666666666668,182.094,209.32297029937612
2270,176.842,209.14333333333332,182.20600000000002,209.75895135610926
2280,176.846,209.57999999999998,182.318,210.1949324128424
2290,176.85,210.01666666666665,182.43,210.63091346957552
2300,176.854,210.45333333333332,182.542,211.06689452630866
2310,176.858,210.89,182.654,211.5028755830418
2320,176.862,211.32666666666665,182.76600000000002,211.93885663977494
2330,176.866,211.76333333333332,182.87800000000001,212.37483769650805
2340,176.87,212.2,182.99,212.8108187532412
2350,176.87666666666667,212.56733333333332,183.09733333333335,213.18249153776966
2360,176.88333333333333,212.93466666666666,183.20466666666667,213.5541643222981
2370,176.89000000000001,213.302,183.312,213.92583710682658
2380,176.89666666666668,213.66933333333333,183.41933333333333,214.29750989135505
2390,176.90333333333334,214.03666666666666,183.52666666666667,214.6691826758835
2400,176.91,214.404,183.63400000000001,215.04085546041196
2410,176.91666666666666,214.77133333333333,183.74133333333333,215.41252824494043
2420,176.92333333333335,215.13866666666667,183.84866666666667,215.78420102946887
2430,176.93,215.506,183.956,216.15587381399735
2440,176.93666666666667,215.87333333333333,184.06333333333333,216.52754659852582
2450,176.94333333333333,216.24066666666667,184.17066666666668,216.89921938305426
2460,176.95,216.608,184.278,217.27089216758273
2470,176.95666666666668,216.97533333333334,184.38533333333334,217.6425649521112
2480,176.96333333333334,217.34266666666667,184.49266666666665,218.01423773663964
2490,176.97,217.71,184.6,218.3859105211681
2500,176.98133333333334,218.122,184.714,218.80070935471593
2510,176.99266666666665,218.534,184.828,219.21550818826375
2520,177.004,218.946,184.942,219.63030702181157
2530,177.01533333333333,219.358,185.05599999999998,220.0451058553594
2540,177.02666666666667,219.77,185.17,220.45990468890722
2550,177.03799999999998,220.182,185.284,220.87470352245504
2560,177.04933333333332,220.594,185.398,221.28950235600286
2570,177.06066666666666,221.006,185.512,221.70430118955065
2580,177.072,221.418,185.626,222.11910002309847
2590,177.08333333333331,221.82999999999998,185.74,222.5338988566463
2600,177.09466666666665,222.242,185.854,222.9486976901941
2610,177.106,222.654,185.968,223.36349652374193
2620,177.11733333333333,223.066,186.082,223.77829535728975
2630,177.12866666666665,223.47799999999998,186.196,224.19309419083757
2640,177.14,223.89,186.31,224.6078930243854
2650,177.15666666666667,224.4573333333333,186.44333333333333,225.18609605489704
2660,177.17333333333332,225.02466666666666,186.57666666666668,225.7642990854087
2670,177.19,225.59199999999998,186.71,226.34250211592035
2680,177.20666666666665,226.15933333333334,186.84333333333333,226.920705146432
2690,177.22333333333333,226.72666666666666,186.97666666666666,227.49890817694367
2700,177.23999999999998,227.29399999999998,187.11,228.07711120745532
2710,177.25666666666666,227.86133333333333,187.24333333333334,228.65531423796696
2720,177.2733333333333,228.42866666666666,187.37666666666667,229.23351726847864
2730,177.29,228.996,187.51,229.81172029899028
2740,177.30666666666664,229.56333333333333,187.64333333333335,230.38992332950193
2750,177.32333333333332,230.13066666666666,187.77666666666667,230.9681263600136
2760,177.33999999999997,230.698,187.91,231.54632939052524
2770,177.35666666666665,231.26533333333333,188.04333333333332,232.1245324210369
2780,177.3733333333333,231.83266666666668,188.17666666666668,232.70273545154856
2790,177.39,232.4,188.31,233.2809384820602
2800,177.41199999999998,232.798,188.446,233.67626888489798
2810,177.434,233.196,188.582,234.07159928773575
2820,177.456,233.594,188.718,234.46692969057352
2830,177.47799999999998,233.99200000000002,188.854,234.8622600934113
2840,177.5,234.39000000000001,188.99,235.25759049624907
2850,177.522,234.788,189.126,235.65292089908684
2860,177.54399999999998,235.186,189.262,236.0482513019246
2870,177.566,235.584,189.398,236.4435817047624
2880,177.588,235.982,189.534,236.83891210760018
2890,177.60999999999999,236.38,189.67,237.23424251043795
2900,177.632,236.778,189.80599999999998,237.62957291327572
2910,177.654,237.17600000000002,189.942,238.0249033161135
2920,177.676,237.574,190.078,238.42023371895127
2930,177.698,237.972,190.214,238.81556412178904
2940,177.72,238.37,190.35,239.2108945246268
2950,177.74866666666668,238.70533333333333,190.478,239.54925369549892
2960,177.77733333333333,239.04066666666668,190.606,239.88761286637103
2970,177.806,239.376,190.734,240.22597203724314
2980,177.83466666666666,239.71133333333333,190.862,240.56433120811528
2990,177.86333333333334,240.04666666666668,190.99,240.9026903789874
3000,177.892,240.382,191.118,241.2410495498595
3010,177.92066666666668,240.71733333333333,191.246,241.5794087207316
3020,177.94933333333333,241.05266666666668,191.374,241.91776789160372
3030,177.978,241.388,191.502,242.25612706247583
3040,178.00666666666666,241.72333333333333,191.63,242.59448623334794
3050,178.03533333333334,242.05866666666668,191.758,242.93284540422005
3060,178.064,242.394,191.886,243.27120457509218
3070,178.09266666666667,242.72933333333333,192.014,243.6095637459643
3080,178.12133333333333,243.06466666666668,192.142,243.9479229168364
3090,178.15,243.4,192.27,244.2862820877085
3100,178.18466666666666,243.80333333333334,192.40666666666667,244.6935714223232
3110,178.21933333333334,244.20666666666668,192.54333333333335,245.1008607569379
3120,178.254,244.61,192.68,245.50815009155258
3130,178.28866666666667,245.01333333333332,192.81666666666666,245.91543942616727
3140,178.32333333333332,245.41666666666666,192.95333333333335,246.32272876078196
3150,178.358,245.82,193.09,246.73001809539664
3160,178.39266666666666,246.22333333333333,193.22666666666666,247.13730743001133
3170,178.42733333333334,246.62666666666667,193.36333333333334,247.544596764626
3180,178.462,247.03,193.5,247.95188609924068
3190,178.49666666666667,247.43333333333334,193.63666666666666,248.35917543385537
3200,178.53133333333332,247.83666666666667,193.77333333333334,248.76646476847006
3210,178.566,248.23999999999998,193.91,249.17375410308475
3220,178.60066666666665,248.64333333333332,194.04666666666665,249.58104343769944
3230,178.63533333333334,249.04666666666665,194.18333333333334,249.98833277231412
3240,178.67,249.45,194.32,250.3956221069288
3250,178.71066666666667,249.59599999999998,194.43933333333334,250.53461091057977
3260,178.75133333333332,249.742,194.55866666666665,250.67359971423076
3270,178.792,249.88799999999998,194.678,250.81258851788172
3280,178.83266666666665,250.034,194.79733333333334,250.95157732153268
3290,178.87333333333333,250.17999999999998,194.91666666666666,251.09056612518367
3300,178.914,250.326,195.036,251.22955492883463
3310,178.95466666666667,250.47199999999998,195.15533333333335,251.3685437324856
3320,178.99533333333332,250.618,195.27466666666666,251.50753253613658
3330,179.036,250.76399999999998,195.394,251.64652133978754
3340,179.07666666666665,250.91,195.51333333333335,251.7855101434385
3350,179.11733333333333,251.05599999999998,195.63266666666667,251.9244989470895
3360,179.158,251.202,195.752,252.06348775074045
3370,179.19866666666667,251.34799999999998,195.87133333333335,252.2024765543914
3380,179.23933333333332,251.494,195.99066666666667,252.3414653580424
3390,179.28,251.64,196.11,252.48045416169336
3400,179.328,251.54,196.20133333333334,252.36730609315543
3410,179.376,251.44,196.2926666666667,252.25415802461754
3420,179.424,251.33999999999997,196.38400000000001,252.1410099560796
3430,179.472,251.23999999999998,196.47533333333334,252.0278618875417
3440,179.52,251.14,196.56666666666666,251.91471381900377
3450,179.568,251.04,196.65800000000002,251.80156575046587
3460,179.616,250.94,196.74933333333334,251.68841768192794
3470,179.664,250.83999999999997,196.84066666666666,251.57526961339002
3480,179.712,250.73999999999998,196.932,251.4621215448521
3490,179.76,250.64,197.02333333333334,251.3489734763142
3500,179.808,250.54,197.11466666666666,251.23582540777628
3510,179.856,250.44,197.206,251.12267733923835
3520,179.904,250.33999999999997,197.2973333333333,251.00952927070043
3530,179.952,250.23999999999998,197.38866666666667,250.89638120216253
3540,180.0,250.14,197.48,250.7832331336246
3550,180.05333333333334,250.02866666666665,197.54466666666664,250.67379180960967
3560,180.10666666666665,249.91733333333332,197.60933333333332,250.56435048559473
3570,180.16,249.80599999999998,197.67399999999998,250.4549091615798
3580,180.21333333333334,249.69466666666665,197.73866666666666,250.34546783756485
3590,180.26666666666668,249.58333333333331,197.8033333333333,250.23602651354992
3600,180.32,249.47199999999998,197.868,250.12658518953498
3610,180.37333333333333,249.36066666666665,197.93266666666665,250.01714386552004
3620,180.42666666666668,249.24933333333334,197.99733333333333,249.90770254150513
3630,180.48000000000002,249.138,198.06199999999998,249.7982612174902
3640,180.53333333333333,249.02666666666667,198.12666666666667,249.68881989347526
3650,180.58666666666667,248.91533333333334,198.19133333333332,249.57937856946032
3660,180.64000000000001,248.804,198.256,249.46993724544538
3670,180.69333333333336,248.69266666666667,198.32066666666665,249.36049592143044
3680,180.74666666666667,248.58133333333333,198.38533333333334,249.2510545974155
3690,180.8,248.47,198.45,249.14161327340057
3700,180.86,248.61733333333333,198.53199999999998,249.2917223106205
3710,180.92000000000002,248.76466666666667,198.614,249.4418313478404
3720,180.98000000000002,248.912,198.696,249.59194038506033
3730,181.04,249.05933333333334,198.778,249.74204942228022
3740,181.1,249.20666666666668,198.85999999999999,249.89215845950014
3750,181.16,249.354,198.942,250.04226749672006
3760,181.22,249.50133333333335,199.024,250.19237653393998
3770,181.28,249.64866666666666,199.106,250.3424855711599
3780,181.34,249.796,199.188,250.49259460837982
3790,181.4,249.94333333333333,199.27,250.64270364559974
3800,181.46,250.09066666666666,199.352,250.79281268281966
3810,181.51999999999998,250.238,199.434,250.94292172003955
3820,181.57999999999998,250.38533333333334,199.516,251.09303075725947
3830,181.64,250.53266666666667,199.598,251.2431397944794
3840,181.7,250.68,199.68,251.3932488316993
3850,181.76399999999998,250.698,199.75666666666666,251.40709520662162
3860,181.828,250.716,199.83333333333334,251.42094158154393
3870,181.892,250.734,199.91,251.43478795646624
3880,181.956,250.752,199.98666666666668,251.44863433138855
3890,182.01999999999998,250.77,200.06333333333333,251.46248070631086
3900,182.084,250.788,200.14000000000001,251.47632708123317
3910,182.148,250.806,200.21666666666667,251.49017345615547
3920,182.212,250.82399999999998,200.29333333333335,251.50401983107776
3930,182.27599999999998,250.84199999999998,200.37,251.51786620600006
3940,182.34,250.85999999999999,200.4466666666667,251.53171258092237
3950,182.404,250.878,200.52333333333334,251.54555895584468
3960,182.468,250.896,200.60000000000002,251.559405330767
3970,182.53199999999998,250.914,200.67666666666668,251.5732517056893
3980,182.596,250.932,200.75333333333336,251.5870980806116
3990,182.66,250.95,200.83,251.60094445553392
4000,182.728,250.88733333333332,200.89466666666667,251.53363969347797
4010,182.796,250.82466666666664,200.95933333333335,251.46633493142204
4020,182.864,250.762,201.024,251.39903016936609
4030,182.932,250.69933333333333,201.08866666666668,251.33172540731016
4040,183.0,250.63666666666666,201.15333333333334,251.2644206452542
4050,183.068,250.57399999999998,201.21800000000002,251.19711588319828
4060,183.136,250.5113333333333,201.28266666666667,251.12981112114232
4070,183.204,250.44866666666667,201.34733333333335,251.0625063590864
4080,183.272,250.386,201.412,250.99520159703044
4090,183.34,250.32333333333332,201.4766666666667,250.92789683497452
4100,183.40800000000002,250.26066666666665,201.54133333333334,250.86059207291856
4110,183.476,250.19799999999998,201.60600000000002,250.79328731086264
4120,183.544,250.13533333333334,201.67066666666668,250.72598254880668
4130,183.612,250.07266666666666,201.73533333333336,250.65867778675076
4140,183.68,250.01,201.8,250.5913730246948
4150,183.75,249.95333333333332,201.85533333333333,250.53476564522416
4160,183.82,249.89666666666665,201.91066666666669,250.4781582657535
4170,183.89000000000001,249.84,201.966,250.42155088628286
4180,183.96,249.78333333333333,202.02133333333333,250.3649435068122
4190,184.03,249.72666666666666,202.07666666666668,250.30833612734156
4200,184.1,249.67,202.132,250.2517287478709
4210,184.17,249.61333333333332,202.18733333333333,250.19512136840027
4220,184.24,249.55666666666667,202.24266666666668,250.1385139889296
4230,184.31,249.5,202.298,250.08190660945894
4240,184.38,249.44333333333333,202.35333333333332,250.0252992299883
4250,184.45,249.38666666666666,202.40866666666668,249.96869185051764
4260,184.51999999999998,249.32999999999998,202.464,249.912084471047
4270,184.59,249.27333333333334,202.51933333333332,249.85547709157635
4280,184.66,249.21666666666667,202.57466666666667,249.7988697121057
4290,184.73,249.16,202.63,249.74226233263505
4300,184.80133333333333,249.20533333333333,202.692,249.78820085531322
4310,184.87266666666665,249.25066666666666,202.754,249.8341393779914
4320,184.944,249.296,202.816,249.88007790066956
4330,185.01533333333333,249.34133333333332,202.878,249.92601642334773
4340,185.08666666666667,249.38666666666666,202.94,249.9719549460259
4350,185.158,249.432,203.002,250.01789346870407
4360,185.22933333333333,249.47733333333332,203.064,250.06383199138224
4370,185.30066666666667,249.52266666666668,203.126,250.10977051406041
4380,185.372,249.568,203.188,250.15570903673859
4390,185.44333333333333,249.61333333333334,203.25,250.20164755941676
4400,185.51466666666667,249.65866666666668,203.312,250.24758608209493
4410,185.586,249.704,203.374,250.2935246047731
4420,185.65733333333336,249.74933333333334,203.436,250.33946312745127
4430,185.72866666666667,249.79466666666667,203.498,250.38540165012944
4440,185.8,249.84,203.56,250.4313401728076
4450,185.87266666666667,249.70866666666666,203.608,250.29318877101903
4460,185.94533333333334,249.57733333333334,203.656,250.15503736923046
4470,186.018,249.446,203.704,250.01688596744185
4480,186.09066666666666,249.31466666666668,203.752,249.87873456565328
4490,186.16333333333333,249.18333333333334,203.8,249.7405831638647
4500,186.236,249.052,203.848,249.60243176207612
4510,186.30866666666665,248.92066666666668,203.89600000000002,249.46428036028755
4520,186.38133333333334,248.78933333333333,203.944,249.32612895849894
4530,186.454,248.65800000000002,203.992,249.18797755671036
4540,186.52666666666667,248.52666666666667,204.04,249.0498261549218
4550,186.59933333333333,248.39533333333333,204.088,248.9116747531332
4560,186.672,248.264,204.136,248.77352335134464
4570,186.74466666666666,248.13266666666667,204.184,248.63537194955603
4580,186.81733333333332,248.00133333333335,204.232,248.49722054776745
4590,186.89,247.87,204.28,248.35906914597888
4600,186.96266666666665,247.824,204.32466666666667,248.31421142222158
4610,187.0353333333333,247.778,204.36933333333334,248.2693536984643
4620,187.10799999999998,247.732,204.414,248.224495974707
4630,187.18066666666667,247.686,204.45866666666666,248.1796382509497
4640,187.25333333333333,247.64000000000001,204.50333333333333,248.13478052719242
4650,187.326,247.594,204.548,248.08992280343512
4660,187.39866666666666,247.548,204.59266666666667,248.0450650796778
4670,187.47133333333332,247.502,204.63733333333332,248.00020735592054
4680,187.54399999999998,247.45600000000002,204.682,247.95534963216323
4690,187.61666666666665,247.41,204.72666666666666,247.91049190840593
4700,187.6893333333333,247.364,204.77133333333333,247.86563418464866
4710,187.762,247.318,204.816,247.82077646089135
4720,187.83466666666666,247.27200000000002,204.86066666666665,247.77591873713405
4730,187.90733333333333,247.226,204.90533333333332,247.73106101337677
4740,187.98,247.18,204.95,247.68620328961947
4750,188.052,247.22,205.00133333333332,247.7291569496222
4760,188.124,247.26000000000002,205.05266666666665,247.77211060962495
4770,188.196,247.3,205.10399999999998,247.81506426962767
4780,188.268,247.34,205.15533333333332,247.85801792963042
4790,188.34,247.38,205.20666666666665,247.90097158963314
4800,188.412,247.42000000000002,205.25799999999998,247.94392524963587
4810,188.484,247.46,205.3093333333333,247.98687890963862
4820,188.55599999999998,247.5,205.36066666666667,248.02983256964134
4830,188.628,247.54,205.412,248.0727862296441
4840,188.7,247.58,205.46333333333334,248.11573988964682
4850,188.772,247.62,205.51466666666667,248.15869354964954
4860,188.844,247.66,205.566,248.2016472096523
4870,188.916,247.7,205.61733333333333,248.24460086965502
4880,188.988,247.74,205.66866666666667,248.28755452965777
4890,189.06,247.78,205.72,248.3305081896605
4900,189.13133333333334,247.90333333333334,205.78333333333333,248.455790939152
4910,189.20266666666666,248.02666666666667,205.84666666666666,248.5810736886435
4920,189.274,248.15,205.91,248.706356438135
4930,189.34533333333334,248.27333333333334,205.97333333333333,248.8316391876265
4940,189.41666666666666,248.39666666666668,206.03666666666666,248.956921937118
4950,189.488,248.52,206.1,249.08220468660951
4960,189.55933333333334,248.64333333333335,206.16333333333333,249.20748743610102
4970,189.63066666666666,248.76666666666665,206.22666666666666,249.33277018559255
4980,189.702,248.89,206.29,249.45805293508405
4990,189.77333333333334,249.01333333333332,206.35333333333332,249.58333568457556
5000,189.84466666666665,249.13666666666666,206.41666666666666,249.70861843406706
5010,189.916,249.26,206.48,249.83390118355857
5020,189.98733333333334,249.38333333333333,206.54333333333332,249.95918393305007
5030,190.05866666666665,249.50666666666666,206.60666666666665,250.08446668254157
5040,190.13,249.63,206.67,250.20974943203308
5050,190.20066666666665,249.69266666666667,206.73266666666666,250.27148736365393
5060,190.27133333333333,249.75533333333334,206.79533333333333,250.3332252952748
5070,190.34199999999998,249.81799999999998,206.858,250.39496322689564
5080,190.41266666666667,249.88066666666666,206.92066666666665,250.45670115851647
5090,190.48333333333332,249.94333333333333,206.98333333333332,250.51843909013732
5100,190.554,250.006,207.046,250.58017702175817
5110,190.62466666666666,250.06866666666667,207.10866666666666,250.64191495337903
5120,190.69533333333334,250.13133333333332,207.17133333333334,250.70365288499988
5130,190.766,250.194,207.234,250.76539081662074
5140,190.83666666666667,250.25666666666666,207.29666666666668,250.8271287482416
5150,190.90733333333333,250.31933333333333,207.35933333333335,250.88886667986245
5160,190.978,250.382,207.422,250.95060461148327
5170,191.04866666666666,250.44466666666665,207.48466666666667,251.01234254310413
5180,191.11933333333334,250.50733333333332,207.54733333333334,251.07408047472498
5190,191.19,250.57,207.61,251.13581840634583
5200,191.25866666666667,250.71066666666667,207.6786666666667,251.28061353157887
5210,191.32733333333334,250.85133333333332,207.74733333333333,251.4254086568119
5220,191.396,250.992,207.816,251.57020378204493
5230,191.46466666666666,251.13266666666667,207.88466666666667,251.71499890727796
5240,191.53333333333333,251.27333333333334,207.95333333333335,251.859794032511
5250,191.602,251.414,208.022,252.00458915774402
5260,191.67066666666668,251.55466666666666,208.09066666666666,252.14938428297705
5270,191.73933333333332,251.69533333333334,208.15933333333334,252.29417940821008
5280,191.808,251.836,208.228,252.43897453344312
5290,191.87666666666667,251.97666666666666,208.29666666666665,252.58376965867615
5300,191.94533333333334,252.11733333333333,208.36533333333333,252.72856478390918
5310,192.014,252.258,208.434,252.8733599091422
5320,192.08266666666665,252.39866666666668,208.50266666666667,253.01815503437524
5330,192.15133333333333,252.53933333333333,208.5713333333333,253.16295015960827
5340,192.22,252.68,208.64,253.3077452848413
5350,192.288,252.70600000000002,208.70933333333332,253.3235483687568
5360,192.356,252.732,208.77866666666665,253.3393514526723
5370,192.424,252.758,208.84799999999998,253.35515453658778
5380,192.492,252.784,208.91733333333332,253.37095762050328
5390,192.56,252.81,208.98666666666665,253.38676070441878
5400,192.62800000000001,252.836,209.05599999999998,253.40256378833428
5410,192.696,252.862,209.12533333333332,253.41836687224978
5420,192.764,252.888,209.19466666666668,253.43416995616525
5430,192.832,252.914,209.264,253.44997304008075
5440,192.9,252.94,209.33333333333334,253.46577612399625
5450,192.96800000000002,252.966,209.40266666666668,253.48157920791175
5460,193.036,252.992,209.472,253.49738229182725
5470,193.104,253.018,209.54133333333334,253.51318537574272
5480,193.172,253.04399999999998,209.61066666666667,253.52898845965822
5490,193.24,253.07,209.68,253.54479154357372
5500,193.30733333333333,252.75333333333333,209.708,253.21955335124196
5510,193.37466666666668,252.43666666666667,209.73600000000002,252.8943151589102
5520,193.442,252.12,209.764,252.56907696657845
5530,193.50933333333333,251.8033333333333,209.792,252.24383877424668
5540,193.57666666666668,251.48666666666665,209.82,251.91860058191492
5550,193.644,251.17,209.848,251.59336238958315
5560,193.71133333333333,250.85333333333332,209.876,251.26812419725138
5570,193.77866666666668,250.53666666666666,209.904,250.94288600491964
5580,193.846,250.22,209.932,250.61764781258788
5590,193.91333333333333,249.90333333333334,209.96,250.2924096202561
5600,193.98066666666668,249.58666666666667,209.988,249.96717142792434
5610,194.048,249.26999999999998,210.016,249.64193323559257
5620,194.11533333333333,248.95333333333332,210.04399999999998,249.31669504326084
5630,194.18266666666668,248.63666666666666,210.072,248.99145685092907
5640,194.25,248.32,210.1,248.6662186585973
5650,194.31666666666666,248.39533333333333,210.14333333333332,248.75164082812535
5660,194.38333333333333,248.47066666666666,210.18666666666667,248.83706299765336
5670,194.45,248.546,210.23,248.9224851671814
5680,194.51666666666668,248.62133333333333,210.27333333333334,249.00790733670942
5690,194.58333333333334,248.69666666666666,210.31666666666666,249.09332950623747
5700,194.65,248.772,210.35999999999999,249.1787516757655
5710,194.71666666666667,248.84733333333332,210.40333333333334,249.26417384529353
5720,194.78333333333333,248.92266666666666,210.44666666666666,249.34959601482157
5730,194.85,248.998,210.49,249.4350181843496
5740,194.91666666666666,249.07333333333332,210.53333333333333,249.52044035387763
5750,194.98333333333332,249.14866666666666,210.57666666666665,249.60586252340568
5760,195.05,249.224,210.62,249.6912846929337
5770,195.11666666666667,249.29933333333332,210.66333333333333,249.77670686246174
5780,195.18333333333334,249.37466666666666,210.70666666666668,249.86212903198975
5790,195.25,249.45,210.75,249.9475512015178
5800,195.31666666666666,249.46266666666665,210.79866666666666,249.95803689469716
5810,195.38333333333333,249.4753333333333,210.84733333333332,249.9685225878765
5820,195.45,249.488,210.896,249.97900828105585
5830,195.51666666666668,249.50066666666666,210.94466666666668,249.98949397423522
5840,195.58333333333334,249.51333333333332,210.99333333333334,249.99997966741455
5850,195.65,249.52599999999998,211.042,250.0104653605939
5860,195.71666666666667,249.53866666666664,211.09066666666666,250.02095105377327
5870,195.78333333333333,249.55133333333333,211.13933333333333,250.0314367469526
5880,195.85,249.564,211.188,250.04192244013197
5890,195.91666666666666,249.57666666666665,211.23666666666665,250.05240813331133
5900,195.98333333333332,249.58933333333331,211.2853333333333,250.06289382649067
5910,196.05,249.60199999999998,211.334,250.07337951967003
5920,196.11666666666667,249.61466666666666,211.38266666666667,250.0838652128494
5930,196.18333333333334,249.62733333333333,211.43133333333333,250.09435090602872
5940,196.25,249.64,211.48,250.10483659920808
5950,196.31533333333334,249.5653333333333,211.52066666666667,250.02516395279542
5960,196.38066666666666,249.49066666666667,211.56133333333332,249.94549130638276
5970,196.446,249.416,211.602,249.8658186599701
5980,196.51133333333334,249.34133333333332,211.64266666666666,249.78614601355744
5990,196.57666666666665,249.26666666666665,211.68333333333334,249.70647336714478
6000,196.642,249.192,211.724,249.62680072073212
6010,196.70733333333334,249.11733333333333,211.76466666666667,249.54712807431946
6020,196.77266666666665,249.04266666666666,211.80533333333332,249.4674554279068
6030,196.838,248.968,211.846,249.38778278149414
6040,196.90333333333334,248.89333333333335,211.88666666666666,249.30811013508148
6050,196.96866666666665,248.81866666666667,211.92733333333334,249.22843748866882
6060,197.034,248.744,211.968,249.14876484225616
6070,197.09933333333333,248.66933333333333,212.00866666666667,249.0690921958435
6080,197.16466666666665,248.59466666666668,212.04933333333332,248.98941954943083
6090,197.23,248.52,212.09,248.90974690301817
6100,197.29399999999998,248.33933333333334,212.114,248.72469405377018
6110,197.358,248.15866666666668,212.138,248.53964120452216
6120,197.422,247.978,212.162,248.35458835527416
6130,197.486,247.79733333333334,212.186,248.16953550602616
6140,197.54999999999998,247.61666666666667,212.21,247.98448265677814
6150,197.614,247.436,212.234,247.79942980753015
6160,197.678,247.25533333333334,212.258,247.61437695828215
6170,197.742,247.07466666666667,212.28199999999998,247.42932410903413
6180,197.80599999999998,246.894,212.30599999999998,247.24427125978613
6190,197.87,246.71333333333334,212.32999999999998,247.05921841053814
6200,197.934,246.53266666666667,212.35399999999998,246.8741655612901
6210,197.998,246.352,212.378,246.68911271204212
6220,198.06199999999998,246.17133333333334,212.402,246.50405986279412
6230,198.126,245.99066666666667,212.426,246.3190070135461
6240,198.19,245.81,212.45,246.1339541642981
6250,198.25333333333333,245.94933333333333,212.494,246.2833598406897
6260,198.31666666666666,246.08866666666668,212.53799999999998,246.43276551708135
6270,198.38,246.228,212.582,246.58217119347296
6280,198.44333333333333,246.36733333333333,212.626,246.7315768698646
6290,198.50666666666666,246.50666666666666,212.67,246.8809825462562
6300,198.57,246.64600000000002,212.714,247.03038822264784
6310,198.63333333333333,246.78533333333334,212.758,247.17979389903945
6320,198.69666666666666,246.92466666666667,212.802,247.3291995754311
6330,198.76,247.064,212.846,247.4786052518227
6340,198.82333333333332,247.20333333333335,212.89000000000001,247.62801092821434
6350,198.88666666666666,247.34266666666667,212.934,247.77741660460595
6360,198.95,247.482,212.978,247.92682228099758
6370,199.01333333333332,247.62133333333333,213.02200000000002,248.0762279573892
6380,199.07666666666665,247.76066666666668,213.066,248.22563363378083
6390,199.14,247.9,213.11,248.37503931017244
6400,199.202,247.86666666666667,213.15266666666668,248.3344603564683
6410,199.26399999999998,247.83333333333334,213.19533333333334,248.29388140276413
6420,199.326,247.8,213.238,248.25330244906
6430,199.38799999999998,247.76666666666668,213.2806666666667,248.21272349535585
6440,199.45,247.73333333333335,213.32333333333335,248.1721445416517
6450,199.512,247.70000000000002,213.366,248.13156558794753
6460,199.57399999999998,247.66666666666669,213.40866666666668,248.0909866342434
6470,199.636,247.63333333333333,213.45133333333334,248.05040768053925
6480,199.69799999999998,247.6,213.494,248.0098287268351
6490,199.76,247.56666666666666,213.53666666666666,247.96924977313094
6500,199.822,247.53333333333333,213.57933333333332,247.9286708194268
6510,199.884,247.5,213.622,247.88809186572266
6520,199.946,247.46666666666667,213.66466666666668,247.84751291201852
6530,200.00799999999998,247.43333333333334,213.70733333333334,247.80693395831435
6540,200.07,247.4,213.75,247.7663550046102
6550,200.13,247.39066666666668,213.784,247.7638093044825
6560,200.19,247.38133333333334,213.818,247.76126360435475
6570,200.25,247.372,213.852,247.75871790422704
6580,200.31,247.36266666666666,213.886,247.75617220409933
6590,200.37,247.35333333333332,213.92,247.75362650397162
6600,200.43,247.344,213.954,247.75108080384388
6610,200.49,247.33466666666666,213.988,247.74853510371616
6620,200.54999999999998,247.32533333333333,214.022,247.74598940358845
6630,200.60999999999999,247.316,214.05599999999998,247.74344370346074
6640,200.67,247.30666666666667,214.09,247.740898003333
6650,200.73,247.29733333333334,214.124,247.7383523032053
6660,200.79,247.28799999999998,214.158,247.73580660307758
6670,200.85,247.27866666666665,214.19199999999998,247.73326090294987
6680,200.91,247.26933333333332,214.226,247.73071520282213
6690,200.97,247.26,214.26,247.7281695026944
6700,201.02866666666665,247.518,214.32333333333332,247.9916749398153
6710,201.08733333333333,247.77599999999998,214.38666666666666,248.2551803769362
6720,201.146,248.034,214.45,248.5186858140571
6730,201.20466666666667,248.292,214.51333333333332,248.782191251178
6740,201.26333333333332,248.54999999999998,214.57666666666665,249.0456966882989
6750,201.322,248.808,214.64,249.3092021254198
6760,201.38066666666666,249.066,214.70333333333332,249.5727075625407
6770,201.43933333333334,249.32399999999998,214.76666666666668,249.8362129996616
6780,201.498,249.582,214.83,250.0997184367825
6790,201.55666666666667,249.84,214.89333333333335,250.3632238739034
6800,201.61533333333333,250.09799999999998,214.95666666666668,250.6267293110243
6810,201.674,250.356,215.02,250.8902347481452
6820,201.73266666666666,250.614,215.08333333333334,251.1537401852661
6830,201.79133333333334,250.87199999999999,215.14666666666668,251.417245622387
6840,201.85,251.13,215.21,251.68075105950788
6850,201.90733333333333,250.97,215.24933333333334,251.5079102982996
6860,201.96466666666666,250.81,215.28866666666667,251.3350695370913
6870,202.022,250.65,215.328,251.16222877588302
6880,202.07933333333332,250.48999999999998,215.36733333333333,250.98938801467472
6890,202.13666666666666,250.32999999999998,215.40666666666667,250.81654725346644
6900,202.194,250.17,215.446,250.64370649225813
6910,202.25133333333332,250.01,215.48533333333333,250.47086573104986
6920,202.30866666666668,249.85,215.5246666666667,250.29802496984155
6930,202.366,249.69,215.56400000000002,250.12518420863327
6940,202.42333333333335,249.53,215.60333333333335,249.95234344742497
6950,202.48066666666668,249.37,215.64266666666668,249.7795026862167
6960,202.538,249.20999999999998,215.68200000000002,249.60666192500838
6970,202.59533333333334,249.04999999999998,215.72133333333335,249.4338211638001
6980,202.65266666666668,248.89,215.76066666666668,249.2609804025918
6990,202.71,248.73,215.8,249.08813964138352
7000,202.76600000000002,248.73399999999998,215.83666666666667,249.09640104867864
7010,202.822,248.738,215.87333333333333,249.10466245597377
7020,202.87800000000001,248.742,215.91,249.1129238632689
7030,202.934,248.74599999999998,215.9466666666667,249.121185270564
7040,202.99,248.75,215.98333333333335,249.12944667785914
7050,203.04600000000002,248.754,216.02,249.13770808515426
7060,203.102,248.75799999999998,216.05666666666667,249.14596949244938
7070,203.15800000000002,248.762,216.09333333333333,249.15423089974453
7080,203.214,248.766,216.13,249.16249230703966
7090,203.27,248.76999999999998,216.16666666666666,249.17075371433478
7100,203.32600000000002,248.774,216.20333333333332,249.1790151216299
7110,203.382,248.778,216.24,249.18727652892503
7120,203.43800000000002,248.78199999999998,216.27666666666667,249.19553793622015
7130,203.494,248.786,216.31333333333333,249.20379934351527
7140,203.55,248.79,216.35,249.2120607508104
7150,203.60466666666667,248.83666666666667,216.396,249.25644835307062
7160,203.65933333333334,248.88333333333333,216.442,249.30083595533085
7170,203.714,248.93,216.488,249.34522355759108
7180,203.7686666666667,248.97666666666666,216.534,249.3896111598513
7190,203.82333333333335,249.02333333333334,216.57999999999998,249.43399876211154
7200,203.87800000000001,249.07,216.626,249.47838636437177
7210,203.93266666666668,249.11666666666667,216.672,249.522773966632
7220,203.98733333333334,249.16333333333333,216.718,249.5671615688922
7230,204.042,249.21,216.76399999999998,249.61154917115243
7240,204.09666666666666,249.25666666666666,216.81,249.65593677341266
7250,204.15133333333333,249.30333333333334,216.856,249.7003243756729
7260,204.20600000000002,249.35,216.902,249.74471197793312
7270,204.26066666666668,249.39666666666668,216.94799999999998,249.78909958019335
7280,204.31533333333334,249.44333333333333,216.994,249.83348718245358
7290,204.37,249.49,217.04,249.8778747847138
7300,204.42333333333335,249.42733333333334,217.07533333333333,249.81341260840082
7310,204.47666666666666,249.36466666666666,217.11066666666665,249.74895043208784
7320,204.53,249.30200000000002,217.146,249.68448825577485
7330,204.58333333333334,249.23933333333335,217.18133333333333,249.62002607946187
7340,204.63666666666666,249.17666666666668,217.21666666666667,249.55556390314888
7350,204.69,249.114,217.25199999999998,249.4911017268359
7360,204.74333333333334,249.05133333333333,217.28733333333332,249.4266395505229
7370,204.79666666666665,248.9886666666667,217.32266666666666,249.3621773742099
7380,204.85,248.92600000000002,217.358,249.2977151978969
7390,204.90333333333334,248.86333333333334,217.39333333333332,249.23325302158392
7400,204.95666666666665,248.80066666666667,217.42866666666666,249.16879084527093
7410,205.01,248.738,217.464,249.10432866895795
7420,205.06333333333333,248.67533333333336,217.49933333333334,249.03986649264496
7430,205.11666666666665,248.61266666666668,217.53466666666665,248.97540431633197
7440,205.17,248.55,217.57,248.910942140019
7450,205.22333333333333,248.63066666666668,217.61266666666666,248.99574711248297
7460,205.27666666666664,248.71133333333333,217.65533333333332,249.08055208494696
7470,205.32999999999998,248.792,217.698,249.16535705741097
7480,205.38333333333333,248.87266666666667,217.74066666666667,249.25016202987496
7490,205.43666666666667,248.95333333333335,217.78333333333333,249.33496700233894
7500,205.48999999999998,249.034,217.826,249.41977197480293
7510,205.54333333333332,249.11466666666666,217.86866666666666,249.5045769472669
7520,205.59666666666666,249.19533333333334,217.91133333333335,249.58938191973093
7530,205.65,249.276,217.954,249.6741868921949
7540,205.70333333333332,249.35666666666665,217.99666666666667,249.7589918646589
7550,205.75666666666666,249.43733333333333,218.03933333333333,249.84379683712288
7560,205.81,249.518,218.082,249.92860180958687
7570,205.86333333333334,249.59866666666667,218.12466666666668,250.01340678205088
7580,205.91666666666666,249.67933333333332,218.16733333333335,250.09821175451486
7590,205.97,249.76,218.21,250.18301672697885
7600,206.022,249.73266666666666,218.25066666666666,250.1510285606813
7610,206.074,249.70533333333333,218.29133333333334,250.11904039438377
7620,206.126,249.678,218.332,250.08705222808624
7630,206.178,249.65066666666667,218.37266666666667,250.05506406178867
7640,206.23,249.62333333333333,218.41333333333333,250.02307589549113
7650,206.282,249.596,218.454,249.9910877291936
7660,206.334,249.56866666666667,218.49466666666666,249.95909956289606
7670,206.386,249.5413333333333,218.53533333333334,249.92711139659852
7680,206.438,249.51399999999998,218.576,249.89512323030098
7690,206.49,249.48666666666665,218.61666666666667,249.86313506400344
7700,206.542,249.45933333333332,218.65733333333333,249.8311468977059
7710,206.594,249.432,218.698,249.79915873140834
7720,206.646,249.40466666666666,218.73866666666666,249.7671705651108
7730,206.698,249.37733333333333,218.77933333333334,249.73518239881327
7740,206.75,249.35,218.82,249.70319423251573
7750,206.80133333333333,249.32399999999998,218.852,249.67928080484043
7760,206.85266666666666,249.298,218.884,249.65536737716516
7770,206.904,249.272,218.916,249.63145394948987
7780,206.95533333333333,249.246,218.948,249.6075405218146
7790,207.00666666666666,249.22,218.98,249.5836270941393
7800,207.058,249.194,219.012,249.55971366646403
7810,207.10933333333332,249.168,219.044,249.53580023878874
7820,207.16066666666669,249.142,219.076,249.51188681111347
7830,207.21200000000002,249.116,219.108,249.48797338343817
7840,207.26333333333335,249.09,219.14000000000001,249.4640599557629
7850,207.31466666666668,249.064,219.172,249.4401465280876
7860,207.366,249.038,219.204,249.41623310041234
7870,207.41733333333335,249.012,219.23600000000002,249.39231967273705
7880,207.46866666666668,248.98600000000002,219.268,249.36840624506178
7890,207.52,248.96,219.3,249.34449281738648
7900,207.57000000000002,249.06666666666666,219.346,249.45352200571725
7910,207.62,249.17333333333335,219.39200000000002,249.562551194048
7920,207.67000000000002,249.28,219.43800000000002,249.67158038237878
7930,207.72,249.38666666666668,219.484,249.78060957070954
7940,207.77,249.49333333333334,219.53,249.8896387590403
7950,207.82000000000002,249.6,219.57600000000002,249.99866794737108
7960,207.87,249.70666666666668,219.622,250.10769713570184
7970,207.92000000000002,249.81333333333333,219.668,250.21672632403263
7980,207.97,249.92000000000002,219.714,250.3257555123634
7990,208.02,250.02666666666667,219.76000000000002,250.43478470069417
8000,208.07000000000002,250.13333333333333,219.806,250.54381388902493
8010,208.12,250.24,219.852,250.6528430773557
8020,208.17000000000002,250.34666666666666,219.898,250.76187226568646
8030,208.22,250.45333333333335,219.94400000000002,250.87090145401723
8040,208.27,250.56,219.99,250.979930642348
8050,208.32000000000002,250.58666666666667,220.03333333333333,251.00487042259104
8060,208.37,250.61333333333334,220.07666666666668,251.02981020283408
8070,208.42000000000002,250.64000000000001,220.12,251.05474998307716
8080,208.47,250.66666666666666,220.16333333333333,251.0796897633202
8090,208.52,250.69333333333333,220.20666666666668,251.10462954356325
8100,208.57000000000002,250.72,220.25,251.1295693238063
8110,208.62,250.74666666666667,220.29333333333332,251.15450910404934
8120,208.67000000000002,250.77333333333334,220.33666666666667,251.1794488842924
8130,208.72,250.8,220.38,251.20438866453546
8140,208.77,250.82666666666668,220.42333333333332,251.2293284447785
8150,208.82000000000002,250.85333333333335,220.46666666666667,251.25426822502155
8160,208.87,250.88,220.51,251.2792080052646
8170,208.92000000000002,250.90666666666667,220.5533333333333,251.30414778550767
8180,208.97,250.93333333333334,220.59666666666666,251.3290875657507
8190,209.02,250.96,220.64,251.35402734599376
8200,209.06866666666667,251.03133333333335,220.68599999999998,251.4271755833666
8210,209.11733333333333,251.10266666666666,220.732,251.5003238207394
8220,209.166,251.174,220.778,251.57347205811223
8230,209.2146666666667,251.24533333333335,220.82399999999998,251.64662029548504
8240,209.26333333333335,251.31666666666666,220.87,251.71976853285787
8250,209.312,251.388,220.916,251.7929167702307
8260,209.36066666666667,251.45933333333335,220.962,251.8660650076035
8270,209.40933333333334,251.53066666666666,221.008,251.93921324497634
8280,209.458,251.602,221.054,252.01236148234915
8290,209.50666666666666,251.67333333333335,221.1,252.08550971972198
8300,209.55533333333332,251.74466666666666,221.14600000000002,252.15865795709482
8310,209.604,251.816,221.192,252.23180619446762
8320,209.65266666666668,251.88733333333334,221.238,252.30495443184046
8330,209.70133333333334,251.95866666666666,221.28400000000002,252.37810266921326
8340,209.75,252.03,221.33,252.4512509065861
8350,209.798,252.03733333333332,221.37533333333334,252.45255217325325
8360,209.846,252.04466666666667,221.42066666666668,252.45385343992038
8370,209.894,252.052,221.466,252.45515470658754
8380,209.942,252.05933333333334,221.51133333333334,252.4564559732547
8390,209.99,252.06666666666666,221.55666666666667,252.45775723992182
8400,210.038,252.07399999999998,221.602,252.45905850658897
8410,210.086,252.08133333333333,221.64733333333334,252.46035977325613
8420,210.134,252.08866666666665,221.69266666666667,252.46166103992326
8430,210.182,252.096,221.738,252.4629623065904
8440,210.23,252.10333333333332,221.78333333333333,252.46426357325757
8450,210.278,252.11066666666665,221.82866666666666,252.4655648399247
8460,210.326,252.118,221.874,252.46686610659185
8470,210.374,252.12533333333332,221.91933333333333,252.468167373259
8480,210.422,252.13266666666667,221.96466666666666,252.46946863992613
8490,210.47,252.14,222.01,252.4707699065933
8500,210.518,251.95399999999998,222.03199999999998,252.2801687747193
8510,210.566,251.768,222.054,252.08956764284534
8520,210.614,251.582,222.076,251.89896651097135
8530,210.662,251.396,222.09799999999998,251.70836537909736
8540,210.71,251.20999999999998,222.12,251.51776424722337
8550,210.758,251.024,222.142,251.3271631153494
8560,210.806,250.838,222.164,251.13656198347542
8570,210.85399999999998,250.652,222.186,250.94596085160143
8580,210.902,250.46599999999998,222.208,250.75535971972744
8590,210.95,250.28,222.23,250.56475858785348
8600,210.998,250.094,222.252,250.37415745597949
8610,211.046,249.908,222.274,250.1835563241055
8620,211.094,249.72199999999998,222.296,249.9929551922315
8630,211.142,249.536,222.318,249.80235406035754
8640,211.19,249.35,222.34,249.61175292848355
8650,211.23666666666665,248.75866666666667,222.31466666666668,249.00066308844873
8660,211.28333333333333,248.16733333333332,222.28933333333333,248.38957324841388
8670,211.32999999999998,247.576,222.264,247.77848340837906
8680,211.37666666666667,246.98466666666667,222.23866666666666,247.1673935683442
8690,211.42333333333332,246.39333333333332,222.21333333333334,246.5563037283094
8700,211.47,245.802,222.18800000000002,245.94521388827454
8710,211.51666666666665,245.21066666666667,222.16266666666667,245.33412404823972
8720,211.56333333333333,244.61933333333332,222.13733333333334,244.72303420820487
8730,211.60999999999999,244.028,222.112,244.11194436817004
8740,211.65666666666667,243.43666666666667,222.08666666666667,243.5008545281352
8750,211.70333333333332,242.84533333333331,222.06133333333335,242.88976468810037
8760,211.75,242.254,222.036,242.27867484806552
8770,211.79666666666665,241.66266666666667,222.01066666666668,241.6675850080307
8780,211.84333333333333,241.0713333333333,221.98533333333333,241.05649516799585
8790,211.89,240.48,221.96,240.44540532796103
8800,211.93666666666667,240.08466666666666,221.91866666666667,240.0505153716452
8810,211.98333333333332,239.68933333333334,221.87733333333335,239.65562541532935
8820,212.03,239.29399999999998,221.836,239.26073545901352
8830,212.07666666666665,238.89866666666666,221.79466666666667,238.86584550269768
8840,212.12333333333333,238.50333333333333,221.75333333333333,238.47095554638184
8850,212.17,238.108,221.71200000000002,238.076065590066
8860,212.21666666666667,237.71266666666668,221.67066666666668,237.68117563375017
8870,212.26333333333332,237.31733333333332,221.62933333333334,237.28628567743436
8880,212.31,236.922,221.588,236.89139572111853
8890,212.35666666666665,236.52666666666667,221.54666666666668,236.4965057648027
8900,212.40333333333334,236.13133333333334,221.50533333333334,236.10161580848686
8910,212.45,235.73600000000002,221.464,235.70672585217102
8920,212.49666666666667,235.34066666666666,221.42266666666666,235.31183589585518
8930,212.54333333333332,234.94533333333334,221.38133333333334,234.91694593953935
8940,212.59,234.55,221.34,234.5220559832235
8950,212.636,234.29333333333335,221.30533333333332,234.26511318720844
8960,212.68200000000002,234.03666666666666,221.27066666666667,234.00817039119337
8970,212.728,233.78,221.236,233.7512275951783
8980,212.774,233.52333333333334,221.20133333333334,233.4942847991632
8990,212.82,233.26666666666668,221.16666666666666,233.23734200314814
9000,212.866,233.01,221.132,232.98039920713308
9010,212.912,232.75333333333333,221.09733333333332,232.723456411118
9020,212.958,232.49666666666667,221.06266666666667,232.46651361510294
9030,213.004,232.24,221.028,232.20957081908787
9040,213.05,231.98333333333332,220.99333333333334,231.9526280230728
9050,213.096,231.72666666666666,220.95866666666666,231.69568522705774
9060,213.142,231.47,220.924,231.43874243104264
9070,213.188,231.21333333333334,220.88933333333333,231.18179963502757
9080,213.234,230.95666666666665,220.85466666666667,230.9248568390125
9090,213.28,230.7,220.82,230.66791404299744
9100,213.324,230.504,220.79,230.4706656838649
9110,213.368,230.308,220.76,230.27341732473235
9120,213.412,230.112,220.73,230.0761689655998
9130,213.456,229.916,220.7,229.8789206064673
9140,213.5,229.72,220.67,229.68167224733475
9150,213.544,229.524,220.64,229.4844238882022
9160,213.588,229.328,220.60999999999999,229.28717552906966
9170,213.632,229.13199999999998,220.58,229.0899271699371
9180,213.676,228.93599999999998,220.55,228.89267881080457
9190,213.72,228.73999999999998,220.52,228.69543045167202
9200,213.764,228.54399999999998,220.49,228.49818209253948
9210,213.808,228.34799999999998,220.46,228.30093373340696
9220,213.852,228.152,220.43,228.10368537427442
9230,213.896,227.956,220.4,227.90643701514188
9240,213.94,227.76,220.37,227.70918865600933
9250,213.98133333333334,227.12066666666666,220.3,227.04984702770378
9260,214.02266666666665,226.4813333333333,220.23,226.39050539939822
9270,214.064,225.84199999999998,220.16,225.73116377109267
9280,214.10533333333333,225.20266666666666,220.09,225.0718221427871
9290,214.14666666666668,224.56333333333333,220.02,224.41248051448156
9300,214.188,223.92399999999998,219.95,223.753138886176
9310,214.22933333333333,223.28466666666665,219.88,223.09379725787045
9320,214.27066666666667,222.64533333333333,219.81,222.4344556295649
9330,214.312,222.006,219.74,221.77511400125934
9340,214.35333333333332,221.36666666666665,219.67,221.11577237295378
9350,214.39466666666667,220.72733333333332,219.6,220.45643074464823
9360,214.436,220.088,219.53,219.79708911634268
9370,214.47733333333335,219.44866666666667,219.46,219.13774748803712
9380,214.51866666666666,218.8093333333333,219.39,218.47840585973157
9390,214.56,218.17,219.32,217.819064231426
9400,214.59666666666666,217.80266666666665,219.24333333333334,217.45704652142138
9410,214.63333333333333,217.43533333333332,219.16666666666666,217.0950288114167
9420,214.67000000000002,217.06799999999998,219.09,216.73301110141207
9430,214.70666666666668,216.70066666666665,219.01333333333332,216.37099339140744
9440,214.74333333333334,216.33333333333331,218.93666666666667,216.0089756814028
9450,214.78,215.96599999999998,218.85999999999999,215.64695797139814
9460,214.81666666666666,215.59866666666665,218.78333333333333,215.2849402613935
9470,214.85333333333335,215.23133333333334,218.70666666666665,214.92292255138887
9480,214.89000000000001,214.864,218.63,214.56090484138423
9490,214.92666666666668,214.49666666666667,218.5533333333333,214.19888713137956
9500,214.96333333333334,214.12933333333334,218.47666666666666,213.83686942137493
9510,215.0,213.762,218.39999999999998,213.4748517113703
9520,215.0366666666667,213.39466666666667,218.32333333333332,213.11283400136566
9530,215.07333333333335,213.02733333333333,218.24666666666664,212.750816291361
9540,215.11,212.66,218.17,212.38879858135635
9550,215.14266666666668,212.358,218.10533333333333,212.07977572290676
9560,215.17533333333336,212.05599999999998,218.04066666666665,211.77075286445717
9570,215.208,211.754,217.976,211.46173000600757
9580,215.24066666666667,211.452,217.91133333333332,211.152707147558
9590,215.27333333333334,211.15,217.84666666666666,210.8436842891084
9600,215.306,210.84799999999998,217.78199999999998,210.53466143065882
9610,215.33866666666668,210.546,217.71733333333333,210.22563857220922
9620,215.37133333333333,210.244,217.65266666666665,209.91661571375963
9630,215.404,209.942,217.588,209.60759285531003
9640,215.43666666666667,209.64,217.5233333333333,209.29856999686044
9650,215.46933333333334,209.338,217.45866666666666,208.98954713841084
9660,215.502,209.036,217.39399999999998,208.68052427996128
9670,215.53466666666665,208.734,217.32933333333332,208.37150142151168
9680,215.56733333333332,208.432,217.26466666666664,208.0624785630621
9690,215.6,208.13,217.2,207.7534557046125
9700,215.62733333333333,207.63666666666666,217.11066666666665,207.2530986309721
9710,215.65466666666666,207.14333333333332,217.02133333333333,206.7527415573317
9720,215.682,206.65,216.932,206.2523844836913
9730,215.70933333333332,206.15666666666667,216.84266666666667,205.75202741005086
9740,215.73666666666665,205.66333333333333,216.75333333333333,205.25167033641046
9750,215.76399999999998,205.17,216.664,204.75131326277005
9760,215.7913333333333,204.67666666666665,216.57466666666667,204.25095618912965
9770,215.81866666666667,204.18333333333334,216.48533333333333,203.75059911548925
9780,215.846,203.69,216.39600000000002,203.25024204184885
9790,215.87333333333333,203.19666666666666,216.30666666666667,202.74988496820845
9800,215.90066666666667,202.70333333333332,216.21733333333333,202.24952789456805
9810,215.928,202.20999999999998,216.12800000000001,201.74917082092762
9820,215.95533333333333,201.71666666666667,216.03866666666667,201.24881374728722
9830,215.98266666666666,201.22333333333333,215.94933333333336,200.7484566736468
9840,216.01,200.73,215.86,200.2480996000064
9850,216.03133333333332,200.44199999999998,215.77666666666667,199.96269761561132
9860,216.05266666666665,200.154,215.69333333333336,199.67729563121623
9870,216.07399999999998,199.86599999999999,215.61,199.39189364682113
9880,216.09533333333334,199.578,215.52666666666667,199.10649166242604
9890,216.11666666666667,199.29,215.44333333333336,198.82108967803094
9900,216.138,199.00199999999998,215.36,198.53568769363585
9910,216.15933333333334,198.714,215.27666666666667,198.25028570924076
9920,216.18066666666667,198.426,215.19333333333336,197.9648837248457
9930,216.202,198.138,215.11,197.6794817404506
9940,216.22333333333333,197.85,215.02666666666667,197.3940797560555
9950,216.24466666666666,197.56199999999998,214.94333333333336,197.1086777716604
9960,216.26600000000002,197.274,214.86,196.82327578726532
9970,216.28733333333335,196.986,214.77666666666667,196.53787380287022
9980,216.30866666666668,196.698,214.69333333333336,196.25247181847513
9990,216.33,196.41,214.61,195.96706983408004
10000,216.34533333333334,195.82733333333334,214.50533333333334,195.36765162003164
10010,216.36066666666667,195.24466666666666,214.40066666666667,194.76823340598324
10020,216.376,194.662,214.29600000000002,194.1688151919348
10030,216.39133333333334,194.07933333333332,214.19133333333335,193.5693969778864
10040,216.40666666666667,193.49666666666667,214.08666666666667,192.96997876383801
10050,216.422,192.914,213.982,192.37056054978962
10060,216.43733333333333,192.33133333333333,213.87733333333333,191.77114233574122
10070,216.4526666666667,191.74866666666665,213.77266666666668,191.1717241216928
10080,216.46800000000002,191.166,213.668,190.5723059076444
10090,216.48333333333335,190.58333333333331,213.56333333333333,189.972887693596
10100,216.49866666666668,190.00066666666666,213.45866666666666,189.3734694795476
10110,216.514,189.41799999999998,213.35399999999998,188.7740512654992
10120,216.52933333333334,188.83533333333332,213.24933333333334,188.17463305145077
10130,216.54466666666667,188.25266666666664,213.14466666666667,187.57521483740237
10140,216.56,187.67,213.04,186.97579662335397
10150,216.56933333333333,187.08333333333331,212.90666666666667,186.3913969076614
10160,216.57866666666666,186.49666666666667,212.7733333333333,185.80699719196883
10170,216.588,185.91,212.64,185.22259747627626
10180,216.59733333333332,185.32333333333332,212.50666666666666,184.6381977605837
10190,216.60666666666665,184.73666666666665,212.37333333333333,184.05379804489112
10200,216.61599999999999,184.15,212.23999999999998,183.46939832919855
10210,216.62533333333332,183.56333333333333,212.10666666666665,182.88499861350599
10220,216.63466666666667,182.97666666666666,211.97333333333333,182.3005988978134
10230,216.644,182.39,211.84,181.71619918212082
10240,216.65333333333334,181.80333333333334,211.70666666666665,181.13179946642825
10250,216.66266666666667,181.21666666666667,211.57333333333332,180.54739975073568
10260,216.672,180.63,211.44,179.9630000350431
10270,216.68133333333333,180.04333333333332,211.30666666666667,179.37860031935054
10280,216.69066666666666,179.45666666666668,211.17333333333332,178.79420060365797
10290,216.7,178.87,211.04,178.2098008879654
10300,216.702,178.62866666666667,210.932,177.96945439863782
10310,216.70399999999998,178.38733333333334,210.82399999999998,177.72910790931024
10320,216.706,178.14600000000002,210.71599999999998,177.48876141998267
10330,216.708,177.90466666666666,210.608,177.2484149306551
10340,216.70999999999998,177.66333333333333,210.5,177.0080684413275
10350,216.712,177.422,210.392,176.76772195199993
10360,216.714,177.18066666666667,210.284,176.52737546267235
10370,216.71599999999998,176.93933333333334,210.176,176.28702897334475
10380,216.718,176.698,210.06799999999998,176.04668248401717
10390,216.72,176.45666666666668,209.95999999999998,175.8063359946896
10400,216.72199999999998,176.21533333333335,209.85199999999998,175.565989505362
10410,216.724,175.974,209.744,175.32564301603443
10420,216.726,175.73266666666666,209.636,175.08529652670686
10430,216.72799999999998,175.49133333333333,209.528,174.84495003737928
10440,216.73,175.25,209.42,174.6046035480517
10450,216.72666666666666,175.14333333333335,209.33133333333333,174.50358882212313
10460,216.72333333333333,175.03666666666666,209.24266666666665,174.40257409619457
10470,216.72,174.93,209.154,174.301559370266
10480,216.71666666666667,174.82333333333332,209.0653333333333,174.20054464433744
10490,216.71333333333334,174.71666666666667,208.97666666666666,174.09952991840888
10500,216.71,174.61,208.888,173.9985151924803
10510,216.70666666666668,174.50333333333333,208.79933333333332,173.89750046655175
10520,216.70333333333332,174.39666666666668,208.71066666666667,173.79648574062318
10530,216.7,174.29,208.62199999999999,173.69547101469462
10540,216.69666666666666,174.18333333333334,208.53333333333333,173.59445628876605
10550,216.69333333333333,174.07666666666668,208.44466666666668,173.4934415628375
10560,216.69,173.97,208.356,173.39242683690892
10570,216.68666666666667,173.86333333333334,208.26733333333334,173.29141211098036
10580,216.68333333333334,173.75666666666666,208.17866666666666,173.1903973850518
10590,216.68,173.65,208.09,173.08938265912323
10600,216.67000000000002,173.87333333333333,208.03666666666666,173.330101318213
10610,216.66,174.09666666666666,207.98333333333335,173.57081997730273
10620,216.65,174.32,207.93,173.8115386363925
10630,216.64000000000001,174.54333333333335,207.87666666666667,174.05225729548226
10640,216.63,174.76666666666668,207.82333333333332,174.292975954572
10650,216.62,174.99,207.77,174.53369461366177
10660,216.61,175.21333333333334,207.71666666666667,174.77441327275153
10670,216.6,175.43666666666667,207.66333333333333,175.01513193184127
10680,216.59,175.66,207.60999999999999,175.25585059093103
10690,216.58,175.88333333333333,207.55666666666667,175.4965692500208
10700,216.57,176.10666666666665,207.50333333333333,175.73728790911053
10710,216.56,176.33,207.45,175.9780065682003
10720,216.55,176.55333333333334,207.39666666666665,176.21872522729007
10730,216.54,176.77666666666667,207.34333333333333,176.4594438863798
10740,216.53,177.0,207.29,176.70016254546957
10750,216.51266666666666,177.21,207.27066666666667,176.9051264753188
10760,216.49533333333335,177.42,207.25133333333332,177.11009040516805
10770,216.478,177.63,207.232,177.31505433501732
10780,216.46066666666667,177.84,207.21266666666665,177.52001826486656
10790,216.44333333333333,178.05,207.19333333333333,177.7249821947158
10800,216.42600000000002,178.26,207.174,177.92994612456505
10810,216.40866666666668,178.47,207.15466666666666,178.1349100544143
10820,216.39133333333334,178.68,207.13533333333334,178.33987398426356
10830,216.374,178.89000000000001,207.11599999999999,178.5448379141128
10840,216.35666666666668,179.1,207.09666666666666,178.74980184396205
10850,216.33933333333334,179.31,207.07733333333334,178.9547657738113
10860,216.322,179.52,207.058,179.15972970366053
10870,216.30466666666666,179.73000000000002,207.03866666666667,179.3646936335098
10880,216.28733333333335,179.94,207.01933333333332,179.56965756335904
10890,216.27,180.15,207.0,179.7746214932083
10900,216.24733333333333,179.94733333333335,206.94666666666666,179.5663425795582
10910,216.22466666666668,179.74466666666666,206.89333333333335,179.3580636659081
10920,216.202,179.542,206.84,179.14978475225803
10930,216.17933333333335,179.33933333333334,206.78666666666666,178.94150583860792
10940,216.15666666666667,179.13666666666668,206.73333333333332,178.73322692495785
10950,216.13400000000001,178.934,206.68,178.52494801130777
10960,216.11133333333333,178.73133333333334,206.62666666666667,178.31666909765767
10970,216.08866666666668,178.52866666666668,206.57333333333332,178.1083901840076
10980,216.066,178.32600000000002,206.51999999999998,177.90011127035748
10990,216.04333333333335,178.12333333333333,206.46666666666667,177.6918323567074
11000,216.02066666666667,177.92066666666668,206.41333333333333,177.48355344305733
11010,215.99800000000002,177.71800000000002,206.35999999999999,177.27527452940723
11020,215.97533333333334,177.51533333333336,206.30666666666664,177.06699561575715
11030,215.9526666666667,177.31266666666667,206.25333333333333,176.85871670210705
11040,215.93,177.11,206.2,176.65043778845697
11050,215.90200000000002,177.15800000000002,206.15866666666665,176.70581309682578
11060,215.874,177.20600000000002,206.11733333333333,176.7611884051946
11070,215.846,177.25400000000002,206.076,176.8165637135634
11080,215.818,177.30200000000002,206.03466666666665,176.8719390219322
11090,215.79,177.35000000000002,205.99333333333334,176.92731433030102
11100,215.762,177.39800000000002,205.952,176.98268963866983
11110,215.734,177.44600000000003,205.91066666666666,177.03806494703863
11120,215.706,177.494,205.86933333333334,177.09344025540747
11130,215.678,177.542,205.828,177.14881556377628
11140,215.65,177.59,205.78666666666666,177.2041908721451
11150,215.62199999999999,177.638,205.74533333333335,177.2595661805139
11160,215.594,177.686,205.704,177.3149414888827
11170,215.566,177.734,205.66266666666667,177.37031679725152
11180,215.53799999999998,177.782,205.62133333333335,177.42569210562033
11190,215.51,177.83,205.58,177.48106741398914
11200,215.47799999999998,177.69333333333336,205.53266666666667,177.33704903438513
11210,215.446,177.55666666666667,205.48533333333336,177.19303065478115
11220,215.414,177.42000000000002,205.43800000000002,177.04901227517715
11230,215.382,177.28333333333333,205.39066666666668,176.90499389557317
11240,215.35,177.14666666666668,205.34333333333333,176.76097551596916
11250,215.31799999999998,177.01000000000002,205.29600000000002,176.6169571363652
11260,215.286,176.87333333333333,205.24866666666668,176.47293875676118
11270,215.254,176.73666666666668,205.20133333333334,176.3289203771572
11280,215.222,176.6,205.154,176.1849019975532
11290,215.19,176.46333333333334,205.10666666666668,176.04088361794922
11300,215.158,176.32666666666668,205.05933333333334,175.8968652383452
11310,215.126,176.19,205.012,175.75284685874124
11320,215.094,176.05333333333334,204.96466666666666,175.60882847913723
11330,215.062,175.91666666666666,204.91733333333335,175.46481009953325
11340,215.03,175.78,204.87,175.32079171992925
11350,214.99533333333332,175.63400000000001,204.80866666666668,175.17796706009855
11360,214.96066666666667,175.488,204.74733333333333,175.03514240026783
11370,214.926,175.342,204.686,174.89231774043714
11380,214.89133333333334,175.196,204.62466666666666,174.7494930806064
11390,214.85666666666665,175.05,204.56333333333333,174.60666842077572
11400,214.822,174.904,204.502,174.463843760945
11410,214.78733333333332,174.758,204.44066666666666,174.3210191011143
11420,214.75266666666667,174.612,204.37933333333334,174.17819444128358
11430,214.718,174.466,204.31799999999998,174.03536978145289
11440,214.68333333333334,174.32,204.25666666666666,173.89254512162216
11450,214.64866666666666,174.174,204.19533333333334,173.74972046179147
11460,214.614,174.028,204.134,173.60689580196075
11470,214.57933333333332,173.882,204.07266666666666,173.46407114213005
11480,214.54466666666667,173.736,204.0113333333333,173.32124648229933
11490,214.51,173.59,203.95,173.17842182246864
11500,214.474,173.64533333333333,203.90933333333334,173.23737829015732
11510,214.438,173.70066666666668,203.86866666666666,173.29633475784598
11520,214.402,173.756,203.828,173.35529122553467
11530,214.36599999999999,173.81133333333332,203.78733333333332,173.41424769322333
11540,214.32999999999998,173.86666666666667,203.74666666666667,173.47320416091202
11550,214.29399999999998,173.922,203.706,173.53216062860068
11560,214.25799999999998,173.97733333333332,203.66533333333334,173.59111709628937
11570,214.222,174.03266666666667,203.62466666666666,173.65007356397803
11580,214.186,174.088,203.584,173.7090300316667
11590,214.15,174.14333333333332,203.54333333333332,173.76798649935537
11600,214.114,174.19866666666667,203.50266666666667,173.82694296704406
11610,214.078,174.254,203.462,173.88589943473272
11620,214.042,174.3093333333333,203.42133333333334,173.9448559024214
11630,214.006,174.36466666666666,203.38066666666666,174.00381237011007
11640,213.97,174.42,203.34,174.06276883779876
11650,213.93266666666668,174.4393333333333,203.30333333333334,174.0823834549838
11660,213.89533333333333,174.45866666666666,203.26666666666668,174.10199807216884
11670,213.858,174.47799999999998,203.23,174.1216126893539
11680,213.82066666666665,174.49733333333333,203.19333333333333,174.14122730653892
11690,213.78333333333333,174.51666666666665,203.15666666666667,174.16084192372398
11700,213.746,174.536,203.12,174.180456540909
11710,213.70866666666666,174.55533333333332,203.08333333333334,174.20007115809406
11720,213.67133333333334,174.57466666666667,203.04666666666665,174.2196857752791
11730,213.634,174.594,203.01,174.23930039246414
11740,213.59666666666666,174.61333333333334,202.97333333333333,174.25891500964917
11750,213.55933333333334,174.63266666666667,202.93666666666667,174.27852962683423
11760,213.522,174.65200000000002,202.9,174.29814424401926
11770,213.48466666666667,174.67133333333334,202.86333333333332,174.3177588612043
11780,213.44733333333332,174.6906666666667,202.82666666666665,174.33737347838934
11790,213.41,174.71,202.79,174.3569880955744
11800,213.37133333333333,174.80266666666668,202.76133333333334,174.45491923644533
11810,213.33266666666665,174.89533333333333,202.73266666666666,174.55285037731628
11820,213.294,174.988,202.704,174.65078151818722
11830,213.25533333333334,175.08066666666667,202.67533333333333,174.74871265905813
11840,213.21666666666667,175.17333333333335,202.64666666666668,174.84664379992907
11850,213.178,175.266,202.618,174.9445749408
11860,213.13933333333333,175.35866666666666,202.58933333333334,175.04250608167095
11870,213.10066666666668,175.45133333333334,202.56066666666666,175.1404372225419
11880,213.062,175.544,202.532,175.23836836341283
11890,213.02333333333334,175.63666666666666,202.50333333333333,175.33629950428377
11900,212.98466666666667,175.72933333333333,202.47466666666668,175.4342306451547
11910,212.946,175.822,202.446,175.53216178602563
11920,212.90733333333336,175.91466666666668,202.41733333333335,175.63009292689657
11930,212.86866666666668,176.00733333333332,202.38866666666667,175.7280240677675
11940,212.83,176.1,202.36,175.82595520863845
11950,212.79066666666668,176.14933333333332,202.33800000000002,175.87147159209184
11960,212.75133333333335,176.19866666666667,202.316,175.9169879755452
11970,212.71200000000002,176.248,202.294,175.9625043589986
11980,212.6726666666667,176.29733333333334,202.27200000000002,176.00802074245195
11990,212.63333333333335,176.34666666666666,202.25,176.05353712590534
12000,212.59400000000002,176.396,202.228,176.09905350935873
12010,212.5546666666667,176.44533333333334,202.20600000000002,176.1445698928121
12020,212.51533333333333,176.49466666666666,202.184,176.19008627626548
12030,212.476,176.544,202.162,176.23560265971884
12040,212.43666666666667,176.59333333333333,202.14000000000001,176.28111904317223
12050,212.39733333333334,176.64266666666666,202.118,176.32663542662561
12060,212.358,176.692,202.096,176.37215181007898
12070,212.31866666666667,176.74133333333333,202.074,176.41766819353236
12080,212.27933333333334,176.79066666666668,202.052,176.46318457698573
12090,212.24,176.84,202.03,176.5087009604391
12100,212.19933333333333,176.70600000000002,201.98933333333332,176.3710713053715
12110,212.15866666666668,176.572,201.94866666666667,176.23344165030386
12120,212.118,176.43800000000002,201.908,176.09581199523623
12130,212.07733333333334,176.304,201.86733333333333,175.9581823401686
12140,212.03666666666666,176.17000000000002,201.82666666666665,175.82055268510098
12150,211.996,176.036,201.786,175.68292303003335
12160,211.95533333333333,175.90200000000002,201.74533333333332,175.54529337496572
12170,211.91466666666668,175.768,201.70466666666667,175.40766371989812
12180,211.874,175.63400000000001,201.664,175.2700340648305
12190,211.83333333333334,175.5,201.62333333333333,175.13240440976287
12200,211.79266666666666,175.366,201.58266666666665,174.99477475469524
12210,211.752,175.232,201.542,174.85714509962762
12220,211.71133333333333,175.098,201.50133333333332,174.71951544456
12230,211.67066666666668,174.964,201.46066666666667,174.58188578949236
12240,211.63,174.83,201.42,174.44425613442473
12250,211.59,174.92066666666668,201.39133333333334,174.54219747351982
12260,211.54999999999998,175.01133333333334,201.36266666666666,174.6401388126149
12270,211.51,175.102,201.334,174.73808015171002
12280,211.47,175.19266666666667,201.30533333333332,174.8360214908051
12290,211.43,175.28333333333333,201.27666666666667,174.9339628299002
12300,211.39,175.374,201.248,175.03190416899528
12310,211.35,175.46466666666666,201.21933333333334,175.12984550809037
12320,211.31,175.55533333333335,201.19066666666666,175.22778684718548
12330,211.27,175.64600000000002,201.162,175.32572818628057
12340,211.23,175.73666666666668,201.13333333333333,175.42366952537566
12350,211.19,175.82733333333334,201.10466666666667,175.52161086447074
12360,211.15,175.918,201.076,175.61955220356583
12370,211.11,176.00866666666667,201.04733333333334,175.71749354266095
12380,211.07,176.09933333333333,201.01866666666666,175.81543488175603
12390,211.03,176.19,200.99,175.91337622085112
12400,210.99,176.04866666666666,200.9526666666667,175.7624661500112
12410,210.95,175.90733333333333,200.91533333333334,175.61155607917127
12420,210.91,175.766,200.87800000000001,175.4606460083313
12430,210.87,175.62466666666666,200.84066666666666,175.30973593749138
12440,210.83,175.48333333333332,200.80333333333334,175.15882586665145
12450,210.79,175.34199999999998,200.76600000000002,175.00791579581153
12460,210.75,175.20066666666665,200.72866666666667,174.8570057249716
12470,210.71,175.05933333333334,200.69133333333335,174.70609565413164
12480,210.67000000000002,174.918,200.654,174.55518558329172
12490,210.63,174.77666666666667,200.61666666666667,174.4042755124518
12500,210.59,174.63533333333334,200.57933333333335,174.25336544161186
12510,210.55,174.494,200.542,174.10245537077193
12520,210.51000000000002,174.35266666666666,200.50466666666668,173.95154529993198
12530,210.47,174.21133333333333,200.46733333333333,173.80063522909205
12540,210.43,174.07,200.43,173.64972515825212
12550,210.39000000000001,173.93733333333333,200.376,173.52276685111838
12560,210.35,173.80466666666666,200.322,173.39580854398466
12570,210.31,173.672,200.268,173.2688502368509
12580,210.27,173.53933333333333,200.214,173.14189192971716
12590,210.23000000000002,173.40666666666667,200.16,173.01493362258344
12600,210.19,173.274,200.106,172.8879753154497
12610,210.15,173.14133333333334,200.052,172.76101700831595
12620,210.11,173.00866666666667,199.99800000000002,172.63405870118223
12630,210.07000000000002,172.876,199.94400000000002,172.50710039404848
12640,210.03,172.74333333333334,199.89000000000001,172.38014208691473
12650,209.99,172.61066666666667,199.836,172.253183779781
12660,209.95000000000002,172.478,199.782,172.12622547264726
12670,209.91000000000003,172.34533333333334,199.728,171.99926716551352
12680,209.87,172.21266666666668,199.674,171.8723088583798
12690,209.83,172.08,199.62,171.74535055124605
12700,209.79066666666668,172.244,199.59666666666666,171.91514718145973
12710,209.75133333333335,172.40800000000002,199.57333333333335,172.08494381167338
12720,209.71200000000002,172.572,199.55,172.25474044188707
12730,209.6726666666667,172.73600000000002,199.52666666666667,172.42453707210075
12740,209.63333333333335,172.9,199.50333333333333,172.5943337023144
12750,209.59400000000002,173.064,199.48000000000002,172.76413033252808
12760,209.5546666666667,173.228,199.45666666666668,172.93392696274177
12770,209.51533333333333,173.392,199.43333333333334,173.10372359295542
12780,209.476,173.556,199.41,173.2735202231691
12790,209.43666666666667,173.72,199.38666666666668,173.44331685338278
12800,209.39733333333334,173.884,199.36333333333334,173.61311348359644
12810,209.358,174.048,199.34,173.78291011381012
12820,209.31866666666667,174.212,199.31666666666666,173.9527067440238
12830,209.27933333333334,174.376,199.29333333333335,174.12250337423745
12840,209.24,174.54,199.27,174.29230000445114
12850,209.20133333333334,174.498,199.23933333333335,174.2453263517129
12860,209.16266666666667,174.456,199.2086666666667,174.19835269897465
12870,209.124,174.414,199.178,174.1513790462364
12880,209.08533333333335,174.37199999999999,199.14733333333334,174.10440539349815
12890,209.04666666666668,174.32999999999998,199.11666666666667,174.0574317407599
12900,209.008,174.28799999999998,199.086,174.01045808802166
12910,208.96933333333334,174.24599999999998,199.05533333333335,173.96348443528342
12920,208.93066666666667,174.204,199.02466666666666,173.9165107825452
12930,208.892,174.162,198.994,173.86953712980696
12940,208.85333333333332,174.12,198.96333333333334,173.8225634770687
12950,208.81466666666665,174.078,198.93266666666668,173.77558982433047
12960,208.776,174.036,198.90200000000002,173.72861617159222
12970,208.73733333333334,173.994,198.87133333333333,173.68164251885398
12980,208.69866666666667,173.952,198.84066666666666,173.63466886611573
12990,208.66,173.91,198.81,173.5876952133775
13000,208.62133333333333,173.84533333333334,198.774,173.52180596262193
13010,208.58266666666665,173.78066666666666,198.738,173.45591671186634
13020,208.544,173.716,198.702,173.39002746111078
13030,208.50533333333334,173.65133333333333,198.666,173.3241382103552
13040,208.46666666666667,173.58666666666667,198.63,173.25824895959963
13050,208.428,173.522,198.594,173.19235970884407
13060,208.38933333333333,173.45733333333334,198.558,173.12647045808848
13070,208.35066666666668,173.39266666666666,198.52200000000002,173.06058120733292
13080,208.312,173.328,198.48600000000002,172.99469195657733
13090,208.27333333333334,173.26333333333332,198.45000000000002,172.92880270582177
13100,208.23466666666667,173.19866666666667,198.41400000000002,172.8629134550662
13110,208.196,173.134,198.37800000000001,172.79702420431062
13120,208.15733333333336,173.06933333333333,198.342,172.73113495355506
13130,208.11866666666668,173.00466666666665,198.306,172.66524570279947
13140,208.08,172.94,198.27,172.5993564520439
13150,208.04133333333334,172.95333333333332,198.23533333333333,172.6186261413246
13160,208.00266666666667,172.96666666666667,198.20066666666668,172.6378958306053
13170,207.964,172.98,198.166,172.65716551988595
13180,207.92533333333336,172.99333333333334,198.13133333333334,172.67643520916664
13190,207.88666666666668,173.00666666666666,198.09666666666666,172.69570489844733
13200,207.848,173.01999999999998,198.062,172.71497458772802
13210,207.80933333333334,173.03333333333333,198.02733333333333,172.7342442770087
13220,207.77066666666667,173.04666666666665,197.99266666666668,172.75351396628938
13230,207.732,173.06,197.958,172.77278365557007
13240,207.69333333333333,173.07333333333332,197.92333333333335,172.79205334485076
13250,207.65466666666666,173.08666666666664,197.88866666666667,172.81132303413145
13260,207.616,173.1,197.854,172.83059272341214
13270,207.57733333333334,173.11333333333332,197.81933333333333,172.8498624126928
13280,207.53866666666667,173.12666666666667,197.78466666666668,172.8691321019735
13290,207.5,173.14,197.75,172.88840179125418
13300,207.46133333333333,173.34333333333333,197.73933333333332,173.0969049586247
13310,207.42266666666666,173.54666666666665,197.72866666666667,173.3054081259952
13320,207.384,173.75,197.718,173.51391129336574
13330,207.34533333333334,173.95333333333332,197.70733333333334,173.72241446073625
13340,207.30666666666667,174.15666666666667,197.69666666666666,173.93091762810676
13350,207.268,174.35999999999999,197.686,174.13942079547726
13360,207.22933333333333,174.56333333333333,197.67533333333333,174.34792396284777
13370,207.19066666666666,174.76666666666665,197.66466666666668,174.5564271302183
13380,207.152,174.97,197.654,174.76493029758882
13390,207.11333333333332,175.17333333333332,197.64333333333335,174.97343346495933
13400,207.07466666666664,175.37666666666667,197.63266666666667,175.18193663232984
13410,207.036,175.57999999999998,197.622,175.39043979970035
13420,206.99733333333333,175.78333333333333,197.61133333333333,175.59894296707088
13430,206.95866666666666,175.98666666666665,197.60066666666668,175.8074461344414
13440,206.92,176.19,197.59,176.0159493018119
13450,206.88199999999998,176.17266666666666,197.57133333333334,175.99335024308837
13460,206.844,176.15533333333335,197.55266666666668,175.97075118436481
13470,206.80599999999998,176.138,197.534,175.9481521256413
13480,206.768,176.12066666666666,197.51533333333333,175.92555306691773
13490,206.73,176.10333333333332,197.49666666666667,175.9029540081942
13500,206.69199999999998,176.086,197.478,175.88035494947067
13510,206.654,176.06866666666667,197.45933333333335,175.85775589074711
13520,206.61599999999999,176.05133333333333,197.44066666666666,175.83515683202359
13530,206.578,176.034,197.422,175.81255777330003
13540,206.54,176.01666666666668,197.40333333333334,175.7899587145765
13550,206.50199999999998,175.99933333333334,197.38466666666667,175.76735965585297
13560,206.464,175.982,197.366,175.7447605971294
13570,206.426,175.96466666666666,197.34733333333332,175.72216153840589
13580,206.388,175.94733333333335,197.32866666666666,175.69956247968233
13590,206.35,175.93,197.31,175.6769634209588
13600,206.31199999999998,175.90666666666667,197.28533333333334,175.65286345595587
13610,206.274,175.88333333333335,197.26066666666668,175.62876349095296
13620,206.236,175.86,197.236,175.60466352595003
13630,206.198,175.83666666666667,197.21133333333333,175.58056356094713
13640,206.16,175.81333333333333,197.18666666666667,175.5564635959442
13650,206.12199999999999,175.79000000000002,197.162,175.53236363094126
13660,206.084,175.76666666666668,197.13733333333334,175.50826366593836
13670,206.046,175.74333333333334,197.11266666666666,175.48416370093543
13680,206.008,175.72,197.088,175.46006373593252
13690,205.97,175.6966666666667,197.06333333333333,175.4359637709296
13700,205.932,175.67333333333335,197.03866666666667,175.41186380592666
13710,205.894,175.65,197.014,175.38776384092375
13720,205.856,175.62666666666667,196.98933333333332,175.36366387592082
13730,205.818,175.60333333333335,196.96466666666666,175.33956391091792
13740,205.78,175.58,196.94,175.31546394591498
13750,205.74266666666668,175.52066666666667,196.91066666666666,175.25332507296417
13760,205.70533333333333,175.46133333333336,196.88133333333334,175.19118620001333
13770,205.668,175.40200000000002,196.852,175.12904732706252
13780,205.63066666666666,175.34266666666667,196.82266666666666,175.06690845411168
13790,205.59333333333333,175.28333333333333,196.79333333333332,175.00476958116087
13800,205.556,175.22400000000002,196.764,174.94263070821003
13810,205.51866666666666,175.16466666666668,196.73466666666667,174.88049183525922
13820,205.48133333333334,175.10533333333333,196.70533333333333,174.81835296230838
13830,205.444,175.046,196.676,174.75621408935757
13840,205.40666666666667,174.98666666666668,196.64666666666668,174.69407521640673
13850,205.36933333333334,174.92733333333334,196.61733333333333,174.63193634345592
13860,205.332,174.868,196.588,174.56979747050508
13870,205.29466666666667,174.80866666666665,196.55866666666665,174.50765859755427
13880,205.25733333333332,174.74933333333334,196.52933333333334,174.44551972460343
13890,205.22,174.69,196.5,174.38338085165262
13900,205.184,174.556,196.46066666666667,174.24666506908537
13910,205.148,174.422,196.42133333333334,174.10994928651812
13920,205.112,174.288,196.382,173.97323350395084
13930,205.076,174.154,196.34266666666667,173.8365177213836
13940,205.04,174.02,196.30333333333334,173.69980193881634
13950,205.004,173.886,196.264,173.56308615624908
13960,204.968,173.752,196.22466666666668,173.42637037368183
13970,204.93200000000002,173.618,196.18533333333332,173.28965459111456
13980,204.89600000000002,173.484,196.146,173.1529388085473
13990,204.86,173.35,196.10666666666665,173.01622302598005
14000,204.824,173.216,196.06733333333332,172.8795072434128
14010,204.788,173.082,196.028,172.74279146084555
14020,204.752,172.948,195.98866666666666,172.60607567827827
14030,204.716,172.814,195.94933333333333,172.46935989571102
14040,204.68,172.68,195.91,172.33264411314377
14050,204.64466666666667,172.91266666666667,195.89666666666668,172.57876113532075
14060,204.60933333333335,173.14533333333333,195.88333333333333,172.82487815749772
14070,204.574,173.37800000000001,195.87,173.0709951796747
14080,204.53866666666667,173.61066666666667,195.85666666666665,173.31711220185164
14090,204.50333333333333,173.84333333333333,195.84333333333333,173.56322922402862
14100,204.46800000000002,174.076,195.83,173.8093462462056
14110,204.43266666666668,174.30866666666665,195.81666666666666,174.05546326838257
14120,204.39733333333334,174.54133333333334,195.80333333333334,174.30158029055954
14130,204.362,174.774,195.79,174.54769731273652
14140,204.32666666666668,175.00666666666666,195.77666666666667,174.7938143349135
14150,204.29133333333334,175.23933333333332,195.76333333333335,175.03993135709047
14160,204.256,175.47199999999998,195.75,175.2860483792674
14170,204.22066666666666,175.70466666666667,195.73666666666668,175.5321654014444
14180,204.18533333333335,175.93733333333333,195.72333333333333,175.77828242362136
14190,204.15,176.17,195.71,176.02439944579834
14200,204.11533333333333,176.206,195.70000000000002,176.05461759534145
14210,204.08066666666667,176.242,195.69,176.08483574488454
14220,204.046,176.278,195.68,176.11505389442766
14230,204.01133333333334,176.314,195.67000000000002,176.14527204397075
14240,203.97666666666666,176.35,195.66,176.17549019351387
14250,203.942,176.386,195.65,176.20570834305695
14260,203.90733333333333,176.422,195.64000000000001,176.23592649260007
14270,203.87266666666667,176.458,195.63,176.26614464214316
14280,203.838,176.494,195.62,176.29636279168628
14290,203.80333333333334,176.53,195.61,176.32658094122937
14300,203.76866666666666,176.566,195.6,176.35679909077248
14310,203.734,176.602,195.59,176.38701724031557
14320,203.69933333333333,176.638,195.58,176.4172353898587
14330,203.66466666666668,176.674,195.57,176.44745353940178
14340,203.63,176.71,195.56,176.4776716889449
14350,203.59533333333334,176.63866666666667,195.534,176.4042093163978
14360,203.56066666666666,176.56733333333335,195.508,176.3307469438507
14370,203.526,176.496,195.482,176.25728457130361
14380,203.49133333333333,176.42466666666667,195.456,176.18382219875653
14390,203.45666666666668,176.35333333333332,195.43,176.11035982620942
14400,203.422,176.282,195.404,176.03689745366233
14410,203.38733333333334,176.21066666666667,195.378,175.96343508111525
14420,203.35266666666666,176.13933333333333,195.352,175.88997270856814
14430,203.318,176.06799999999998,195.326,175.81651033602105
14440,203.28333333333333,175.99666666666667,195.29999999999998,175.74304796347397
14450,203.24866666666668,175.92533333333333,195.274,175.66958559092686
14460,203.214,175.85399999999998,195.248,175.59612321837977
14470,203.17933333333335,175.78266666666664,195.22199999999998,175.5226608458327
14480,203.14466666666667,175.71133333333333,195.196,175.44919847328558
14490,203.11,175.64,195.17,175.3757361007385
14500,203.07666666666668,175.576,195.14,175.31081155664486
14510,203.04333333333335,175.512,195.10999999999999,175.24588701255124
14520,203.01000000000002,175.44799999999998,195.07999999999998,175.1809624684576
14530,202.9766666666667,175.384,195.04999999999998,175.11603792436398
14540,202.94333333333336,175.32,195.01999999999998,175.05111338027035
14550,202.91000000000003,175.256,194.98999999999998,174.98618883617672
14560,202.8766666666667,175.192,194.95999999999998,174.9212642920831
14570,202.84333333333333,175.128,194.93,174.85633974798944
14580,202.81,175.064,194.9,174.7914152038958
14590,202.77666666666667,175.0,194.87,174.72649065980218
14600,202.74333333333334,174.936,194.84,174.66156611570855
14610,202.71,174.872,194.81,174.59664157161492
14620,202.67666666666668,174.808,194.78,174.5317170275213
14630,202.64333333333335,174.744,194.75,174.46679248342767
14640,202.61,174.68,194.72,174.40186793933404
14650,202.57733333333334,174.7086666666667,194.69666666666666,174.4340635216425
14660,202.54466666666667,174.73733333333334,194.67333333333335,174.46625910395096
14670,202.512,174.76600000000002,194.65,174.49845468625944
14680,202.47933333333336,174.79466666666667,194.62666666666667,174.53065026856788
14690,202.4466666666667,174.82333333333335,194.60333333333332,174.56284585087636
14700,202.41400000000002,174.852,194.58,174.5950414331848
14710,202.38133333333334,174.88066666666668,194.55666666666667,174.62723701549328
14720,202.34866666666667,174.90933333333334,194.53333333333333,174.65943259780173
14730,202.316,174.93800000000002,194.51,174.6916281801102
14740,202.28333333333333,174.96666666666667,194.48666666666668,174.72382376241865
14750,202.25066666666666,174.99533333333335,194.46333333333334,174.75601934472712
14760,202.21800000000002,175.024,194.44,174.78821492703557
14770,202.18533333333335,175.05266666666668,194.41666666666666,174.82041050934404
14780,202.15266666666668,175.08133333333333,194.39333333333335,174.8526060916525
14790,202.12,175.11,194.37,174.88480167396096
14800,202.08866666666668,175.1026666666667,194.34666666666666,174.87654118621595
14810,202.05733333333333,175.09533333333334,194.32333333333335,174.8682806984709
14820,202.026,175.08800000000002,194.3,174.86002021072588
14830,201.99466666666666,175.08066666666667,194.27666666666667,174.85175972298086
14840,201.96333333333334,175.07333333333335,194.25333333333333,174.8434992352358
14850,201.93200000000002,175.066,194.23000000000002,174.8352387474908
14860,201.90066666666667,175.05866666666668,194.20666666666668,174.82697825974577
14870,201.86933333333334,175.05133333333333,194.18333333333334,174.81871777200072
14880,201.838,175.044,194.16,174.8104572842557
14890,201.80666666666667,175.03666666666666,194.13666666666668,174.80219679651069
14900,201.77533333333335,175.02933333333334,194.11333333333334,174.79393630876564
14910,201.744,175.022,194.09,174.78567582102062
14920,201.71266666666668,175.01466666666667,194.06666666666666,174.7774153332756
14930,201.68133333333333,175.00733333333332,194.04333333333335,174.76915484553055
14940,201.65,175.0,194.02,174.76089435778553
14950,201.61866666666668,174.93466666666666,193.99266666666668,174.692294778155
14960,201.58733333333333,174.86933333333334,193.96533333333335,174.62369519852444
14970,201.556,174.804,193.93800000000002,174.55509561889392
14980,201.52466666666666,174.73866666666666,193.91066666666669,174.4864960392634
14990,201.49333333333334,174.67333333333335,193.88333333333335,174.41789645963283
15000,201.46200000000002,174.608,193.85600000000002,174.3492968800023
15010,201.43066666666667,174.54266666666666,193.8286666666667,174.28069730037177
15020,201.39933333333335,174.47733333333335,193.80133333333333,174.2120977207412
15030,201.368,174.412,193.774,174.14349814111068
15040,201.33666666666667,174.34666666666666,193.74666666666667,174.07489856148015
15050,201.30533333333335,174.28133333333335,193.71933333333334,174.0062989818496
15060,201.274,174.216,193.692,173.93769940221907
15070,201.24266666666668,174.15066666666667,193.66466666666668,173.86909982258854
15080,201.21133333333333,174.08533333333335,193.63733333333334,173.80050024295798
15090,201.18,174.02,193.61,173.73190066332745
15100,201.14933333333335,173.87400000000002,193.57000000000002,173.58307896997937
15110,201.11866666666668,173.728,193.53,173.4342572766313
15120,201.088,173.58200000000002,193.49,173.28543558328323
15130,201.05733333333333,173.436,193.45000000000002,173.13661388993518
15140,201.02666666666667,173.29000000000002,193.41,172.9877921965871
15150,200.996,173.144,193.37,172.83897050323904
15160,200.96533333333335,172.99800000000002,193.33,172.69014880989096
15170,200.93466666666666,172.852,193.29,172.5413271165429
15180,200.904,172.70600000000002,193.25,172.39250542319482
15190,200.87333333333333,172.56,193.21,172.24368372984677
15200,200.84266666666667,172.41400000000002,193.17,172.09486203649868
15210,200.812,172.268,193.13,171.94604034315063
15220,200.78133333333332,172.122,193.09,171.79721864980255
15230,200.75066666666666,171.976,193.04999999999998,171.6483969564545
15240,200.72,171.83,193.01,171.4995752631064
15250,200.69,171.96666666666667,192.98999999999998,171.64603140279155
15260,200.66,172.10333333333335,192.97,171.7924875424767
15270,200.63,172.24,192.95,171.93894368216183
15280,200.6,172.37666666666667,192.93,172.085399821847
15290,200.57,172.51333333333335,192.91,172.23185596153215
15300,200.54,172.65,192.89,172.3783121012173
15310,200.51,172.78666666666666,192.87,172.52476824090243
15320,200.48000000000002,172.92333333333335,192.85,172.67122438058757
15330,200.45000000000002,173.06,192.83,172.81768052027272
15340,200.42000000000002,173.19666666666666,192.81,172.96413665995786
15350,200.39000000000001,173.33333333333334,192.79,173.110592799643
15360,200.36,173.47,192.77,173.25704893932817
15370,200.33,173.60666666666665,192.75,173.4035050790133
15380,200.3,173.74333333333334,192.73000000000002,173.54996121869846
15390,200.27,173.88,192.71,173.6964173583836
15400,200.24,173.896,192.69266666666667,173.70885503561382
15410,200.21,173.912,192.67533333333333,173.72129271284405
15420,200.18,173.928,192.65800000000002,173.7337303900743
15430,200.15,173.944,192.64066666666668,173.74616806730452
15440,200.12,173.96,192.62333333333333,173.75860574453475
15450,200.09,173.976,192.606,173.77104342176497
15460,200.06,173.992,192.58866666666665,173.7834810989952
15470,200.03,174.008,192.57133333333334,173.79591877622545
15480,200.0,174.024,192.554,173.80835645345567
15490,199.97,174.04,192.53666666666666,173.8207941306859
15500,199.94,174.056,192.51933333333332,173.83323180791612
15510,199.91,174.072,192.50199999999998,173.84566948514635
15520,199.88,174.088,192.48466666666667,173.8581071623766
15530,199.85,174.104,192.46733333333333,173.87054483960682
15540,199.82,174.12,192.45,173.88298251683705
15550,199.79066666666665,174.07866666666666,192.42399999999998,173.8416734877189
15560,199.76133333333334,174.03733333333335,192.398,173.80036445860077
15570,199.732,173.996,192.37199999999999,173.75905542948263
15580,199.70266666666666,173.95466666666667,192.346,173.7177464003645
15590,199.67333333333332,173.91333333333333,192.32,173.67643737124635
15600,199.644,173.872,192.29399999999998,173.6351283421282
15610,199.61466666666666,173.83066666666667,192.268,173.59381931301007
15620,199.58533333333332,173.78933333333333,192.242,173.5525102838919
15630,199.55599999999998,173.748,192.216,173.51120125477377
15640,199.52666666666667,173.70666666666668,192.19,173.46989222565563
15650,199.49733333333333,173.66533333333334,192.164,173.4285831965375
15660,199.468,173.624,192.138,173.38727416741935
15670,199.43866666666665,173.58266666666665,192.112,173.3459651383012
15680,199.40933333333334,173.54133333333334,192.086,173.30465610918307
15690,199.38,173.5,192.06,173.26334708006493
15700,199.35066666666665,173.48533333333333,192.03533333333334,173.24856310070496
15710,199.32133333333334,173.47066666666666,192.01066666666668,173.233779121345
15720,199.292,173.456,191.986,173.21899514198503
15730,199.26266666666666,173.44133333333335,191.96133333333333,173.20421116262506
15740,199.23333333333332,173.42666666666668,191.93666666666667,173.18942718326508
15750,199.204,173.412,191.912,173.17464320390513
15760,199.17466666666667,173.39733333333334,191.88733333333334,173.15985922454516
15770,199.14533333333333,173.38266666666667,191.86266666666666,173.14507524518518
15780,199.11599999999999,173.368,191.838,173.1302912658252
15790,199.08666666666667,173.35333333333332,191.81333333333333,173.11550728646526
15800,199.05733333333333,173.33866666666665,191.78866666666667,173.10072330710528
15810,199.028,173.324,191.764,173.0859393277453
15820,198.99866666666665,173.30933333333334,191.73933333333332,173.07115534838533
15830,198.96933333333334,173.29466666666667,191.71466666666666,173.05637136902538
15840,198.94,173.28,191.69,173.0415873896654
