Time (s),T_outer (C),T_inner (C),T_avg (C),Input Temperature (C)
0,411.509672862105,411.509672862105,411.509672862105,411.509672862105
10,411.509672862105,411.509672862105,411.509672862105,411.509672862105
20,411.509672862105,411.509672862105,411.509672862105,411.509672862105
30,411.509672862105,411.509672862105,411.509672862105,411.509672862105
40,411.509672862105,411.509672862105,411.509672862105,411.509672862105
50,411.509672862105,411.509672862105,411.509672862105,411.509672862105
60,411.509672862105,411.509672862105,411.509672862105,411.509672862105
70,411.509672862105,411.509672862105,411.509672862105,411.509672862105
80,411.509672862105,411.509672862105,411.509672862105,411.509672862105
90,411.509672862105,411.509672862105,411.509672862105,411.509672862105
100,411.509672862105,411.509672862105,411.509672862105,411.509672862105
110,411.509672862105,411.509672862105,411.509672862105,411.509672862105
120,411.509672862105,411.509672862105,411.509672862105,411.509672862105
130,411.509672862105,411.509672862105,411.509672862105,411.509672862105
140,411.509672862105,411.509672862105,411.509672862105,411.509672862105
150,411.509672862105,411.509672862105,411.509672862105,411.509672862105
160,411.509672862105,411.509672862105,411.509672862105,411.509672862105
170,411.509672862105,411.509672862105,411.509672862105,411.509672862105
180,411.509672862105,411.509672862105,411.509672862105,411.509672862105
190,411.509672862105,411.509672862105,411.509672862105,411.509672862105
200,411.509672862105,411.509672862105,411.509672862105,411.509672862105
210,411.509672862105,411.509672862105,411.509672862105,411.509672862105
220,411.509672862105,411.509672862105,411.509672862105,411.509672862105
230,411.509672862105,411.509672862105,411.509672862105,411.509672862105
240,411.509672862105,411.509672862105,411.509672862105,411.509672862105
250,411.509672862105,411.509672862105,411.509672862105,411.509672862105
260,411.509672862105,411.509672862105,411.509672862105,411.509672862105
270,411.509672862105,411.509672862105,411.509672862105,411.509672862105
280,411.509672862105,411.509672862105,411.509672862105,411.509672862105
290,411.509672862105,411.509672862105,411.509672862105,411.509672862105
300,411.509672862105,411.509672862105,411.509672862105,411.509672862105
310,411.509672862105,411.509672862105,411.509672862105,411.509672862105
320,411.509672862105,411.509672862105,411.509672862105,411.509672862105
330,411.509672862105,411.509672862105,411.509672862105,411.509672862105
340,411.509672862105,411.509672862105,411.509672862105,411.509672862105
350,411.509672862105,411.509672862105,411.509672862105,411.509672862105
360,411.509672862105,411.509672862105,411.509672862105,411.509672862105
370,411.509672862105,411.509672862105,411.509672862105,411.509672862105
380,411.509672862105,411.509672862105,411.509672862105,411.509672862105
390,411.509672862105,411.509672862105,411.509672862105,411.509672862105
400,411.509672862105,411.509672862105,411.509672862105,411.509672862105
410,411.509672862105,411.509672862105,411.509672862105,411.509672862105
420,411.509672862105,411.509672862105,411.509672862105,411.509672862105
430,411.509672862105,411.509672862105,411.509672862105,411.509672862105
440,411.509672862105,411.509672862105,411.509672862105,411.509672862105
450,411.509672862105,411.509672862105,411.509672862105,411.509672862105
460,411.509672862105,411.509672862105,411.509672862105,411.509672862105
470,411.509672862105,411.509672862105,411.509672862105,411.509672862105
480,411.509672862105,411.509672862105,411.509672862105,411.509672862105
490,411.509672862105,411.509672862105,411.509672862105,411.509672862105
500,411.509672862105,411.509672862105,411.509672862105,411.509672862105
510,411.509672862105,411.509672862105,411.509672862105,411.509672862105
520,411.509672862105,411.509672862105,411.509672862105,411.509672862105
530,411.509672862105,411.509672862105,411.509672862105,411.509672862105
540,411.509672862105,411.509672862105,411.509672862105,411.509672862105
550,411.509672862105,411.509672862105,411.509672862105,411.509672862105
560,411.509672862105,411.509672862105,411.509672862105,411.509672862105
570,411.509672862105,411.509672862105,411.509672862105,411.509672862105
580,411.509672862105,411.509672862105,411.509672862105,411.509672862105
590,411.509672862105,411.509672862105,411.509672862105,411.509672862105
600,411.509672862105,411.509672862105,411.509672862105,411.509672862105
610,411.509672862105,411.509672862105,411.509672862105,411.509672862105
620,411.509672862105,411.509672862105,411.509672862105,411.509672862105
630,411.509672862105,411.509672862105,411.509672862105,411.509672862105
640,411.509672862105,411.509672862105,411.509672862105,411.509672862105
650,411.509672862105,411.509672862105,411.509672862105,411.509672862105
660,411.509672862105,411.509672862105,411.509672862105,411.509672862105
670,411.509672862105,411.509672862105,411.509672862105,411.509672862105
680,411.509672862105,411.509672862105,411.509672862105,411.509672862105
690,411.509672862105,411.509672862105,411.509672862105,411.509672862105
700,411.509672862105,411.509672862105,411.509672862105,411.509672862105
710,411.509672862105,411.509672862105,411.509672862105,411.509672862105
720,411.509672862105,411.509672862105,411.509672862105,411.509672862105
730,411.509672862105,411.509672862105,411.509672862105,411.509672862105
740,411.509672862105,411.509672862105,411.509672862105,411.509672862105
750,411.509672862105,411.509672862105,411.509672862105,411.509672862105
760,411.509672862105,411.509672862105,411.509672862105,411.509672862105
770,411.509672862105,411.509672862105,411.509672862105,411.509672862105
780,411.509672862105,411.509672862105,411.509672862105,411.509672862105
790,411.509672862105,411.509672862105,411.509672862105,411.509672862105
800,411.509672862105,411.509672862105,411.509672862105,411.509672862105
810,411.509672862105,411.509672862105,411.509672862105,411.509672862105
820,411.509672862105,411.509672862105,411.509672862105,411.509672862105
830,411.509672862105,411.509672862105,411.509672862105,411.509672862105
840,411.509672862105,411.509672862105,411.509672862105,411.509672862105
850,411.509672862105,411.509672862105,411.509672862105,411.509672862105
860,411.509672862105,411.509672862105,411.509672862105,411.509672862105
870,411.509672862105,411.509672862105,411.509672862105,411.509672862105
880,411.509672862105,411.509672862105,411.509672862105,411.509672862105
890,411.509672862105,411.509672862105,411.509672862105,411.509672862105
900,411.509672862105,411.509672862105,411.509672862105,411.509672862105
910,411.509672862105,411.509672862105,411.509672862105,411.509672862105
920,411.509672862105,411.509672862105,411.509672862105,411.509672862105
930,411.509672862105,411.509672862105,411.509672862105,411.509672862105
940,411.509672862105,411.509672862105,411.509672862105,411.509672862105
950,411.509672862105,411.509672862105,411.509672862105,411.509672862105
960,411.509672862105,411.509672862105,411.509672862105,411.509672862105
970,411.509672862105,411.509672862105,411.509672862105,411.509672862105
980,411.509672862105,411.509672862105,411.509672862105,411.509672862105
990,411.509672862105,411.509672862105,411.509672862105,411.509672862105
1000,411.509672862105,411.509672862105,411.509672862105,411.509672862105
1010,411.509672862105,411.509672862105,411.509672862105,411.509672862105
1020,411.509672862105,411.509672862105,411.509672862105,411.509672862105
1030,411.509672862105,411.509672862105,411.509672862105,411.509672862105
1040,411.509672862105,411.509672862105,411.509672862105,411.509672862105
1050,411.509672862105,411.509672862105,411.509672862105,411.509672862105
1060,411.509672862105,411.509672862105,411.509672862105,411.509672862105
1070,411.509672862105,411.509672862105,411.509672862105,411.509672862105
1080,411.509672862105,411.509672862105,411.509672862105,411.509672862105
1090,411.509672862105,411.509672862105,411.509672862105,411.509672862105
1100,411.509672862105,411.509672862105,411.509672862105,411.509672862105
1110,411.509672862105,411.509672862105,411.509672862105,411.509672862105
1120,411.509672862105,411.509672862105,411.509672862105,411.509672862105
1130,411.509672862105,411.509672862105,411.509672862105,411.509672862105
1140,411.509672862105,411.509672862105,411.509672862105,411.509672862105
1150,411.509672862105,411.509672862105,411.509672862105,411.509672862105
1160,411.509672862105,411.509672862105,411.509672862105,411.509672862105
1170,411.509672862105,411.509672862105,411.509672862105,411.509672862105
1180,411.509672862105,411.509672862105,411.509672862105,411.509672862105
1190,411.509672862105,411.509672862105,411.509672862105,411.509672862105
1200,411.509672862105,411.509672862105,411.509672862105,411.509672862105
1210,411.509672862105,411.509672862105,411.509672862105,411.509672862105
1220,411.509672862105,411.509672862105,411.509672862105,411.509672862105
1230,411.509672862105,411.509672862105,411.509672862105,411.509672862105
1240,411.509672862105,411.509672862105,411.509672862105,411.509672862105
1250,411.509672862105,411.509672862105,411.509672862105,411.509672862105
1260,411.509672862105,411.509672862105,411.509672862105,411.509672862105
1270,411.509672862105,411.509672862105,411.509672862105,411.509672862105
1280,411.509672862105,411.509672862105,411.509672862105,411.509672862105
1290,411.509672862105,411.509672862105,411.509672862105,411.509672862105
1300,411.509672862105,411.509672862105,411.509672862105,411.509672862105
1310,411.509672862105,411.509672862105,411.509672862105,411.509672862105
1320,411.509672862105,411.509672862105,411.509672862105,411.509672862105
1330,411.509672862105,411.509672862105,411.509672862105,411.509672862105
1340,411.509672862105,411.509672862105,411.509672862105,411.509672862105
1350,411.509672862105,411.509672862105,411.509672862105,411.509672862105
1360,411.509672862105,411.509672862105,411.509672862105,411.509672862105
1370,411.509672862105,411.509672862105,411.509672862105,411.509672862105
1380,411.509672862105,411.509672862105,411.509672862105,411.509672862105
1390,411.509672862105,411.509672862105,411.509672862105,411.509672862105
1400,411.509672862105,411.509672862105,411.509672862105,411.509672862105
1410,411.509672862105,411.509672862105,411.509672862105,411.509672862105
1420,411.509672862105,411.509672862105,411.509672862105,411.509672862105
1430,411.509672862105,411.509672862105,411.509672862105,411.509672862105
1440,411.509672862105,411.509672862105,411.509672862105,411.509672862105
1440,411.509672862105,411.509672862105,411.509672862105,411.509672862105
1450,411.509694671298,412.119694671298,411.55836133796464,412.14354240328873
1460,411.50971648049097,412.729716480491,411.60704981382435,412.7774119444725
1470,411.509738289684,413.339738289684,411.655738289684,413.4112814856563
1480,411.509760098877,413.949760098877,411.70442676554364,414.04515102684
1490,411.50978190807,414.55978190807,411.75311524140335,414.67902056802376
1500,411.50980371726297,415.169803717263,411.801803717263,415.3128901092075
1510,411.509825526456,415.779825526456,411.85049219312265,415.94675965039124
1520,411.509847335649,416.389847335649,411.89918066898235,416.58062919157504
1530,411.509869144842,416.999869144842,411.947869144842,417.2144987327588
1540,411.509890954035,417.609890954035,411.99655762070165,417.8483682739425
1550,411.509912763228,418.219912763228,412.04524609656136,418.48223781512627
1560,411.509934572421,418.829934572421,412.093934572421,419.11610735631
1570,411.509956381614,419.439956381614,412.14262304828065,419.7499768974938
1580,411.509978190807,420.049978190807,412.19131152414036,420.38384643867755
1590,411.51,420.66,412.24,421.0177159798613
1600,411.51,421.166,412.31333333333333,421.52734334203143
1610,411.51,421.672,412.38666666666666,422.0369707042015
1620,411.51,422.178,412.46,422.54659806637164
1630,411.51,422.684,412.53333333333336,423.0562254285417
1640,411.51,423.19,412.6066666666667,423.56585279071186
1650,411.51,423.696,412.68,424.075480152882
1660,411.51,424.202,412.75333333333333,424.5851075150521
1670,411.51,424.708,412.82666666666665,425.0947348772222
1680,411.51,425.214,412.9,425.6043622393923
1690,411.51,425.72,412.9733333333333,426.1139896015624
1700,411.51,426.226,413.0466666666666,426.62361696373256
1710,411.51,426.732,413.12,427.13324432590264
1720,411.51,427.238,413.1933333333333,427.6428716880728
1730,411.51,427.744,413.26666666666665,428.15249905024285
1740,411.51,428.25,413.34,428.662126412413
1750,411.51,428.64933333333335,413.4173333333333,429.0630490568938
1760,411.51,429.0486666666667,413.49466666666666,429.46397170137465
1770,411.51,429.448,413.572,429.8648943458554
1780,411.51,429.8473333333333,413.6493333333333,430.26581699033625
1790,411.51,430.24666666666667,413.72666666666663,430.6667396348171
1800,411.51,430.646,413.804,431.0676622792979
1810,411.51,431.04533333333336,413.8813333333333,431.46858492377874
1820,411.51,431.44466666666665,413.95866666666666,431.8695075682595
1830,411.51,431.844,414.036,432.27043021274034
1840,411.51,432.24333333333334,414.11333333333334,432.67135285722117
1850,411.51,432.6426666666667,414.1906666666667,433.072275501702
1860,411.51,433.04200000000003,414.268,433.4731981461828
1870,411.51,433.4413333333333,414.3453333333333,433.8741207906636
1880,411.51,433.84066666666666,414.42266666666666,434.2750434351444
1890,411.51,434.24,414.5,434.67596607962525
1900,411.51,434.546,414.574,434.9837214677411
1910,411.51,434.85200000000003,414.648,435.29147685585696
1920,411.51,435.158,414.722,435.5992322439728
1930,411.51,435.464,414.796,435.90698763208866
1940,411.51,435.77,414.87,436.2147430202045
1950,411.51,436.076,414.944,436.52249840832036
1960,411.51,436.382,415.01800000000003,436.8302537964362
1970,411.51,436.688,415.092,437.13800918455206
1980,411.51,436.99399999999997,415.166,437.4457645726679
1990,411.51,437.3,415.24,437.75351996078376
2000,411.51,437.606,415.314,438.0612753488996
2010,411.51,437.912,415.38800000000003,438.36903073701546
2020,411.51,438.21799999999996,415.462,438.6767861251313
2030,411.51,438.524,415.536,438.98454151324717
2040,411.51,438.83,415.61,439.292296901363
2050,411.5113333333333,439.49066666666664,415.7153333333333,439.96925309220774
2060,411.51266666666663,440.1513333333333,415.8206666666667,440.6462092830525
2070,411.514,440.812,415.926,441.32316547389723
2080,411.51533333333333,441.47266666666667,416.03133333333335,442.000121664742
2090,411.51666666666665,442.1333333333333,416.13666666666666,442.67707785558673
2100,411.518,442.794,416.242,443.3540340464315
2110,411.5193333333333,443.45466666666664,416.3473333333333,444.0309902372762
2120,411.52066666666667,444.11533333333335,416.4526666666667,444.70794642812103
2130,411.522,444.776,416.558,445.3849026189658
2140,411.5233333333333,445.43666666666667,416.66333333333336,446.06185880981053
2150,411.52466666666663,446.0973333333333,416.76866666666666,446.7388150006553
2160,411.52599999999995,446.758,416.874,447.4157711915
2170,411.52733333333333,447.4186666666667,416.97933333333333,448.0927273823448
2180,411.52866666666665,448.07933333333335,417.0846666666667,448.7696835731895
2190,411.53,448.74,417.19,449.4466397640343
2200,411.5326666666666,449.36133333333333,417.314,450.0735056032598
2210,411.5353333333333,449.98266666666666,417.438,450.7003714424853
2220,411.53799999999995,450.604,417.562,451.32723728171084
2230,411.54066666666665,451.22533333333337,417.686,451.95410312093634
2240,411.5433333333333,451.8466666666667,417.81,452.58096896016184
2250,411.546,452.468,417.934,453.20783479938734
2260,411.54866666666663,453.08933333333334,418.058,453.83470063861284
2270,411.55133333333333,453.71066666666667,418.182,454.4615664778384
2280,411.554,454.332,418.306,455.0884323170639
2290,411.5566666666667,454.9533333333333,418.43,455.7152981562894
2300,411.5593333333333,455.57466666666664,418.55400000000003,456.3421639955149
2310,411.562,456.196,418.678,456.9690298347404
2320,411.56466666666665,456.81733333333335,418.802,457.59589567396597
2330,411.56733333333335,457.4386666666667,418.926,458.2227615131915
2340,411.57,458.06,419.05,458.849627352417
2350,411.57466666666664,458.63533333333334,419.1826666666667,459.42877153211214
2360,411.57933333333335,459.21066666666667,419.31533333333334,460.00791571180724
2370,411.584,459.786,419.44800000000004,460.5870598915024
2380,411.58866666666665,460.36133333333333,419.5806666666667,461.1662040711975
2390,411.5933333333333,460.93666666666667,419.71333333333337,461.7453482508927
2400,411.598,461.512,419.846,462.3244924305878
2410,411.60266666666666,462.08733333333333,419.9786666666667,462.90363661028294
2420,411.6073333333333,462.66266666666667,420.11133333333333,463.48278078997805
2430,411.61199999999997,463.238,420.244,464.0619249696732
2440,411.6166666666667,463.81333333333333,420.37666666666667,464.6410691493683
2450,411.6213333333333,464.38866666666667,420.50933333333336,465.2202133290635
2460,411.626,464.964,420.642,465.7993575087586
2470,411.6306666666666,465.53933333333333,420.7746666666667,466.37850168845375
2480,411.63533333333334,466.11466666666666,420.9073333333333,466.95764586814886
2490,411.64,466.69,421.04,467.536790047844
2500,411.64733333333334,467.21933333333334,421.1766666666667,468.07058126009764
2510,411.6546666666666,467.7486666666667,421.31333333333333,468.6043724723512
2520,411.662,468.278,421.45,469.1381636846048
2530,411.6693333333333,468.8073333333333,421.5866666666667,469.67195489685844
2540,411.6766666666667,469.33666666666664,421.72333333333336,470.205746109112
2550,411.68399999999997,469.866,421.86,470.7395373213656
2560,411.6913333333333,470.3953333333333,421.99666666666667,471.27332853361924
2570,411.69866666666667,470.92466666666667,422.1333333333333,471.8071197458728
2580,411.706,471.454,422.27,472.3409109581264
2590,411.7133333333333,471.98333333333335,422.40666666666664,472.87470217038003
2600,411.72066666666666,472.5126666666667,422.5433333333333,473.4084933826336
2610,411.728,473.042,422.68,473.9422845948872
2620,411.73533333333336,473.5713333333333,422.81666666666666,474.47607580714083
2630,411.74266666666665,474.10066666666665,422.9533333333333,475.0098670193944
2640,411.75,474.63,423.09,475.543658231648
2650,411.7606666666667,475.288,423.24266666666665,476.2109873981233
2660,411.77133333333336,475.94599999999997,423.3953333333333,476.8783165645985
2670,411.782,476.604,423.548,477.54564573107376
2680,411.79266666666666,477.262,423.7006666666666,478.21297489754903
2690,411.80333333333334,477.92,423.8533333333333,478.8803040640243
2700,411.814,478.578,424.006,479.5476332304995
2710,411.8246666666667,479.236,424.15866666666665,480.2149623969748
2720,411.8353333333333,479.894,424.3113333333333,480.88229156345005
2730,411.846,480.552,424.464,481.5496207299253
2740,411.8566666666667,481.21,424.6166666666667,482.21694989640054
2750,411.86733333333336,481.868,424.76933333333335,482.8842790628758
2760,411.87800000000004,482.526,424.92199999999997,483.5516082293511
2770,411.88866666666667,483.184,425.07466666666664,484.21893739582634
2780,411.89933333333335,483.842,425.2273333333333,484.88626656230156
2790,411.91,484.5,425.38,485.5535957287768
2800,411.92466666666667,485.3453333333333,425.5586666666667,486.4134895757673
2810,411.93933333333337,486.1906666666667,425.7373333333333,487.2733834227577
2820,411.954,487.036,425.916,488.1332772697482
2830,411.9686666666667,487.8813333333333,426.0946666666667,488.9931711167386
2840,411.98333333333335,488.7266666666667,426.2733333333333,489.8530649637291
2850,411.998,489.572,426.452,490.71295881071956
2860,412.0126666666667,490.4173333333333,426.6306666666667,491.57285265771
2870,412.02733333333333,491.2626666666667,426.8093333333333,492.43274650470045
2880,412.04200000000003,492.108,426.988,493.29264035169086
2890,412.0566666666667,492.9533333333333,427.1666666666667,494.15253419868134
2900,412.0713333333333,493.7986666666667,427.3453333333333,495.0124280456718
2910,412.086,494.644,427.524,495.8723218926622
2920,412.10066666666665,495.4893333333333,427.7026666666667,496.7322157396527
2930,412.11533333333335,496.3346666666667,427.8813333333333,497.5921095866431
2940,412.13,497.18,428.06,498.4520034336336
2950,412.15,497.894,428.25733333333335,499.1594846888986
2960,412.17,498.608,428.45466666666664,499.86696594416367
2970,412.19,499.322,428.652,500.5744471994287
2980,412.21,500.036,428.84933333333333,501.2819284546937
2990,412.23,500.75,429.0466666666667,501.98940970995875
3000,412.25,501.464,429.24399999999997,502.69689096522376
3010,412.27,502.178,429.4413333333333,503.40437222048877
3020,412.29,502.892,429.63866666666667,504.11185347575383
3030,412.31,503.606,429.836,504.81933473101884
3040,412.33,504.32,430.0333333333333,505.52681598628385
3050,412.35,505.034,430.23066666666665,506.2342972415489
3060,412.37,505.748,430.428,506.9417784968139
3070,412.39,506.462,430.62533333333334,507.64925975207893
3080,412.41,507.176,430.82266666666663,508.356741007344
3090,412.43,507.89,431.02,509.064222262609
3100,412.45533333333333,508.1053333333333,431.17466666666667,509.274313653908
3110,412.48066666666665,508.3206666666667,431.3293333333333,509.484405045207
3120,412.50600000000003,508.536,431.484,509.69449643650603
3130,412.53133333333335,508.7513333333333,431.63866666666667,509.904587827805
3140,412.5566666666667,508.96666666666664,431.7933333333333,510.114679219104
3150,412.582,509.182,431.948,510.324770610403
3160,412.6073333333333,509.39733333333334,432.10266666666666,510.534862001702
3170,412.6326666666667,509.61266666666666,432.2573333333333,510.744953393001
3180,412.658,509.828,432.412,510.9550447843
3190,412.68333333333334,510.04333333333335,432.56666666666666,511.165136175599
3200,412.70866666666666,510.25866666666667,432.7213333333333,511.375227566898
3210,412.734,510.474,432.876,511.585318958197
3220,412.75933333333336,510.6893333333333,433.03066666666666,511.795410349496
3230,412.7846666666667,510.9046666666667,433.1853333333333,512.005501740795
3240,412.81,511.12,433.34,512.215593132094
3250,412.84066666666666,510.7633333333333,433.43466666666666,511.83520970061807
3260,412.8713333333333,510.4066666666667,433.5293333333333,511.45482626914213
3270,412.902,510.05,433.62399999999997,511.07444283766614
3280,412.93266666666665,509.6933333333333,433.71866666666665,510.6940594061902
3290,412.9633333333333,509.33666666666664,433.81333333333333,510.3136759747143
3300,412.99399999999997,508.98,433.90799999999996,509.93329254323834
3310,413.02466666666663,508.62333333333333,434.00266666666664,509.5529091117624
3320,413.05533333333335,508.26666666666665,434.0973333333333,509.1725256802864
3330,413.086,507.90999999999997,434.192,508.7921422488105
3340,413.1166666666667,507.55333333333334,434.28666666666663,508.41175881733454
3350,413.14733333333334,507.19666666666666,434.3813333333333,508.0313753858586
3360,413.178,506.84,434.476,507.6509919543827
3370,413.20866666666666,506.4833333333333,434.5706666666667,507.2706085229067
3380,413.2393333333333,506.12666666666667,434.6653333333333,506.89022509143075
3390,413.27,505.77,434.76,506.5098416599548
3400,413.3066666666667,505.664,434.836,506.4073889717361
3410,413.3433333333333,505.558,434.912,506.30493628351746
3420,413.38,505.452,434.988,506.20248359529876
3430,413.41666666666663,505.346,435.06399999999996,506.10003090708005
3440,413.4533333333333,505.24,435.14,505.99757821886135
3450,413.49,505.134,435.216,505.8951255306427
3460,413.52666666666664,505.028,435.292,505.792672842424
3470,413.56333333333333,504.92199999999997,435.368,505.6902201542053
3480,413.59999999999997,504.816,435.44399999999996,505.5877674659866
3490,413.63666666666666,504.71,435.52,505.48531477776794
3500,413.67333333333335,504.604,435.596,505.38286208954923
3510,413.71,504.498,435.67199999999997,505.28040940133053
3520,413.74666666666667,504.392,435.748,505.1779567131118
3530,413.7833333333333,504.286,435.82399999999996,505.0755040248932
3540,413.82,504.18,435.9,504.9730513366745
3550,413.864,504.3213333333333,435.98866666666663,505.12169919644816
3560,413.908,504.4626666666667,436.07733333333334,505.27034705622185
3570,413.952,504.604,436.166,505.4189949159956
3580,413.996,504.74533333333335,436.25466666666665,505.5676427757693
3590,414.04,504.88666666666666,436.3433333333333,505.716290635543
3600,414.084,505.028,436.432,505.86493849531666
3610,414.128,505.1693333333333,436.52066666666667,506.01358635509035
3620,414.172,505.3106666666667,436.6093333333333,506.1622342148641
3630,414.216,505.452,436.698,506.3108820746378
3640,414.26,505.59333333333336,436.7866666666667,506.4595299344115
3650,414.30400000000003,505.73466666666667,436.87533333333334,506.60817779418517
3660,414.348,505.87600000000003,436.964,506.75682565395886
3670,414.392,506.01733333333334,437.05266666666665,506.9054735137326
3680,414.43600000000004,506.1586666666667,437.14133333333336,507.0541213735063
3690,414.48,506.3,437.23,507.20276923328
3700,414.53000000000003,506.6673333333333,437.3446666666667,507.57568744578117
3710,414.58000000000004,507.0346666666667,437.45933333333335,507.94860565828236
3720,414.63,507.402,437.574,508.3215238707836
3730,414.68,507.76933333333335,437.6886666666667,508.6944420832848
3740,414.73,508.13666666666666,437.80333333333334,509.067360295786
3750,414.78000000000003,508.504,437.918,509.4402785082872
3760,414.83000000000004,508.8713333333333,438.03266666666667,509.81319672078837
3770,414.88,509.2386666666667,438.14733333333334,510.1861149332896
3780,414.93,509.606,438.262,510.5590331457908
3790,414.98,509.97333333333336,438.37666666666667,510.931951358292
3800,415.03000000000003,510.34066666666666,438.49133333333333,511.3048695707932
3810,415.08000000000004,510.708,438.606,511.6777877832944
3820,415.13,511.07533333333333,438.72066666666666,512.0507059957956
3830,415.18,511.4426666666667,438.8353333333333,512.4236242082968
3840,415.23,511.81,438.95,512.796542420798
3850,415.286,511.796,439.04466666666667,512.771341772631
3860,415.34200000000004,511.782,439.1393333333333,512.746141124464
3870,415.398,511.76800000000003,439.234,512.720940476297
3880,415.454,511.754,439.32866666666666,512.6957398281301
3890,415.51,511.74,439.42333333333335,512.670539179963
3900,415.56600000000003,511.726,439.518,512.645338531796
3910,415.622,511.712,439.61266666666666,512.620137883629
3920,415.678,511.69800000000004,439.70733333333334,512.594937235462
3930,415.734,511.684,439.802,512.569736587295
3940,415.79,511.67,439.89666666666665,512.544535939128
3950,415.846,511.656,439.99133333333333,512.519335290961
3960,415.902,511.642,440.086,512.494134642794
3970,415.95799999999997,511.62800000000004,440.1806666666667,512.468933994627
3980,416.014,511.61400000000003,440.2753333333333,512.44373334646
3990,416.07,511.6,440.37,512.418532698293
4000,416.13,511.48266666666666,440.44533333333334,512.2935941943099
4010,416.19,511.36533333333335,440.52066666666667,512.1686556903269
4020,416.25,511.248,440.596,512.0437171863439
4030,416.31,511.1306666666667,440.67133333333334,511.91877868236077
4040,416.37,511.0133333333333,440.74666666666667,511.7938401783777
4050,416.43,510.896,440.822,511.66890167439465
4060,416.49,510.77866666666665,440.89733333333334,511.5439631704116
4070,416.55,510.66133333333335,440.97266666666667,511.4190246664285
4080,416.61,510.544,441.048,511.29408616244547
4090,416.67,510.4266666666667,441.12333333333333,511.1691476584624
4100,416.73,510.3093333333333,441.19866666666667,511.04420915447935
4110,416.79,510.192,441.274,510.9192706504963
4120,416.85,510.07466666666664,441.34933333333333,510.7943321465132
4130,416.91,509.95733333333334,441.42466666666667,510.66939364253017
4140,416.97,509.84,441.5,510.5444551385471
4150,417.03400000000005,509.78666666666663,441.564,510.4954426604603
4160,417.098,509.7333333333333,441.628,510.44643018237355
4170,417.16200000000003,509.68,441.692,510.39741770428674
4180,417.226,509.62666666666667,441.756,510.34840522619993
4190,417.29,509.5733333333333,441.82,510.2993927481132
4200,417.35400000000004,509.52,441.884,510.25038027002637
4210,417.418,509.46666666666664,441.948,510.20136779193956
4220,417.482,509.41333333333336,442.012,510.1523553138528
4230,417.546,509.36,442.07599999999996,510.103342835766
4240,417.61,509.3066666666667,442.14,510.0543303576792
4250,417.67400000000004,509.25333333333333,442.204,510.00531787959244
4260,417.738,509.2,442.268,509.95630540150563
4270,417.802,509.1466666666667,442.332,509.9072929234188
4280,417.866,509.09333333333336,442.39599999999996,509.85828044533207
4290,417.93,509.04,442.46,509.80926796724526
4300,417.99733333333336,509.2386666666667,442.54466666666667,510.0118453967671
4310,418.06466666666665,509.43733333333336,442.6293333333333,510.21442282628897
4320,418.132,509.636,442.714,510.4170002558108
4330,418.19933333333336,509.8346666666667,442.79866666666663,510.6195776853327
4340,418.26666666666665,510.03333333333336,442.8833333333333,510.8221551148545
4350,418.334,510.232,442.968,511.0247325443764
4360,418.40133333333335,510.4306666666667,443.05266666666665,511.22730997389823
4370,418.46866666666665,510.6293333333333,443.13733333333334,511.42988740342
4380,418.536,510.828,443.222,511.6324648329419
4390,418.60333333333335,511.02666666666664,443.3066666666667,511.83504226246373
4400,418.67066666666665,511.2253333333333,443.39133333333336,512.0376196919856
4410,418.738,511.424,443.476,512.2401971215074
4420,418.80533333333335,511.62266666666665,443.5606666666667,512.4427745510293
4430,418.87266666666665,511.8213333333333,443.6453333333333,512.6453519805511
4440,418.94,512.02,443.73,512.847929410073
4450,419.01,511.8873333333333,443.796,512.7039733412602
4460,419.08,511.75466666666665,443.862,512.5600172724473
4470,419.15,511.62199999999996,443.928,512.4160612036344
4480,419.22,511.4893333333333,443.994,512.2721051348216
4490,419.29,511.3566666666666,444.06,512.1281490660087
4500,419.36,511.224,444.12600000000003,511.9841929971959
4510,419.43,511.0913333333333,444.192,511.84023692838304
4520,419.5,510.95866666666666,444.25800000000004,511.6962808595702
4530,419.57,510.82599999999996,444.324,511.5523247907573
4540,419.64,510.6933333333333,444.39000000000004,511.4083687219445
4550,419.71,510.56066666666663,444.456,511.26441265313167
4560,419.78000000000003,510.428,444.52200000000005,511.1204565843188
4570,419.85,510.2953333333333,444.588,510.97650051550596
4580,419.92,510.16266666666667,444.65400000000005,510.8325444466931
4590,419.99,510.03,444.72,510.68858837788025
4600,420.0613333333333,509.8033333333333,444.7666666666667,510.4542124350517
4610,420.1326666666667,509.57666666666665,444.81333333333333,510.21983649222324
4620,420.204,509.34999999999997,444.86,509.9854605493947
4630,420.2753333333333,509.12333333333333,444.9066666666667,509.75108460656617
4640,420.3466666666667,508.89666666666665,444.9533333333334,509.5167086637377
4650,420.418,508.66999999999996,445.0,509.28233272090915
4660,420.4893333333333,508.4433333333333,445.0466666666667,509.0479567780806
4670,420.5606666666667,508.21666666666664,445.09333333333336,508.81358083525214
4680,420.632,507.99,445.14000000000004,508.5792048924236
4690,420.7033333333333,507.7633333333333,445.18666666666667,508.34482894959507
4700,420.7746666666667,507.53666666666663,445.23333333333335,508.1104530067666
4710,420.846,507.31,445.28000000000003,507.87607706393806
4720,420.9173333333333,507.0833333333333,445.3266666666667,507.6417011211095
4730,420.9886666666667,506.8566666666667,445.37333333333333,507.40732517828104
4740,421.06,506.63,445.42,507.1729492354525
4750,421.1333333333333,506.508,445.45733333333334,507.0571232113633
4760,421.20666666666665,506.386,445.49466666666666,506.9412971872742
4770,421.28000000000003,506.264,445.53200000000004,506.825471163185
4780,421.35333333333335,506.142,445.56933333333336,506.70964513909587
4790,421.4266666666667,506.02,445.6066666666667,506.5938191150067
4800,421.5,505.898,445.644,506.4779930909175
4810,421.5733333333333,505.776,445.6813333333333,506.36216706682836
4820,421.6466666666667,505.654,445.7186666666667,506.2463410427392
4830,421.72,505.532,445.75600000000003,506.13051501865004
4840,421.79333333333335,505.41,445.79333333333335,506.01468899456086
4850,421.8666666666667,505.288,445.8306666666667,505.89886297047167
4860,421.94,505.166,445.868,505.78303694638254
4870,422.0133333333334,505.044,445.9053333333334,505.66721092229335
4880,422.0866666666667,504.922,445.9426666666667,505.5513848982042
4890,422.16,504.8,445.98,505.43555887411503
4900,422.23333333333335,505.00600000000003,446.04733333333337,505.64725256152025
4910,422.3066666666667,505.212,446.11466666666666,505.8589462489254
4920,422.38,505.418,446.182,506.0706399363306
4930,422.4533333333334,505.624,446.24933333333337,506.28233362373584
4940,422.5266666666667,505.83,446.31666666666666,506.494027311141
4950,422.6,506.036,446.384,506.7057209985462
4960,422.67333333333335,506.242,446.45133333333337,506.9174146859514
4970,422.74666666666667,506.448,446.51866666666666,507.1291083733566
4980,422.82,506.654,446.586,507.3408020607618
4990,422.8933333333333,506.86,446.65333333333336,507.552495748167
5000,422.96666666666664,507.066,446.72066666666666,507.7641894355722
5010,423.04,507.272,446.788,507.9758831229774
5020,423.11333333333334,507.478,446.85533333333336,508.1875768103826
5030,423.18666666666667,507.68399999999997,446.92266666666666,508.39927049778777
5040,423.26,507.89,446.99,508.610964185193
5050,423.33466666666664,507.6333333333333,447.03133333333335,508.339123412347
5060,423.40933333333334,507.37666666666667,447.0726666666667,508.0672826395011
5070,423.484,507.12,447.11400000000003,507.79544186665515
5080,423.5586666666667,506.86333333333334,447.1553333333333,507.5236010938092
5090,423.6333333333333,506.6066666666667,447.19666666666666,507.25176032096323
5100,423.70799999999997,506.35,447.238,506.9799195481173
5110,423.78266666666667,506.09333333333336,447.27933333333334,506.70807877527136
5120,423.8573333333333,505.83666666666664,447.3206666666667,506.4362380024254
5130,423.932,505.58,447.362,506.16439722957944
5140,424.00666666666666,505.3233333333333,447.40333333333336,505.89255645673353
5150,424.0813333333333,505.06666666666666,447.4446666666667,505.62071568388757
5160,424.156,504.81,447.486,505.3488749110416
5170,424.23066666666665,504.55333333333334,447.52733333333333,505.07703413819564
5180,424.30533333333335,504.2966666666667,447.5686666666667,504.80519336534974
5190,424.38,504.04,447.61,504.5333525925038
5200,424.45466666666664,503.96733333333333,447.64733333333334,504.46498718597303
5210,424.52933333333334,503.8946666666667,447.68466666666666,504.3966217794423
5220,424.604,503.822,447.72200000000004,504.32825637291154
5230,424.6786666666667,503.74933333333337,447.75933333333336,504.2598909663808
5240,424.75333333333333,503.6766666666667,447.7966666666667,504.19152555985005
5250,424.828,503.604,447.834,504.1231601533193
5260,424.9026666666667,503.53133333333335,447.8713333333333,504.05479474678856
5270,424.9773333333333,503.45866666666666,447.9086666666667,503.98642934025776
5280,425.052,503.386,447.946,503.918063933727
5290,425.12666666666667,503.31333333333333,447.98333333333335,503.84969852719627
5300,425.2013333333333,503.24066666666664,448.02066666666667,503.7813331206655
5310,425.276,503.168,448.058,503.7129677141348
5320,425.35066666666665,503.0953333333333,448.0953333333334,503.64460230760403
5330,425.42533333333336,503.0226666666667,448.1326666666667,503.5762369010733
5340,425.5,502.95,448.17,503.50787149454254
5350,425.574,503.0493333333333,448.22200000000004,503.6134650883802
5360,425.648,503.14866666666666,448.274,503.71905868221785
5370,425.722,503.248,448.326,503.82465227605553
5380,425.796,503.3473333333333,448.378,503.9302458698932
5390,425.87,503.44666666666666,448.43,504.03583946373084
5400,425.944,503.546,448.482,504.1414330575685
5410,426.01800000000003,503.6453333333333,448.534,504.2470266514062
5420,426.092,503.74466666666666,448.586,504.3526202452438
5430,426.166,503.844,448.638,504.4582138390815
5440,426.24,503.9433333333333,448.69,504.5638074329192
5450,426.314,504.04266666666666,448.742,504.6694010267568
5460,426.38800000000003,504.142,448.794,504.7749946205945
5470,426.462,504.24133333333333,448.846,504.8805882144322
5480,426.536,504.34066666666666,448.89799999999997,504.9861818082698
5490,426.61,504.44,448.95,505.0917754021075
5500,426.68333333333334,504.686,449.0233333333333,505.3418116303668
5510,426.75666666666666,504.932,449.09666666666664,505.59184785862607
5520,426.83,505.178,449.17,505.8418840868854
5530,426.90333333333336,505.424,449.24333333333334,506.0919203151447
5540,426.9766666666667,505.67,449.31666666666666,506.34195654340397
5550,427.05,505.916,449.39,506.5919927716633
5560,427.12333333333333,506.162,449.4633333333333,506.8420289999226
5570,427.19666666666666,506.408,449.5366666666667,507.09206522818187
5580,427.27,506.654,449.61,507.3421014564412
5590,427.3433333333333,506.9,449.68333333333334,507.5921376847005
5600,427.41666666666663,507.146,449.75666666666666,507.84217391295977
5610,427.49,507.392,449.83,508.0922101412191
5620,427.56333333333333,507.638,449.90333333333336,508.3422463694784
5630,427.63666666666666,507.884,449.9766666666667,508.59228259773766
5640,427.71,508.13,450.05,508.842318825997
5650,427.782,508.04066666666665,450.106,508.74330332446937
5660,427.854,507.9513333333333,450.16200000000003,508.6442878229417
5670,427.926,507.862,450.218,508.5452723214141
5680,427.998,507.7726666666667,450.274,508.4462568198864
5690,428.07,507.68333333333334,450.33,508.3472413183588
5700,428.142,507.594,450.386,508.2482258168311
5710,428.214,507.50466666666665,450.442,508.1492103153035
5720,428.286,507.41533333333336,450.498,508.0501948137758
5730,428.358,507.326,450.554,507.9511793122482
5740,428.43,507.2366666666667,450.61,507.8521638107205
5750,428.502,507.14733333333334,450.666,507.7531483091929
5760,428.574,507.058,450.722,507.65413280766523
5770,428.646,506.9686666666667,450.77799999999996,507.5551173061376
5780,428.718,506.87933333333336,450.834,507.45610180460994
5790,428.79,506.79,450.89,507.3570863030823
5800,428.86133333333333,506.70866666666666,450.936,507.2737046985349
5810,428.9326666666667,506.62733333333335,450.98199999999997,507.1903230939875
5820,429.004,506.546,451.02799999999996,507.10694148944003
5830,429.07533333333333,506.4646666666667,451.074,507.0235598848926
5840,429.1466666666667,506.3833333333333,451.12,506.9401782803452
5850,429.218,506.302,451.166,506.8567966757978
5860,429.28933333333333,506.22066666666666,451.212,506.7734150712504
5870,429.3606666666667,506.13933333333335,451.258,506.6900334667029
5880,429.432,506.058,451.304,506.6066518621555
5890,429.50333333333333,505.9766666666667,451.34999999999997,506.5232702576081
5900,429.5746666666667,505.8953333333333,451.39599999999996,506.4398886530607
5910,429.646,505.814,451.442,506.35650704851327
5920,429.71733333333333,505.73266666666666,451.488,506.2731254439658
5930,429.7886666666667,505.65133333333335,451.534,506.1897438394184
5940,429.86,505.57,451.58,506.10636223487097
5950,429.93,505.558,451.626,506.0973788168357
5960,430.0,505.546,451.67199999999997,506.0883953988004
5970,430.07,505.534,451.71799999999996,506.07941198076514
5980,430.14000000000004,505.522,451.764,506.07042856272983
5990,430.21000000000004,505.51,451.81,506.0614451446946
6000,430.28000000000003,505.498,451.856,506.05246172665926
6010,430.35,505.486,451.902,506.043478308624
6020,430.42,505.474,451.948,506.0344948905887
6030,430.49,505.462,451.99399999999997,506.02551147255343
6040,430.56,505.45,452.03999999999996,506.0165280545181
6050,430.63,505.438,452.08599999999996,506.00754463648286
6060,430.70000000000005,505.426,452.132,505.99856121844755
6070,430.77000000000004,505.414,452.178,505.9895778004123
6080,430.84000000000003,505.402,452.224,505.980594382377
6090,430.91,505.39,452.27,505.9716109643417
6100,430.97933333333333,505.5113333333333,452.32866666666666,506.09579002235046
6110,431.0486666666667,505.63266666666664,452.3873333333333,506.21996908035925
6120,431.118,505.75399999999996,452.44599999999997,506.344148138368
6130,431.18733333333336,505.87533333333334,452.50466666666665,506.4683271963767
6140,431.25666666666666,505.99666666666667,452.56333333333333,506.59250625438546
6150,431.326,506.118,452.62199999999996,506.71668531239425
6160,431.3953333333333,506.2393333333333,452.68066666666664,506.840864370403
6170,431.4646666666667,506.36066666666665,452.7393333333333,506.9650434284117
6180,431.534,506.48199999999997,452.798,507.08922248642045
6190,431.60333333333335,506.6033333333333,452.8566666666666,507.21340154442925
6200,431.67266666666666,506.7246666666666,452.9153333333333,507.337580602438
6210,431.742,506.846,452.974,507.4617596604467
6220,431.8113333333333,506.96733333333333,453.03266666666667,507.58593871845545
6230,431.8806666666667,507.08866666666665,453.0913333333333,507.71011777646424
6240,431.95,507.21,453.15,507.834296834473
6250,432.01866666666666,507.306,453.2126666666666,507.93042002909976
6260,432.08733333333333,507.402,453.2753333333333,508.0265432237266
6270,432.156,507.498,453.33799999999997,508.1226664183534
6280,432.2246666666667,507.594,453.40066666666667,508.2187896129802
6290,432.29333333333335,507.69,453.4633333333333,508.31491280760696
6300,432.362,507.786,453.52599999999995,508.4110360022338
6310,432.4306666666667,507.882,453.58866666666665,508.5071591968606
6320,432.4993333333333,507.97799999999995,453.6513333333333,508.60328239148737
6330,432.568,508.07399999999996,453.714,508.69940558611415
6340,432.63666666666666,508.16999999999996,453.77666666666664,508.795528780741
6350,432.70533333333333,508.26599999999996,453.8393333333333,508.8916519753678
6360,432.774,508.36199999999997,453.902,508.98777516999456
6370,432.8426666666667,508.45799999999997,453.96466666666663,509.08389836462135
6380,432.91133333333335,508.554,454.02733333333333,509.1800215592482
6390,432.98,508.65,454.09,509.276144753875
6400,433.04733333333337,508.6153333333333,454.14466666666664,509.23582483669713
6410,433.11466666666666,508.5806666666667,454.1993333333333,509.19550491951924
6420,433.182,508.546,454.25399999999996,509.1551850023414
6430,433.24933333333337,508.5113333333333,454.3086666666667,509.1148650851635
6440,433.31666666666666,508.47666666666663,454.36333333333334,509.07454516798566
6450,433.384,508.442,454.418,509.0342252508078
6460,433.45133333333337,508.4073333333333,454.47266666666667,508.9939053336299
6470,433.51866666666666,508.37266666666665,454.52733333333333,508.9535854164521
6480,433.586,508.33799999999997,454.582,508.9132654992742
6490,433.65333333333336,508.30333333333334,454.63666666666666,508.87294558209635
6500,433.72066666666666,508.26866666666666,454.6913333333333,508.8326256649185
6510,433.788,508.234,454.74600000000004,508.7923057477406
6520,433.85533333333336,508.1993333333333,454.8006666666667,508.7519858305628
6530,433.92266666666666,508.1646666666667,454.85533333333336,508.7116659133849
6540,433.99,508.13,454.91,508.67134599620704
6550,434.0566666666667,508.052,454.9533333333334,508.5921078712996
6560,434.12333333333333,507.974,454.99666666666667,508.5128697463922
6570,434.19,507.896,455.04,508.4336316214848
6580,434.25666666666666,507.818,455.08333333333337,508.35439349657736
6590,434.3233333333333,507.74,455.12666666666667,508.27515537166994
6600,434.39,507.662,455.17,508.1959172467625
6610,434.45666666666665,507.584,455.21333333333337,508.1166791218551
6620,434.52333333333337,507.506,455.25666666666666,508.0374409969476
6630,434.59000000000003,507.428,455.3,507.9582028720402
6640,434.6566666666667,507.34999999999997,455.34333333333336,507.8789647471328
6650,434.72333333333336,507.272,455.38666666666666,507.79972662222536
6660,434.79,507.19399999999996,455.43,507.72048849731794
6670,434.8566666666667,507.116,455.47333333333336,507.6412503724105
6680,434.92333333333335,507.03799999999995,455.51666666666665,507.5620122475031
6690,434.99,506.96,455.56,507.4827741225957
6700,435.05533333333335,506.9393333333333,455.60533333333336,507.46214269403384
6710,435.1206666666667,506.91866666666664,455.65066666666667,507.441511265472
6720,435.18600000000004,506.89799999999997,455.696,507.42087983691016
6730,435.2513333333333,506.8773333333333,455.74133333333333,507.4002484083483
6740,435.31666666666666,506.8566666666666,455.7866666666667,507.3796169797865
6750,435.382,506.83599999999996,455.832,507.35898555122463
6760,435.44733333333335,506.8153333333333,455.87733333333335,507.3383541226628
6770,435.5126666666667,506.79466666666667,455.92266666666666,507.3177226941009
6780,435.57800000000003,506.774,455.968,507.29709126553905
6790,435.6433333333334,506.75333333333333,456.0133333333333,507.2764598369772
6800,435.7086666666667,506.73266666666666,456.0586666666667,507.25582840841537
6810,435.774,506.712,456.104,507.2351969798535
6820,435.83933333333334,506.6913333333333,456.14933333333335,507.2145655512917
6830,435.9046666666667,506.67066666666665,456.19466666666665,507.19393412272984
6840,435.97,506.65,456.24,507.173302694168
6850,436.03533333333337,506.66999999999996,456.2873333333333,507.19395846165213
6860,436.1006666666667,506.69,456.3346666666667,507.2146142291362
6870,436.166,506.71,456.382,507.23526999662033
6880,436.23133333333334,506.72999999999996,456.4293333333333,507.2559257641044
6890,436.2966666666667,506.75,456.4766666666667,507.27658153158853
6900,436.362,506.77,456.524,507.29723729907266
6910,436.42733333333337,506.78999999999996,456.5713333333333,507.31789306655673
6920,436.49266666666665,506.81,456.6186666666667,507.33854883404086
6930,436.558,506.83,456.666,507.35920460152494
6940,436.62333333333333,506.84999999999997,456.7133333333333,507.37986036900907
6950,436.6886666666667,506.87,456.7606666666667,507.4005161364932
6960,436.754,506.89,456.808,507.42117190397727
6970,436.8193333333333,506.90999999999997,456.8553333333333,507.4418276714614
6980,436.88466666666665,506.93,456.9026666666667,507.46248343894547
6990,436.95,506.95,456.95,507.4831392064296
7000,437.01466666666664,506.928,456.99533333333335,507.45893249277793
7010,437.07933333333335,506.906,457.04066666666665,507.4347257791263
7020,437.144,506.884,457.086,507.41051906547466
7030,437.20866666666666,506.86199999999997,457.1313333333333,507.38631235182305
7040,437.2733333333333,506.84,457.1766666666667,507.3621056381714
7050,437.338,506.818,457.222,507.3378989245198
7060,437.4026666666667,506.796,457.26733333333334,507.3136922108681
7070,437.46733333333333,506.774,457.31266666666664,507.2894854972165
7080,437.532,506.752,457.358,507.26527878356484
7090,437.5966666666667,506.73,457.4033333333333,507.24107206991323
7100,437.66133333333335,506.708,457.44866666666667,507.21686535626156
7110,437.726,506.686,457.49399999999997,507.19265864260996
7120,437.79066666666665,506.664,457.53933333333333,507.1684519289583
7130,437.85533333333336,506.642,457.58466666666664,507.1442452153067
7140,437.92,506.62,457.63,507.120038501655
7150,437.98333333333335,506.5026666666667,457.6666666666667,506.99594730703404
7160,438.0466666666667,506.38533333333334,457.7033333333333,506.8718561124131
7170,438.11,506.26800000000003,457.74,506.74776491779215
7180,438.17333333333335,506.15066666666667,457.77666666666664,506.62367372317124
7190,438.2366666666667,506.03333333333336,457.81333333333333,506.49958252855026
7200,438.3,505.916,457.85,506.37549133392935
7210,438.36333333333334,505.7986666666667,457.88666666666666,506.2514001393084
7220,438.4266666666667,505.6813333333333,457.92333333333335,506.12730894468746
7230,438.49,505.564,457.96,506.0032177500665
7240,438.55333333333334,505.44666666666666,457.99666666666667,505.87912655544557
7250,438.6166666666667,505.32933333333335,458.03333333333336,505.7550353608246
7260,438.68,505.212,458.07,505.6309441662037
7270,438.74333333333334,505.0946666666667,458.1066666666667,505.5068529715827
7280,438.8066666666667,504.9773333333333,458.1433333333333,505.3827617769618
7290,438.87,504.86,458.18,505.2586705823408
7300,438.93333333333334,504.5866666666667,458.196,504.97967290691696
7310,438.99666666666667,504.31333333333333,458.212,504.7006752314931
7320,439.06,504.04,458.228,504.42167755606926
7330,439.12333333333333,503.76666666666665,458.244,504.1426798806454
7340,439.18666666666667,503.49333333333334,458.26,503.86368220522155
7350,439.25,503.22,458.276,503.5846845297977
7360,439.31333333333333,502.94666666666666,458.29200000000003,503.30568685437385
7370,439.37666666666667,502.67333333333335,458.308,503.02668917895
7380,439.44,502.4,458.324,502.74769150352614
7390,439.50333333333333,502.12666666666667,458.34000000000003,502.4686938281023
7400,439.56666666666666,501.85333333333335,458.356,502.18969615267844
7410,439.63,501.58,458.372,501.9106984772546
7420,439.6933333333333,501.3066666666667,458.38800000000003,501.63170080183073
7430,439.75666666666666,501.0333333333333,458.404,501.3527031264069
7440,439.82,500.76,458.42,501.073705450983
7450,439.882,501.1526666666667,458.4773333333333,501.48774076609254
7460,439.944,501.5453333333333,458.5346666666667,501.901776081202
7470,440.006,501.938,458.592,502.3158113963115
7480,440.068,502.3306666666667,458.64933333333335,502.72984671142103
7490,440.13,502.7233333333333,458.70666666666665,503.14388202653055
7500,440.192,503.116,458.764,503.55791734164
7510,440.254,503.50866666666667,458.8213333333333,503.9719526567495
7520,440.316,503.9013333333333,458.8786666666667,504.38598797185904
7530,440.378,504.294,458.936,504.80002328696855
7540,440.44,504.68666666666667,458.99333333333334,505.214058602078
7550,440.502,505.0793333333333,459.05066666666664,505.6280939171875
7560,440.564,505.472,459.108,506.04212923229704
7570,440.626,505.86466666666666,459.1653333333333,506.45616454740656
7580,440.688,506.2573333333333,459.22266666666667,506.870199862516
7590,440.75,506.65,459.28,507.28423517762553
7600,440.8113333333333,506.90799999999996,459.3546666666666,507.54210087245156
7610,440.87266666666665,507.166,459.4293333333333,507.7999665672776
7620,440.934,507.424,459.50399999999996,508.0578322621036
7630,440.99533333333335,507.68199999999996,459.57866666666666,508.3156979569297
7640,441.0566666666667,507.94,459.6533333333333,508.5735636517557
7650,441.118,508.198,459.72799999999995,508.83142934658173
7660,441.1793333333333,508.45599999999996,459.80266666666665,509.08929504140775
7670,441.2406666666667,508.714,459.8773333333333,509.3471607362338
7680,441.302,508.972,459.952,509.6050264310598
7690,441.36333333333334,509.22999999999996,460.02666666666664,509.8628921258858
7700,441.42466666666667,509.488,460.1013333333333,510.12075782071184
7710,441.486,509.746,460.176,510.3786235155379
7720,441.54733333333337,510.00399999999996,460.25066666666663,510.63648921036395
7730,441.6086666666667,510.262,460.32533333333333,510.89435490518997
7740,441.67,510.52,460.4,511.152220600016
7750,441.7306666666667,510.5133333333333,460.4626666666666,511.13305646509855
7760,441.79133333333334,510.50666666666666,460.5253333333333,511.1138923301811
7770,441.85200000000003,510.5,460.58799999999997,511.09472819526366
7780,441.91266666666667,510.49333333333334,460.65066666666667,511.0755640603462
7790,441.97333333333336,510.4866666666667,460.7133333333333,511.05639992542876
7800,442.034,510.48,460.77599999999995,511.0372357905113
7810,442.0946666666667,510.47333333333336,460.83866666666665,511.0180716555939
7820,442.1553333333333,510.46666666666664,460.9013333333333,510.9989075206764
7830,442.216,510.46,460.964,510.979743385759
7840,442.27666666666664,510.4533333333333,461.02666666666664,510.96057925084153
7850,442.33733333333333,510.44666666666666,461.0893333333333,510.9414151159241
7860,442.39799999999997,510.44,461.152,510.92225098100664
7870,442.45866666666666,510.43333333333334,461.21466666666663,510.9030868460892
7880,442.5193333333333,510.4266666666667,461.27733333333333,510.88392271117175
7890,442.58,510.42,461.34,510.8647585762543
7900,442.63866666666667,510.0133333333333,461.356,510.44770440213335
7910,442.6973333333333,509.6066666666667,461.37199999999996,510.0306502280124
7920,442.756,509.2,461.388,509.61359605389146
7930,442.81466666666665,508.79333333333335,461.404,509.1965418797705
7940,442.87333333333333,508.38666666666666,461.41999999999996,508.77948770564956
7950,442.93199999999996,507.98,461.436,508.3624335315286
7960,442.99066666666664,507.5733333333333,461.452,507.94537935740766
7970,443.0493333333333,507.1666666666667,461.46799999999996,507.52832518328665
7980,443.108,506.76,461.484,507.1112710091657
7990,443.16666666666663,506.35333333333335,461.5,506.69421683504476
8000,443.2253333333333,505.94666666666666,461.51599999999996,506.2771626609238
8010,443.284,505.54,461.532,505.86010848680286
8020,443.3426666666667,505.1333333333333,461.548,505.4430543126819
8030,443.4013333333333,504.7266666666667,461.56399999999996,505.02600013856096
8040,443.46,504.32,461.58,504.60894596444
8050,443.51866666666666,504.69733333333335,461.638,505.0098168960872
8060,443.5773333333333,505.07466666666664,461.69599999999997,505.4106878277344
8070,443.63599999999997,505.452,461.75399999999996,505.8115587593816
8080,443.69466666666665,505.82933333333335,461.812,506.2124296910288
8090,443.75333333333333,506.20666666666665,461.87,506.613300622676
8100,443.81199999999995,506.584,461.928,507.0141715543232
8110,443.87066666666664,506.96133333333336,461.986,507.4150424859704
8120,443.9293333333333,507.33866666666665,462.044,507.8159134176176
8130,443.988,507.716,462.102,508.2167843492648
8140,444.0466666666666,508.09333333333336,462.15999999999997,508.617655280912
8150,444.1053333333333,508.47066666666666,462.21799999999996,509.0185262125592
8160,444.164,508.848,462.276,509.41939714420636
8170,444.22266666666667,509.22533333333337,462.334,509.82026807585356
8180,444.2813333333333,509.60266666666666,462.392,510.22113900750077
8190,444.34,509.98,462.45,510.622009939148
8200,444.39733333333334,509.86133333333333,462.5,510.48488255968107
8210,444.45466666666664,509.7426666666667,462.55,510.34775518021416
8220,444.512,509.624,462.59999999999997,510.21062780074726
8230,444.5693333333333,509.50533333333334,462.65,510.07350042128036
8240,444.62666666666667,509.38666666666666,462.7,509.93637304181345
8250,444.68399999999997,509.26800000000003,462.75,509.79924566234655
8260,444.74133333333333,509.14933333333335,462.8,509.66211828287965
8270,444.79866666666663,509.03066666666666,462.84999999999997,509.5249909034128
8280,444.856,508.912,462.9,509.3878635239459
8290,444.9133333333333,508.79333333333335,462.95,509.250736144479
8300,444.97066666666666,508.67466666666667,463.0,509.1136087650121
8310,445.02799999999996,508.556,463.05,508.9764813855452
8320,445.0853333333333,508.4373333333333,463.09999999999997,508.8393540060783
8330,445.1426666666666,508.3186666666667,463.15,508.7022266266114
8340,445.2,508.2,463.2,508.5650992471445
8350,445.25733333333335,508.0373333333333,463.21933333333334,508.4113688288948
8360,445.31466666666665,507.87466666666666,463.23866666666663,508.2576384106452
8370,445.372,507.712,463.258,508.10390799239553
8380,445.4293333333333,507.5493333333333,463.27733333333333,507.95017757414587
8390,445.4866666666667,507.38666666666666,463.2966666666667,507.79644715589626
8400,445.544,507.224,463.316,507.6427167376466
8410,445.60133333333334,507.0613333333333,463.3353333333333,507.48898631939693
8420,445.65866666666665,506.89866666666666,463.3546666666667,507.3352559011473
8430,445.716,506.736,463.374,507.18152548289765
8440,445.7733333333333,506.5733333333333,463.3933333333333,507.027795064648
8450,445.8306666666667,506.41066666666666,463.41266666666667,506.8740646463984
8460,445.888,506.248,463.432,506.7203342281487
8470,445.94533333333334,506.0853333333333,463.45133333333337,506.56660380989905
8480,446.00266666666664,505.92266666666666,463.47066666666666,506.41287339164944
8490,446.06,505.76,463.49,506.2591429733998
8500,446.116,506.10266666666666,463.55333333333334,506.61020478869875
8510,446.172,506.44533333333334,463.6166666666667,506.9612666039977
8520,446.228,506.788,463.68,507.31232841929665
8530,446.284,507.1306666666666,463.74333333333334,507.66339023459557
8540,446.34,507.4733333333333,463.8066666666667,508.01445204989454
8550,446.396,507.816,463.87,508.36551386519346
8560,446.452,508.15866666666665,463.93333333333334,508.71657568049244
8570,446.508,508.5013333333333,463.99666666666667,509.06763749579136
8580,446.56399999999996,508.844,464.06,509.41869931109034
8590,446.62,509.18666666666667,464.12333333333333,509.76976112638926
8600,446.676,509.52933333333334,464.18666666666667,510.12082294168823
8610,446.73199999999997,509.87199999999996,464.25,510.47188475698715
8620,446.78799999999995,510.21466666666663,464.31333333333333,510.8229465722861
8630,446.844,510.5573333333333,464.37666666666667,511.17400838758505
8640,446.9,510.9,464.44,511.525070202884
8650,446.95599999999996,509.54266666666666,464.38466666666665,510.10643332060334
8660,447.012,508.1853333333333,464.32933333333335,508.6877964383227
8670,447.068,506.828,464.274,507.26915955604204
8680,447.12399999999997,505.47066666666666,464.21866666666665,505.8505226737614
8690,447.18,504.11333333333334,464.16333333333336,504.43188579148074
8700,447.236,502.756,464.108,503.0132489092001
8710,447.292,501.39866666666666,464.05266666666665,501.59461202691944
8720,447.348,500.04133333333334,463.99733333333336,500.1759751446388
8730,447.404,498.684,463.942,498.75733826235813
8740,447.46,497.32666666666665,463.88666666666666,497.3387013800775
8750,447.516,495.96933333333334,463.83133333333336,495.92006449779683
8760,447.572,494.612,463.776,494.5014276155162
8770,447.628,493.2546666666667,463.72066666666666,493.0827907332355
8780,447.684,491.89733333333334,463.66533333333336,491.6641538509549
8790,447.74,490.54,463.61,490.2455169686742
8800,447.79533333333336,489.61133333333333,463.50800000000004,489.31746637562645
8810,447.85066666666665,488.6826666666667,463.406,488.38941578257874
8820,447.906,487.754,463.30400000000003,487.46136518953097
8830,447.96133333333336,486.82533333333333,463.202,486.53331459648325
8840,448.01666666666665,485.8966666666667,463.1,485.6052640034355
8850,448.072,484.968,462.998,484.6772134103877
8860,448.12733333333335,484.03933333333333,462.896,483.74916281734
8870,448.18266666666665,483.1106666666667,462.794,482.8211122242922
8880,448.238,482.182,462.692,481.8930616312445
8890,448.29333333333335,481.25333333333333,462.59,480.96501103819674
8900,448.34866666666665,480.3246666666667,462.488,480.03696044514896
8910,448.404,479.396,462.38599999999997,479.10890985210125
8920,448.45933333333335,478.46733333333333,462.284,478.1808592590535
8930,448.51466666666664,477.5386666666667,462.18199999999996,477.25280866600576
8940,448.57,476.61,462.08,476.324758072958
8950,448.62466666666666,475.954,461.9853333333333,475.6644511347883
8960,448.6793333333333,475.298,461.8906666666667,475.00414419661854
8970,448.734,474.642,461.796,474.34383725844884
8980,448.78866666666664,473.986,461.7013333333333,473.68353032027915
8990,448.8433333333333,473.33,461.6066666666667,473.0232233821094
9000,448.89799999999997,472.674,461.512,472.3629164439397
9010,448.95266666666663,472.018,461.4173333333333,471.70260950577
9020,449.00733333333335,471.362,461.3226666666667,471.04230256760025
9030,449.062,470.706,461.228,470.38199562943055
9040,449.1166666666667,470.05,461.1333333333333,469.72168869126085
9050,449.17133333333334,469.394,461.0386666666667,469.0613817530911
9060,449.226,468.738,460.944,468.4010748149214
9070,449.28066666666666,468.082,460.84933333333333,467.7407678767517
9080,449.3353333333333,467.426,460.7546666666667,467.08046093858195
9090,449.39,466.77,460.66,466.42015400041225
9100,449.44399999999996,466.15999999999997,460.5606666666667,465.8047480827657
9110,449.498,465.55,460.46133333333336,465.18934216511917
9120,449.55199999999996,464.94,460.362,464.5739362474726
9130,449.606,464.33,460.2626666666667,463.95853032982603
9140,449.65999999999997,463.71999999999997,460.16333333333336,463.3431244121795
9150,449.714,463.11,460.064,462.72771849453295
9160,449.768,462.5,459.9646666666667,462.1123125768864
9170,449.822,461.89,459.86533333333335,461.49690665923987
9180,449.876,461.28,459.766,460.8815007415933
9190,449.93,460.67,459.6666666666667,460.26609482394673
9200,449.984,460.06,459.56733333333335,459.6506889063002
9210,450.038,459.45,459.468,459.03528298865365
9220,450.092,458.84,459.3686666666667,458.4198770710071
9230,450.146,458.23,459.26933333333335,457.80447115336057
9240,450.2,457.62,459.17,457.189065235714
9250,450.2513333333333,457.18266666666665,459.07666666666665,456.75262867974675
9260,450.30266666666665,456.74533333333335,458.98333333333335,456.3161921237795
9270,450.354,456.308,458.89,455.87975556781225
9280,450.4053333333333,455.8706666666667,458.7966666666667,455.443319011845
9290,450.45666666666665,455.43333333333334,458.7033333333333,455.00688245587776
9300,450.508,454.996,458.61,454.5704458999105
9310,450.5593333333333,454.5586666666667,458.51666666666665,454.13400934394326
9320,450.6106666666667,454.1213333333333,458.42333333333335,453.69757278797596
9330,450.66200000000003,453.684,458.33,453.2611362320087
9340,450.71333333333337,453.24666666666667,458.2366666666667,452.82469967604146
9350,450.7646666666667,452.8093333333333,458.1433333333333,452.3882631200742
9360,450.81600000000003,452.372,458.05,451.95182656410697
9370,450.86733333333336,451.93466666666666,457.95666666666665,451.5153900081397
9380,450.9186666666667,451.49733333333336,457.86333333333334,451.07895345217247
9390,450.97,451.06,457.77,450.6425168962052
9400,451.01800000000003,450.72266666666667,457.68333333333334,450.30744993739194
9410,451.06600000000003,450.38533333333334,457.59666666666664,449.97238297857865
9420,451.11400000000003,450.048,457.51,449.63731601976536
9430,451.16200000000003,449.71066666666667,457.42333333333335,449.3022490609521
9440,451.21000000000004,449.37333333333333,457.33666666666664,448.9671821021388
9450,451.25800000000004,449.036,457.25,448.6321151433255
9460,451.30600000000004,448.69866666666667,457.16333333333336,448.2970481845122
9470,451.354,448.36133333333333,457.07666666666665,447.961981225699
9480,451.402,448.024,456.99,447.6269142668857
9490,451.45,447.68666666666667,456.90333333333336,447.2918473080724
9500,451.498,447.34933333333333,456.81666666666666,446.95678034925913
9510,451.546,447.012,456.73,446.62171339044585
9520,451.594,446.67466666666667,456.6433333333334,446.28664643163256
9530,451.642,446.33733333333333,456.5566666666667,445.9515794728193
9540,451.69,446.0,456.47,445.616512514006
9550,451.734,445.644,456.38800000000003,445.25403887779987
9560,451.778,445.288,456.30600000000004,444.8915652415938
9570,451.822,444.932,456.22400000000005,444.5290916053877
9580,451.866,444.576,456.142,444.1666179691816
9590,451.91,444.22,456.06,443.8041443329755
9600,451.954,443.86400000000003,455.978,443.4416706967694
9610,451.998,443.50800000000004,455.896,443.0791970605633
9620,452.04200000000003,443.152,455.814,442.7167234243572
9630,452.086,442.796,455.732,442.3542497881511
9640,452.13,442.44,455.65000000000003,441.991776151945
9650,452.17400000000004,442.084,455.56800000000004,441.6293025157389
9660,452.218,441.728,455.486,441.2668288795328
9670,452.262,441.372,455.404,440.9043552433267
9680,452.30600000000004,441.016,455.322,440.5418816071206
9690,452.35,440.66,455.24,440.1794079709145
9700,452.38800000000003,440.14733333333334,455.14,439.6607513827688
9710,452.42600000000004,439.6346666666667,455.04,439.1420947946231
9720,452.464,439.122,454.94,438.6234382064774
9730,452.502,438.6093333333334,454.84000000000003,438.1047816183317
9740,452.54,438.0966666666667,454.74,437.586125030186
9750,452.57800000000003,437.584,454.64,437.0674684420403
9760,452.61600000000004,437.07133333333337,454.54,436.5488118538946
9770,452.654,436.5586666666667,454.44,436.0301552657489
9780,452.692,436.04600000000005,454.34000000000003,435.5114986776032
9790,452.73,435.53333333333336,454.24,434.9928420894575
9800,452.76800000000003,435.02066666666667,454.14,434.4741855013118
9810,452.80600000000004,434.50800000000004,454.04,433.9555289131661
9820,452.844,433.99533333333335,453.94,433.4368723250204
9830,452.882,433.4826666666667,453.84000000000003,432.9182157368747
9840,452.92,432.97,453.74,432.399559148729
9850,452.952,432.36466666666666,453.62333333333333,431.78609869603406
9860,452.98400000000004,431.75933333333336,453.50666666666666,431.1726382433391
9870,453.016,431.154,453.39,430.5591777906442
9880,453.048,430.5486666666667,453.27333333333337,429.9457173379492
9890,453.08,429.9433333333333,453.1566666666667,429.33225688525425
9900,453.112,429.338,453.04,428.7187964325593
9910,453.144,428.73266666666666,452.92333333333335,428.1053359798644
9920,453.176,428.12733333333335,452.8066666666667,427.49187552716944
9930,453.20799999999997,427.522,452.69,426.8784150744745
9940,453.24,426.9166666666667,452.5733333333333,426.26495462177957
9950,453.272,426.3113333333333,452.45666666666665,425.65149416908463
9960,453.304,425.706,452.34000000000003,425.03803371638963
9970,453.33599999999996,425.10066666666665,452.22333333333336,424.4245732636947
9980,453.368,424.49533333333335,452.1066666666667,423.81111281099976
9990,453.4,423.89,451.99,423.1976523583048
10000,453.426,423.03666666666663,451.844,422.3264015135595
10010,453.452,422.18333333333334,451.69800000000004,421.45515066881416
10020,453.478,421.33,451.552,420.58389982406885
10030,453.50399999999996,420.47666666666663,451.406,419.71264897932355
10040,453.53,419.62333333333333,451.26,418.84139813457824
10050,453.556,418.77,451.11400000000003,417.9701472898329
10060,453.582,417.91666666666663,450.968,417.0988964450876
10070,453.608,417.06333333333333,450.822,416.22764560034227
10080,453.634,416.21,450.676,415.35639475559697
10090,453.66,415.3566666666666,450.53000000000003,414.4851439108516
10100,453.68600000000004,414.50333333333333,450.384,413.6138930661063
10110,453.712,413.65,450.238,412.742642221361
10120,453.738,412.7966666666666,450.092,411.8713913766157
10130,453.764,411.9433333333333,449.946,411.00014053187033
10140,453.79,411.09,449.8,410.128889687125
10150,453.80933333333337,410.58,449.6426666666667,409.64269806185666
10160,453.82866666666666,410.07,449.48533333333336,409.15650643658824
10170,453.848,409.56,449.32800000000003,408.6703148113199
10180,453.86733333333336,409.04999999999995,449.17066666666665,408.18412318605147
10190,453.88666666666666,408.53999999999996,449.0133333333333,407.6979315607831
10200,453.906,408.03,448.856,407.21173993551474
10210,453.92533333333336,407.52,448.69866666666667,406.7255483102463
10220,453.94466666666665,407.01,448.54133333333334,406.23935668497796
10230,453.964,406.5,448.384,405.75316505970954
10240,453.98333333333335,405.99,448.2266666666667,405.2669734344412
10250,454.00266666666664,405.48,448.06933333333336,404.7807818091728
10260,454.022,404.96999999999997,447.912,404.2945901839044
10270,454.04133333333334,404.46,447.75466666666665,403.80839855863604
10280,454.06066666666663,403.95,447.5973333333333,403.3222069333676
10290,454.08,403.44,447.44,402.83601530809926
10300,454.0933333333333,403.962,447.38733333333334,403.3777325138351
10310,454.1066666666666,404.484,447.33466666666664,403.919449719571
10320,454.12,405.006,447.282,404.4611669253068
10330,454.1333333333333,405.528,447.22933333333333,405.00288413104266
10340,454.14666666666665,406.05,447.1766666666667,405.5446013367785
10350,454.15999999999997,406.572,447.12399999999997,406.0863185425144
10360,454.1733333333333,407.094,447.0713333333333,406.6280357482502
10370,454.18666666666667,407.616,447.01866666666666,407.16975295398606
10380,454.2,408.138,446.966,407.7114701597219
10390,454.2133333333333,408.65999999999997,446.9133333333333,408.2531873654578
10400,454.22666666666663,409.18199999999996,446.86066666666665,408.7949045711936
10410,454.23999999999995,409.704,446.808,409.33662177692946
10420,454.25333333333333,410.226,446.75533333333334,409.8783389826653
10430,454.26666666666665,410.748,446.70266666666663,410.4200561884012
10440,454.28,411.27,446.65,410.961773394137
10450,454.28666666666663,411.328,446.604,411.01320052299775
10460,454.2933333333333,411.38599999999997,446.558,411.06462765185853
10470,454.29999999999995,411.44399999999996,446.512,411.11605478071925
10480,454.3066666666667,411.502,446.46599999999995,411.16748190958003
10490,454.31333333333333,411.56,446.41999999999996,411.21890903844076
10500,454.32,411.618,446.37399999999997,411.27033616730154
10510,454.32666666666665,411.676,446.328,411.32176329616226
10520,454.3333333333333,411.734,446.282,411.37319042502304
10530,454.34,411.792,446.236,411.42461755388376
10540,454.34666666666664,411.84999999999997,446.19,411.47604468274454
10550,454.3533333333333,411.90799999999996,446.144,411.52747181160527
10560,454.36,411.966,446.09799999999996,411.57889894046605
10570,454.3666666666667,412.024,446.05199999999996,411.63032606932677
10580,454.37333333333333,412.082,446.006,411.68175319818755
10590,454.38,412.14,445.96,411.7331803270483
10600,454.38,412.094,445.91066666666666,411.68472566658215
10610,454.38,412.048,445.86133333333333,411.63627100611603
10620,454.38,412.002,445.812,411.5878163456499
10630,454.38,411.95599999999996,445.76266666666663,411.5393616851838
10640,454.38,411.90999999999997,445.7133333333333,411.49090702471767
10650,454.38,411.864,445.664,411.44245236425155
10660,454.38,411.818,445.61466666666666,411.39399770378543
10670,454.38,411.772,445.56533333333334,411.3455430433193
10680,454.38,411.726,445.516,411.2970883828532
10690,454.38,411.68,445.4666666666667,411.24863372238707
10700,454.38,411.634,445.4173333333334,411.20017906192095
10710,454.38,411.58799999999997,445.368,411.1517244014548
10720,454.38,411.542,445.3186666666667,411.1032697409887
10730,454.38,411.496,445.26933333333335,411.0548150805226
10740,454.38,411.45,445.22,411.00636042005647
10750,454.37266666666665,411.236,445.1586666666667,410.78296627094335
10760,454.36533333333335,411.022,445.0973333333334,410.55957212183023
10770,454.358,410.808,445.036,410.3361779727171
10780,454.35066666666665,410.594,444.9746666666667,410.112783823604
10790,454.3433333333333,410.38,444.91333333333336,409.8893896744909
10800,454.336,410.166,444.85200000000003,409.66599552537775
10810,454.32866666666666,409.952,444.7906666666667,409.44260137626463
10820,454.3213333333333,409.738,444.72933333333333,409.2192072271515
10830,454.31399999999996,409.524,444.668,408.9958130780384
10840,454.3066666666667,409.31,444.6066666666667,408.7724189289253
10850,454.2993333333333,409.096,444.54533333333336,408.54902477981216
10860,454.292,408.882,444.48400000000004,408.32563063069904
10870,454.2846666666666,408.668,444.42266666666666,408.1022364815859
10880,454.27733333333333,408.454,444.36133333333333,407.8788423324728
10890,454.27,408.24,444.3,407.6554481833597
10900,454.2573333333333,407.774,444.20733333333334,407.1820568462794
10910,454.24466666666666,407.308,444.11466666666666,406.7086655091992
10920,454.23199999999997,406.842,444.022,406.2352741721189
10930,454.21933333333334,406.37600000000003,443.9293333333334,405.7618828350387
10940,454.20666666666665,405.91,443.8366666666667,405.28849149795843
10950,454.19399999999996,405.444,443.744,404.8151001608782
10960,454.1813333333333,404.978,443.65133333333335,404.34170882379794
10970,454.16866666666664,404.512,443.5586666666667,403.86831748671773
10980,454.156,404.046,443.466,403.39492614963746
10990,454.1433333333333,403.58,443.37333333333333,402.92153481255724
11000,454.1306666666666,403.114,443.28066666666666,402.44814347547697
11010,454.118,402.648,443.18800000000005,401.97475213839675
11020,454.1053333333333,402.182,443.0953333333334,401.5013608013165
11030,454.0926666666667,401.716,443.0026666666667,401.02796946423626
11040,454.08,401.25,442.91,400.554578127156
11050,454.062,401.448,442.85533333333336,400.77267020988086
11060,454.044,401.646,442.8006666666667,400.9907622926057
11070,454.026,401.844,442.74600000000004,401.20885437533053
11080,454.008,402.04200000000003,442.6913333333333,401.4269464580554
11090,453.99,402.24,442.63666666666666,401.64503854078026
11100,453.972,402.438,442.582,401.8631306235051
11110,453.954,402.636,442.52733333333333,402.08122270623
11120,453.936,402.834,442.47266666666667,402.2993147889548
11130,453.918,403.03200000000004,442.418,402.51740687167967
11140,453.9,403.23,442.36333333333334,402.73549895440453
11150,453.882,403.428,442.3086666666667,402.9535910371294
11160,453.864,403.62600000000003,442.25399999999996,403.17168311985426
11170,453.846,403.824,442.1993333333333,403.3897752025791
11180,453.828,404.02200000000005,442.14466666666664,403.60786728530394
11190,453.81,404.22,442.09,403.8259593680288
11200,453.788,404.4286666666667,442.06066666666663,404.03998990682476
11210,453.766,404.63733333333334,442.0313333333333,404.25402044562077
11220,453.744,404.846,442.00199999999995,404.4680509844167
11230,453.722,405.0546666666667,441.97266666666667,404.68208152321273
11240,453.7,405.2633333333334,441.9433333333333,404.8961120620087
11250,453.678,405.47200000000004,441.914,405.1101426008047
11260,453.656,405.6806666666667,441.88466666666665,405.32417313960065
11270,453.634,405.88933333333335,441.8553333333333,405.53820367839666
11280,453.612,406.098,441.82599999999996,405.7522342171926
11290,453.59000000000003,406.3066666666667,441.7966666666666,405.9662647559886
11300,453.56800000000004,406.51533333333333,441.7673333333333,406.18029529478457
11310,453.546,406.72400000000005,441.738,406.3943258335806
11320,453.524,406.9326666666667,441.70866666666666,406.60835637237653
11330,453.502,407.14133333333336,441.6793333333333,406.82238691117254
11340,453.48,407.35,441.65,407.0364174499685
11350,453.4546666666667,407.49733333333336,441.6293333333333,407.1832048690775
11360,453.4293333333334,407.6446666666667,441.60866666666664,407.3299922881864
11370,453.404,407.79200000000003,441.58799999999997,407.4767797072954
11380,453.3786666666667,407.93933333333337,441.5673333333333,407.62356712640434
11390,453.35333333333335,408.0866666666667,441.5466666666666,407.7703545455133
11400,453.32800000000003,408.23400000000004,441.52599999999995,407.9171419646223
11410,453.3026666666667,408.3813333333334,441.5053333333333,408.06392938373125
11420,453.27733333333333,408.52866666666665,441.48466666666667,408.21071680284024
11430,453.252,408.676,441.464,408.35750422194917
11440,453.2266666666667,408.8233333333333,441.4433333333333,408.50429164105816
11450,453.20133333333337,408.97066666666666,441.42266666666666,408.65107906016715
11460,453.17600000000004,409.118,441.402,408.7978664792761
11470,453.15066666666667,409.26533333333333,441.3813333333333,408.94465389838507
11480,453.12533333333334,409.41266666666667,441.36066666666665,409.091441317494
11490,453.1,409.56,441.34,409.238228736603
11500,453.07133333333337,409.57666666666665,441.31266666666664,409.2545914602668
11510,453.04266666666666,409.59333333333336,441.2853333333333,409.2709541839306
11520,453.014,409.61,441.258,409.2873169075944
11530,452.98533333333336,409.62666666666667,441.23066666666665,409.3036796312582
11540,452.9566666666667,409.6433333333333,441.2033333333333,409.320042354922
11550,452.928,409.66,441.176,409.3364050785858
11560,452.89933333333335,409.6766666666667,441.14866666666666,409.3527678022496
11570,452.8706666666667,409.6933333333333,441.1213333333333,409.36913052591336
11580,452.84200000000004,409.71,441.094,409.38549324957717
11590,452.81333333333333,409.7266666666667,441.06666666666666,409.40185597324097
11600,452.7846666666667,409.74333333333334,441.03933333333333,409.4182186969048
11610,452.75600000000003,409.76,441.012,409.4345814205686
11620,452.7273333333334,409.77666666666664,440.98466666666667,409.4509441442324
11630,452.69866666666667,409.79333333333335,440.95733333333334,409.4673068678962
11640,452.67,409.81,440.93,409.48366959156
11650,452.63933333333335,409.494,440.87533333333334,409.15526620791394
11660,452.6086666666667,409.178,440.8206666666667,408.8268628242679
11670,452.57800000000003,408.862,440.766,408.49845944062184
11680,452.5473333333333,408.546,440.71133333333336,408.1700560569758
11690,452.51666666666665,408.23,440.6566666666667,407.84165267332975
11700,452.486,407.914,440.60200000000003,407.5132492896837
11710,452.45533333333333,407.598,440.54733333333337,407.18484590603765
11720,452.42466666666667,407.282,440.49266666666665,406.8564425223916
11730,452.394,406.966,440.438,406.52803913874556
11740,452.36333333333334,406.65,440.3833333333333,406.1996357550995
11750,452.3326666666667,406.334,440.32866666666666,405.87123237145346
11760,452.30199999999996,406.018,440.274,405.5428289878074
11770,452.2713333333333,405.702,440.21933333333334,405.21442560416136
11780,452.24066666666664,405.38599999999997,440.1646666666667,404.8860222205153
11790,452.21,405.07,440.11,404.55761883686927
11800,452.1766666666666,404.9733333333333,440.05400000000003,404.46755469546775
11810,452.1433333333333,404.87666666666667,439.998,404.37749055406624
11820,452.10999999999996,404.78,439.942,404.28742641266473
11830,452.07666666666665,404.68333333333334,439.886,404.1973622712632
11840,452.0433333333333,404.58666666666664,439.83,404.1072981298617
11850,452.01,404.49,439.774,404.0172339884602
11860,451.97666666666663,404.3933333333333,439.718,403.9271698470587
11870,451.9433333333333,404.2966666666667,439.662,403.8371057056571
11880,451.90999999999997,404.2,439.606,403.7470415642556
11890,451.87666666666667,404.10333333333335,439.55,403.6569774228541
11900,451.8433333333333,404.00666666666666,439.49399999999997,403.56691328145257
11910,451.81,403.91,439.438,403.47684914005106
11920,451.77666666666664,403.81333333333333,439.382,403.38678499864955
11930,451.74333333333334,403.7166666666667,439.32599999999996,403.29672085724803
11940,451.71,403.62,439.27,403.2066567158465
11950,451.676,403.71933333333334,439.2333333333333,403.3135885961937
11960,451.642,403.8186666666667,439.19666666666666,403.42052047654084
11970,451.608,403.918,439.15999999999997,403.52745235688803
11980,451.57399999999996,404.01733333333334,439.12333333333333,403.63438423723517
11990,451.53999999999996,404.1166666666667,439.08666666666664,403.74131611758236
12000,451.506,404.216,439.05,403.8482479979295
12010,451.472,404.31533333333334,439.0133333333333,403.9551798782767
12020,451.438,404.4146666666667,438.9766666666667,404.0621117586238
12030,451.404,404.514,438.94,404.169043638971
12040,451.37,404.61333333333334,438.90333333333336,404.27597551931814
12050,451.336,404.7126666666667,438.8666666666667,404.3829073996653
12060,451.30199999999996,404.812,438.83000000000004,404.48983928001246
12070,451.268,404.91133333333335,438.79333333333335,404.59677116035965
12080,451.234,405.0106666666667,438.7566666666667,404.7037030407068
12090,451.2,405.11,438.72,404.810634921054
12100,451.1646666666667,405.3666666666667,438.708,405.073219602654
12110,451.1293333333333,405.62333333333333,438.696,405.335804284254
12120,451.094,405.88,438.684,405.598388965854
12130,451.0586666666667,406.13666666666666,438.672,405.860973647454
12140,451.0233333333333,406.3933333333333,438.66,406.123558329054
12150,450.988,406.65,438.648,406.386143010654
12160,450.9526666666667,406.90666666666664,438.636,406.648727692254
12170,450.9173333333333,407.16333333333336,438.624,406.911312373854
12180,450.882,407.42,438.612,407.173897055454
12190,450.8466666666667,407.6766666666667,438.6,407.436481737054
12200,450.8113333333333,407.93333333333334,438.588,407.699066418654
12210,450.776,408.19,438.576,407.961651100254
12220,450.7406666666667,408.44666666666666,438.564,408.224235781854
12230,450.70533333333333,408.7033333333333,438.552,408.486820463454
12240,450.67,408.96,438.54,408.749405145054
12250,450.634,408.8433333333333,438.51,408.6223048163238
12260,450.598,408.72666666666663,438.48,408.4952044875935
12270,450.562,408.60999999999996,438.45,408.3681041588633
12280,450.526,408.49333333333334,438.42,408.241003830133
12290,450.49,408.37666666666667,438.39,408.1139035014028
12300,450.454,408.26,438.36,407.9868031726725
12310,450.418,408.1433333333333,438.33,407.8597028439423
12320,450.382,408.02666666666664,438.3,407.732602515212
12330,450.346,407.90999999999997,438.27,407.6055021864818
12340,450.31,407.7933333333333,438.24,407.4784018577515
12350,450.274,407.6766666666666,438.21,407.35130152902127
12360,450.238,407.56,438.18,407.224201200291
12370,450.202,407.4433333333333,438.15,407.09710087156077
12380,450.166,407.32666666666665,438.12,406.9700005428305
12390,450.13,407.21,438.09,406.84290021410027
12400,450.0933333333333,407.226,438.0593333333333,406.8638972643311
12410,450.0566666666667,407.24199999999996,438.02866666666665,406.88489431456196
12420,450.02,407.258,437.998,406.9058913647928
12430,449.98333333333335,407.274,437.96733333333333,406.92688841502365
12440,449.94666666666666,407.28999999999996,437.93666666666667,406.9478854652545
12450,449.90999999999997,407.306,437.906,406.96888251548535
12460,449.87333333333333,407.322,437.87533333333334,406.9898795657162
12470,449.83666666666664,407.33799999999997,437.8446666666666,407.01087661594704
12480,449.8,407.354,437.81399999999996,407.0318736661779
12490,449.7633333333333,407.37,437.7833333333333,407.05287071640873
12500,449.72666666666663,407.38599999999997,437.75266666666664,407.0738677666396
12510,449.69,407.402,437.722,407.0948648168704
12520,449.6533333333333,407.418,437.6913333333333,407.1158618671013
12530,449.6166666666667,407.43399999999997,437.66066666666666,407.1368589173321
12540,449.58,407.45,437.63,407.15785596756297
12550,449.5433333333333,407.43533333333335,437.6046666666667,407.13731097336483
12560,449.50666666666666,407.42066666666665,437.57933333333335,407.1167659791667
12570,449.46999999999997,407.406,437.554,407.0962209849685
12580,449.43333333333334,407.3913333333333,437.52866666666665,407.0756759907704
12590,449.39666666666665,407.37666666666667,437.50333333333333,407.05513099657225
12600,449.35999999999996,407.362,437.478,407.0345860023741
12610,449.3233333333333,407.3473333333333,437.4526666666667,407.014041008176
12620,449.28666666666663,407.3326666666667,437.4273333333333,406.9934960139778
12630,449.25,407.318,437.402,406.97295101977966
12640,449.2133333333333,407.30333333333334,437.37666666666667,406.9524060255815
12650,449.1766666666666,407.2886666666667,437.35133333333334,406.9318610313834
12660,449.14,407.274,437.326,406.91131603718526
12670,449.1033333333333,407.25933333333336,437.30066666666664,406.89077104298707
12680,449.06666666666666,407.24466666666666,437.2753333333333,406.87022604878894
12690,449.03,407.23,437.25,406.8496810545908
12700,448.99266666666665,406.98333333333335,437.2,406.59795459257356
12710,448.95533333333333,406.7366666666667,437.15,406.3462281305563
12720,448.918,406.49,437.1,406.09450166853907
12730,448.8806666666666,406.24333333333334,437.05,405.84277520652176
12740,448.8433333333333,405.99666666666667,437.0,405.5910487445045
12750,448.806,405.75,436.95,405.3393222824873
12760,448.76866666666666,405.50333333333333,436.9,405.08759582047
12770,448.73133333333334,405.25666666666666,436.85,404.8358693584528
12780,448.694,405.01,436.8,404.58414289643554
12790,448.6566666666667,404.7633333333333,436.75,404.3324164344183
12800,448.6193333333334,404.51666666666665,436.7,404.08068997240105
12810,448.582,404.27,436.65,403.82896351038374
12820,448.54466666666667,404.0233333333333,436.6,403.5772370483665
12830,448.50733333333335,403.77666666666664,436.55,403.32551058634925
12840,448.47,403.53,436.5,403.073784124332
12850,448.43333333333334,403.4866666666666,436.45533333333333,403.0352253585393
12860,448.3966666666667,403.4433333333333,436.41066666666666,402.9966665927466
12870,448.36,403.4,436.366,402.9581078269539
12880,448.3233333333334,403.3566666666666,436.3213333333333,402.9195490611612
12890,448.2866666666667,403.31333333333333,436.27666666666664,402.8809902953685
12900,448.25,403.27,436.23199999999997,402.8424315295758
12910,448.21333333333337,403.22666666666663,436.1873333333333,402.8038727637831
12920,448.1766666666667,403.18333333333334,436.1426666666667,402.7653139979904
12930,448.14000000000004,403.14,436.098,402.7267552321977
12940,448.10333333333335,403.09666666666664,436.05333333333334,402.688196466405
12950,448.06666666666666,403.05333333333334,436.00866666666667,402.6496377006123
12960,448.03000000000003,403.01,435.964,402.6110789348196
12970,447.99333333333334,402.96666666666664,435.9193333333333,402.5725201690269
12980,447.9566666666667,402.92333333333335,435.87466666666666,402.5339614032342
12990,447.92,402.88,435.83,402.4954026374415
13000,447.8826666666667,403.13533333333334,435.81,402.7653082223636
13010,447.8453333333334,403.3906666666667,435.78999999999996,403.03521380728574
13020,447.808,403.646,435.77,403.30511939220787
13030,447.77066666666667,403.9013333333333,435.75,403.57502497713006
13040,447.73333333333335,404.15666666666664,435.72999999999996,403.8449305620522
13050,447.696,404.412,435.71,404.1148361469743
13060,447.6586666666667,404.6673333333333,435.69,404.38474173189644
13070,447.6213333333333,404.92266666666666,435.66999999999996,404.65464731681857
13080,447.584,405.178,435.65,404.9245529017407
13090,447.5466666666667,405.43333333333334,435.63,405.1944584866628
13100,447.50933333333336,405.6886666666667,435.60999999999996,405.46436407158495
13110,447.47200000000004,405.94399999999996,435.59,405.73426965650714
13120,447.43466666666666,406.1993333333333,435.57,406.00417524142927
13130,447.39733333333334,406.45466666666664,435.54999999999995,406.2740808263514
13140,447.36,406.71,435.53,406.5439864112735
13150,447.324,406.98199999999997,435.536,406.8131552126114
13160,447.288,407.25399999999996,435.542,407.08232401394923
13170,447.252,407.526,435.548,407.3514928152871
13180,447.216,407.798,435.554,407.62066161662494
13190,447.18,408.07,435.56,407.8898304179628
13200,447.144,408.342,435.566,408.15899921930065
13210,447.108,408.614,435.572,408.4281680206385
13220,447.072,408.886,435.578,408.6973368219763
13230,447.036,409.158,435.584,408.96650562331416
13240,447.0,409.43,435.59,409.235674424652
13250,446.964,409.702,435.596,409.5048432259899
13260,446.928,409.974,435.602,409.77401202732773
13270,446.892,410.24600000000004,435.608,410.0431808286656
13280,446.856,410.51800000000003,435.614,410.31234963000344
13290,446.82,410.79,435.62,410.5815184313413
13300,446.7833333333333,410.752,435.604,410.54074931479573
13310,446.74666666666667,410.714,435.588,410.49998019825017
13320,446.71,410.67600000000004,435.572,410.4592110817046
13330,446.67333333333335,410.63800000000003,435.556,410.4184419651591
13340,446.63666666666666,410.6,435.54,410.37767284861354
13350,446.59999999999997,410.562,435.524,410.336903732068
13360,446.56333333333333,410.524,435.508,410.2961346155224
13370,446.52666666666664,410.48600000000005,435.492,410.25536549897686
13380,446.49,410.44800000000004,435.476,410.2145963824313
13390,446.4533333333333,410.41,435.46,410.17382726588573
13400,446.41666666666663,410.372,435.444,410.1330581493402
13410,446.38,410.334,435.428,410.09228903279467
13420,446.3433333333333,410.29600000000005,435.412,410.0515199162491
13430,446.3066666666667,410.25800000000004,435.396,410.01075079970354
13440,446.27,410.22,435.38,409.969981683158
13450,446.2333333333333,410.3246666666667,435.3693333333333,410.07889347652696
13460,446.19666666666666,410.4293333333334,435.3586666666667,410.187805269896
13470,446.15999999999997,410.53400000000005,435.348,410.29671706326496
13480,446.12333333333333,410.63866666666667,435.33733333333333,410.405628856634
13490,446.08666666666664,410.74333333333334,435.32666666666665,410.51454065000297
13500,446.05,410.848,435.31600000000003,410.623452443372
13510,446.0133333333333,410.9526666666667,435.30533333333335,410.732364236741
13520,445.9766666666667,411.05733333333336,435.29466666666667,410.84127603011
13530,445.94,411.16200000000003,435.284,410.950187823479
13540,445.90333333333336,411.2666666666667,435.27333333333337,411.059099616848
13550,445.8666666666667,411.3713333333334,435.2626666666667,411.168011410217
13560,445.83000000000004,411.476,435.252,411.276923203586
13570,445.79333333333335,411.5806666666667,435.24133333333333,411.385834996955
13580,445.7566666666667,411.68533333333335,435.2306666666667,411.49474679032403
13590,445.72,411.79,435.22,411.603658583693
13600,445.684,411.4866666666667,435.18600000000004,411.281773788668
13610,445.648,411.18333333333334,435.15200000000004,410.95988899364295
13620,445.612,410.88,435.118,410.6380041986179
13630,445.576,410.5766666666667,435.084,410.3161194035929
13640,445.54,410.27333333333337,435.05,409.99423460856787
13650,445.504,409.97,435.016,409.67234981354284
13660,445.468,409.6666666666667,434.982,409.3504650185178
13670,445.432,409.36333333333334,434.948,409.0285802234927
13680,445.396,409.06,434.914,408.7066954284677
13690,445.36,408.75666666666666,434.88,408.38481063344267
13700,445.324,408.4533333333333,434.846,408.06292583841764
13710,445.288,408.15000000000003,434.812,407.7410410433926
13720,445.252,407.8466666666667,434.77799999999996,407.4191562483676
13730,445.216,407.54333333333335,434.74399999999997,407.09727145334256
13740,445.18,407.24,434.71,406.77538665831753
13750,445.1446666666667,406.894,434.642,406.4333046289481
13760,445.1093333333333,406.548,434.57399999999996,406.09122259957866
13770,445.074,406.202,434.506,405.74914057020925
13780,445.03866666666664,405.856,434.438,405.40705854083984
13790,445.00333333333333,405.51,434.37,405.06497651147043
13800,444.968,405.164,434.30199999999996,404.72289448210097
13810,444.93266666666665,404.818,434.234,404.38081245273156
13820,444.89733333333334,404.47200000000004,434.166,404.03873042336215
13830,444.86199999999997,404.12600000000003,434.098,403.69664839399275
13840,444.82666666666665,403.78000000000003,434.03,403.3545663646233
13850,444.79133333333334,403.434,433.962,403.0124843352539
13860,444.756,403.088,433.894,402.67040230588447
13870,444.72066666666666,402.742,433.826,402.32832027651506
13880,444.6853333333333,402.396,433.758,401.9862382471456
13890,444.65,402.05,433.69,401.6441562177762
13900,444.6153333333333,402.094,433.65066666666667,401.692476308112
13910,444.5806666666667,402.13800000000003,433.61133333333333,401.7407963984479
13920,444.546,402.182,433.572,401.78911648878375
13930,444.5113333333333,402.226,433.53266666666667,401.8374365791196
13940,444.47666666666663,402.27,433.49333333333334,401.8857566694555
13950,444.442,402.314,433.454,401.9340767597913
13960,444.4073333333333,402.358,433.4146666666667,401.98239685012715
13970,444.37266666666665,402.402,433.37533333333334,402.03071694046304
13980,444.33799999999997,402.44599999999997,433.336,402.0790370307989
13990,444.30333333333334,402.49,433.2966666666667,402.1273571211347
14000,444.26866666666666,402.534,433.25733333333335,402.1756772114706
14010,444.234,402.578,433.218,402.22399730180643
14020,444.1993333333333,402.62199999999996,433.1786666666667,402.27231739214227
14030,444.1646666666667,402.666,433.13933333333335,402.32063748247816
14040,444.13,402.71,433.1,402.368957572814
14050,444.096,402.6573333333333,433.0613333333334,402.3149216277479
14060,444.062,402.6046666666667,433.0226666666667,402.2608856826818
14070,444.028,402.55199999999996,432.98400000000004,402.2068497376157
14080,443.99399999999997,402.4993333333333,432.94533333333334,402.1528137925496
14090,443.96,402.44666666666666,432.9066666666667,402.0987778474835
14100,443.926,402.394,432.868,402.0447419024174
14110,443.892,402.34133333333335,432.82933333333335,401.9907059573513
14120,443.858,402.28866666666664,432.79066666666665,401.9366700122852
14130,443.824,402.236,432.752,401.8826340672191
14140,443.79,402.18333333333334,432.7133333333333,401.828598122153
14150,443.75600000000003,402.1306666666667,432.67466666666667,401.7745621770869
14160,443.722,402.07800000000003,432.63599999999997,401.7205262320208
14170,443.688,402.0253333333333,432.5973333333333,401.6664902869547
14180,443.654,401.97266666666667,432.5586666666666,401.6124543418886
14190,443.62,401.92,432.52,401.5584183968225
14200,443.58666666666664,402.062,432.49399999999997,401.7096961069176
14210,443.55333333333334,402.204,432.46799999999996,401.8609738170126
14220,443.52,402.346,432.442,402.0122515271077
14230,443.4866666666667,402.488,432.416,402.1635292372028
14240,443.4533333333333,402.63,432.39,402.3148069472978
14250,443.42,402.772,432.364,402.4660846573929
14260,443.38666666666666,402.914,432.33799999999997,402.617362367488
14270,443.35333333333335,403.05600000000004,432.312,402.76864007758303
14280,443.32,403.19800000000004,432.286,402.9199177876781
14290,443.2866666666667,403.34000000000003,432.26,403.0711954977732
14300,443.25333333333333,403.482,432.234,403.22247320786823
14310,443.22,403.624,432.20799999999997,403.3737509179633
14320,443.18666666666667,403.766,432.182,403.5250286280584
14330,443.15333333333336,403.908,432.156,403.67630633815344
14340,443.12,404.05,432.13,403.8275840482485
14350,443.08666666666664,404.16066666666666,432.1193333333333,403.93262807121715
14360,443.05333333333334,404.27133333333336,432.1086666666667,404.0376720941857
14370,443.02,404.382,432.098,404.14271611715435
14380,442.9866666666667,404.49266666666665,432.08733333333333,404.2477601401229
14390,442.9533333333333,404.60333333333335,432.07666666666665,404.35280416309155
14400,442.92,404.714,432.06600000000003,404.4578481860602
14410,442.88666666666666,404.82466666666664,432.05533333333335,404.56289220902875
14420,442.85333333333335,404.93533333333335,432.04466666666667,404.6679362319974
14430,442.82,405.046,432.034,404.77298025496594
14440,442.7866666666667,405.15666666666664,432.02333333333337,404.87802427793457
14450,442.75333333333333,405.26733333333334,432.0126666666667,404.9830683009032
14460,442.72,405.378,432.002,405.08811232387177
14470,442.68666666666667,405.48866666666663,431.99133333333333,405.1931563468404
14480,442.65333333333336,405.59933333333333,431.9806666666667,405.29820036980897
14490,442.62,405.71,431.97,405.4032443927776
14500,442.58733333333333,405.522,431.932,405.2105073863321
14510,442.55466666666666,405.334,431.894,405.0177703798866
14520,442.522,405.14599999999996,431.856,404.8250333734411
14530,442.4893333333333,404.95799999999997,431.81800000000004,404.63229636699555
14540,442.45666666666665,404.77,431.78000000000003,404.43955936055005
14550,442.424,404.582,431.742,404.24682235410455
14560,442.3913333333333,404.394,431.704,404.05408534765905
14570,442.3586666666667,404.20599999999996,431.666,403.86134834121356
14580,442.326,404.018,431.628,403.66861133476806
14590,442.29333333333335,403.83,431.59,403.47587432832256
14600,442.2606666666667,403.642,431.55199999999996,403.28313732187706
14610,442.228,403.454,431.514,403.0904003154315
14620,442.19533333333334,403.26599999999996,431.476,402.897663308986
14630,442.16266666666667,403.078,431.438,402.7049263025405
14640,442.13,402.89,431.4,402.512189296095
14650,442.09666666666664,403.32533333333333,431.4026666666666,402.9689093542554
14660,442.06333333333333,403.7606666666667,431.4053333333333,403.42562941241584
14670,442.03,404.19599999999997,431.40799999999996,403.88234947057623
14680,441.99666666666667,404.6313333333333,431.41066666666666,404.3390695287366
14690,441.9633333333333,405.06666666666666,431.4133333333333,404.795789586897
14700,441.93,405.502,431.416,405.25250964505744
14710,441.89666666666665,405.93733333333336,431.41866666666664,405.70922970321783
14720,441.86333333333334,406.37266666666665,431.42133333333334,406.1659497613782
14730,441.83,406.808,431.424,406.6226698195386
14740,441.7966666666667,407.24333333333334,431.4266666666667,407.07938987769904
14750,441.7633333333333,407.6786666666667,431.4293333333333,407.53610993585943
14760,441.73,408.11400000000003,431.432,407.9928299940198
14770,441.69666666666666,408.5493333333333,431.43466666666666,408.4495500521802
14780,441.66333333333336,408.98466666666667,431.43733333333336,408.90627011034064
14790,441.63,409.42,431.44,409.362990168501
14800,441.59666666666664,409.24933333333337,431.4273333333333,409.1699493541065
14810,441.56333333333333,409.07866666666666,431.4146666666667,408.97690853971204
14820,441.53,408.908,431.402,408.7838677253175
14830,441.49666666666667,408.73733333333337,431.38933333333335,408.59082691092306
14840,441.4633333333333,408.56666666666666,431.37666666666667,408.39778609652853
14850,441.43,408.396,431.364,408.20474528213407
14860,441.39666666666665,408.22533333333337,431.35133333333334,408.01170446773955
14870,441.36333333333334,408.05466666666666,431.33866666666665,407.8186636533451
14880,441.33,407.884,431.326,407.62562283895056
14890,441.2966666666667,407.71333333333337,431.31333333333333,407.4325820245561
14900,441.2633333333333,407.54266666666666,431.30066666666664,407.2395412101616
14910,441.23,407.372,431.288,407.0465003957671
14920,441.19666666666666,407.20133333333337,431.2753333333333,406.8534595813726
14930,441.16333333333336,407.03066666666666,431.2626666666667,406.6604187669781
14940,441.13,406.86,431.25,406.4673779525836
14950,441.0973333333333,406.502,431.1906666666667,406.11019690191983
14960,441.06466666666665,406.144,431.1313333333333,405.753015851256
14970,441.032,405.786,431.072,405.39583480059224
14980,440.9993333333333,405.428,431.0126666666667,405.03865374992847
14990,440.96666666666664,405.07,430.9533333333333,404.68147269926465
15000,440.93399999999997,404.712,430.894,404.3242916486009
15010,440.9013333333333,404.354,430.8346666666667,403.9671105979371
15020,440.8686666666667,403.99600000000004,430.7753333333333,403.6099295472733
15030,440.836,403.63800000000003,430.716,403.2527484966095
15040,440.80333333333334,403.28000000000003,430.6566666666667,402.89556744594574
15050,440.77066666666667,402.922,430.5973333333333,402.5383863952819
15060,440.738,402.564,430.538,402.18120534461815
15070,440.70533333333333,402.206,430.4786666666667,401.8240242939544
15080,440.67266666666666,401.848,430.4193333333333,401.46684324329055
15090,440.64,401.49,430.36,401.1096621926268
15100,440.6073333333333,401.452,430.3186666666667,401.0739615419793
15110,440.57466666666664,401.414,430.27733333333333,401.0382608913319
15120,440.542,401.37600000000003,430.236,401.00256024068443
15130,440.5093333333333,401.338,430.1946666666667,400.96685959003696
15140,440.47666666666663,401.3,430.15333333333336,400.93115893938955
15150,440.44399999999996,401.262,430.112,400.8954582887421
15160,440.4113333333333,401.224,430.0706666666667,400.8597576380946
15170,440.3786666666667,401.18600000000004,430.02933333333334,400.8240569874472
15180,440.346,401.148,429.988,400.7883563367997
15190,440.31333333333333,401.11,429.94666666666666,400.75265568615225
15200,440.28066666666666,401.072,429.9053333333333,400.71695503550484
15210,440.248,401.034,429.86400000000003,400.68125438485737
15220,440.2153333333333,400.99600000000004,429.8226666666667,400.6455537342099
15230,440.18266666666665,400.958,429.78133333333335,400.6098530835625
15240,440.15,400.92,429.74,400.574152432915
15250,440.1173333333333,401.2393333333333,429.73133333333334,400.90768666254235
15260,440.08466666666664,401.5586666666667,429.72266666666667,401.24122089216974
15270,440.05199999999996,401.878,429.714,401.57475512179707
15280,440.01933333333335,402.19733333333335,429.70533333333333,401.9082893514244
15290,439.9866666666667,402.51666666666665,429.69666666666666,402.24182358105173
15300,439.954,402.836,429.688,402.5753578106791
15310,439.92133333333334,403.1553333333333,429.6793333333333,402.90889204030645
15320,439.88866666666667,403.4746666666667,429.6706666666667,403.2424262699338
15330,439.856,403.794,429.66200000000003,403.5759604995611
15340,439.8233333333333,404.11333333333334,429.65333333333336,403.9094947291885
15350,439.79066666666665,404.43266666666665,429.6446666666667,404.24302895881584
15360,439.75800000000004,404.752,429.636,404.5765631884432
15370,439.72533333333337,405.0713333333333,429.62733333333335,404.9100974180705
15380,439.6926666666667,405.3906666666667,429.6186666666667,405.2436316476979
15390,439.66,405.71,429.61,405.5771658773252
15400,439.6286666666667,405.9146666666666,429.61333333333334,405.78159724880027
15410,439.5973333333334,406.1193333333333,429.6166666666667,405.98602862027525
15420,439.56600000000003,406.32399999999996,429.62,406.1904599917503
15430,439.5346666666667,406.52866666666665,429.62333333333333,406.39489136322527
15440,439.50333333333333,406.7333333333333,429.62666666666667,406.5993227347003
15450,439.47200000000004,406.938,429.63,406.80375410617535
15460,439.4406666666667,407.1426666666666,429.6333333333333,407.00818547765033
15470,439.40933333333334,407.3473333333333,429.6366666666667,407.21261684912537
15480,439.378,407.55199999999996,429.64000000000004,407.41704822060035
15490,439.3466666666667,407.75666666666666,429.6433333333334,407.6214795920754
15500,439.31533333333334,407.9613333333333,429.6466666666667,407.8259109635504
15510,439.284,408.166,429.65000000000003,408.0303423350254
15520,439.25266666666664,408.37066666666664,429.65333333333336,408.23477370650045
15530,439.22133333333335,408.57533333333333,429.6566666666667,408.43920507797543
15540,439.19,408.78,429.66,408.64363644945047
15550,439.15866666666665,408.85866666666664,429.6586666666667,408.71951581315903
15560,439.12733333333335,408.9373333333333,429.6573333333333,408.79539517686766
15570,439.096,409.01599999999996,429.656,408.8712745405762
15580,439.06466666666665,409.0946666666666,429.6546666666667,408.9471539042848
15590,439.03333333333336,409.1733333333333,429.65333333333336,409.02303326799336
15600,439.002,409.25199999999995,429.652,409.098912631702
15610,438.97066666666666,409.3306666666666,429.65066666666667,409.17479199541054
15620,438.93933333333337,409.40933333333334,429.64933333333335,409.2506713591191
15630,438.908,409.488,429.648,409.3265507228277
15640,438.87666666666667,409.56666666666666,429.64666666666665,409.4024300865363
15650,438.8453333333334,409.6453333333333,429.6453333333333,409.47830945024486
15660,438.814,409.724,429.644,409.55418881395343
15670,438.78266666666667,409.80266666666665,429.6426666666667,409.630068177662
15680,438.7513333333334,409.8813333333333,429.6413333333333,409.7059475413706
15690,438.72,409.96,429.64,409.7818269050792
15700,438.6886666666667,409.90999999999997,429.62466666666666,409.7297051114072
15710,438.6573333333334,409.85999999999996,429.6093333333333,409.6775833177353
15720,438.62600000000003,409.81,429.594,409.6254615240633
15730,438.5946666666667,409.76,429.57866666666666,409.5733397303914
15740,438.56333333333333,409.71,429.56333333333333,409.52121793671944
15750,438.53200000000004,409.65999999999997,429.548,409.4690961430475
15760,438.5006666666667,409.60999999999996,429.53266666666667,409.41697434937555
15770,438.46933333333334,409.56,429.51733333333334,409.36485255570364
15780,438.438,409.51,429.502,409.31273076203166
15790,438.4066666666667,409.46,429.4866666666667,409.26060896835975
15800,438.37533333333334,409.40999999999997,429.47133333333335,409.2084871746878
15810,438.344,409.35999999999996,429.456,409.15636538101586
15820,438.31266666666664,409.31,429.4406666666667,409.1042435873439
15830,438.28133333333335,409.26,429.42533333333336,409.052121793672
15840,438.25,409.21,429.41,409.0
