Time (s),T_outer (C),T_inner (C),T_avg (C),Input Temperature (C)
0,304.148797394718,304.148797394718,304.148797394718,304.148797394718
10,304.148797394718,304.148797394718,304.148797394718,304.148797394718
20,304.148797394718,304.148797394718,304.148797394718,304.148797394718
30,304.148797394718,304.148797394718,304.148797394718,304.148797394718
40,304.148797394718,304.148797394718,304.148797394718,304.148797394718
50,304.148797394718,304.148797394718,304.148797394718,304.148797394718
60,304.148797394718,304.148797394718,304.148797394718,304.148797394718
70,304.148797394718,304.148797394718,304.148797394718,304.148797394718
80,304.148797394718,304.148797394718,304.148797394718,304.148797394718
90,304.148797394718,304.148797394718,304.148797394718,304.148797394718
100,304.148797394718,304.148797394718,304.148797394718,304.148797394718
110,304.148797394718,304.148797394718,304.148797394718,304.148797394718
120,304.148797394718,304.148797394718,304.148797394718,304.148797394718
130,304.148797394718,304.148797394718,304.148797394718,304.148797394718
140,304.148797394718,304.148797394718,304.148797394718,304.148797394718
150,304.148797394718,304.148797394718,304.148797394718,304.148797394718
160,304.148797394718,304.148797394718,304.148797394718,304.148797394718
170,304.148797394718,304.148797394718,304.148797394718,304.148797394718
180,304.148797394718,304.148797394718,304.148797394718,304.148797394718
190,304.148797394718,304.148797394718,304.148797394718,304.148797394718
200,304.148797394718,304.148797394718,304.148797394718,304.148797394718
210,304.148797394718,304.148797394718,304.148797394718,304.148797394718
220,304.148797394718,304.148797394718,304.148797394718,304.148797394718
230,304.148797394718,304.148797394718,304.148797394718,304.148797394718
240,304.148797394718,304.148797394718,304.148797394718,304.148797394718
250,304.148797394718,304.148797394718,304.148797394718,304.148797394718
260,304.148797394718,304.148797394718,304.148797394718,304.148797394718
270,304.148797394718,304.148797394718,304.148797394718,304.148797394718
280,304.148797394718,304.148797394718,304.148797394718,304.148797394718
290,304.148797394718,304.148797394718,304.148797394718,304.148797394718
300,304.148797394718,304.148797394718,304.148797394718,304.148797394718
310,304.148797394718,304.148797394718,304.148797394718,304.148797394718
320,304.148797394718,304.148797394718,304.148797394718,304.148797394718
330,304.148797394718,304.148797394718,304.148797394718,304.148797394718
340,304.148797394718,304.148797394718,304.148797394718,304.148797394718
350,304.148797394718,304.148797394718,304.148797394718,304.148797394718
360,304.148797394718,304.148797394718,304.148797394718,304.148797394718
370,304.148797394718,304.148797394718,304.148797394718,304.148797394718
380,304.148797394718,304.148797394718,304.148797394718,304.148797394718
390,304.148797394718,304.148797394718,304.148797394718,304.148797394718
400,304.148797394718,304.148797394718,304.148797394718,304.148797394718
410,304.148797394718,304.148797394718,304.148797394718,304.148797394718
420,304.148797394718,304.148797394718,304.148797394718,304.148797394718
430,304.148797394718,304.148797394718,304.148797394718,304.148797394718
440,304.148797394718,304.148797394718,304.148797394718,304.148797394718
450,304.148797394718,304.148797394718,304.148797394718,304.148797394718
460,304.148797394718,304.148797394718,304.148797394718,304.148797394718
470,304.148797394718,304.148797394718,304.148797394718,304.148797394718
480,304.148797394718,304.148797394718,304.148797394718,304.148797394718
490,304.148797394718,304.148797394718,304.148797394718,304.148797394718
500,304.148797394718,304.148797394718,304.148797394718,304.148797394718
510,304.148797394718,304.148797394718,304.148797394718,304.148797394718
520,304.148797394718,304.148797394718,304.148797394718,304.148797394718
530,304.148797394718,304.148797394718,304.148797394718,304.148797394718
540,304.148797394718,304.148797394718,304.148797394718,304.148797394718
550,304.148797394718,304.148797394718,304.148797394718,304.148797394718
560,304.148797394718,304.148797394718,304.148797394718,304.148797394718
570,304.148797394718,304.148797394718,304.148797394718,304.148797394718
580,304.148797394718,304.148797394718,304.148797394718,304.148797394718
590,304.148797394718,304.148797394718,304.148797394718,304.148797394718
600,304.148797394718,304.148797394718,304.148797394718,304.148797394718
610,304.148797394718,304.148797394718,304.148797394718,304.148797394718
620,304.148797394718,304.148797394718,304.148797394718,304.148797394718
630,304.148797394718,304.148797394718,304.148797394718,304.148797394718
640,304.148797394718,304.148797394718,304.148797394718,304.148797394718
650,304.148797394718,304.148797394718,304.148797394718,304.148797394718
660,304.148797394718,304.148797394718,304.148797394718,304.148797394718
670,304.148797394718,304.148797394718,304.148797394718,304.148797394718
680,304.148797394718,304.148797394718,304.148797394718,304.148797394718
690,304.148797394718,304.148797394718,304.148797394718,304.148797394718
700,304.148797394718,304.148797394718,304.148797394718,304.148797394718
710,304.148797394718,304.148797394718,304.148797394718,304.148797394718
720,304.148797394718,304.148797394718,304.148797394718,304.148797394718
730,304.148797394718,304.148797394718,304.148797394718,304.148797394718
740,304.148797394718,304.148797394718,304.148797394718,304.148797394718
750,304.148797394718,304.148797394718,304.148797394718,304.148797394718
760,304.148797394718,304.148797394718,304.148797394718,304.148797394718
770,304.148797394718,304.148797394718,304.148797394718,304.148797394718
780,304.148797394718,304.148797394718,304.148797394718,304.148797394718
790,304.148797394718,304.148797394718,304.148797394718,304.148797394718
800,304.148797394718,304.148797394718,304.148797394718,304.148797394718
810,304.148797394718,304.148797394718,304.148797394718,304.148797394718
820,304.148797394718,304.148797394718,304.148797394718,304.148797394718
830,304.148797394718,304.148797394718,304.148797394718,304.148797394718
840,304.148797394718,304.148797394718,304.148797394718,304.148797394718
850,304.148797394718,304.148797394718,304.148797394718,304.148797394718
860,304.148797394718,304.148797394718,304.148797394718,304.148797394718
870,304.148797394718,304.148797394718,304.148797394718,304.148797394718
880,304.148797394718,304.148797394718,304.148797394718,304.148797394718
890,304.148797394718,304.148797394718,304.148797394718,304.148797394718
900,304.148797394718,304.148797394718,304.148797394718,304.148797394718
910,304.148797394718,304.148797394718,304.148797394718,304.148797394718
920,304.148797394718,304.148797394718,304.148797394718,304.148797394718
930,304.148797394718,304.148797394718,304.148797394718,304.148797394718
940,304.148797394718,304.148797394718,304.148797394718,304.148797394718
950,304.148797394718,304.148797394718,304.148797394718,304.148797394718
960,304.148797394718,304.148797394718,304.148797394718,304.148797394718
970,304.148797394718,304.148797394718,304.148797394718,304.148797394718
980,304.148797394718,304.148797394718,304.148797394718,304.148797394718
990,304.148797394718,304.148797394718,304.148797394718,304.148797394718
1000,304.148797394718,304.148797394718,304.148797394718,304.148797394718
1010,304.148797394718,304.148797394718,304.148797394718,304.148797394718
1020,304.148797394718,304.148797394718,304.148797394718,304.148797394718
1030,304.148797394718,304.148797394718,304.148797394718,304.148797394718
1040,304.148797394718,304.148797394718,304.148797394718,304.148797394718
1050,304.148797394718,304.148797394718,304.148797394718,304.148797394718
1060,304.148797394718,304.148797394718,304.148797394718,304.148797394718
1070,304.148797394718,304.148797394718,304.148797394718,304.148797394718
1080,304.148797394718,304.148797394718,304.148797394718,304.148797394718
1090,304.148797394718,304.148797394718,304.148797394718,304.148797394718
1100,304.148797394718,304.148797394718,304.148797394718,304.148797394718
1110,304.148797394718,304.148797394718,304.148797394718,304.148797394718
1120,304.148797394718,304.148797394718,304.148797394718,304.148797394718
1130,304.148797394718,304.148797394718,304.148797394718,304.148797394718
1140,304.148797394718,304.148797394718,304.148797394718,304.148797394718
1150,304.148797394718,304.148797394718,304.148797394718,304.148797394718
1160,304.148797394718,304.148797394718,304.148797394718,304.148797394718
1170,304.148797394718,304.148797394718,304.148797394718,304.148797394718
1180,304.148797394718,304.148797394718,304.148797394718,304.148797394718
1190,304.148797394718,304.148797394718,304.148797394718,304.148797394718
1200,304.148797394718,304.148797394718,304.148797394718,304.148797394718
1210,304.148797394718,304.148797394718,304.148797394718,304.148797394718
1220,304.148797394718,304.148797394718,304.148797394718,304.148797394718
1230,304.148797394718,304.148797394718,304.148797394718,304.148797394718
1240,304.148797394718,304.148797394718,304.148797394718,304.148797394718
1250,304.148797394718,304.148797394718,304.148797394718,304.148797394718
1260,304.148797394718,304.148797394718,304.148797394718,304.148797394718
1270,304.148797394718,304.148797394718,304.148797394718,304.148797394718
1280,304.148797394718,304.148797394718,304.148797394718,304.148797394718
1290,304.148797394718,304.148797394718,304.148797394718,304.148797394718
1300,304.148797394718,304.148797394718,304.148797394718,304.148797394718
1310,304.148797394718,304.148797394718,304.148797394718,304.148797394718
1320,304.148797394718,304.148797394718,304.148797394718,304.148797394718
1330,304.148797394718,304.148797394718,304.148797394718,304.148797394718
1340,304.148797394718,304.148797394718,304.148797394718,304.148797394718
1350,304.148797394718,304.148797394718,304.148797394718,304.148797394718
1360,304.148797394718,304.148797394718,304.148797394718,304.148797394718
1370,304.148797394718,304.148797394718,304.148797394718,304.148797394718
1380,304.148797394718,304.148797394718,304.148797394718,304.148797394718
1390,304.148797394718,304.148797394718,304.148797394718,304.148797394718
1400,304.148797394718,304.148797394718,304.148797394718,304.148797394718
1410,304.148797394718,304.148797394718,304.148797394718,304.148797394718
1420,304.148797394718,304.148797394718,304.148797394718,304.148797394718
1430,304.148797394718,304.148797394718,304.148797394718,304.148797394718
1440,304.148797394718,304.148797394718,304.148797394718,304.148797394718
1440,304.148797394718,304.148797394718,304.148797394718,304.148797394718
1450,304.14887756840346,304.41887756840345,304.1715442350701,304.4295824307643
1460,304.1489577420889,304.6889577420889,304.19429107542226,304.7103674668107
1470,304.1490379157744,304.9590379157744,304.21703791577437,304.991152502857
1480,304.1491180894598,305.22911808945986,304.23978475612654,305.2719375389034
1490,304.1491982631453,305.49919826314533,304.26253159647865,305.5527225749497
1500,304.1492784368308,305.7692784368308,304.28527843683077,305.8335076109961
1510,304.14935861051623,306.0393586105163,304.30802527718294,306.1142926470424
1520,304.1494387842017,306.3094387842017,304.33077211753505,306.3950776830888
1530,304.14951895788715,306.57951895788716,304.3535189578872,306.6758627191351
1540,304.14959913157264,306.84959913157263,304.37626579823933,306.9566477551815
1550,304.14967930525813,307.1196793052581,304.39901263859144,307.23743279122783
1560,304.14975947894357,307.3897594789436,304.4217594789436,307.5182178272742
1570,304.14983965262905,307.65983965262905,304.4445063192957,307.79900286332054
1580,304.1499198263145,307.9299198263145,304.4672531596479,308.0797878993669
1590,304.15,308.2,304.49,308.36057293541324
1600,304.15,308.394,304.522,308.55501207667385
1610,304.15,308.58799999999997,304.55400000000003,308.7494512179344
1620,304.15,308.782,304.586,308.943890359195
1630,304.15,308.976,304.618,309.1383295004556
1640,304.15,309.17,304.65000000000003,309.33276864171614
1650,304.15,309.364,304.682,309.52720778297675
1660,304.15,309.558,304.714,309.72164692423735
1670,304.15,309.752,304.74600000000004,309.9160860654979
1680,304.15,309.946,304.778,310.1105252067585
1690,304.15,310.14,304.81,310.3049643480191
1700,304.15,310.334,304.84200000000004,310.49940348927964
1710,304.15,310.528,304.874,310.69384263054025
1720,304.15,310.72200000000004,304.906,310.88828177180085
1730,304.15,310.916,304.93800000000005,311.0827209130614
1740,304.15,311.11,304.97,311.277160054322
1750,304.15,311.39,305.00866666666667,311.5683438115359
1760,304.15,311.67,305.04733333333337,311.85952756874985
1770,304.15,311.95,305.086,312.15071132596375
1780,304.15,312.23,305.1246666666667,312.44189508317766
1790,304.15,312.51,305.16333333333336,312.73307884039156
1800,304.15,312.79,305.202,313.0242625976055
1810,304.15,313.07,305.2406666666667,313.3154463548194
1820,304.15,313.35,305.27933333333334,313.6066301120333
1830,304.15,313.63,305.31800000000004,313.8978138692472
1840,304.15,313.91,305.3566666666667,314.1889976264612
1850,304.15,314.19,305.3953333333333,314.4801813836751
1860,304.15,314.47,305.434,314.771365140889
1870,304.15,314.75,305.47266666666667,315.0625488981029
1880,304.15,315.03000000000003,305.51133333333337,315.35373265531683
1890,304.15,315.31,305.55,315.64491641253073
1900,304.15,315.8713333333333,305.62733333333335,316.21593529643707
1910,304.15,316.43266666666665,305.7046666666667,316.78695418034346
1920,304.15,316.994,305.782,317.3579730642498
1930,304.15,317.55533333333335,305.8593333333333,317.9289919481561
1940,304.15,318.1166666666667,305.93666666666667,318.5000108320625
1950,304.15,318.678,306.014,319.07102971596885
1960,304.15,319.2393333333333,306.09133333333335,319.6420485998752
1970,304.15,319.8006666666667,306.16866666666664,320.2130674837816
1980,304.15,320.362,306.246,320.7840863676879
1990,304.15,320.92333333333335,306.3233333333333,321.35510525159424
2000,304.15,321.48466666666667,306.40066666666667,321.92612413550063
2010,304.15,322.046,306.478,322.49714301940696
2020,304.15,322.6073333333334,306.5553333333333,323.0681619033133
2030,304.15,323.1686666666667,306.63266666666664,323.6391807872197
2040,304.15,323.73,306.71,324.210199671126
2050,304.15066666666667,323.858,306.77066666666667,324.3283891045521
2060,304.1513333333333,323.986,306.8313333333333,324.4465785379782
2070,304.152,324.11400000000003,306.892,324.5647679714043
2080,304.1526666666667,324.242,306.95266666666663,324.6829574048304
2090,304.1533333333333,324.37,307.0133333333333,324.8011468382565
2100,304.154,324.498,307.074,324.9193362716826
2110,304.1546666666667,324.626,307.13466666666665,325.0375257051087
2120,304.1553333333333,324.754,307.19533333333334,325.15571513853484
2130,304.156,324.882,307.256,325.27390457196094
2140,304.1566666666667,325.01,307.31666666666666,325.39209400538704
2150,304.1573333333333,325.138,307.37733333333335,325.51028343881313
2160,304.158,325.26599999999996,307.438,325.62847287223923
2170,304.1586666666667,325.394,307.4986666666667,325.7466623056653
2180,304.15933333333334,325.522,307.5593333333333,325.8648517390914
2190,304.16,325.65,307.62,325.9830411725175
2200,304.16200000000003,325.948,307.68466666666666,326.2892974455012
2210,304.16400000000004,326.246,307.7493333333333,326.5955537184848
2220,304.166,326.544,307.814,326.90180999146844
2230,304.168,326.842,307.8786666666667,327.20806626445204
2240,304.17,327.14,307.9433333333333,327.5143225374357
2250,304.172,327.438,308.008,327.8205788104193
2260,304.17400000000004,327.736,308.07266666666663,328.12683508340297
2270,304.176,328.034,308.13733333333334,328.43309135638657
2280,304.178,328.332,308.202,328.73934762937023
2290,304.18,328.63,308.26666666666665,329.04560390235383
2300,304.182,328.928,308.3313333333333,329.3518601753375
2310,304.184,329.226,308.39599999999996,329.6581164483211
2320,304.186,329.524,308.46066666666667,329.96437272130476
2330,304.188,329.822,308.5253333333333,330.27062899428836
2340,304.19,330.12,308.59,330.576885267272
2350,304.1933333333333,330.49,308.67133333333334,330.95021589121006
2360,304.19666666666666,330.86,308.75266666666664,331.32354651514805
2370,304.2,331.23,308.834,331.6968771390861
2380,304.2033333333333,331.6,308.9153333333333,332.07020776302414
2390,304.20666666666665,331.97,308.99666666666667,332.4435383869622
2400,304.21,332.34000000000003,309.078,332.8168690109002
2410,304.2133333333333,332.71000000000004,309.15933333333334,333.1901996348382
2420,304.2166666666667,333.08,309.24066666666664,333.56353025877627
2430,304.22,333.45,309.322,333.9368608827143
2440,304.22333333333336,333.82,309.4033333333333,334.3101915066523
2450,304.2266666666667,334.19,309.48466666666667,334.68352213059035
2460,304.23,334.56,309.566,335.0568527545284
2470,304.23333333333335,334.93,309.64733333333334,335.43018337846644
2480,304.2366666666667,335.3,309.72866666666664,335.8035140024044
2490,304.24,335.67,309.81,336.1768446263425
2500,304.246,335.9866666666667,309.894,336.4962571126318
2510,304.252,336.30333333333334,309.978,336.8156695989211
2520,304.258,336.62,310.062,337.1350820852104
2530,304.264,336.93666666666667,310.146,337.45449457149965
2540,304.27,337.25333333333333,310.23,337.77390705778896
2550,304.276,337.57,310.314,338.09331954407827
2560,304.282,337.88666666666666,310.398,338.4127320303676
2570,304.288,338.2033333333334,310.48199999999997,338.7321445166569
2580,304.294,338.52000000000004,310.566,339.0515570029462
2590,304.3,338.8366666666667,310.65,339.3709694892355
2600,304.306,339.15333333333336,310.734,339.6903819755248
2610,304.312,339.47,310.818,340.00979446181407
2620,304.318,339.7866666666667,310.902,340.3292069481034
2630,304.324,340.10333333333335,310.986,340.6486194343927
2640,304.33,340.42,311.07,340.968031920682
2650,304.33866666666665,340.16200000000003,311.1093333333333,340.6899780530044
2660,304.3473333333333,339.904,311.14866666666666,340.4119241853268
2670,304.356,339.646,311.188,340.1338703176492
2680,304.36466666666666,339.38800000000003,311.2273333333333,339.8558164499716
2690,304.37333333333333,339.13,311.26666666666665,339.577762582294
2700,304.382,338.872,311.306,339.29970871461643
2710,304.3906666666667,338.61400000000003,311.3453333333333,339.0216548469388
2720,304.3993333333333,338.356,311.3846666666667,338.7436009792612
2730,304.40799999999996,338.098,311.42400000000004,338.4655471115836
2740,304.41666666666663,337.84000000000003,311.46333333333337,338.18749324390603
2750,304.4253333333333,337.582,311.5026666666667,337.9094393762284
2760,304.43399999999997,337.324,311.54200000000003,337.6313855085508
2770,304.44266666666664,337.06600000000003,311.58133333333336,337.3533316408732
2780,304.4513333333333,336.808,311.6206666666667,337.07527777319564
2790,304.46,336.55,311.66,336.797223905518
2800,304.4713333333333,336.526,311.68933333333337,336.77868490829184
2810,304.48266666666666,336.502,311.7186666666667,336.7601459110657
2820,304.49399999999997,336.478,311.74800000000005,336.7416069138395
2830,304.50533333333334,336.454,311.77733333333333,336.72306791661333
2840,304.51666666666665,336.43,311.8066666666667,336.7045289193872
2850,304.52799999999996,336.406,311.836,336.685989922161
2860,304.53933333333333,336.382,311.86533333333335,336.6674509249348
2870,304.55066666666664,336.358,311.8946666666667,336.6489119277087
2880,304.562,336.334,311.92400000000004,336.6303729304825
2890,304.5733333333333,336.31,311.9533333333334,336.6118339332563
2900,304.58466666666664,336.286,311.9826666666667,336.5932949360302
2910,304.596,336.262,312.012,336.574755938804
2920,304.6073333333333,336.238,312.04133333333334,336.5562169415778
2930,304.6186666666667,336.214,312.0706666666667,336.5376779443517
2940,304.63,336.19,312.1,336.5191389471255
2950,304.6453333333333,336.3446666666667,312.146,336.67922787908964
2960,304.66066666666666,336.4993333333333,312.192,336.83931681105383
2970,304.676,336.654,312.238,336.999405743018
2980,304.6913333333333,336.8086666666667,312.28400000000005,337.15949467498217
2990,304.70666666666665,336.9633333333333,312.33000000000004,337.3195836069463
3000,304.722,337.118,312.37600000000003,337.4796725389105
3010,304.7373333333333,337.2726666666667,312.422,337.63976147087465
3020,304.7526666666667,337.4273333333333,312.468,337.79985040283884
3030,304.76800000000003,337.582,312.514,337.959939334803
3040,304.78333333333336,337.7366666666667,312.56,338.1200282667672
3050,304.7986666666667,337.8913333333333,312.606,338.2801171987313
3060,304.814,338.046,312.65200000000004,338.4402061306955
3070,304.82933333333335,338.2006666666667,312.69800000000004,338.60029506265965
3080,304.8446666666667,338.3553333333333,312.744,338.76038399462385
3090,304.86,338.51,312.79,338.920472926588
3100,304.878,338.764,312.85133333333334,339.1783028464814
3110,304.896,339.018,312.91266666666667,339.4361327663748
3120,304.914,339.272,312.974,339.6939626862682
3130,304.932,339.526,313.03533333333337,339.9517926061616
3140,304.95,339.78,313.0966666666667,340.209622526055
3150,304.968,340.034,313.158,340.4674524459484
3160,304.986,340.288,313.21933333333334,340.7252823658418
3170,305.004,340.542,313.28066666666666,340.9831122857352
3180,305.022,340.796,313.342,341.2409422056286
3190,305.04,341.05,313.4033333333333,341.498772125522
3200,305.058,341.304,313.46466666666663,341.75660204541543
3210,305.076,341.558,313.526,342.0144319653088
3220,305.094,341.812,313.58733333333333,342.2722618852022
3230,305.112,342.066,313.64866666666666,342.5300918050956
3240,305.13,342.32,313.71,342.787921724989
3250,305.15133333333335,342.52733333333333,313.7753333333333,342.99640432863566
3260,305.17266666666666,342.73466666666667,313.84066666666666,343.2048869322823
3270,305.194,342.942,313.906,343.41336953592895
3280,305.2153333333333,343.14933333333335,313.9713333333333,343.62185213957565
3290,305.2366666666667,343.3566666666667,314.03666666666663,343.8303347432223
3300,305.258,343.564,314.102,344.03881734686894
3310,305.27933333333334,343.77133333333336,314.1673333333333,344.2472999505156
3320,305.30066666666664,343.97866666666664,314.23266666666666,344.4557825541622
3330,305.322,344.186,314.298,344.66426515780887
3340,305.3433333333333,344.3933333333333,314.36333333333334,344.8727477614555
3350,305.36466666666666,344.60066666666665,314.4286666666667,345.08123036510216
3360,305.38599999999997,344.808,314.49399999999997,345.28971296874886
3370,305.4073333333333,345.01533333333333,314.5593333333333,345.4981955723955
3380,305.42866666666663,345.22266666666667,314.62466666666666,345.70667817604215
3390,305.45,345.43,314.69,345.9151607796888
3400,305.4733333333333,345.7766666666667,314.768,346.26968309226766
3410,305.49666666666667,346.12333333333333,314.846,346.6242054048466
3420,305.52,346.47,314.924,346.97872771742544
3430,305.54333333333335,346.81666666666666,315.002,347.3332500300043
3440,305.56666666666666,347.16333333333336,315.08,347.6877723425832
3450,305.59,347.51,315.158,348.0422946551621
3460,305.61333333333334,347.8566666666667,315.236,348.39681696774096
3470,305.63666666666666,348.2033333333333,315.314,348.7513392803198
3480,305.66,348.55,315.392,349.1058615928987
3490,305.68333333333334,348.89666666666665,315.47,349.4603839054776
3500,305.70666666666665,349.24333333333334,315.548,349.8149062180565
3510,305.73,349.59,315.62600000000003,350.16942853063534
3520,305.75333333333333,349.93666666666667,315.704,350.5239508432142
3530,305.7766666666667,350.2833333333333,315.78200000000004,350.87847315579313
3540,305.8,350.63,315.86,351.232995468372
3550,305.82533333333333,350.88,315.94533333333334,351.4756524586562
3560,305.85066666666665,351.13,316.03066666666666,351.71830944894043
3570,305.87600000000003,351.38,316.116,351.96096643922465
3580,305.90133333333335,351.63,316.20133333333337,352.20362342950887
3590,305.9266666666667,351.88,316.2866666666667,352.4462804197931
3600,305.952,352.13,316.372,352.6889374100773
3610,305.9773333333333,352.38,316.45733333333334,352.9315944003615
3620,306.0026666666667,352.63,316.54266666666666,353.17425139064574
3630,306.028,352.88,316.628,353.41690838092995
3640,306.05333333333334,353.13,316.7133333333333,353.65956537121417
3650,306.07866666666666,353.38,316.79866666666663,353.9022223614984
3660,306.104,353.63,316.884,354.1448793517826
3670,306.12933333333336,353.88,316.96933333333334,354.3875363420668
3680,306.1546666666667,354.13,317.05466666666666,354.63019333235104
3690,306.18,354.38,317.14,354.87285032263526
3700,306.20733333333334,354.2593333333333,317.1893333333333,354.7457369593979
3710,306.23466666666667,354.13866666666667,317.23866666666663,354.61862359616055
3720,306.262,354.018,317.288,354.4915102329232
3730,306.28933333333333,353.89733333333334,317.33733333333333,354.36439686968583
3740,306.31666666666666,353.77666666666664,317.38666666666666,354.2372835064485
3750,306.344,353.656,317.436,354.1101701432111
3760,306.3713333333333,353.5353333333333,317.4853333333333,353.98305677997377
3770,306.39866666666666,353.4146666666667,317.5346666666667,353.85594341673647
3780,306.426,353.294,317.584,353.7288300534991
3790,306.4533333333333,353.17333333333335,317.6333333333333,353.60171669026175
3800,306.48066666666665,353.05266666666665,317.68266666666665,353.4746033270244
3810,306.508,352.932,317.73199999999997,353.34748996378704
3820,306.5353333333333,352.8113333333333,317.78133333333335,353.2203766005497
3830,306.56266666666664,352.6906666666667,317.8306666666667,353.0932632373123
3840,306.59,352.57,317.88,352.966149874075
3850,306.6193333333333,352.76466666666664,317.9413333333333,353.1695657023977
3860,306.64866666666666,352.95933333333335,318.00266666666664,353.3729815307204
3870,306.678,353.154,318.064,353.5763973590431
3880,306.7073333333333,353.34866666666665,318.12533333333334,353.7798131873658
3890,306.7366666666666,353.54333333333335,318.18666666666667,353.9832290156885
3900,306.76599999999996,353.738,318.248,354.1866448440112
3910,306.7953333333333,353.93266666666665,318.3093333333333,354.3900606723339
3920,306.82466666666664,354.12733333333335,318.3706666666667,354.59347650065655
3930,306.854,354.322,318.432,354.79689232897925
3940,306.8833333333333,354.51666666666665,318.49333333333334,355.00030815730196
3950,306.91266666666667,354.71133333333336,318.55466666666666,355.20372398562466
3960,306.94199999999995,354.906,318.616,355.40713981394737
3970,306.9713333333333,355.10066666666665,318.67733333333337,355.61055564227007
3980,307.00066666666663,355.29533333333336,318.7386666666667,355.8139714705928
3990,307.03,355.49,318.8,356.0173872989155
4000,307.06199999999995,355.882,318.8833333333333,356.4211189339055
4010,307.094,356.274,318.9666666666667,356.82485056889556
4020,307.126,356.666,319.05,357.2285822038856
4030,307.15799999999996,357.058,319.1333333333333,357.63231383887563
4040,307.19,357.45,319.2166666666667,358.03604547386567
4050,307.222,357.842,319.3,358.4397771088557
4060,307.25399999999996,358.234,319.3833333333333,358.84350874384575
4070,307.286,358.62600000000003,319.4666666666667,359.2472403788357
4080,307.318,359.01800000000003,319.55,359.65097201382576
4090,307.34999999999997,359.41,319.6333333333333,360.0547036488158
4100,307.382,359.802,319.7166666666667,360.45843528380584
4110,307.414,360.194,319.8,360.8621669187959
4120,307.44599999999997,360.586,319.8833333333333,361.2658985537859
4130,307.478,360.978,319.9666666666667,361.66963018877595
4140,307.51,361.37,320.05,362.073361823766
4150,307.54333333333335,361.7633333333333,320.154,362.4656295350636
4160,307.57666666666665,362.1566666666667,320.25800000000004,362.8578972463612
4170,307.61,362.55,320.362,363.2501649576588
4180,307.6433333333333,362.9433333333333,320.466,363.6424326689564
4190,307.6766666666667,363.33666666666664,320.57,364.034700380254
4200,307.71,363.73,320.67400000000004,364.4269680915516
4210,307.74333333333334,364.12333333333333,320.778,364.8192358028492
4220,307.77666666666664,364.51666666666665,320.882,365.2115035141468
4230,307.81,364.90999999999997,320.986,365.6037712254444
4240,307.8433333333333,365.30333333333334,321.09000000000003,365.996038936742
4250,307.87666666666667,365.69666666666666,321.194,366.3883066480396
4260,307.90999999999997,366.09,321.298,366.7805743593372
4270,307.9433333333333,366.4833333333333,321.402,367.17284207063483
4280,307.97666666666663,366.87666666666667,321.50600000000003,367.5651097819324
4290,308.01,367.27,321.61,367.95737749323
4300,308.046,367.44,321.69866666666667,368.1264015504754
4310,308.082,367.60999999999996,321.7873333333333,368.2954256077208
4320,308.118,367.78,321.87600000000003,368.4644496649662
4330,308.154,367.95,321.9646666666667,368.6334737222116
4340,308.19,368.12,322.05333333333334,368.802497779457
4350,308.226,368.28999999999996,322.142,368.9715218367024
4360,308.262,368.46,322.23066666666665,369.1405458939478
4370,308.298,368.63,322.31933333333336,369.3095699511932
4380,308.334,368.8,322.408,369.4785940084386
4390,308.37,368.96999999999997,322.49666666666667,369.647618065684
4400,308.406,369.14,322.5853333333333,369.8166421229294
4410,308.442,369.31,322.674,369.9856661801748
4420,308.478,369.48,322.7626666666667,370.1546902374202
4430,308.514,369.65,322.85133333333334,370.3237142946656
4440,308.55,369.82,322.94,370.492738351911
4450,308.588,369.77933333333334,323.00866666666667,370.4439032660526
4460,308.62600000000003,369.73866666666663,323.07733333333334,370.3950681801942
4470,308.664,369.698,323.146,370.3462330943358
4480,308.702,369.6573333333333,323.2146666666667,370.2973980084774
4490,308.74,369.6166666666667,323.28333333333336,370.248562922619
4500,308.778,369.57599999999996,323.35200000000003,370.1997278367606
4510,308.81600000000003,369.5353333333333,323.4206666666667,370.1508927509022
4520,308.854,369.49466666666666,323.4893333333333,370.1020576650438
4530,308.892,369.454,323.558,370.0532225791854
4540,308.93,369.4133333333333,323.62666666666667,370.004387493327
4550,308.968,369.37266666666665,323.69533333333334,369.9555524074686
4560,309.00600000000003,369.332,323.764,369.9067173216102
4570,309.044,369.29133333333334,323.8326666666667,369.8578822357518
4580,309.082,369.25066666666663,323.90133333333335,369.8090471498934
4590,309.12,369.21,323.97,369.760212064035
4600,309.16066666666666,369.58666666666664,324.0566666666667,370.1549762585908
4610,309.20133333333337,369.9633333333333,324.1433333333334,370.54974045314657
4620,309.242,370.34,324.23,370.9445046477024
4630,309.28266666666667,370.71666666666664,324.31666666666666,371.3392688422582
4640,309.3233333333333,371.0933333333333,324.40333333333336,371.73403303681397
4650,309.36400000000003,371.46999999999997,324.49,372.1287972313698
4660,309.4046666666667,371.84666666666664,324.57666666666665,372.5235614259256
4670,309.44533333333334,372.22333333333336,324.66333333333336,372.91832562048137
4680,309.486,372.6,324.75,373.3130898150372
4690,309.5266666666667,372.9766666666667,324.83666666666664,373.707854009593
4700,309.56733333333335,373.35333333333335,324.92333333333335,374.10261820414877
4710,309.608,373.73,325.01,374.4973823987046
4720,309.64866666666666,374.1066666666667,325.09666666666664,374.8921465932604
4730,309.68933333333337,374.48333333333335,325.18333333333334,375.28691078781617
4740,309.73,374.86,325.27,375.681674982372
4750,309.7726666666667,375.31933333333336,325.39,376.13899662927355
4760,309.81533333333334,375.77866666666665,325.51,376.59631827617505
4770,309.858,376.238,325.63,377.0536399230766
4780,309.90066666666667,376.69733333333335,325.75,377.5109615699781
4790,309.9433333333333,377.1566666666667,325.87,377.9682832168797
4800,309.986,377.616,325.99,378.4256048637812
4810,310.02866666666665,378.07533333333333,326.11,378.88292651068275
4820,310.07133333333337,378.5346666666667,326.22999999999996,379.34024815758426
4830,310.11400000000003,378.994,326.34999999999997,379.7975698044858
4840,310.1566666666667,379.4533333333333,326.46999999999997,380.2548914513873
4850,310.19933333333336,379.91266666666667,326.59,380.7122130982889
4860,310.242,380.372,326.71,381.1695347451904
4870,310.2846666666667,380.83133333333336,326.83,381.62685639209195
4880,310.32733333333334,381.29066666666665,326.95,382.08417803899346
4890,310.37,381.75,327.07,382.541499685895
4900,310.41533333333336,381.8913333333333,327.16866666666664,382.6803369570738
4910,310.46066666666667,382.03266666666667,327.26733333333334,382.8191742282526
4920,310.50600000000003,382.174,327.366,382.9580114994314
4930,310.55133333333333,382.31533333333334,327.4646666666667,383.0968487706102
4940,310.5966666666667,382.45666666666665,327.56333333333333,383.235686041789
4950,310.642,382.598,327.662,383.3745233129678
4960,310.68733333333336,382.7393333333333,327.7606666666667,383.5133605841466
4970,310.73266666666666,382.8806666666667,327.8593333333333,383.6521978553254
4980,310.778,383.022,327.958,383.7910351265042
4990,310.8233333333333,383.16333333333336,328.0566666666667,383.929872397683
5000,310.8686666666667,383.30466666666666,328.1553333333333,384.0687096688618
5010,310.914,383.446,328.254,384.20754694004063
5020,310.95933333333335,383.58733333333333,328.35266666666666,384.3463842112194
5030,311.00466666666665,383.7286666666667,328.45133333333337,384.48522148239823
5040,311.05,383.87,328.55,384.624058753577
5050,311.0973333333333,384.15133333333335,328.6546666666667,384.91074499580753
5060,311.1446666666667,384.43266666666665,328.75933333333336,385.1974312380381
5070,311.192,384.714,328.86400000000003,385.48411748026865
5080,311.2393333333333,384.99533333333335,328.96866666666665,385.7708037224992
5090,311.2866666666667,385.27666666666664,329.0733333333333,386.0574899647297
5100,311.334,385.558,329.178,386.3441762069603
5110,311.3813333333333,385.83933333333334,329.28266666666667,386.63086244919083
5120,311.4286666666667,386.12066666666664,329.38733333333334,386.91754869142136
5130,311.476,386.402,329.492,387.2042349336519
5140,311.5233333333333,386.68333333333334,329.5966666666667,387.4909211758825
5150,311.5706666666667,386.96466666666663,329.70133333333337,387.777607418113
5160,311.618,387.246,329.806,388.06429366034354
5170,311.6653333333333,387.52733333333333,329.91066666666666,388.35097990257407
5180,311.7126666666667,387.8086666666666,330.01533333333333,388.63766614480465
5190,311.76,388.09,330.12,388.9243523870352
5200,311.81066666666663,388.1773333333333,330.2153333333333,389.00427156499654
5210,311.86133333333333,388.26466666666664,330.3106666666667,389.0841907429579
5220,311.912,388.352,330.406,389.16410992091926
5230,311.9626666666667,388.4393333333333,330.5013333333333,389.2440290988806
5240,312.0133333333333,388.52666666666664,330.5966666666667,389.323948276842
5250,312.06399999999996,388.614,330.692,389.40386745480333
5260,312.11466666666666,388.7013333333333,330.7873333333333,389.4837866327647
5270,312.1653333333333,388.78866666666664,330.8826666666667,389.563705810726
5280,312.216,388.876,330.978,389.64362498868735
5290,312.26666666666665,388.9633333333333,331.0733333333333,389.7235441666487
5300,312.3173333333333,389.05066666666664,331.1686666666667,389.80346334461007
5310,312.368,389.138,331.264,389.8833825225714
5320,312.41866666666664,389.2253333333333,331.3593333333333,389.9633017005328
5330,312.46933333333334,389.31266666666664,331.4546666666667,390.04322087849414
5340,312.52,389.4,331.55,390.1231400564555
5350,312.5733333333333,389.5466666666666,331.636,390.2794717107435
5360,312.62666666666667,389.6933333333333,331.722,390.4358033650315
5370,312.68,389.84,331.808,390.5921350193195
5380,312.7333333333333,389.9866666666667,331.894,390.74846667360754
5390,312.78666666666663,390.1333333333333,331.98,390.90479832789555
5400,312.84,390.28,332.066,391.06112998218356
5410,312.8933333333333,390.4266666666667,332.152,391.21746163647157
5420,312.94666666666666,390.5733333333333,332.238,391.37379329075964
5430,313.0,390.72,332.324,391.53012494504765
5440,313.05333333333334,390.8666666666667,332.40999999999997,391.68645659933566
5450,313.1066666666667,391.0133333333333,332.496,391.84278825362367
5460,313.15999999999997,391.16,332.582,391.9991199079117
5470,313.2133333333333,391.3066666666667,332.668,392.1554515621997
5480,313.26666666666665,391.4533333333334,332.75399999999996,392.3117832164877
5490,313.32,391.6,332.84,392.4681148707757
5500,313.37533333333334,392.1093333333334,332.96066666666667,392.98403854198625
5510,313.43066666666664,392.6186666666667,333.0813333333333,393.4999622131968
5520,313.486,393.12800000000004,333.202,394.01588588440734
5530,313.54133333333334,393.63733333333334,333.32266666666663,394.53180955561794
5540,313.59666666666664,394.1466666666667,333.4433333333333,395.0477332268285
5550,313.652,394.656,333.56399999999996,395.563656898039
5560,313.70733333333334,395.16533333333336,333.68466666666666,396.0795805692496
5570,313.76266666666663,395.67466666666667,333.8053333333333,396.5955042404601
5580,313.818,396.184,333.926,397.11142791167066
5590,313.87333333333333,396.6933333333333,334.0466666666666,397.6273515828812
5600,313.92866666666663,397.2026666666667,334.1673333333333,398.14327525409175
5610,313.984,397.712,334.28799999999995,398.65919892530235
5620,314.03933333333333,398.22133333333335,334.40866666666665,399.1751225965129
5630,314.0946666666666,398.73066666666665,334.5293333333333,399.69104626772344
5640,314.15,399.24,334.65,400.206969938934
5650,314.20799999999997,399.41200000000003,334.76,400.37219842107237
5660,314.26599999999996,399.584,334.87,400.53742690321076
5670,314.32399999999996,399.75600000000003,334.97999999999996,400.7026553853492
5680,314.382,399.928,335.09,400.8678838674876
5690,314.44,400.1,335.2,401.033112349626
5700,314.498,400.272,335.31,401.19834083176437
5710,314.556,400.444,335.42,401.36356931390276
5720,314.614,400.616,335.53,401.5287977960412
5730,314.67199999999997,400.788,335.64,401.6940262781796
5740,314.72999999999996,400.96,335.75,401.859254760318
5750,314.78799999999995,401.132,335.86,402.02448324245637
5760,314.846,401.304,335.97,402.18971172459476
5770,314.904,401.476,336.08,402.3549402067332
5780,314.962,401.64799999999997,336.19,402.5201686888716
5790,315.02,401.82,336.3,402.68539717101
5800,315.08,401.99333333333334,336.404,402.85906520308424
5810,315.14,402.1666666666667,336.50800000000004,403.0327332351585
5820,315.2,402.34,336.612,403.20640126723276
5830,315.26,402.5133333333333,336.716,403.3800692993071
5840,315.32,402.68666666666667,336.82,403.55373733138134
5850,315.38,402.86,336.92400000000004,403.7274053634556
5860,315.44,403.03333333333336,337.028,403.90107339552986
5870,315.5,403.20666666666665,337.132,404.0747414276041
5880,315.56,403.38,337.236,404.2484094596784
5890,315.62,403.55333333333334,337.34000000000003,404.42207749175265
5900,315.68,403.7266666666667,337.444,404.5957455238269
5910,315.74,403.90000000000003,337.548,404.7694135559012
5920,315.8,404.0733333333333,337.652,404.9430815879755
5930,315.86,404.24666666666667,337.75600000000003,405.11674962004975
5940,315.92,404.42,337.86,405.290417652124
5950,315.98333333333335,404.452,337.95533333333333,405.31151112561446
5960,316.0466666666667,404.48400000000004,338.0506666666667,405.33260459910485
5970,316.11,404.516,338.146,405.3536980725953
5980,316.17333333333335,404.548,338.24133333333333,405.37479154608576
5990,316.2366666666667,404.58,338.3366666666667,405.39588501957616
6000,316.3,404.612,338.432,405.4169784930666
6010,316.36333333333334,404.644,338.52733333333333,405.43807196655706
6020,316.4266666666667,404.676,338.6226666666667,405.45916544004746
6030,316.49,404.70799999999997,338.718,405.4802589135379
6040,316.55333333333334,404.74,338.81333333333333,405.50135238702836
6050,316.6166666666667,404.772,338.9086666666667,405.52244586051876
6060,316.68,404.804,339.004,405.5435393340092
6070,316.74333333333334,404.83599999999996,339.09933333333333,405.56463280749966
6080,316.8066666666667,404.868,339.1946666666667,405.58572628099006
6090,316.87,404.9,339.29,405.6068197544805
6100,316.93466666666666,404.616,339.3466666666667,405.3143245608674
6110,316.9993333333333,404.332,339.40333333333336,405.0218293672543
6120,317.064,404.048,339.46000000000004,404.72933417364123
6130,317.1286666666667,403.76399999999995,339.51666666666665,404.4368389800281
6140,317.1933333333333,403.47999999999996,339.5733333333333,404.144343786415
6150,317.258,403.19599999999997,339.63,403.8518485928019
6160,317.32266666666663,402.912,339.68666666666667,403.5593533991888
6170,317.38733333333334,402.628,339.74333333333334,403.2668582055757
6180,317.452,402.344,339.8,402.9743630119626
6190,317.51666666666665,402.06,339.8566666666667,402.68186781834953
6200,317.5813333333333,401.776,339.91333333333336,402.38937262473644
6210,317.64599999999996,401.49199999999996,339.96999999999997,402.0968774311233
6220,317.71066666666667,401.20799999999997,340.02666666666664,401.8043822375102
6230,317.7753333333333,400.924,340.0833333333333,401.5118870438971
6240,317.84,400.64,340.14,401.219391850284
6250,317.90799999999996,401.06,340.23466666666667,401.66143101259263
6260,317.976,401.47999999999996,340.3293333333333,402.1034701749012
6270,318.044,401.9,340.424,402.5455093372098
6280,318.11199999999997,402.32,340.51866666666666,402.9875484995184
6290,318.18,402.74,340.61333333333334,403.429587661827
6300,318.248,403.15999999999997,340.70799999999997,403.8716268241356
6310,318.316,403.58,340.80266666666665,404.3136659864442
6320,318.384,404.0,340.89733333333334,404.7557051487528
6330,318.452,404.42,340.992,405.1977443110614
6340,318.52,404.84,341.08666666666664,405.63978347337
6350,318.588,405.26,341.1813333333333,406.0818226356786
6360,318.656,405.68,341.276,406.5238617979872
6370,318.724,406.1,341.3706666666667,406.9659009602958
6380,318.79200000000003,406.52,341.4653333333333,407.4079401226044
6390,318.86,406.94,341.56,407.849979284913
6400,318.9293333333333,407.26666666666665,341.672,408.17726660679665
6410,318.9986666666667,407.5933333333333,341.784,408.50455392868025
6420,319.068,407.92,341.896,408.8318412505639
6430,319.13733333333334,408.24666666666667,342.008,409.1591285724475
6440,319.20666666666665,408.5733333333333,342.12,409.4864158943312
6450,319.276,408.9,342.232,409.8137032162148
6460,319.3453333333333,409.22666666666663,342.344,410.14099053809844
6470,319.4146666666667,409.55333333333334,342.456,410.46827785998204
6480,319.484,409.88,342.568,410.7955651818657
6490,319.55333333333334,410.20666666666665,342.68,411.1228525037493
6500,319.62266666666665,410.5333333333333,342.79200000000003,411.45013982563296
6510,319.692,410.85999999999996,342.904,411.77742714751656
6520,319.7613333333333,411.18666666666667,343.016,412.1047144694002
6530,319.8306666666667,411.5133333333333,343.128,412.4320017912838
6540,319.9,411.84,343.24,412.7592891131675
6550,319.972,412.1493333333333,343.3546666666667,413.07372332263054
6560,320.044,412.45866666666666,343.46933333333334,413.38815753209366
6570,320.116,412.768,343.584,413.7025917415567
6580,320.188,413.07733333333334,343.69866666666667,414.01702595101983
6590,320.26,413.38666666666666,343.81333333333333,414.3314601604829
6600,320.332,413.69599999999997,343.928,414.645894369946
6610,320.404,414.00533333333334,344.04266666666666,414.96032857940907
6620,320.476,414.31466666666665,344.1573333333333,415.2747627888722
6630,320.548,414.624,344.272,415.58919699833524
6640,320.62,414.93333333333334,344.38666666666666,415.90363120779836
6650,320.692,415.24266666666665,344.5013333333333,416.2180654172614
6660,320.764,415.552,344.616,416.53249962672453
6670,320.836,415.86133333333333,344.73066666666665,416.8469338361876
6680,320.908,416.1706666666667,344.8453333333333,417.1613680456507
6690,320.98,416.48,344.96,417.47580225511376
6700,321.05333333333334,416.87933333333336,345.09,417.8792820801607
6710,321.12666666666667,417.2786666666667,345.21999999999997,418.2827619052077
6720,321.2,417.678,345.34999999999997,418.6862417302546
6730,321.27333333333337,418.07733333333334,345.48,419.08972155530154
6740,321.3466666666667,418.4766666666667,345.61,419.4932013803485
6750,321.42,418.87600000000003,345.74,419.89668120539545
6760,321.49333333333334,419.2753333333334,345.87,420.3001610304424
6770,321.56666666666666,419.67466666666667,346.0,420.70364085548937
6780,321.64,420.074,346.13,421.1071206805363
6790,321.7133333333333,420.47333333333336,346.26,421.5106005055832
6800,321.78666666666663,420.8726666666667,346.39,421.9140803306302
6810,321.86,421.27200000000005,346.52000000000004,422.31756015567714
6820,321.93333333333334,421.67133333333334,346.65000000000003,422.7210399807241
6830,322.00666666666666,422.0706666666667,346.78000000000003,423.12451980577106
6840,322.08,422.47,346.91,423.527999630818
6850,322.1546666666666,422.1606666666667,346.99133333333333,423.1950368725928
6860,322.22933333333333,421.85133333333334,347.0726666666667,422.8620741143677
6870,322.304,421.54200000000003,347.154,422.52911135614255
6880,322.3786666666667,421.23266666666666,347.23533333333336,422.1961485979174
6890,322.4533333333333,420.92333333333335,347.31666666666666,421.8631858396923
6900,322.52799999999996,420.61400000000003,347.398,421.5302230814671
6910,322.60266666666666,420.30466666666666,347.47933333333333,421.19726032324195
6920,322.6773333333333,419.99533333333335,347.5606666666667,420.86429756501684
6930,322.752,419.686,347.642,420.5313348067917
6940,322.82666666666665,419.37666666666667,347.72333333333336,420.1983720485665
6950,322.9013333333333,419.06733333333335,347.80466666666666,419.8654092903414
6960,322.976,418.758,347.886,419.53244653211624
6970,323.05066666666664,418.44866666666667,347.96733333333333,419.1994837738911
6980,323.12533333333334,418.1393333333333,348.0486666666667,418.86652101566597
6990,323.2,417.83,348.13,418.5335582574408
7000,323.276,418.164,348.2253333333333,418.89230020695686
7010,323.352,418.498,348.3206666666667,419.2510421564729
7020,323.428,418.832,348.416,419.6097841059889
7030,323.50399999999996,419.166,348.5113333333333,419.968526055505
7040,323.58,419.5,348.6066666666667,420.32726800502104
7050,323.656,419.834,348.702,420.6860099545371
7060,323.73199999999997,420.168,348.7973333333333,421.04475190405316
7070,323.808,420.50199999999995,348.8926666666667,421.40349385356916
7080,323.88399999999996,420.83599999999996,348.988,421.7622358030852
7090,323.96,421.16999999999996,349.0833333333333,422.1209777526013
7100,324.036,421.50399999999996,349.1786666666667,422.47971970211734
7110,324.11199999999997,421.83799999999997,349.274,422.8384616516334
7120,324.188,422.17199999999997,349.3693333333333,423.1972036011494
7130,324.26399999999995,422.506,349.4646666666667,423.55594555066546
7140,324.34,422.84,349.56,423.9146875001815
7150,324.4173333333333,423.3073333333333,349.7006666666667,424.3760648936382
7160,324.49466666666666,423.77466666666663,349.84133333333335,424.837442287095
7170,324.572,424.24199999999996,349.982,425.2988196805517
7180,324.6493333333333,424.70933333333335,350.12266666666665,425.7601970740084
7190,324.72666666666663,425.1766666666667,350.2633333333333,426.2215744674651
7200,324.804,425.644,350.404,426.68295186092183
7210,324.8813333333333,426.11133333333333,350.54466666666667,427.14432925437853
7220,324.95866666666666,426.57866666666666,350.68533333333335,427.60570664783523
7230,325.036,427.046,350.826,428.06708404129193
7240,325.11333333333334,427.5133333333333,350.9666666666667,428.5284614347487
7250,325.1906666666667,427.98066666666665,351.1073333333334,428.9898388282054
7260,325.268,428.44800000000004,351.248,429.4512162216621
7270,325.3453333333333,428.91533333333336,351.38866666666667,429.9125936151188
7280,325.42266666666666,429.3826666666667,351.52933333333334,430.37397100857555
7290,325.5,429.85,351.67,430.83534840203225
7300,325.57933333333335,429.8306666666667,351.774,430.8102919756291
7310,325.65866666666665,429.8113333333334,351.87800000000004,430.78523554922594
7320,325.738,429.79200000000003,351.982,430.7601791228228
7330,325.81733333333335,429.7726666666667,352.086,430.73512269641964
7340,325.89666666666665,429.75333333333333,352.19,430.7100662700165
7350,325.976,429.73400000000004,352.29400000000004,430.68500984361333
7360,326.05533333333335,429.7146666666667,352.398,430.6599534172102
7370,326.13466666666665,429.69533333333334,352.502,430.634896990807
7380,326.214,429.676,352.606,430.6098405644039
7390,326.29333333333335,429.6566666666667,352.71000000000004,430.5847841380007
7400,326.37266666666665,429.63733333333334,352.814,430.5597277115976
7410,326.452,429.618,352.918,430.5346712851944
7420,326.53133333333335,429.59866666666665,353.022,430.5096148587913
7430,326.61066666666665,429.57933333333335,353.12600000000003,430.4845584323881
7440,326.69,429.56,353.23,430.459502005985
7450,326.77133333333336,429.7873333333333,353.34133333333335,430.6935510477232
7460,326.85266666666666,430.0146666666667,353.4526666666667,430.92760008946135
7470,326.934,430.242,353.564,431.16164913119957
7480,327.01533333333333,430.46933333333334,353.67533333333336,431.3956981729378
7490,327.0966666666667,430.69666666666666,353.7866666666667,431.629747214676
7500,327.178,430.92400000000004,353.898,431.86379625641416
7510,327.25933333333336,431.15133333333335,354.00933333333336,432.0978452981524
7520,327.34066666666666,431.3786666666667,354.12066666666664,432.3318943398906
7530,327.422,431.606,354.23199999999997,432.5659433816288
7540,327.50333333333333,431.83333333333337,354.3433333333333,432.799992423367
7550,327.5846666666667,432.0606666666667,354.45466666666664,433.0340414651052
7560,327.666,432.288,354.566,433.2680905068434
7570,327.74733333333336,432.51533333333333,354.6773333333333,433.5021395485816
7580,327.82866666666666,432.7426666666667,354.78866666666664,433.7361885903198
7590,327.91,432.97,354.9,433.970237632058
7600,327.9926666666667,433.40000000000003,355.03066666666666,434.41064003206077
7610,328.07533333333333,433.83000000000004,355.1613333333333,434.85104243206354
7620,328.158,434.26000000000005,355.292,435.2914448320663
7630,328.2406666666667,434.69,355.42266666666666,435.7318472320691
7640,328.3233333333333,435.12,355.55333333333334,436.17224963207184
7650,328.406,435.55,355.68399999999997,436.6126520320746
7660,328.4886666666667,435.98,355.81466666666665,437.0530544320774
7670,328.5713333333333,436.41,355.94533333333334,437.49345683208014
7680,328.654,436.84000000000003,356.076,437.9338592320829
7690,328.7366666666667,437.27000000000004,356.20666666666665,438.3742616320857
7700,328.8193333333333,437.70000000000005,356.33733333333333,438.81466403208844
7710,328.902,438.13,356.468,439.2550664320912
7720,328.98466666666667,438.56,356.5986666666667,439.695468832094
7730,329.0673333333333,438.99,356.72933333333333,440.13587123209675
7740,329.15,439.42,356.86,440.5762736320995
7750,329.23266666666666,439.7246666666667,357.0006666666667,440.8697953387192
7760,329.3153333333333,440.02933333333334,357.14133333333336,441.1633170453389
7770,329.39799999999997,440.334,357.28200000000004,441.45683875195857
7780,329.48066666666665,440.63866666666667,357.42266666666666,441.75036045857826
7790,329.56333333333333,440.9433333333333,357.56333333333333,442.04388216519794
7800,329.64599999999996,441.248,357.704,442.3374038718176
7810,329.72866666666664,441.55266666666665,357.8446666666667,442.6309255784373
7820,329.8113333333333,441.8573333333334,357.98533333333336,442.92444728505694
7830,329.894,442.16200000000003,358.12600000000003,443.2179689916766
7840,329.97666666666663,442.4666666666667,358.2666666666667,443.5114906982963
7850,330.0593333333333,442.77133333333336,358.4073333333334,443.805012404916
7860,330.142,443.076,358.548,444.0985341115357
7870,330.2246666666667,443.3806666666667,358.6886666666667,444.39205581815537
7880,330.3073333333333,443.68533333333335,358.82933333333335,444.68557752477506
7890,330.39,443.99,358.97,444.97909923139474
7900,330.474,443.79266666666666,359.062,444.7725061929837
7910,330.558,443.5953333333333,359.15400000000005,444.5659131545726
7920,330.642,443.398,359.24600000000004,444.3593201161616
7930,330.726,443.2006666666667,359.338,444.15272707775057
7940,330.81,443.00333333333333,359.43,443.9461340393395
7950,330.894,442.806,359.52200000000005,443.73954100092845
7960,330.978,442.60866666666664,359.61400000000003,443.5329479625174
7970,331.06199999999995,442.41133333333335,359.706,443.32635492410634
7980,331.14599999999996,442.214,359.798,443.1197618856953
7990,331.22999999999996,442.01666666666665,359.89000000000004,442.9131688472843
8000,331.31399999999996,441.8193333333333,359.982,442.7065758088732
8010,331.39799999999997,441.62199999999996,360.074,442.49998277046217
8020,331.48199999999997,441.42466666666667,360.166,442.29338973205114
8030,331.566,441.2273333333333,360.25800000000004,442.08679669364005
8040,331.65,441.03,360.35,441.880203655229
8050,331.736,441.774,360.49800000000005,442.6551250940104
8060,331.822,442.518,360.646,443.4300465327917
8070,331.90799999999996,443.262,360.79400000000004,444.20496797157307
8080,331.99399999999997,444.006,360.942,444.9798894103544
8090,332.08,444.75,361.09000000000003,445.75481084913577
8100,332.166,445.49399999999997,361.238,446.5297322879171
8110,332.252,446.238,361.386,447.30465372669846
8120,332.33799999999997,446.98199999999997,361.534,448.07957516547987
8130,332.424,447.726,361.682,448.8544966042612
8140,332.51,448.46999999999997,361.83,449.62941804304256
8150,332.596,449.214,361.978,450.4043394818239
8160,332.682,449.95799999999997,362.126,451.17926092060526
8170,332.768,450.702,362.274,451.9541823593866
8180,332.854,451.44599999999997,362.42199999999997,452.72910379816796
8190,332.94,452.19,362.57,453.5040252369493
8200,333.02733333333333,452.17,362.7013333333333,453.45630012413665
8210,333.11466666666666,452.15,362.8326666666667,453.408575011324
8220,333.202,452.13,362.964,453.36084989851133
8230,333.28933333333333,452.11,363.0953333333333,453.3131247856987
8240,333.37666666666667,452.09,363.2266666666667,453.265399672886
8250,333.464,452.07,363.358,453.21767456007336
8260,333.55133333333333,452.05,363.4893333333333,453.1699494472607
8270,333.63866666666667,452.03,363.6206666666667,453.12222433444805
8280,333.726,452.01,363.752,453.0744992216354
8290,333.81333333333333,451.99,363.8833333333333,453.02677410882274
8300,333.90066666666667,451.96999999999997,364.0146666666667,452.9790489960101
8310,333.988,451.95,364.146,452.9313238831974
8320,334.07533333333333,451.93,364.27733333333333,452.88359877038476
8330,334.16266666666667,451.90999999999997,364.4086666666667,452.8358736575721
8340,334.25,451.89,364.54,452.78814854475945
8350,334.33933333333334,451.79866666666663,364.62333333333333,452.7109962495578
8360,334.4286666666667,451.70733333333334,364.7066666666667,452.6338439543562
8370,334.518,451.616,364.79,452.5566916591546
8380,334.6073333333333,451.52466666666663,364.87333333333333,452.479539363953
8390,334.69666666666666,451.43333333333334,364.9566666666667,452.40238706875135
8400,334.786,451.342,365.04,452.32523477354977
8410,334.87533333333334,451.25066666666663,365.12333333333333,452.2480824783481
8420,334.96466666666663,451.15933333333334,365.2066666666667,452.17093018314654
8430,335.054,451.068,365.29,452.0937778879449
8440,335.1433333333333,450.97666666666663,365.37333333333333,452.0166255927433
8450,335.23266666666666,450.88533333333334,365.4566666666667,451.93947329754167
8460,335.322,450.794,365.54,451.8623210023401
8470,335.4113333333333,450.70266666666663,365.62333333333333,451.78516870713844
8480,335.50066666666663,450.61133333333333,365.7066666666667,451.70801641193685
8490,335.59,450.52,365.79,451.6308641167352
8500,335.6813333333333,451.19266666666664,365.9413333333334,452.31750400834966
8510,335.7726666666666,451.8653333333333,366.0926666666667,453.0041438999641
8520,335.864,452.538,366.244,453.69078379157855
8530,335.95533333333333,453.21066666666667,366.3953333333333,454.377423683193
8540,336.0466666666666,453.8833333333333,366.5466666666667,455.06406357480745
8550,336.138,454.556,366.69800000000004,455.7507034664219
8560,336.22933333333333,455.22866666666664,366.84933333333333,456.43734335803634
8570,336.3206666666666,455.90133333333335,367.0006666666667,457.12398324965085
8580,336.412,456.574,367.152,457.8106231412653
8590,336.50333333333333,457.24666666666667,367.30333333333334,458.49726303287974
8600,336.5946666666666,457.9193333333333,367.4546666666667,459.1839029244942
8610,336.686,458.592,367.606,459.87054281610864
8620,336.77733333333333,459.2646666666667,367.75733333333335,460.5571827077231
8630,336.8686666666666,459.93733333333336,367.90866666666665,461.24382259933753
8640,336.96,460.61,368.06,461.930462490952
8650,337.05333333333334,460.12733333333335,368.146,461.41105316107553
8660,337.14666666666665,459.6446666666667,368.232,460.8916438311991
8670,337.24,459.16200000000003,368.318,460.3722345013226
8680,337.3333333333333,458.6793333333333,368.404,459.8528251714462
8690,337.4266666666667,458.19666666666666,368.49,459.3334158415698
8700,337.52,457.714,368.576,458.8140065116933
8710,337.61333333333334,457.23133333333334,368.66200000000003,458.29459718181687
8720,337.70666666666665,456.7486666666667,368.748,457.7751878519404
8730,337.8,456.266,368.834,457.25577852206396
8740,337.8933333333333,455.78333333333336,368.92,456.7363691921875
8750,337.9866666666667,455.3006666666667,369.00600000000003,456.21695986231106
8760,338.08,454.818,369.09200000000004,455.69755053243466
8770,338.17333333333335,454.3353333333333,369.178,455.1781412025582
8780,338.26666666666665,453.85266666666666,369.264,454.65873187268176
8790,338.36,453.37,369.35,454.1393225428053
8800,338.4546666666667,453.0266666666667,369.40333333333336,453.7929561546842
8810,338.5493333333333,452.68333333333334,369.4566666666667,453.44658976656314
8820,338.644,452.34000000000003,369.51,453.100223378442
8830,338.7386666666667,451.99666666666667,369.56333333333333,452.75385699032097
8840,338.8333333333333,451.65333333333336,369.6166666666667,452.40749060219986
8850,338.928,451.31,369.67,452.0611242140788
8860,339.0226666666667,450.9666666666667,369.72333333333336,451.7147578259577
8870,339.1173333333333,450.62333333333333,369.77666666666664,451.36839143783664
8880,339.212,450.28000000000003,369.83,451.0220250497155
8890,339.3066666666667,449.93666666666667,369.8833333333333,450.67565866159447
8900,339.4013333333333,449.59333333333336,369.93666666666667,450.32929227347336
8910,339.496,449.25,369.99,449.9829258853523
8920,339.59066666666666,448.9066666666667,370.0433333333333,449.6365594972312
8930,339.6853333333333,448.56333333333333,370.09666666666664,449.29019310911013
8940,339.78,448.22,370.15,448.943826720989
8950,339.87666666666667,448.09400000000005,370.20466666666664,448.8238993670918
8960,339.9733333333333,447.968,370.2593333333333,448.70397201319463
8970,340.07,447.84200000000004,370.31399999999996,448.58404465929743
8980,340.16666666666663,447.716,370.3686666666667,448.46411730540024
8990,340.2633333333333,447.59000000000003,370.42333333333335,448.34418995150304
9000,340.36,447.464,370.478,448.22426259760584
9010,340.45666666666665,447.338,370.53266666666667,448.10433524370865
9020,340.55333333333334,447.212,370.58733333333333,447.9844078898114
9030,340.65,447.086,370.642,447.8644805359142
9040,340.74666666666667,446.96,370.69666666666666,447.744553182017
9050,340.84333333333336,446.834,370.7513333333333,447.6246258281198
9060,340.94,446.70799999999997,370.80600000000004,447.5046984742226
9070,341.0366666666667,446.582,370.8606666666667,447.3847711203254
9080,341.1333333333333,446.45599999999996,370.91533333333336,447.2648437664282
9090,341.23,446.33,370.97,447.144916412531
9100,341.32800000000003,446.486,371.0506666666667,447.3048241853262
9110,341.426,446.642,371.1313333333334,447.46473195812143
9120,341.524,446.798,371.21200000000005,447.6246397309166
9130,341.622,446.954,371.29266666666666,447.7845475037118
9140,341.72,447.11,371.37333333333333,447.94445527650703
9150,341.818,447.266,371.454,448.1043630493022
9160,341.916,447.422,371.5346666666667,448.2642708220974
9170,342.014,447.578,371.61533333333335,448.4241785948926
9180,342.112,447.734,371.696,448.5840863676878
9190,342.21,447.89,371.7766666666667,448.743994140483
9200,342.308,448.046,371.8573333333334,448.9039019132782
9210,342.406,448.202,371.938,449.0638096860734
9220,342.504,448.358,372.01866666666666,449.2237174588686
9230,342.602,448.514,372.09933333333333,449.3836252316638
9240,342.7,448.67,372.18,449.543533004459
9250,342.7993333333333,448.392,372.236,449.250611326774
9260,342.89866666666666,448.11400000000003,372.29200000000003,448.957689649089
9270,342.998,447.836,372.348,448.664767971404
9280,343.0973333333333,447.558,372.404,448.371846293719
9290,343.19666666666666,447.28000000000003,372.46,448.078924616034
9300,343.296,447.002,372.516,447.786002938349
9310,343.3953333333333,446.724,372.572,447.493081260664
9320,343.49466666666666,446.446,372.628,447.200159582979
9330,343.594,446.168,372.68399999999997,446.907237905294
9340,343.6933333333333,445.89,372.74,446.614316227609
9350,343.79266666666666,445.612,372.796,446.321394549924
9360,343.892,445.334,372.852,446.028472872239
9370,343.99133333333333,445.056,372.90799999999996,445.735551194554
9380,344.09066666666666,444.778,372.964,445.442629516869
9390,344.19,444.5,373.02,445.149707839184
9400,344.28866666666664,444.392,373.0693333333333,445.04485300105654
9410,344.38733333333334,444.284,373.1186666666666,444.93999816292904
9420,344.486,444.176,373.168,444.8351433248016
9430,344.5846666666667,444.068,373.21733333333333,444.7302884866741
9440,344.68333333333334,443.96,373.26666666666665,444.6254336485467
9450,344.782,443.852,373.316,444.5205788104192
9460,344.8806666666667,443.74399999999997,373.3653333333333,444.41572397229174
9470,344.97933333333333,443.636,373.4146666666667,444.31086913416425
9480,345.07800000000003,443.528,373.464,444.2060142960368
9490,345.1766666666667,443.42,373.5133333333333,444.1011594579093
9500,345.2753333333333,443.312,373.56266666666664,443.9963046197819
9510,345.374,443.204,373.61199999999997,443.8914497816544
9520,345.47266666666667,443.096,373.66133333333335,443.78659494352695
9530,345.57133333333337,442.988,373.71066666666667,443.68174010539946
9540,345.67,442.88,373.76,443.576885267272
9550,345.76800000000003,442.8433333333333,373.818,443.53910478009897
9560,345.866,442.8066666666667,373.876,443.50132429292586
9570,345.964,442.77,373.93399999999997,443.4635438057528
9580,346.062,442.73333333333335,373.992,443.42576331857975
9590,346.16,442.69666666666666,374.05,443.3879828314067
9600,346.258,442.65999999999997,374.108,443.3502023442336
9610,346.356,442.62333333333333,374.166,443.31242185706054
9620,346.454,442.58666666666664,374.224,443.2746413698875
9630,346.552,442.55,374.282,443.23686088271444
9640,346.65,442.5133333333333,374.34,443.19908039554133
9650,346.748,442.47666666666663,374.39799999999997,443.1612999083683
9660,346.846,442.44,374.456,443.1235194211952
9670,346.944,442.4033333333333,374.514,443.0857389340222
9680,347.042,442.3666666666667,374.572,443.04795844684907
9690,347.14,442.33,374.63,443.010177959676
9700,347.2373333333333,442.24066666666664,374.68266666666665,442.9184793348542
9710,347.33466666666664,442.1513333333333,374.73533333333336,442.82678071003244
9720,347.432,442.062,374.788,442.7350820852106
9730,347.52933333333334,441.97266666666667,374.84066666666666,442.6433834603888
9740,347.62666666666667,441.8833333333333,374.8933333333333,442.551684835567
9750,347.724,441.794,374.946,442.4599862107452
9760,347.8213333333333,441.70466666666664,374.9986666666667,442.36828758592344
9770,347.9186666666667,441.61533333333335,375.05133333333333,442.2765889611016
9780,348.016,441.526,375.104,442.1848903362798
9790,348.11333333333334,441.43666666666667,375.1566666666667,442.093191711458
9800,348.21066666666667,441.3473333333333,375.20933333333335,442.00149308663623
9810,348.308,441.258,375.262,441.90979446181444
9820,348.4053333333334,441.1686666666667,375.31466666666665,441.8180958369926
9830,348.5026666666667,441.07933333333335,375.36733333333336,441.7263972121708
9840,348.6,440.99,375.42,441.634698587349
9850,348.696,440.3246666666667,375.42333333333335,440.9455336085603
9860,348.79200000000003,439.65933333333334,375.4266666666667,440.2563686297716
9870,348.88800000000003,438.994,375.43,439.5672036509829
9880,348.98400000000004,438.32866666666666,375.43333333333334,438.87803867219424
9890,349.08000000000004,437.66333333333336,375.43666666666667,438.1888736934055
9900,349.17600000000004,436.998,375.44,437.4997087146168
9910,349.27200000000005,436.3326666666667,375.4433333333333,436.8105437358281
9920,349.368,435.6673333333333,375.4466666666667,436.1213787570394
9930,349.464,435.002,375.45000000000005,435.4322137782507
9940,349.56,434.33666666666664,375.4533333333334,434.743048799462
9950,349.656,433.67133333333334,375.4566666666667,434.05388382067326
9960,349.752,433.006,375.46000000000004,433.3647188418846
9970,349.848,432.34066666666666,375.46333333333337,432.6755538630959
9980,349.944,431.6753333333333,375.4666666666667,431.9863888843072
9990,350.04,431.01,375.47,431.2972239055185
10000,350.134,430.57866666666666,375.4566666666667,430.8675737971812
10010,350.228,430.14733333333334,375.4433333333333,430.43792368884385
10020,350.322,429.716,375.43,430.00827358050657
10030,350.416,429.2846666666667,375.4166666666667,429.5786234721693
10040,350.51,428.85333333333335,375.40333333333336,429.148973363832
10050,350.604,428.422,375.39,428.71932325549466
10060,350.698,427.9906666666667,375.37666666666667,428.2896731471574
10070,350.79200000000003,427.5593333333333,375.36333333333334,427.8600230388201
10080,350.886,427.128,375.35,427.4303729304828
10090,350.98,426.69666666666666,375.33666666666664,427.00072282214546
10100,351.074,426.26533333333333,375.3233333333333,426.5710727138082
10110,351.168,425.834,375.31,426.1414226054709
10120,351.262,425.4026666666667,375.2966666666667,425.7117724971336
10130,351.356,424.97133333333335,375.2833333333333,425.28212238879627
10140,351.45,424.54,375.27,424.852472280459
10150,351.542,424.288,375.26666666666665,424.601450101312
10160,351.634,424.036,375.2633333333333,424.35042792216507
10170,351.726,423.784,375.26,424.0994057430181
10180,351.818,423.53200000000004,375.25666666666666,423.8483835638711
10190,351.90999999999997,423.28000000000003,375.25333333333333,423.59736138472414
10200,352.002,423.028,375.25,423.3463392055772
10210,352.094,422.776,375.24666666666667,423.0953170264302
10220,352.186,422.524,375.24333333333334,422.84429484728327
10230,352.27799999999996,422.272,375.24,422.5932726681363
10240,352.37,422.02,375.2366666666667,422.34225048898935
10250,352.462,421.768,375.23333333333335,422.0912283098424
10260,352.554,421.516,375.23,421.8402061306954
10270,352.64599999999996,421.264,375.2266666666667,421.5891839515484
10280,352.738,421.012,375.22333333333336,421.33816177240146
10290,352.83,420.76,375.22,421.0871395932545
10300,352.9193333333333,420.6066666666667,375.22533333333337,420.93385840203683
10310,353.00866666666667,420.4533333333333,375.2306666666667,420.7805772108191
10320,353.098,420.3,375.23600000000005,420.62729601960143
10330,353.1873333333333,420.14666666666665,375.24133333333333,420.4740148283837
10340,353.27666666666664,419.99333333333334,375.24666666666667,420.32073363716603
10350,353.366,419.84,375.252,420.1674524459483
10360,353.45533333333333,419.68666666666667,375.25733333333335,420.0141712547306
10370,353.54466666666667,419.5333333333333,375.2626666666667,419.8608900635129
10380,353.634,419.38,375.26800000000003,419.7076088722952
10390,353.72333333333336,419.22666666666663,375.27333333333337,419.5543276810775
10400,353.8126666666667,419.0733333333333,375.2786666666667,419.4010464898598
10410,353.902,418.91999999999996,375.284,419.2477652986421
10420,353.99133333333333,418.76666666666665,375.28933333333333,419.0944841074244
10430,354.0806666666667,418.6133333333333,375.29466666666667,418.9412029162067
10440,354.17,418.46,375.3,418.787921724989
10450,354.25666666666666,418.2606666666666,375.30333333333334,418.58529321752457
10460,354.34333333333336,418.0613333333333,375.3066666666667,418.3826647100601
10470,354.43,417.86199999999997,375.31,418.18003620259566
10480,354.5166666666667,417.66266666666667,375.31333333333333,417.9774076951312
10490,354.60333333333335,417.4633333333333,375.31666666666666,417.77477918766675
10500,354.69,417.264,375.32,417.5721506802023
10510,354.7766666666667,417.06466666666665,375.3233333333333,417.36952217273785
10520,354.86333333333334,416.86533333333335,375.3266666666667,417.16689366527345
10530,354.95000000000005,416.666,375.33000000000004,416.964265157809
10540,355.0366666666667,416.4666666666667,375.33333333333337,416.76163665034454
10550,355.12333333333333,416.26733333333334,375.3366666666667,416.5590081428801
10560,355.21000000000004,416.06800000000004,375.34000000000003,416.35637963541564
10570,355.2966666666667,415.8686666666667,375.34333333333336,416.1537511279512
10580,355.3833333333334,415.6693333333334,375.3466666666667,415.95112262048673
10590,355.47,415.47,375.35,415.7484941130223
10600,355.5526666666667,415.4086666666667,375.36,415.69190531449004
10610,355.63533333333334,415.3473333333334,375.37,415.63531651595775
10620,355.718,415.286,375.38,415.5787277174255
10630,355.8006666666667,415.2246666666667,375.39000000000004,415.5221389188933
10640,355.8833333333333,415.16333333333336,375.40000000000003,415.465550120361
10650,355.966,415.10200000000003,375.41,415.40896132182877
10660,356.0486666666667,415.0406666666667,375.42,415.35237252329654
10670,356.1313333333333,414.97933333333333,375.43,415.29578372476425
10680,356.214,414.918,375.44,415.239194926232
10690,356.2966666666667,414.8566666666667,375.45,415.1826061276998
10700,356.3793333333333,414.79533333333336,375.46,415.1260173291675
10710,356.462,414.73400000000004,375.47,415.06942853063526
10720,356.54466666666667,414.67266666666666,375.48,415.01283973210303
10730,356.6273333333333,414.61133333333333,375.49,414.95625093357074
10740,356.71,414.55,375.5,414.8996621350385
10750,356.78933333333333,414.3926666666667,375.514,414.7312080142116
10760,356.8686666666666,414.23533333333336,375.528,414.5627538933847
10770,356.948,414.07800000000003,375.542,414.39429977255776
10780,357.02733333333333,413.92066666666665,375.556,414.2258456517309
10790,357.1066666666666,413.7633333333333,375.57,414.05739153090394
10800,357.186,413.606,375.584,413.888937410077
10810,357.26533333333333,413.44866666666667,375.598,413.7204832892501
10820,357.3446666666666,413.29133333333334,375.61199999999997,413.5520291684232
10830,357.424,413.134,375.626,413.3835750475963
10840,357.50333333333333,412.9766666666667,375.64,413.2151209267694
10850,357.5826666666666,412.81933333333336,375.654,413.04666680594244
10860,357.662,412.662,375.668,412.87821268511556
10870,357.74133333333333,412.50466666666665,375.68199999999996,412.7097585642886
10880,357.8206666666666,412.3473333333333,375.69599999999997,412.54130444346174
10890,357.9,412.19,375.71,412.3728503226348
10900,357.9746666666666,411.662,375.68333333333334,411.83462584828635
10910,358.0493333333333,411.134,375.65666666666664,411.2964013739379
10920,358.12399999999997,410.606,375.63,410.75817689958944
10930,358.19866666666667,410.078,375.6033333333333,410.219952425241
10940,358.2733333333333,409.55,375.57666666666665,409.68172795089254
10950,358.34799999999996,409.022,375.55,409.1435034765441
10960,358.42266666666666,408.49399999999997,375.5233333333333,408.60527900219563
10970,358.4973333333333,407.966,375.49666666666667,408.0670545278472
10980,358.572,407.438,375.46999999999997,407.5288300534987
10990,358.64666666666665,406.90999999999997,375.4433333333333,406.99060557915027
11000,358.7213333333333,406.382,375.4166666666667,406.4523811048018
11010,358.796,405.854,375.39,405.91415663045336
11020,358.87066666666664,405.32599999999996,375.36333333333334,405.3759321561049
11030,358.94533333333334,404.798,375.33666666666664,404.83770768175646
11040,359.02,404.27,375.31,404.299483207408
11050,359.09066666666666,404.0573333333333,375.28866666666664,404.0917879246196
11060,359.1613333333333,403.8446666666666,375.26733333333334,403.8840926418312
11070,359.23199999999997,403.632,375.246,403.6763973590428
11080,359.30266666666665,403.4193333333333,375.2246666666667,403.4687020762544
11090,359.37333333333333,403.20666666666665,375.2033333333333,403.261006793466
11100,359.44399999999996,402.99399999999997,375.182,403.0533115106776
11110,359.51466666666664,402.7813333333333,375.16066666666666,402.8456162278892
11120,359.5853333333333,402.5686666666667,375.13933333333335,402.6379209451008
11130,359.656,402.356,375.118,402.4302256623124
11140,359.72666666666663,402.1433333333333,375.0966666666667,402.222530379524
11150,359.7973333333333,401.93066666666664,375.07533333333333,402.0148350967356
11160,359.868,401.71799999999996,375.05400000000003,401.8071398139472
11170,359.9386666666667,401.50533333333334,375.03266666666667,401.5994445311588
11180,360.0093333333333,401.29266666666666,375.01133333333337,401.3917492483704
11190,360.08,401.08,374.99,401.184053965582
11200,360.14666666666665,401.06399999999996,374.986,401.17667448946094
11210,360.2133333333333,401.048,374.982,401.1692950133399
11220,360.28,401.032,374.978,401.1619155372188
11230,360.34666666666664,401.01599999999996,374.974,401.1545360610977
11240,360.4133333333333,401.0,374.97,401.14715658497664
11250,360.47999999999996,400.984,374.966,401.1397771088556
11260,360.5466666666666,400.96799999999996,374.962,401.1323976327345
11270,360.61333333333334,400.952,374.958,401.12501815661346
11280,360.68,400.936,374.954,401.1176386804924
11290,360.74666666666667,400.91999999999996,374.95,401.11025920437135
11300,360.81333333333333,400.904,374.946,401.1028797282503
11310,360.88,400.888,374.942,401.09550025212917
11320,360.94666666666666,400.87199999999996,374.938,401.0881207760081
11330,361.0133333333333,400.856,374.934,401.08074129988705
11340,361.08,400.84,374.93,401.073361823766
11350,361.1426666666666,400.82599999999996,374.9406666666667,401.0545184239525
11360,361.20533333333333,400.81199999999995,374.9513333333333,401.035675024139
11370,361.268,400.798,374.962,401.0168316243255
11380,361.3306666666667,400.784,374.97266666666667,400.99798822451197
11390,361.3933333333333,400.77,374.98333333333335,400.9791448246985
11400,361.45599999999996,400.756,374.99399999999997,400.960301424885
11410,361.51866666666666,400.74199999999996,375.00466666666665,400.9414580250715
11420,361.5813333333333,400.728,375.01533333333333,400.922614625258
11430,361.644,400.714,375.026,400.9037712254445
11440,361.70666666666665,400.7,375.03666666666663,400.884927825631
11450,361.7693333333333,400.686,375.0473333333333,400.8660844258175
11460,361.832,400.67199999999997,375.058,400.847241026004
11470,361.89466666666664,400.658,375.0686666666667,400.8283976261905
11480,361.95733333333334,400.644,375.0793333333333,400.809554226377
11490,362.02,400.63,375.09,400.7907108265635
11500,362.07866666666666,400.392,375.0813333333333,400.5486237726978
11510,362.1373333333333,400.154,375.07266666666663,400.3065367188321
11520,362.19599999999997,399.916,375.06399999999996,400.0644496649664
11530,362.25466666666665,399.678,375.0553333333333,399.8223626111007
11540,362.31333333333333,399.44,375.0466666666666,399.580275557235
11550,362.37199999999996,399.202,375.03799999999995,399.3381885033693
11560,362.43066666666664,398.964,375.0293333333333,399.0961014495036
11570,362.4893333333333,398.726,375.02066666666667,398.85401439563793
11580,362.548,398.488,375.012,398.61192734177223
11590,362.6066666666666,398.25,375.00333333333333,398.3698402879065
11600,362.6653333333333,398.012,374.99466666666666,398.1277532340408
11610,362.724,397.774,374.986,397.8856661801751
11620,362.78266666666667,397.536,374.9773333333333,397.6435791263094
11630,362.8413333333333,397.298,374.96866666666665,397.4014920724437
11640,362.9,397.06,374.96,397.159405018578
11650,362.9533333333333,396.61133333333333,374.9266666666666,396.69945882160846
11660,363.00666666666666,396.16266666666667,374.8933333333333,396.2395126246389
11670,363.06,395.714,374.85999999999996,395.77956642766935
11680,363.1133333333333,395.26533333333333,374.82666666666665,395.31962023069985
11690,363.16666666666663,394.81666666666666,374.7933333333333,394.8596740337303
11700,363.21999999999997,394.368,374.76,394.39972783676075
11710,363.2733333333333,393.9193333333333,374.72666666666663,393.9397816397912
11720,363.32666666666665,393.47066666666666,374.6933333333333,393.47983544282164
11730,363.38,393.022,374.65999999999997,393.0198892458521
11740,363.43333333333334,392.5733333333333,374.62666666666667,392.55994304888253
11750,363.4866666666667,392.12466666666666,374.5933333333333,392.099996851913
11760,363.53999999999996,391.676,374.56,391.6400506549435
11770,363.5933333333333,391.2273333333333,374.52666666666664,391.1801044579739
11780,363.64666666666665,390.77866666666665,374.49333333333334,390.72015826100437
11790,363.7,390.33,374.46,390.2602120640348
11800,363.7486666666667,390.2993333333333,374.44,390.24386514747954
11810,363.7973333333333,390.26866666666666,374.41999999999996,390.22751823092426
11820,363.846,390.238,374.4,390.2111713143689
11830,363.89466666666664,390.20733333333334,374.38,390.19482439781365
11840,363.9433333333333,390.1766666666667,374.36,390.17847748125837
11850,363.992,390.146,374.34,390.1621305647031
11860,364.04066666666665,390.11533333333335,374.32,390.1457836481478
11870,364.08933333333334,390.08466666666664,374.3,390.1294367315925
11880,364.138,390.054,374.28000000000003,390.1130898150372
11890,364.18666666666667,390.0233333333333,374.26,390.0967428984819
11900,364.23533333333336,389.99266666666665,374.24,390.08039598192664
11910,364.284,389.962,374.22,390.06404906537136
11920,364.3326666666667,389.9313333333333,374.20000000000005,390.04770214881603
11930,364.3813333333333,389.90066666666667,374.18,390.03135523226075
11940,364.43,389.87,374.16,390.0150083157055
11950,364.47533333333337,389.92133333333334,374.168,390.06121885149594
11960,364.52066666666667,389.97266666666667,374.17600000000004,390.1074293872864
11970,364.56600000000003,390.024,374.184,390.1536399230768
11980,364.61133333333333,390.07533333333333,374.192,390.1998504588673
11990,364.6566666666667,390.12666666666667,374.2,390.24606099465774
12000,364.702,390.178,374.208,390.2922715304482
12010,364.74733333333336,390.22933333333333,374.216,390.33848206623867
12020,364.79266666666666,390.28066666666666,374.224,390.3846926020291
12030,364.838,390.332,374.23199999999997,390.43090313781954
12040,364.8833333333333,390.3833333333333,374.24,390.47711367361
12050,364.9286666666667,390.43466666666666,374.248,390.52332420940047
12060,364.974,390.486,374.256,390.56953474519094
12070,365.01933333333335,390.5373333333333,374.26399999999995,390.61574528098134
12080,365.06466666666665,390.58866666666665,374.272,390.6619558167718
12090,365.11,390.64,374.28,390.7081663525623
12100,365.1526666666667,390.37333333333333,374.262,390.43589251262995
12110,365.19533333333334,390.1066666666666,374.24399999999997,390.16361867269757
12120,365.238,389.84,374.226,389.89134483276524
12130,365.28066666666666,389.5733333333333,374.20799999999997,389.61907099283286
12140,365.3233333333333,389.3066666666667,374.19,389.34679715290054
12150,365.366,389.03999999999996,374.17199999999997,389.07452331296815
12160,365.40866666666665,388.7733333333333,374.154,388.80224947303583
12170,365.45133333333337,388.50666666666666,374.13599999999997,388.52997563310345
12180,365.494,388.24,374.118,388.2577017931711
12190,365.5366666666667,387.9733333333333,374.09999999999997,387.98542795323874
12200,365.57933333333335,387.70666666666665,374.082,387.7131541133064
12210,365.622,387.44,374.06399999999996,387.44088027337403
12220,365.6646666666667,387.17333333333335,374.046,387.1686064334417
12230,365.70733333333334,386.90666666666664,374.02799999999996,386.8963325935093
12240,365.75,386.64,374.01,386.624058753577
12250,365.78866666666664,386.5133333333333,373.99399999999997,386.4996338846964
12260,365.82733333333334,386.38666666666666,373.978,386.3752090158158
12270,365.866,386.26,373.962,386.2507841469352
12280,365.9046666666667,386.1333333333333,373.94599999999997,386.1263592780546
12290,365.9433333333333,386.00666666666666,373.93,386.001934409174
12300,365.98199999999997,385.88,373.914,385.8775095402934
12310,366.02066666666667,385.75333333333333,373.89799999999997,385.7530846714128
12320,366.0593333333333,385.62666666666667,373.882,385.6286598025322
12330,366.098,385.5,373.866,385.5042349336516
12340,366.13666666666666,385.37333333333333,373.84999999999997,385.379810064771
12350,366.1753333333333,385.24666666666667,373.834,385.25538519589037
12360,366.214,385.12,373.818,385.1309603270098
12370,366.25266666666664,384.99333333333334,373.80199999999996,385.0065354581292
12380,366.29133333333334,384.8666666666667,373.786,384.8821105892486
12390,366.33,384.74,373.77,384.757685720368
12400,366.366,384.4193333333333,373.74066666666664,384.42649378721825
12410,366.402,384.0986666666667,373.7113333333333,384.09530185406845
12420,366.438,383.778,373.68199999999996,383.7641099209187
12430,366.474,383.45733333333334,373.6526666666667,383.4329179877689
12440,366.51,383.13666666666666,373.62333333333333,383.1017260546192
12450,366.546,382.81600000000003,373.594,382.7705341214694
12460,366.582,382.49533333333335,373.56466666666665,382.43934218831964
12470,366.618,382.17466666666667,373.5353333333333,382.10815025516985
12480,366.654,381.854,373.506,381.7769583220201
12490,366.69,381.53333333333336,373.47666666666663,381.4457663888703
12500,366.726,381.2126666666667,373.4473333333333,381.1145744557206
12510,366.762,380.892,373.418,380.7833825225708
12520,366.798,380.5713333333333,373.38866666666667,380.45219058942104
12530,366.834,380.2506666666667,373.3593333333333,380.12099865627124
12540,366.87,379.93,373.33,379.7898067231215
12550,366.90333333333336,379.6686666666667,373.2873333333333,379.5350272662984
12560,366.93666666666667,379.4073333333333,373.24466666666666,379.2802478094753
12570,366.97,379.146,373.202,379.02546835265224
12580,367.00333333333333,378.88466666666665,373.15933333333334,378.77068889582915
12590,367.0366666666667,378.62333333333333,373.1166666666667,378.51590943900607
12600,367.07,378.362,373.074,378.261129982183
12610,367.10333333333335,378.10066666666665,373.03133333333335,378.0063505253599
12620,367.13666666666666,377.83933333333334,372.98866666666663,377.75157106853686
12630,367.17,377.578,372.94599999999997,377.4967916117138
12640,367.2033333333333,377.31666666666666,372.9033333333333,377.2420121548907
12650,367.2366666666667,377.05533333333335,372.86066666666665,376.9872326980676
12660,367.27,376.794,372.818,376.7324532412445
12670,367.30333333333334,376.53266666666667,372.7753333333333,376.4776737844214
12680,367.33666666666664,376.2713333333333,372.73266666666666,376.22289432759834
12690,367.37,376.01,372.69,375.96811487077525
12700,367.4,376.1093333333333,372.68,376.0729274308747
12710,367.43,376.20866666666666,372.67,376.17773999097415
12720,367.46,376.308,372.66,376.2825525510736
12730,367.49,376.4073333333333,372.65,376.38736511117304
12740,367.52,376.50666666666666,372.64,376.4921776712725
12750,367.55,376.606,372.63,376.59699023137193
12760,367.58,376.70533333333333,372.62,376.7018027914714
12770,367.61,376.80466666666666,372.61,376.8066153515709
12780,367.64,376.904,372.6,376.91142791167033
12790,367.67,377.00333333333333,372.59000000000003,377.0162404717698
12800,367.7,377.10266666666666,372.58000000000004,377.1210530318692
12810,367.73,377.202,372.57,377.22586559196867
12820,367.76,377.30133333333333,372.56,377.3306781520681
12830,367.79,377.40066666666667,372.55,377.43549071216756
12840,367.82,377.5,372.54,377.540303272267
12850,367.8473333333333,377.26466666666664,372.51533333333333,377.2944206432943
12860,367.87466666666666,377.02933333333334,372.4906666666667,377.0485380143216
12870,367.902,376.794,372.466,376.8026553853489
12880,367.9293333333333,376.5586666666667,372.4413333333334,376.55677275637623
12890,367.95666666666665,376.3233333333333,372.4166666666667,376.3108901274035
12900,367.984,376.088,372.392,376.0650074984308
12910,368.0113333333333,375.85266666666666,372.36733333333336,375.8191248694581
12920,368.0386666666667,375.61733333333336,372.3426666666667,375.5732422404854
12930,368.06600000000003,375.382,372.31800000000004,375.3273596115127
12940,368.09333333333336,375.1466666666667,372.29333333333335,375.08147698254
12950,368.1206666666667,374.91133333333335,372.26866666666666,374.8355943535673
12960,368.148,374.67600000000004,372.244,374.5897117245946
12970,368.17533333333336,374.4406666666667,372.21933333333334,374.3438290956219
12980,368.2026666666667,374.2053333333334,372.1946666666667,374.0979464666492
12990,368.23,373.97,372.17,373.8520638376765
13000,368.2546666666667,373.73533333333336,372.13533333333334,373.61462075863966
13010,368.27933333333334,373.5006666666667,372.10066666666665,373.3771776796028
13020,368.30400000000003,373.266,372.06600000000003,373.139734600566
13030,368.32866666666666,373.03133333333335,372.03133333333335,372.90229152152915
13040,368.35333333333335,372.7966666666667,371.99666666666667,372.6648484424923
13050,368.37800000000004,372.562,371.962,372.4274053634555
13060,368.4026666666667,372.32733333333334,371.9273333333333,372.18996228441864
13070,368.42733333333337,372.0926666666667,371.8926666666667,371.95251920538186
13080,368.452,371.858,371.858,371.715076126345
13090,368.4766666666667,371.62333333333333,371.8233333333333,371.4776330473082
13100,368.5013333333334,371.38866666666667,371.78866666666664,371.24018996827135
13110,368.526,371.154,371.75399999999996,371.0027468892345
13120,368.5506666666667,370.9193333333333,371.71933333333334,370.7653038101977
13130,368.57533333333333,370.68466666666666,371.68466666666666,370.52786073116084
13140,368.6,370.45,371.65,370.290417652124
13150,368.622,370.0733333333333,371.602,369.90040001450336
13160,368.644,369.69666666666666,371.554,369.51038237688266
13170,368.666,369.32,371.506,369.120364739262
13180,368.68800000000005,368.9433333333333,371.45799999999997,368.7303471016413
13190,368.71000000000004,368.56666666666666,371.40999999999997,368.34032946402067
13200,368.732,368.19,371.36199999999997,367.9503118264
13210,368.754,367.81333333333333,371.31399999999996,367.5602941887793
13220,368.776,367.43666666666667,371.266,367.1702765511587
13230,368.798,367.06,371.218,366.780258913538
13240,368.82,366.68333333333334,371.17,366.39024127591733
13250,368.842,366.3066666666667,371.122,366.0002236382967
13260,368.86400000000003,365.93,371.074,365.610206000676
13270,368.886,365.55333333333334,371.026,365.22018836305534
13280,368.908,365.1766666666667,370.978,364.83017072543464
13290,368.93,364.8,370.93,364.440153087814
13300,368.94866666666667,364.108,370.84000000000003,363.7365467830898
13310,368.96733333333333,363.416,370.75,363.0329404783656
13320,368.986,362.724,370.66,362.32933417364137
13330,369.00466666666665,362.03200000000004,370.57,361.6257278689172
13340,369.0233333333333,361.34000000000003,370.48,360.922121564193
13350,369.042,360.648,370.39,360.2185152594688
13360,369.06066666666663,359.956,370.3,359.5149089547446
13370,369.07933333333335,359.264,370.21,358.81130265002037
13380,369.098,358.572,370.12,358.1076963452962
13390,369.1166666666667,357.88,370.03,357.404090040572
13400,369.13533333333334,357.188,369.94,356.7004837358478
13410,369.154,356.49600000000004,369.84999999999997,355.9968774311236
13420,369.17266666666666,355.80400000000003,369.76,355.29327112639936
13430,369.1913333333333,355.112,369.66999999999996,354.58966482167517
13440,369.21,354.42,369.58,353.886058516951
13450,369.22666666666663,354.432,369.5233333333333,353.9169865681485
13460,369.24333333333334,354.444,369.46666666666664,353.94791461934597
13470,369.26,354.456,369.40999999999997,353.9788426705435
13480,369.27666666666664,354.468,369.35333333333335,354.009770721741
13490,369.2933333333333,354.48,369.2966666666667,354.04069877293847
13500,369.31,354.492,369.24,354.071626824136
13510,369.32666666666665,354.504,369.18333333333334,354.1025548753335
13520,369.3433333333333,354.516,369.12666666666667,354.133482926531
13530,369.35999999999996,354.528,369.07,354.1644109777285
13540,369.37666666666667,354.54,369.0133333333333,354.195339028926
13550,369.3933333333333,354.552,368.95666666666665,354.2262670801235
13560,369.40999999999997,354.564,368.90000000000003,354.257195131321
13570,369.4266666666666,354.576,368.84333333333336,354.2881231825185
13580,369.4433333333333,354.588,368.7866666666667,354.319051233716
13590,369.46,354.6,368.73,354.3499792849135
13600,369.4733333333333,354.51800000000003,368.68733333333336,354.266155495686
13610,369.4866666666667,354.43600000000004,368.6446666666667,354.1823317064585
13620,369.5,354.35400000000004,368.60200000000003,354.098507917231
13630,369.5133333333333,354.272,368.5593333333333,354.01468412800347
13640,369.52666666666664,354.19,368.51666666666665,353.930860338776
13650,369.54,354.108,368.474,353.8470365495485
13660,369.55333333333334,354.026,368.4313333333333,353.763212760321
13670,369.56666666666666,353.944,368.38866666666667,353.6793889710935
13680,369.58,353.862,368.346,353.595565181866
13690,369.59333333333336,353.78000000000003,368.30333333333334,353.5117413926385
13700,369.6066666666667,353.69800000000004,368.2606666666667,353.427917603411
13710,369.62,353.616,368.21799999999996,353.34409381418345
13720,369.6333333333333,353.534,368.1753333333333,353.26027002495596
13730,369.6466666666667,353.452,368.13266666666664,353.17644623572846
13740,369.66,353.37,368.09,353.09262244650097
13750,369.6706666666667,353.27133333333336,368.0466666666666,352.99594554485293
13760,369.6813333333333,353.17266666666666,368.00333333333333,352.8992686432049
13770,369.692,353.074,367.96,352.80259174155685
13780,369.7026666666667,352.9753333333333,367.91666666666663,352.70591483990876
13790,369.71333333333337,352.87666666666667,367.87333333333333,352.6092379382607
13800,369.724,352.778,367.83,352.5125610366127
13810,369.73466666666667,352.6793333333333,367.78666666666663,352.41588413496464
13820,369.74533333333335,352.5806666666667,367.74333333333334,352.3192072333166
13830,369.75600000000003,352.48199999999997,367.7,352.22253033166857
13840,369.76666666666665,352.3833333333333,367.65666666666664,352.1258534300205
13850,369.77733333333333,352.2846666666667,367.61333333333334,352.0291765283725
13860,369.788,352.186,367.57,351.9324996267244
13870,369.7986666666667,352.08733333333333,367.52666666666664,351.83582272507635
13880,369.8093333333333,351.98866666666663,367.48333333333335,351.7391458234283
13890,369.82,351.89,367.44,351.6424689217803
13900,369.82733333333334,351.88,367.4073333333333,351.6348376357161
13910,369.83466666666664,351.87,367.37466666666666,351.627206349652
13920,369.842,351.86,367.342,351.61957506358783
13930,369.84933333333333,351.84999999999997,367.3093333333333,351.61194377752366
13940,369.8566666666667,351.84,367.27666666666664,351.6043124914595
13950,369.864,351.83,367.24399999999997,351.5966812053954
13960,369.8713333333333,351.82,367.2113333333333,351.5890499193312
13970,369.8786666666667,351.81,367.1786666666667,351.58141863326705
13980,369.886,351.8,367.146,351.5737873472029
13990,369.8933333333333,351.79,367.11333333333334,351.56615606113877
14000,369.90066666666667,351.78000000000003,367.0806666666667,351.5585247750746
14010,369.908,351.77,367.048,351.55089348901043
14020,369.91533333333336,351.76,367.01533333333333,351.54326220294627
14030,369.92266666666666,351.75,366.98266666666666,351.53563091688216
14040,369.93,351.74,366.95,351.527999630818
14050,369.93333333333334,351.02333333333337,366.86333333333334,350.7839257614817
14060,369.93666666666667,350.3066666666667,366.77666666666664,350.03985189214546
14070,369.94,349.59000000000003,366.69,349.29577802280926
14080,369.9433333333333,348.87333333333333,366.6033333333333,348.551704153473
14090,369.94666666666666,348.1566666666667,366.51666666666665,347.80763028413674
14100,369.95,347.44,366.43,347.0635564148005
14110,369.9533333333333,346.72333333333336,366.3433333333333,346.3194825454642
14120,369.9566666666667,346.00666666666666,366.25666666666666,345.575408676128
14130,369.96000000000004,345.29,366.16999999999996,344.83133480679174
14140,369.96333333333337,344.5733333333333,366.0833333333333,344.0872609374555
14150,369.9666666666667,343.8566666666667,365.99666666666667,343.3431870681192
14160,369.97,343.14,365.90999999999997,342.59911319878296
14170,369.97333333333336,342.42333333333335,365.8233333333333,341.85503932944675
14180,369.9766666666667,341.70666666666665,365.7366666666666,341.1109654601105
14190,369.98,340.99,365.65,340.36689159077423
14200,369.9806666666667,340.91533333333336,365.57399999999996,340.3145224291792
14210,369.98133333333334,340.84066666666666,365.498,340.26215326758415
14220,369.982,340.766,365.42199999999997,340.20978410598906
14230,369.98266666666666,340.6913333333333,365.346,340.157414944394
14240,369.98333333333335,340.6166666666667,365.27,340.105045782799
14250,369.98400000000004,340.54200000000003,365.19399999999996,340.05267662120394
14260,369.98466666666667,340.46733333333333,365.118,340.0003074596089
14270,369.98533333333336,340.3926666666667,365.042,339.9479382980138
14280,369.986,340.318,364.966,339.89556913641877
14290,369.9866666666667,340.24333333333334,364.89,339.84319997482373
14300,369.98733333333337,340.1686666666667,364.81399999999996,339.7908308132287
14310,369.988,340.094,364.738,339.73846165163366
14320,369.9886666666667,340.01933333333335,364.662,339.68609249003856
14330,369.9893333333333,339.94466666666665,364.586,339.6337233284435
14340,369.99,339.87,364.51,339.5813541668485
14350,369.98733333333337,339.9286666666667,364.4773333333333,339.6316204491941
14360,369.98466666666667,339.9873333333333,364.44466666666665,339.68188673153975
14370,369.982,340.046,364.412,339.73215301388535
14380,369.97933333333333,340.1046666666667,364.3793333333333,339.78241929623096
14390,369.9766666666667,340.16333333333336,364.34666666666664,339.8326855785766
14400,369.974,340.222,364.31399999999996,339.8829518609222
14410,369.97133333333335,340.28066666666666,364.2813333333333,339.9332181432678
14420,369.96866666666665,340.33933333333334,364.2486666666667,339.9834844256135
14430,369.966,340.398,364.216,340.0337507079591
14440,369.9633333333333,340.45666666666665,364.18333333333334,340.0840169903047
14450,369.96066666666667,340.51533333333333,364.15066666666667,340.13428327265035
14460,369.95799999999997,340.574,364.118,340.18454955499595
14470,369.95533333333333,340.6326666666667,364.0853333333333,340.23481583734156
14480,369.95266666666663,340.6913333333333,364.05266666666665,340.2850821196872
14490,369.95,340.75,364.02,340.3353484020328
14500,369.944,340.322,363.94599999999997,339.89918086451854
14510,369.938,339.894,363.872,339.4630133270043
14520,369.932,339.466,363.798,339.02684578949004
14530,369.926,339.038,363.724,338.5906782519758
14540,369.92,338.61,363.65,338.15451071446154
14550,369.914,338.182,363.576,337.7183431769473
14560,369.908,337.754,363.502,337.28217563943304
14570,369.902,337.32599999999996,363.428,336.8460081019188
14580,369.896,336.89799999999997,363.354,336.40984056440453
14590,369.89,336.46999999999997,363.28000000000003,335.9736730268903
14600,369.884,336.042,363.206,335.53750548937603
14610,369.878,335.614,363.132,335.1013379518618
14620,369.872,335.186,363.058,334.66517041434753
14630,369.866,334.758,362.98400000000004,334.2290028768333
14640,369.86,334.33,362.91,333.792835339319
14650,369.85133333333334,334.14866666666666,362.84000000000003,333.6157732699461
14660,369.8426666666667,333.96733333333333,362.77000000000004,333.4387112005731
14670,369.834,333.786,362.70000000000005,333.26164913120016
14680,369.82533333333333,333.6046666666667,362.63,333.0845870618272
14690,369.81666666666666,333.42333333333335,362.56,332.9075249924543
14700,369.808,333.242,362.49,332.7304629230813
14710,369.7993333333333,333.0606666666667,362.42,332.55340085370835
14720,369.7906666666667,332.8793333333333,362.35,332.3763387843354
14730,369.78200000000004,332.698,362.28000000000003,332.1992767149625
14740,369.77333333333337,332.51666666666665,362.21000000000004,332.0222146455895
14750,369.7646666666667,332.3353333333333,362.14000000000004,331.84515257621655
14760,369.75600000000003,332.154,362.07,331.6680905068436
14770,369.74733333333336,331.97266666666667,362.0,331.4910284374707
14780,369.7386666666667,331.79133333333334,361.93,331.3139663680977
14790,369.73,331.61,361.86,331.13690429872474
14800,369.718,331.6306666666667,361.8066666666667,331.16619558761636
14810,369.706,331.65133333333335,361.75333333333333,331.19548687650797
14820,369.694,331.672,361.7,331.2247781653996
14830,369.682,331.6926666666667,361.6466666666667,331.2540694542912
14840,369.67,331.71333333333337,361.59333333333336,331.2833607431828
14850,369.658,331.73400000000004,361.54,331.3126520320744
14860,369.646,331.7546666666667,361.4866666666667,331.34194332096604
14870,369.634,331.7753333333333,361.43333333333334,331.3712346098577
14880,369.622,331.796,361.38,331.4005258987493
14890,369.61,331.81666666666666,361.32666666666665,331.42981718764094
14900,369.598,331.83733333333333,361.2733333333333,331.45910847653255
14910,369.586,331.858,361.22,331.48839976542416
14920,369.574,331.8786666666667,361.1666666666667,331.5176910543158
14930,369.562,331.89933333333335,361.11333333333334,331.5469823432074
14940,369.55,331.92,361.06,331.576273632099
14950,369.5346666666667,331.81533333333334,361.01666666666665,331.4586842276076
14960,369.51933333333335,331.71066666666667,360.97333333333336,331.3410948231161
14970,369.504,331.606,360.93,331.2235054186247
14980,369.4886666666667,331.5013333333334,360.88666666666666,331.10591601413324
14990,369.47333333333336,331.3966666666667,360.84333333333336,330.98832660964183
15000,369.458,331.29200000000003,360.8,330.8707372051504
15010,369.4426666666667,331.18733333333336,360.75666666666666,330.75314780065895
15020,369.4273333333333,331.0826666666667,360.71333333333337,330.63555839616754
15030,369.412,330.978,360.67,330.51796899167607
15040,369.39666666666665,330.87333333333333,360.62666666666667,330.40037958718466
15050,369.3813333333333,330.76866666666666,360.58333333333337,330.28279018269325
15060,369.366,330.66400000000004,360.54,330.1652007782018
15070,369.35066666666665,330.55933333333337,360.49666666666667,330.04761137371037
15080,369.3353333333333,330.4546666666667,360.4533333333334,329.9300219692189
15090,369.32,330.35,360.41,329.8124325647275
15100,369.30266666666665,329.744,360.31333333333333,329.19472841520536
15110,369.2853333333333,329.13800000000003,360.2166666666667,328.5770242656833
15120,369.268,328.53200000000004,360.12,327.95932011616117
15130,369.2506666666667,327.926,360.02333333333337,327.3416159666391
15140,369.23333333333335,327.32,359.9266666666667,326.72391181711697
15150,369.216,326.714,359.83,326.1062076675949
15160,369.19866666666667,326.108,359.73333333333335,325.4885035180728
15170,369.1813333333333,325.502,359.63666666666666,324.8707993685507
15180,369.164,324.896,359.54,324.2530952190286
15190,369.14666666666665,324.29,359.4433333333333,323.6353910695065
15200,369.1293333333333,323.684,359.34666666666664,323.0176869199844
15210,369.112,323.078,359.25,322.3999827704623
15220,369.0946666666667,322.472,359.1533333333333,321.7822786209402
15230,369.07733333333334,321.866,359.0566666666667,321.1645744714181
15240,369.06,321.26,358.96,320.546870321896
15250,369.03933333333333,321.5953333333333,358.91666666666663,320.9106806495662
15260,369.01866666666666,321.93066666666664,358.87333333333333,321.2744909772364
15270,368.998,322.266,358.83,321.6383013049066
15280,368.9773333333333,322.60133333333334,358.78666666666663,322.0021116325768
15290,368.95666666666665,322.93666666666667,358.74333333333334,322.365921960247
15300,368.936,323.272,358.7,322.7297322879172
15310,368.9153333333333,323.6073333333333,358.65666666666664,323.0935426155874
15320,368.8946666666667,323.9426666666667,358.61333333333334,323.4573529432576
15330,368.874,324.278,358.57,323.8211632709278
15340,368.85333333333335,324.61333333333334,358.52666666666664,324.184973598598
15350,368.8326666666667,324.94866666666667,358.48333333333335,324.5487839262682
15360,368.812,325.284,358.44,324.91259425393844
15370,368.79133333333334,325.6193333333334,358.39666666666665,325.27640458160863
15380,368.77066666666667,325.9546666666667,358.35333333333335,325.6402149092788
15390,368.75,326.29,358.31,326.004025236949
15400,368.7273333333333,325.86133333333333,358.24733333333336,325.54518901302527
15410,368.7046666666667,325.4326666666667,358.18466666666666,325.08635278910145
15420,368.682,325.004,358.122,324.6275165651777
15430,368.65933333333334,324.57533333333333,358.0593333333333,324.16868034125395
15440,368.63666666666666,324.1466666666667,357.99666666666667,323.7098441173302
15450,368.61400000000003,323.718,357.934,323.2510078934064
15460,368.59133333333335,323.28933333333333,357.8713333333333,322.7921716694826
15470,368.5686666666667,322.8606666666667,357.8086666666667,322.3333354455589
15480,368.546,322.432,357.746,321.8744992216351
15490,368.52333333333337,322.00333333333333,357.68333333333334,321.4156629977113
15500,368.5006666666667,321.5746666666667,357.6206666666667,320.95682677378755
15510,368.478,321.146,357.558,320.4979905498638
15520,368.45533333333333,320.71733333333333,357.49533333333335,320.03915432594005
15530,368.4326666666667,320.2886666666667,357.43266666666665,319.58031810201624
15540,368.41,319.86,357.37,319.1214818780925
15550,368.384,319.36,357.25466666666665,318.63321847177974
15560,368.358,318.86,357.13933333333335,318.14495506546706
15570,368.332,318.36,357.024,317.6566916591543
15580,368.30600000000004,317.86,356.90866666666665,317.16842825284164
15590,368.28000000000003,317.36,356.79333333333335,316.6801648465289
15600,368.254,316.86,356.678,316.19190144021616
15610,368.228,316.36,356.56266666666664,315.7036380339035
15620,368.202,315.86,356.44733333333335,315.21537462759073
15630,368.176,315.36,356.332,314.72711122127805
15640,368.15,314.86,356.21666666666664,314.2388478149653
15650,368.12399999999997,314.36,356.10133333333334,313.75058440865257
15660,368.098,313.86,355.986,313.2623210023399
15670,368.072,313.36,355.87066666666664,312.77405759602715
15680,368.046,312.86,355.75533333333334,312.28579418971447
15690,368.02,312.36,355.64,311.7975307834017
15700,367.99266666666665,312.62333333333333,355.59066666666666,312.0730595639051
15710,367.9653333333333,312.88666666666666,355.54133333333334,312.3485883444084
15720,367.938,313.15000000000003,355.49199999999996,312.6241171249118
15730,367.91066666666666,313.41333333333336,355.44266666666664,312.8996459054151
15740,367.8833333333333,313.6766666666667,355.3933333333333,313.1751746859185
15750,367.856,313.94,355.344,313.4507034664218
15760,367.82866666666666,314.2033333333333,355.29466666666667,313.7262322469252
15770,367.80133333333333,314.4666666666667,355.2453333333333,314.00176102742853
15780,367.774,314.73,355.19599999999997,314.2772898079319
15790,367.74666666666667,314.99333333333334,355.14666666666665,314.55281858843523
15800,367.71933333333334,315.25666666666666,355.0973333333333,314.8283473689386
15810,367.692,315.52,355.048,315.10387614944193
15820,367.6646666666667,315.78333333333336,354.9986666666666,315.3794049299453
15830,367.63733333333334,316.0466666666667,354.9493333333333,315.65493371044863
15840,367.61,316.31,354.9,315.930462490952
