Time (s),T_outer (C),T_inner (C),T_avg (C),Input Temperature (C)
0,179.14304708521402,179.14304708521402,179.14304708521402,179.14304708521402
10,179.14304708521402,179.14304708521402,179.14304708521402,179.14304708521402
20,179.14304708521402,179.14304708521402,179.14304708521402,179.14304708521402
30,179.14304708521402,179.14304708521402,179.14304708521402,179.14304708521402
40,179.14304708521402,179.14304708521402,179.14304708521402,179.14304708521402
50,179.14304708521402,179.14304708521402,179.14304708521402,179.14304708521402
60,179.14304708521402,179.14304708521402,179.14304708521402,179.14304708521402
70,179.14304708521402,179.14304708521402,179.14304708521402,179.14304708521402
80,179.14304708521402,179.14304708521402,179.14304708521402,179.14304708521402
90,179.14304708521402,179.14304708521402,179.14304708521402,179.14304708521402
100,179.14304708521402,179.14304708521402,179.14304708521402,179.14304708521402
110,179.14304708521402,179.14304708521402,179.14304708521402,179.14304708521402
120,179.14304708521402,179.14304708521402,179.14304708521402,179.14304708521402
130,179.14304708521402,179.14304708521402,179.14304708521402,179.14304708521402
140,179.14304708521402,179.14304708521402,179.14304708521402,179.14304708521402
150,179.14304708521402,179.14304708521402,179.14304708521402,179.14304708521402
160,179.14304708521402,179.14304708521402,179.14304708521402,179.14304708521402
170,179.14304708521402,179.14304708521402,179.14304708521402,179.14304708521402
180,179.14304708521402,179.14304708521402,179.14304708521402,179.14304708521402
190,179.14304708521402,179.14304708521402,179.14304708521402,179.14304708521402
200,179.14304708521402,179.14304708521402,179.14304708521402,179.14304708521402
210,179.14304708521402,179.14304708521402,179.14304708521402,179.14304708521402
220,179.14304708521402,179.14304708521402,179.14304708521402,179.14304708521402
230,179.14304708521402,179.14304708521402,179.14304708521402,179.14304708521402
240,179.14304708521402,179.14304708521402,179.14304708521402,179.14304708521402
250,179.14304708521402,179.14304708521402,179.14304708521402,179.14304708521402
260,179.14304708521402,179.14304708521402,179.14304708521402,179.14304708521402
270,179.14304708521402,179.14304708521402,179.14304708521402,179.14304708521402
280,179.14304708521402,179.14304708521402,179.14304708521402,179.14304708521402
290,179.14304708521402,179.14304708521402,179.14304708521402,179.14304708521402
300,179.14304708521402,179.14304708521402,179.14304708521402,179.14304708521402
310,179.14304708521402,179.14304708521402,179.14304708521402,179.14304708521402
320,179.14304708521402,179.14304708521402,179.14304708521402,179.14304708521402
330,179.14304708521402,179.14304708521402,179.14304708521402,179.14304708521402
340,179.14304708521402,179.14304708521402,179.14304708521402,179.14304708521402
350,179.14304708521402,179.14304708521402,179.14304708521402,179.14304708521402
360,179.14304708521402,179.14304708521402,179.14304708521402,179.14304708521402
370,179.14304708521402,179.14304708521402,179.14304708521402,179.14304708521402
380,179.14304708521402,179.14304708521402,179.14304708521402,179.14304708521402
390,179.14304708521402,179.14304708521402,179.14304708521402,179.14304708521402
400,179.14304708521402,179.14304708521402,179.14304708521402,179.14304708521402
410,179.14304708521402,179.14304708521402,179.14304708521402,179.14304708521402
420,179.14304708521402,179.14304708521402,179.14304708521402,179.14304708521402
430,179.14304708521402,179.14304708521402,179.14304708521402,179.14304708521402
440,179.14304708521402,179.14304708521402,179.14304708521402,179.14304708521402
450,179.14304708521402,179.14304708521402,179.14304708521402,179.14304708521402
460,179.14304708521402,179.14304708521402,179.14304708521402,179.14304708521402
470,179.14304708521402,179.14304708521402,179.14304708521402,179.14304708521402
480,179.14304708521402,179.14304708521402,179.14304708521402,179.14304708521402
490,179.14304708521402,179.14304708521402,179.14304708521402,179.14304708521402
500,179.14304708521402,179.14304708521402,179.14304708521402,179.14304708521402
510,179.14304708521402,179.14304708521402,179.14304708521402,179.14304708521402
520,179.14304708521402,179.14304708521402,179.14304708521402,179.14304708521402
530,179.14304708521402,179.14304708521402,179.14304708521402,179.14304708521402
540,179.14304708521402,179.14304708521402,179.14304708521402,179.14304708521402
550,179.14304708521402,179.14304708521402,179.14304708521402,179.14304708521402
560,179.14304708521402,179.14304708521402,179.14304708521402,179.14304708521402
570,179.14304708521402,179.14304708521402,179.14304708521402,179.14304708521402
580,179.14304708521402,179.14304708521402,179.14304708521402,179.14304708521402
590,179.14304708521402,179.14304708521402,179.14304708521402,179.14304708521402
600,179.14304708521402,179.14304708521402,179.14304708521402,179.14304708521402
610,179.14304708521402,179.14304708521402,179.14304708521402,179.14304708521402
620,179.14304708521402,179.14304708521402,179.14304708521402,179.14304708521402
630,179.14304708521402,179.14304708521402,179.14304708521402,179.14304708521402
640,179.14304708521402,179.14304708521402,179.14304708521402,179.14304708521402
650,179.14304708521402,179.14304708521402,179.14304708521402,179.14304708521402
660,179.14304708521402,179.14304708521402,179.14304708521402,179.14304708521402
670,179.14304708521402,179.14304708521402,179.14304708521402,179.14304708521402
680,179.14304708521402,179.14304708521402,179.14304708521402,179.14304708521402
690,179.14304708521402,179.14304708521402,179.14304708521402,179.14304708521402
700,179.14304708521402,179.14304708521402,179.14304708521402,179.14304708521402
710,179.14304708521402,179.14304708521402,179.14304708521402,179.14304708521402
720,179.14304708521402,179.14304708521402,179.14304708521402,179.14304708521402
730,179.14304708521402,179.14304708521402,179.14304708521402,179.14304708521402
740,179.14304708521402,179.14304708521402,179.14304708521402,179.14304708521402
750,179.14304708521402,179.14304708521402,179.14304708521402,179.14304708521402
760,179.14304708521402,179.14304708521402,179.14304708521402,179.14304708521402
770,179.14304708521402,179.14304708521402,179.14304708521402,179.14304708521402
780,179.14304708521402,179.14304708521402,179.14304708521402,179.14304708521402
790,179.14304708521402,179.14304708521402,179.14304708521402,179.14304708521402
800,179.14304708521402,179.14304708521402,179.14304708521402,179.14304708521402
810,179.14304708521402,179.14304708521402,179.14304708521402,179.14304708521402
820,179.14304708521402,179.14304708521402,179.14304708521402,179.14304708521402
830,179.14304708521402,179.14304708521402,179.14304708521402,179.14304708521402
840,179.14304708521402,179.14304708521402,179.14304708521402,179.14304708521402
850,179.14304708521402,179.14304708521402,179.14304708521402,179.14304708521402
860,179.14304708521402,179.14304708521402,179.14304708521402,179.14304708521402
870,179.14304708521402,179.14304708521402,179.14304708521402,179.14304708521402
880,179.14304708521402,179.14304708521402,179.14304708521402,179.14304708521402
890,179.14304708521402,179.14304708521402,179.14304708521402,179.14304708521402
900,179.14304708521402,179.14304708521402,179.14304708521402,179.14304708521402
910,179.14304708521402,179.14304708521402,179.14304708521402,179.14304708521402
920,179.14304708521402,179.14304708521402,179.14304708521402,179.14304708521402
930,179.14304708521402,179.14304708521402,179.14304708521402,179.14304708521402
940,179.14304708521402,179.14304708521402,179.14304708521402,179.14304708521402
950,179.14304708521402,179.14304708521402,179.14304708521402,179.14304708521402
960,179.14304708521402,179.14304708521402,179.14304708521402,179.14304708521402
970,179.14304708521402,179.14304708521402,179.14304708521402,179.14304708521402
980,179.14304708521402,179.14304708521402,179.14304708521402,179.14304708521402
990,179.14304708521402,179.14304708521402,179.14304708521402,179.14304708521402
1000,179.14304708521402,179.14304708521402,179.14304708521402,179.14304708521402
1010,179.14304708521402,179.14304708521402,179.14304708521402,179.14304708521402
1020,179.14304708521402,179.14304708521402,179.14304708521402,179.14304708521402
1030,179.14304708521402,179.14304708521402,179.14304708521402,179.14304708521402
1040,179.14304708521402,179.14304708521402,179.14304708521402,179.14304708521402
1050,179.14304708521402,179.14304708521402,179.14304708521402,179.14304708521402
1060,179.14304708521402,179.14304708521402,179.14304708521402,179.14304708521402
1070,179.14304708521402,179.14304708521402,179.14304708521402,179.14304708521402
1080,179.14304708521402,179.14304708521402,179.14304708521402,179.14304708521402
1090,179.14304708521402,179.14304708521402,179.14304708521402,179.14304708521402
1100,179.14304708521402,179.14304708521402,179.14304708521402,179.14304708521402
1110,179.14304708521402,179.14304708521402,179.14304708521402,179.14304708521402
1120,179.14304708521402,179.14304708521402,179.14304708521402,179.14304708521402
1130,179.14304708521402,179.14304708521402,179.14304708521402,179.14304708521402
1140,179.14304708521402,179.14304708521402,179.14304708521402,179.14304708521402
1150,179.14304708521402,179.14304708521402,179.14304708521402,179.14304708521402
1160,179.14304708521402,179.14304708521402,179.14304708521402,179.14304708521402
1170,179.14304708521402,179.14304708521402,179.14304708521402,179.14304708521402
1180,179.14304708521402,179.14304708521402,179.14304708521402,179.14304708521402
1190,179.14304708521402,179.14304708521402,179.14304708521402,179.14304708521402
1200,179.14304708521402,179.14304708521402,179.14304708521402,179.14304708521402
1210,179.14304708521402,179.14304708521402,179.14304708521402,179.14304708521402
1220,179.14304708521402,179.14304708521402,179.14304708521402,179.14304708521402
1230,179.14304708521402,179.14304708521402,179.14304708521402,179.14304708521402
1240,179.14304708521402,179.14304708521402,179.14304708521402,179.14304708521402
1250,179.14304708521402,179.14304708521402,179.14304708521402,179.14304708521402
1260,179.14304708521402,179.14304708521402,179.14304708521402,179.14304708521402
1270,179.14304708521402,179.14304708521402,179.14304708521402,179.14304708521402
1280,179.14304708521402,179.14304708521402,179.14304708521402,179.14304708521402
1290,179.14304708521402,179.14304708521402,179.14304708521402,179.14304708521402
1300,179.14304708521402,179.14304708521402,179.14304708521402,179.14304708521402
1310,179.14304708521402,179.14304708521402,179.14304708521402,179.14304708521402
1320,179.14304708521402,179.14304708521402,179.14304708521402,179.14304708521402
1330,179.14304708521402,179.14304708521402,179.14304708521402,179.14304708521402
1340,179.14304708521402,179.14304708521402,179.14304708521402,179.14304708521402
1350,179.14304708521402,179.14304708521402,179.14304708521402,179.14304708521402
1360,179.14304708521402,179.14304708521402,179.14304708521402,179.14304708521402
1370,179.14304708521402,179.14304708521402,179.14304708521402,179.14304708521402
1380,179.14304708521402,179.14304708521402,179.14304708521402,179.14304708521402
1390,179.14304708521402,179.14304708521402,179.14304708521402,179.14304708521402
1400,179.14304708521402,179.14304708521402,179.14304708521402,179.14304708521402
1410,179.14304708521402,179.14304708521402,179.14304708521402,179.14304708521402
1420,179.14304708521402,179.14304708521402,179.14304708521402,179.14304708521402
1430,179.14304708521402,179.14304708521402,179.14304708521402,179.14304708521402
1440,179.14304708521402,179.14304708521402,179.14304708521402,179.14304708521402
1440,179.14304708521402,179.14304708521402,179.14304708521402,179.14304708521402
1450,179.14284394619975,179.49151061286642,179.1741772795331,179.50563419866262
1460,179.14264080718547,179.83997414051882,179.20530747385214,179.86822131211122
1470,179.14243766817123,180.18843766817122,179.23643766817122,180.23080842555981
1480,179.14223452915695,180.53690119582362,179.2675678624903,180.5933955390084
1490,179.14203139014268,180.88536472347602,179.29869805680934,180.955982652457
1500,179.1418282511284,181.23382825112841,179.32982825112842,181.3185697659056
1510,179.14162511211413,181.5822917787808,179.3609584454475,181.6811568793542
1520,179.14142197309988,181.9307553064332,179.39208863976654,182.0437439928028
1530,179.1412188340856,182.2792188340856,179.42321883408562,182.4063311062514
1540,179.14101569507133,182.627682361738,179.4543490284047,182.7689182197
1550,179.14081255605706,182.9761458893904,179.48547922272374,183.1315053331486
1560,179.14060941704278,183.3246094170428,179.51660941704282,183.4940924465972
1570,179.14040627802854,183.6730729446952,179.5477396113619,183.8566795600458
1580,179.14020313901426,184.0215364723476,179.57886980568094,184.2192666734944
1590,179.14,184.37,179.61,184.581853786943
1600,179.14,184.76466666666667,179.66533333333334,184.98422847502886
1610,179.14,185.15933333333334,179.7206666666667,185.3866031631147
1620,179.14,185.554,179.776,185.78897785120057
1630,179.14,185.94866666666667,179.83133333333333,186.19135253928644
1640,179.14,186.34333333333333,179.88666666666668,186.59372722737228
1650,179.14,186.738,179.942,186.99610191545815
1660,179.14,187.13266666666667,179.99733333333333,187.39847660354403
1670,179.14,187.52733333333333,180.05266666666668,187.80085129162987
1680,179.14,187.922,180.108,188.20322597971574
1690,179.14,188.31666666666666,180.16333333333333,188.6056006678016
1700,179.14,188.71133333333333,180.21866666666668,189.00797535588745
1710,179.14,189.106,180.274,189.41035004397332
1720,179.14,189.50066666666666,180.32933333333332,189.8127247320592
1730,179.14,189.89533333333333,180.38466666666667,190.21509942014504
1740,179.14,190.29,180.44,190.6174741082309
1750,179.14066666666665,190.70533333333333,180.51266666666666,191.03827480579056
1760,179.14133333333334,191.12066666666666,180.58533333333332,191.4590755033502
1770,179.142,191.536,180.658,191.87987620090985
1780,179.14266666666666,191.95133333333334,180.73066666666668,192.30067689846948
1790,179.14333333333332,192.36666666666667,180.80333333333334,192.72147759602913
1800,179.144,192.782,180.876,193.14227829358876
1810,179.14466666666667,193.19733333333335,180.94866666666667,193.56307899114842
1820,179.14533333333333,193.61266666666666,181.02133333333333,193.98387968870804
1830,179.146,194.028,181.094,194.4046803862677
1840,179.14666666666668,194.44333333333333,181.16666666666666,194.82548108382733
1850,179.14733333333334,194.85866666666666,181.23933333333332,195.24628178138698
1860,179.148,195.274,181.312,195.6670824789466
1870,179.14866666666666,195.68933333333334,181.38466666666667,196.08788317650627
1880,179.14933333333335,196.10466666666667,181.45733333333334,196.5086838740659
1890,179.15,196.52,181.53,196.92948457162555
1900,179.15066666666667,196.93266666666668,181.614,197.3473497134955
1910,179.15133333333333,197.34533333333334,181.698,197.76521485536543
1920,179.15200000000002,197.758,181.782,198.18307999723538
1930,179.15266666666668,198.17066666666668,181.86599999999999,198.6009451391053
1940,179.15333333333334,198.58333333333334,181.95,199.01881028097526
1950,179.154,198.996,182.034,199.43667542284518
1960,179.15466666666666,199.40866666666668,182.118,199.85454056471514
1970,179.15533333333335,199.82133333333334,182.202,200.27240570658506
1980,179.156,200.234,182.286,200.69027084845501
1990,179.15666666666667,200.64666666666668,182.37,201.10813599032494
2000,179.15733333333333,201.05933333333334,182.454,201.5260011321949
2010,179.158,201.472,182.53799999999998,201.94386627406482
2020,179.15866666666668,201.88466666666667,182.62199999999999,202.36173141593477
2030,179.15933333333334,202.29733333333334,182.706,202.7795965578047
2040,179.16,202.71,182.79,203.19746169967465
2050,179.162,203.23866666666666,182.89466666666667,203.7353328260713
2060,179.164,203.76733333333334,182.99933333333334,204.27320395246795
2070,179.166,204.296,183.10399999999998,204.81107507886458
2080,179.168,204.82466666666667,183.20866666666666,205.34894620526123
2090,179.17,205.35333333333332,183.31333333333333,205.88681733165788
2100,179.172,205.882,183.418,206.42468845805453
2110,179.174,206.41066666666666,183.52266666666668,206.96255958445118
2120,179.176,206.93933333333334,183.62733333333333,207.5004307108478
2130,179.178,207.468,183.732,208.03830183724446
2140,179.18,207.99666666666667,183.83666666666667,208.5761729636411
2150,179.182,208.52533333333332,183.94133333333335,209.11404409003777
2160,179.184,209.054,184.04600000000002,209.65191521643442
2170,179.186,209.58266666666665,184.15066666666667,210.18978634283104
2180,179.188,210.11133333333333,184.25533333333334,210.7276574692277
2190,179.19,210.64,184.36,211.26552859562435
2200,179.19533333333334,210.97266666666664,184.464,211.59420740472947
2210,179.20066666666668,211.30533333333332,184.568,211.92288621383463
2220,179.206,211.63799999999998,184.672,212.25156502293976
2230,179.21133333333333,211.97066666666666,184.776,212.58024383204489
2240,179.21666666666667,212.3033333333333,184.88,212.90892264115004
2250,179.222,212.636,184.984,213.23760145025517
2260,179.22733333333335,212.96866666666665,185.088,213.5662802593603
2270,179.23266666666666,213.30133333333333,185.192,213.89495906846545
2280,179.238,213.634,185.296,214.22363787757058
2290,179.24333333333334,213.96666666666667,185.4,214.5523166866757
2300,179.24866666666668,214.29933333333332,185.504,214.88099549578087
2310,179.25400000000002,214.632,185.608,215.209674304886
2320,179.25933333333333,214.96466666666666,185.712,215.53835311399112
2330,179.26466666666667,215.29733333333334,185.816,215.86703192309628
2340,179.27,215.63,185.92,216.1957107322014
2350,179.27866666666668,216.05933333333334,186.0233333333333,216.6415905719149
2360,179.28733333333335,216.48866666666666,186.12666666666667,217.08747041162835
2370,179.29600000000002,216.918,186.23,217.53335025134183
2380,179.30466666666666,217.34733333333332,186.33333333333331,217.97923009105529
2390,179.31333333333333,217.77666666666667,186.43666666666667,218.42510993076877
2400,179.322,218.206,186.54,218.87098977048225
2410,179.33066666666667,218.63533333333334,186.64333333333332,219.3168696101957
2420,179.33933333333334,219.06466666666665,186.74666666666667,219.7627494499092
2430,179.348,219.494,186.85,220.20862928962265
2440,179.35666666666668,219.92333333333332,186.95333333333332,220.65450912933613
2450,179.36533333333335,220.35266666666666,187.05666666666667,221.10038896904962
2460,179.374,220.78199999999998,187.16,221.54626880876307
2470,179.38266666666667,221.21133333333333,187.26333333333332,221.99214864847656
2480,179.39133333333334,221.64066666666665,187.36666666666667,222.43802848819
2490,179.4,222.07,187.47,222.8839083279035
2500,179.41333333333333,222.94533333333334,187.62866666666667,223.77338254612513
2510,179.42666666666668,223.82066666666665,187.78733333333332,224.6628567643468
2520,179.44,224.696,187.946,225.55233098256844
2530,179.45333333333335,225.5713333333333,188.10466666666667,226.44180520079007
2540,179.46666666666667,226.44666666666666,188.26333333333332,227.3312794190117
2550,179.48,227.322,188.422,228.22075363723337
2560,179.49333333333334,228.19733333333332,188.58066666666667,229.110227855455
2570,179.50666666666666,229.07266666666666,188.73933333333332,229.99970207367664
2580,179.52,229.94799999999998,188.898,230.88917629189828
2590,179.53333333333333,230.82333333333332,189.05666666666667,231.77865051011995
2600,179.54666666666665,231.69866666666667,189.21533333333332,232.66812472834158
2610,179.56,232.57399999999998,189.374,233.55759894656322
2620,179.57333333333332,233.44933333333333,189.53266666666667,234.44707316478485
2630,179.58666666666667,234.32466666666664,189.69133333333332,235.33654738300652
2640,179.6,235.2,189.85,236.22602160122815
2650,179.61866666666666,235.58666666666664,189.99666666666667,236.60384064749618
2660,179.63733333333332,235.97333333333333,190.14333333333332,236.9816596937642
2670,179.656,236.35999999999999,190.29,237.35947874003222
2680,179.67466666666667,236.74666666666667,190.43666666666667,237.73729778630025
2690,179.69333333333333,237.13333333333333,190.58333333333334,238.11511683256828
2700,179.712,237.51999999999998,190.73,238.49293587883628
2710,179.73066666666665,237.90666666666667,190.87666666666667,238.8707549251043
2720,179.74933333333334,238.29333333333332,191.02333333333334,239.24857397137234
2730,179.768,238.68,191.17000000000002,239.62639301764037
2740,179.78666666666666,239.06666666666666,191.31666666666666,240.00421206390837
2750,179.80533333333332,239.45333333333332,191.46333333333334,240.3820311101764
2760,179.82399999999998,239.84,191.61,240.75985015644443
2770,179.84266666666667,240.22666666666666,191.7566666666667,241.13766920271246
2780,179.86133333333333,240.61333333333334,191.90333333333334,241.51548824898046
2790,179.88,241.0,192.05,241.8933072952485
2800,179.904,241.36666666666667,192.18866666666668,242.26153447832434
2810,179.928,241.73333333333332,192.32733333333334,242.62976166140015
2820,179.952,242.1,192.466,242.997988844476
2830,179.976,242.46666666666667,192.60466666666667,243.36621602755184
2840,180.0,242.83333333333334,192.74333333333334,243.73444321062766
2850,180.024,243.2,192.882,244.1026703937035
2860,180.048,243.56666666666666,193.02066666666667,244.47089757677935
2870,180.072,243.93333333333334,193.15933333333334,244.83912475985517
2880,180.096,244.3,193.298,245.207351942931
2890,180.12,244.66666666666666,193.43666666666667,245.57557912600686
2900,180.144,245.03333333333333,193.57533333333333,245.94380630908267
2910,180.168,245.4,193.714,246.31203349215852
2920,180.192,245.76666666666668,193.85266666666666,246.68026067523436
2930,180.216,246.13333333333333,193.99133333333333,247.04848785831018
2940,180.24,246.5,194.13,247.41671504138603
2950,180.27066666666667,246.886,194.26999999999998,247.8064135288014
2960,180.30133333333333,247.272,194.41,248.19611201621672
2970,180.332,247.658,194.54999999999998,248.58581050363208
2980,180.36266666666668,248.044,194.69,248.9755089910474
2990,180.39333333333335,248.43,194.82999999999998,249.36520747846276
3000,180.424,248.816,194.97,249.75490596587812
3010,180.45466666666667,249.202,195.10999999999999,250.14460445329345
3020,180.48533333333333,249.588,195.25,250.5343029407088
3030,180.516,249.974,195.39,250.92400142812414
3040,180.54666666666665,250.35999999999999,195.53,251.3136999155395
3050,180.5773333333333,250.74599999999998,195.67,251.70339840295486
3060,180.608,251.132,195.81,252.0930968903702
3070,180.63866666666667,251.518,195.95,252.48279537778555
3080,180.66933333333333,251.904,196.09,252.87249386520088
3090,180.7,252.29,196.23,253.26219235261624
3100,180.738,252.72799999999998,196.37866666666665,253.70442531190278
3110,180.77599999999998,253.166,196.52733333333333,254.14665827118935
3120,180.814,253.60399999999998,196.676,254.5888912304759
3130,180.852,254.042,196.82466666666667,255.03112418976247
3140,180.89,254.48,196.97333333333333,255.473357149049
3150,180.928,254.918,197.12199999999999,255.91559010833558
3160,180.966,255.356,197.27066666666667,256.3578230676221
3170,181.004,255.794,197.41933333333333,256.8000560269087
3180,181.042,256.232,197.568,257.24228898619526
3190,181.08,256.67,197.71666666666667,257.6845219454818
3200,181.118,257.108,197.86533333333333,258.12675490476835
3210,181.156,257.546,198.014,258.5689878640549
3220,181.19400000000002,257.98400000000004,198.16266666666667,259.0112208233415
3230,181.232,258.422,198.31133333333335,259.453453782628
3240,181.27,258.86,198.46,259.8956867419146
3250,181.31466666666668,259.1906666666667,198.60533333333333,260.22562231157866
3260,181.35933333333335,259.52133333333336,198.75066666666666,260.55555788124275
3270,181.404,259.85200000000003,198.89600000000002,260.88549345090684
3280,181.44866666666667,260.18266666666665,199.04133333333334,261.215429020571
3290,181.49333333333334,260.5133333333333,199.18666666666667,261.54536459023507
3300,181.538,260.844,199.332,261.87530015989915
3310,181.58266666666668,261.17466666666667,199.47733333333332,262.20523572956324
3320,181.62733333333333,261.50533333333334,199.62266666666667,262.53517129922733
3330,181.672,261.836,199.768,262.8651068688914
3340,181.71666666666667,262.1666666666667,199.91333333333333,263.1950424385555
3350,181.76133333333334,262.49733333333336,200.05866666666665,263.5249780082196
3360,181.806,262.828,200.20399999999998,263.85491357788374
3370,181.85066666666665,263.15866666666665,200.34933333333333,264.1848491475478
3380,181.89533333333333,263.4893333333333,200.49466666666666,264.5147847172119
3390,181.94,263.82,200.64,264.844720286876
3400,181.992,264.3953333333333,200.80066666666664,265.43267999306295
3410,182.044,264.97066666666666,200.96133333333333,266.02063969924984
3420,182.096,265.546,201.12199999999999,266.6085994054368
3430,182.148,266.1213333333333,201.28266666666667,267.19655911162374
3440,182.2,266.69666666666666,201.44333333333333,267.7845188178107
3450,182.252,267.272,201.60399999999998,268.3724785239976
3460,182.304,267.8473333333333,201.76466666666667,268.96043823018454
3470,182.356,268.42266666666666,201.92533333333333,269.5483979363715
3480,182.408,268.998,202.086,270.13635764255844
3490,182.46,269.5733333333333,202.24666666666667,270.72431734874533
3500,182.512,270.14866666666666,202.40733333333333,271.3122770549323
3510,182.564,270.724,202.568,271.90023676111923
3520,182.61599999999999,271.2993333333333,202.72866666666667,272.4881964673062
3530,182.668,271.87466666666666,202.88933333333335,273.0761561734931
3540,182.72,272.45,203.05,273.66411587968
3550,182.77866666666665,273.02066666666667,203.23133333333334,274.2326500727119
3560,182.83733333333333,273.5913333333333,203.41266666666667,274.8011842657438
3570,182.896,274.162,203.59400000000002,275.3697184587757
3580,182.95466666666667,274.73266666666666,203.77533333333335,275.9382526518076
3590,183.01333333333332,275.30333333333334,203.95666666666668,276.5067868448395
3600,183.072,275.87399999999997,204.138,277.0753210378714
3610,183.13066666666666,276.44466666666665,204.31933333333333,277.6438552309033
3620,183.18933333333334,277.01533333333333,204.5006666666667,278.21238942393524
3630,183.248,277.586,204.68200000000002,278.78092361696713
3640,183.30666666666667,278.15666666666664,204.86333333333334,279.349457809999
3650,183.36533333333333,278.7273333333333,205.04466666666667,279.9179920030309
3660,183.424,279.298,205.226,280.4865261960628
3670,183.48266666666666,279.8686666666667,205.40733333333336,281.0550603890947
3680,183.54133333333334,280.4393333333333,205.58866666666668,281.6235945821266
3690,183.6,281.01,205.77,282.1921287751585
3700,183.66466666666665,281.2833333333333,205.93,282.46378780535747
3710,183.72933333333333,281.5566666666667,206.09,282.7354468355565
3720,183.79399999999998,281.83,206.25,283.0071058657555
3730,183.85866666666666,282.10333333333335,206.41,283.2787648959545
3740,183.92333333333332,282.37666666666667,206.57,283.5504239261535
3750,183.988,282.65,206.73,283.8220829563525
3760,184.05266666666665,282.92333333333335,206.89,284.0937419865515
3770,184.11733333333333,283.19666666666666,207.05,284.3654010167505
3780,184.182,283.47,207.21,284.6370600469495
3790,184.24666666666667,283.74333333333334,207.37,284.90871907714853
3800,184.31133333333332,284.01666666666665,207.53,285.1803781073475
3810,184.376,284.29,207.69,285.45203713754654
3820,184.44066666666666,284.56333333333333,207.85,285.7236961677455
3830,184.50533333333334,284.8366666666667,208.01,285.99535519794455
3840,184.57,285.11,208.17,286.2670142281435
3850,184.64133333333334,285.46333333333337,208.33066666666664,286.62426176994603
3860,184.71266666666665,285.81666666666666,208.49133333333333,286.9815093117486
3870,184.784,286.17,208.652,287.3387568535511
3880,184.85533333333333,286.52333333333337,208.81266666666667,287.69600439535367
3890,184.92666666666665,286.87666666666667,208.97333333333333,288.0532519371562
3900,184.998,287.23,209.134,288.41049947895874
3910,185.06933333333333,287.58333333333337,209.29466666666667,288.76774702076125
3920,185.14066666666665,287.93666666666667,209.45533333333333,289.1249945625638
3930,185.212,288.29,209.616,289.4822421043663
3940,185.28333333333333,288.6433333333334,209.77666666666667,289.8394896461689
3950,185.35466666666665,288.99666666666667,209.93733333333333,290.1967371879714
3960,185.426,289.35,210.098,290.55398472977396
3970,185.49733333333333,289.7033333333334,210.25866666666667,290.91123227157647
3980,185.56866666666664,290.0566666666667,210.41933333333336,291.26847981337903
3990,185.64,290.41,210.58,291.62572735518154
4000,185.71733333333333,291.01733333333334,210.7626666666667,292.24769775863336
4010,185.79466666666664,291.6246666666667,210.94533333333334,292.86966816208525
4020,185.87199999999999,292.232,211.12800000000001,293.4916385655371
4030,185.94933333333333,292.83933333333334,211.31066666666666,294.11360896898896
4040,186.02666666666667,293.44666666666666,211.49333333333334,294.7355793724408
4050,186.10399999999998,294.05400000000003,211.67600000000002,295.35754977589266
4060,186.18133333333333,294.66133333333335,211.85866666666666,295.9795201793445
4070,186.25866666666667,295.26866666666666,212.04133333333334,296.6014905827964
4080,186.336,295.876,212.224,297.2234609862482
4090,186.41333333333333,296.48333333333335,212.40666666666667,297.8454313897001
4100,186.49066666666667,297.09066666666666,212.58933333333334,298.4674017931519
4110,186.568,297.698,212.772,299.0893721966038
4120,186.64533333333335,298.3053333333333,212.95466666666667,299.7113426000556
4130,186.72266666666667,298.91266666666667,213.13733333333332,300.3333130035075
4140,186.8,299.52,213.32,300.9552834069593
4150,186.88400000000001,300.096,213.52599999999998,301.5275116034012
4160,186.96800000000002,300.67199999999997,213.732,302.09973979984306
4170,187.05200000000002,301.248,213.938,302.67196799628493
4180,187.136,301.824,214.144,303.2441961927268
4190,187.22,302.4,214.35,303.8164243891687
4200,187.304,302.976,214.55599999999998,304.38865258561054
4210,187.388,303.552,214.762,304.9608807820524
4220,187.472,304.128,214.968,305.5331089784942
4230,187.556,304.704,215.174,306.1053371749361
4240,187.64000000000001,305.28000000000003,215.38,306.67756537137797
4250,187.72400000000002,305.856,215.58599999999998,307.24979356781984
4260,187.808,306.432,215.792,307.8220217642617
4270,187.892,307.00800000000004,215.998,308.3942499607036
4280,187.976,307.584,216.204,308.96647815714545
4290,188.06,308.16,216.41,309.5387063535873
4300,188.14933333333335,308.372,216.58533333333332,309.7467272743599
4310,188.23866666666666,308.584,216.76066666666665,309.9547481951324
4320,188.328,308.796,216.936,310.162769115905
4330,188.41733333333335,309.00800000000004,217.11133333333333,310.37079003667753
4340,188.50666666666666,309.22,217.28666666666666,310.5788109574501
4350,188.596,309.432,217.462,310.7868318782227
4360,188.68533333333335,309.644,217.63733333333332,310.9948527989952
4370,188.77466666666666,309.856,217.81266666666667,311.2028737197678
4380,188.864,310.068,217.988,311.41089464054033
4390,188.95333333333335,310.28,218.16333333333333,311.6189155613129
4400,189.04266666666666,310.49199999999996,218.33866666666665,311.8269364820855
4410,189.132,310.704,218.51399999999998,312.034957402858
4420,189.22133333333335,310.916,218.68933333333334,312.2429783236306
4430,189.31066666666666,311.128,218.86466666666666,312.45099924440314
4440,189.4,311.34,219.04,312.6590201651757
4450,189.49466666666666,311.7253333333333,219.21466666666666,313.04882591341993
4460,189.58933333333334,312.11066666666665,219.38933333333333,313.43863166166415
4470,189.684,312.496,219.564,313.82843740990836
4480,189.77866666666668,312.8813333333333,219.73866666666666,314.2182431581526
4490,189.87333333333333,313.26666666666665,219.91333333333333,314.6080489063968
4500,189.968,313.652,220.088,314.997854654641
4510,190.06266666666667,314.0373333333333,220.26266666666666,315.3876604028852
4520,190.15733333333333,314.42266666666666,220.43733333333333,315.77746615112943
4530,190.252,314.808,220.612,316.16727189937365
4540,190.34666666666666,315.1933333333333,220.78666666666666,316.55707764761786
4550,190.44133333333332,315.57866666666666,220.96133333333333,316.9468833958621
4560,190.536,315.964,221.136,317.3366891441063
4570,190.63066666666666,316.34933333333333,221.31066666666666,317.7264948923505
4580,190.72533333333334,316.73466666666667,221.48533333333333,318.1163006405947
4590,190.82,317.12,221.66,318.50610638883893
4600,190.92,317.57,221.84466666666665,318.9618654778485
4610,191.01999999999998,318.02,222.02933333333334,319.4176245668581
4620,191.12,318.47,222.214,319.87338365586766
4630,191.22,318.92,222.39866666666666,320.32914274487723
4640,191.32,319.37,222.58333333333334,320.7849018338868
4650,191.42,319.82,222.768,321.2406609228964
4660,191.51999999999998,320.27,222.95266666666666,321.69642001190596
4670,191.62,320.72,223.13733333333334,322.15217910091553
4680,191.72,321.17,223.322,322.6079381899251
4690,191.82,321.62,223.50666666666666,323.0636972789347
4700,191.92,322.07,223.69133333333335,323.51945636794426
4710,192.01999999999998,322.52,223.876,323.97521545695383
4720,192.12,322.97,224.06066666666666,324.4309745459634
4730,192.22,323.42,224.24533333333335,324.886733634973
4740,192.32,323.87,224.43,325.34249272398256
4750,192.426,324.31533333333334,224.624,325.7887560794304
4760,192.53199999999998,324.7606666666667,224.818,326.23501943487827
4770,192.638,325.206,225.012,326.6812827903261
4780,192.744,325.65133333333335,225.20600000000002,327.127546145774
4790,192.85,326.0966666666667,225.4,327.57380950122183
4800,192.956,326.54200000000003,225.594,328.0200728566697
4810,193.06199999999998,326.98733333333337,225.788,328.46633621211754
4820,193.168,327.43266666666665,225.982,328.9125995675654
4830,193.274,327.878,226.17600000000002,329.35886292301325
4840,193.38,328.3233333333333,226.37,329.8051262784611
4850,193.486,328.76866666666666,226.564,330.25138963390896
4860,193.59199999999998,329.214,226.758,330.6976529893568
4870,193.698,329.65933333333334,226.952,331.14391634480467
4880,193.804,330.1046666666667,227.14600000000002,331.5901797002525
4890,193.91,330.55,227.34,332.0364430557004
4900,194.02133333333333,330.91,227.53066666666666,332.3977616032594
4910,194.13266666666667,331.27,227.72133333333335,332.75908015081853
4920,194.244,331.63,227.912,333.1203986983776
4930,194.35533333333333,331.99,228.10266666666666,333.48171724593664
4940,194.46666666666667,332.35,228.29333333333332,333.84303579349574
4950,194.578,332.71,228.484,334.2043543410548
4960,194.68933333333334,333.07,228.67466666666667,334.56567288861385
4970,194.80066666666667,333.43,228.86533333333333,334.92699143617295
4980,194.912,333.79,229.05599999999998,335.288309983732
4990,195.02333333333334,334.15,229.24666666666667,335.64962853129106
5000,195.13466666666667,334.51,229.43733333333333,336.01094707885017
5010,195.246,334.87,229.628,336.3722656264092
5020,195.35733333333334,335.23,229.81866666666664,336.73358417396827
5030,195.46866666666668,335.59,230.00933333333333,337.0949027215274
5040,195.58,335.95,230.2,337.4562212690864
5050,195.696,335.92266666666666,230.35866666666666,337.41539096044556
5060,195.812,335.8953333333333,230.5173333333333,337.3745606518047
5070,195.928,335.868,230.676,337.33373034316384
5080,196.044,335.84066666666666,230.83466666666666,337.292900034523
5090,196.16,335.81333333333333,230.99333333333334,337.2520697258821
5100,196.276,335.786,231.152,337.21123941724125
5110,196.392,335.75866666666667,231.31066666666666,337.1704091086004
5120,196.508,335.73133333333334,231.46933333333334,337.12957879995946
5130,196.624,335.704,231.62800000000001,337.0887484913186
5140,196.74,335.6766666666667,231.78666666666666,337.04791818267773
5150,196.856,335.64933333333335,231.94533333333334,337.00708787403687
5160,196.972,335.622,232.104,336.966257565396
5170,197.088,335.5946666666667,232.2626666666667,336.92542725675514
5180,197.204,335.56733333333335,232.42133333333334,336.8845969481143
5190,197.32,335.54,232.58,336.8437666394734
5200,197.44066666666666,335.87733333333335,232.74533333333335,337.1947693359293
5210,197.56133333333332,336.2146666666667,232.91066666666669,337.54577203238523
5220,197.682,336.552,233.07600000000002,337.89677472884114
5230,197.80266666666665,336.88933333333335,233.24133333333333,338.24777742529704
5240,197.92333333333332,337.2266666666667,233.40666666666667,338.59878012175295
5250,198.04399999999998,337.564,233.572,338.94978281820886
5260,198.16466666666665,337.90133333333335,233.73733333333334,339.30078551466477
5270,198.28533333333334,338.2386666666667,233.90266666666668,339.65178821112073
5280,198.406,338.576,234.068,340.00279090757664
5290,198.52666666666667,338.91333333333336,234.23333333333335,340.35379360403255
5300,198.64733333333334,339.2506666666667,234.39866666666668,340.70479630048845
5310,198.768,339.588,234.564,341.05579899694436
5320,198.88866666666667,339.92533333333336,234.72933333333333,341.40680169340027
5330,199.00933333333333,340.2626666666667,234.89466666666667,341.7578043898562
5340,199.13,340.6,235.06,342.1088070863121
5350,199.256,340.93,235.24733333333333,342.42989478068677
5360,199.382,341.26000000000005,235.43466666666666,342.7509824750614
5370,199.508,341.59000000000003,235.622,343.0720701694361
5380,199.634,341.92,235.80933333333334,343.3931578638107
5390,199.76,342.25,235.99666666666667,343.7142455581854
5400,199.886,342.58000000000004,236.184,344.03533325256
5410,200.012,342.91,236.37133333333333,344.3564209469347
5420,200.138,343.24,236.55866666666668,344.6775086413093
5430,200.264,343.57,236.746,344.998596335684
5440,200.39000000000001,343.90000000000003,236.93333333333334,345.3196840300586
5450,200.51600000000002,344.23,237.12066666666666,345.6407717244333
5460,200.642,344.56,237.308,345.96185941880793
5470,200.768,344.89,237.49533333333335,346.2829471131826
5480,200.894,345.22,237.68266666666668,346.60403480755724
5490,201.02,345.55,237.87,346.9251225019319
5500,201.15,345.428,238.012,346.79454718704727
5510,201.28,345.30600000000004,238.154,346.6639718721626
5520,201.41,345.184,238.296,346.53339655727797
5530,201.54000000000002,345.062,238.43800000000002,346.4028212423934
5540,201.67000000000002,344.94,238.58,346.2722459275087
5550,201.8,344.81800000000004,238.722,346.14167061262407
5560,201.93,344.696,238.864,346.0110952977394
5570,202.06,344.574,239.006,345.88051998285476
5580,202.19,344.452,239.148,345.7499446679701
5590,202.32,344.33000000000004,239.29,345.61936935308546
5600,202.45,344.208,239.432,345.4887940382008
5610,202.58,344.086,239.574,345.3582187233162
5620,202.71,343.964,239.716,345.22764340843156
5630,202.84,343.84200000000004,239.858,345.0970680935469
5640,202.97,343.72,240.0,344.96649277866226
5650,203.10399999999998,343.526,240.11666666666667,344.7642984136149
5660,203.238,343.33200000000005,240.23333333333332,344.5621040485675
5670,203.37199999999999,343.13800000000003,240.35,344.3599096835202
5680,203.506,342.944,240.46666666666667,344.1577153184728
5690,203.64,342.75,240.58333333333334,343.95552095342543
5700,203.774,342.55600000000004,240.7,343.75332658837806
5710,203.908,342.362,240.81666666666666,343.5511322233307
5720,204.042,342.168,240.93333333333334,343.34893785828336
5730,204.176,341.974,241.05,343.146743493236
5740,204.31,341.78000000000003,241.16666666666666,342.9445491281886
5750,204.444,341.586,241.28333333333333,342.74235476314124
5760,204.578,341.392,241.4,342.54016039809386
5770,204.712,341.198,241.51666666666668,342.33796603304654
5780,204.846,341.004,241.63333333333333,342.13577166799917
5790,204.98,340.81,241.75,341.9335773029518
5800,205.11733333333333,340.592,241.84866666666667,341.7097138294103
5810,205.25466666666665,340.374,241.94733333333332,341.4858503558688
5820,205.392,340.156,242.046,341.26198688232734
5830,205.5293333333333,339.938,242.14466666666667,341.03812340878585
5840,205.66666666666666,339.72,242.24333333333334,340.81425993524437
5850,205.804,339.502,242.34199999999998,340.5903964617029
5860,205.94133333333332,339.284,242.44066666666666,340.3665329881614
5870,206.07866666666666,339.06600000000003,242.53933333333333,340.1426695146199
5880,206.21599999999998,338.848,242.638,339.9188060410784
5890,206.35333333333332,338.63,242.73666666666665,339.69494256753694
5900,206.49066666666667,338.41200000000003,242.83533333333332,339.47107909399546
5910,206.628,338.194,242.934,339.24721562045397
5920,206.76533333333333,337.976,243.03266666666667,339.0233521469125
5930,206.90266666666665,337.75800000000004,243.13133333333332,338.799488673371
5940,207.04,337.54,243.23,338.5756251998295
5950,207.17933333333332,337.40133333333335,243.32,338.43874236441036
5960,207.31866666666667,337.2626666666667,243.41,338.3018595289912
5970,207.458,337.124,243.5,338.16497669357204
5980,207.59733333333332,336.98533333333336,243.59,338.02809385815283
5990,207.73666666666665,336.8466666666667,243.68,337.89121102273367
6000,207.876,336.708,243.77,337.7543281873145
6010,208.01533333333333,336.56933333333336,243.86,337.61744535189536
6020,208.15466666666666,336.43066666666664,243.95,337.4805625164762
6030,208.29399999999998,336.292,244.04,337.34367968105704
6040,208.43333333333334,336.1533333333333,244.13,337.2067968456379
6050,208.57266666666666,336.01466666666664,244.22,337.0699140102187
6060,208.712,335.876,244.31,336.9330311747995
6070,208.85133333333332,335.7373333333333,244.4,336.79614833938035
6080,208.99066666666667,335.59866666666665,244.49,336.6592655039612
6090,209.13,335.46,244.58,336.52238266854204
6100,209.27066666666667,335.51733333333334,244.68533333333335,336.58113021786164
6110,209.41133333333332,335.57466666666664,244.79066666666668,336.6398777671812
6120,209.552,335.632,244.89600000000002,336.6986253165008
6130,209.69266666666667,335.6893333333333,245.00133333333335,336.7573728658204
6140,209.83333333333334,335.74666666666667,245.10666666666668,336.81612041513995
6150,209.974,335.804,245.21200000000002,336.87486796445955
6160,210.11466666666666,335.86133333333333,245.31733333333335,336.93361551377916
6170,210.25533333333334,335.91866666666664,245.42266666666666,336.9923630630987
6180,210.39600000000002,335.976,245.528,337.0511106124183
6190,210.53666666666666,336.0333333333333,245.63333333333333,337.1098581617379
6200,210.67733333333334,336.09066666666666,245.73866666666666,337.16860571105747
6210,210.818,336.14799999999997,245.844,337.2273532603771
6220,210.9586666666667,336.20533333333333,245.94933333333333,337.2861008096967
6230,211.09933333333333,336.26266666666663,246.05466666666666,337.3448483590162
6240,211.24,336.32,246.16,337.40359590833583
6250,211.38133333333334,336.42199999999997,246.27266666666665,337.5069359957843
6260,211.52266666666668,336.524,246.38533333333334,337.61027608323286
6270,211.66400000000002,336.626,246.498,337.71361617068135
6280,211.80533333333335,336.728,246.61066666666667,337.81695625812984
6290,211.9466666666667,336.83,246.72333333333333,337.9202963455783
6300,212.08800000000002,336.932,246.83599999999998,338.02363643302687
6310,212.22933333333336,337.034,246.94866666666667,338.12697652047535
6320,212.37066666666666,337.136,247.06133333333332,338.23031660792384
6330,212.512,337.238,247.174,338.3336566953723
6340,212.65333333333334,337.34000000000003,247.28666666666666,338.43699678282087
6350,212.79466666666667,337.442,247.39933333333332,338.54033687026936
6360,212.936,337.54400000000004,247.512,338.64367695771784
6370,213.07733333333334,337.646,247.62466666666666,338.74701704516633
6380,213.21866666666668,337.74800000000005,247.73733333333334,338.8503571326149
6390,213.36,337.85,247.85,338.95369722006336
6400,213.5,337.97933333333333,247.968,339.08493893346554
6410,213.64000000000001,338.1086666666667,248.08599999999998,339.2161806468677
6420,213.78,338.238,248.204,339.3474223602699
6430,213.92000000000002,338.36733333333336,248.322,339.47866407367206
6440,214.06,338.49666666666667,248.44,339.60990578707424
6450,214.20000000000002,338.62600000000003,248.558,339.7411475004764
6460,214.34,338.75533333333334,248.676,339.8723892138786
6470,214.48000000000002,338.8846666666667,248.794,340.00363092728077
6480,214.62,339.014,248.912,340.13487264068294
6490,214.76000000000002,339.1433333333334,249.03,340.2661143540851
6500,214.9,339.2726666666667,249.148,340.3973560674873
6510,215.04000000000002,339.40200000000004,249.266,340.52859778088947
6520,215.18,339.53133333333335,249.38400000000001,340.65983949429165
6530,215.32000000000002,339.6606666666667,249.502,340.7910812076938
6540,215.46,339.79,249.62,340.922322921096
6550,215.59866666666667,339.7906666666667,249.73533333333333,340.9129469145348
6560,215.73733333333334,339.79133333333334,249.85066666666668,340.90357090797363
6570,215.876,339.79200000000003,249.966,340.89419490141245
6580,216.01466666666667,339.79266666666666,250.08133333333333,340.88481889485126
6590,216.15333333333334,339.79333333333335,250.19666666666666,340.8754428882901
6600,216.292,339.79400000000004,250.312,340.8660668817289
6610,216.43066666666667,339.79466666666667,250.42733333333334,340.8566908751677
6620,216.56933333333333,339.79533333333336,250.54266666666666,340.84731486860653
6630,216.708,339.796,250.658,340.83793886204535
6640,216.84666666666666,339.7966666666667,250.77333333333334,340.82856285548417
6650,216.98533333333333,339.79733333333337,250.88866666666667,340.819186848923
6660,217.124,339.798,251.004,340.8098108423618
6670,217.26266666666666,339.7986666666667,251.11933333333332,340.8004348358006
6680,217.40133333333333,339.7993333333333,251.23466666666667,340.79105882923943
6690,217.54,339.8,251.35,340.78168282267825
6700,217.67666666666665,339.49,251.42733333333334,340.46316975023666
6710,217.81333333333333,339.18,251.50466666666665,340.14465667779507
6720,217.95,338.87,251.582,339.8261436053535
6730,218.08666666666667,338.56,251.65933333333334,339.50763053291195
6740,218.22333333333333,338.25,251.73666666666665,339.18911746047036
6750,218.35999999999999,337.94,251.814,338.87060438802877
6760,218.49666666666667,337.63,251.89133333333334,338.5520913155872
6770,218.63333333333333,337.32,251.96866666666665,338.2335782431456
6780,218.77,337.01,252.046,337.915065170704
6790,218.90666666666667,336.7,252.12333333333333,337.5965520982624
6800,219.04333333333332,336.39,252.20066666666665,337.2780390258208
6810,219.18,336.08,252.278,336.9595259533793
6820,219.31666666666666,335.77,252.35533333333333,336.6410128809377
6830,219.45333333333335,335.46,252.43266666666665,336.3224998084961
6840,219.59,335.15,252.51,336.0039867360545
6850,219.72466666666668,335.0,252.582,335.85430732588105
6860,219.85933333333332,334.84999999999997,252.654,335.7046279157076
6870,219.994,334.7,252.726,335.55494850553407
6880,220.12866666666667,334.54999999999995,252.798,335.4052690953606
6890,220.26333333333335,334.4,252.87,335.25558968518715
6900,220.398,334.25,252.942,335.1059102750137
6910,220.53266666666667,334.09999999999997,253.014,334.9562308648402
6920,220.66733333333335,333.95,253.08599999999998,334.8065514546667
6930,220.80200000000002,333.79999999999995,253.158,334.65687204449324
6940,220.93666666666667,333.65,253.23,334.5071926343198
6950,221.07133333333334,333.5,253.302,334.3575132241463
6960,221.20600000000002,333.34999999999997,253.374,334.20783381397285
6970,221.3406666666667,333.2,253.446,334.05815440379934
6980,221.47533333333334,333.04999999999995,253.518,333.9084749936259
6990,221.61,332.9,253.59,333.7587955834524
7000,221.74333333333334,332.93199999999996,253.672,333.79697943302455
7010,221.8766666666667,332.964,253.754,333.8351632825967
7020,222.01000000000002,332.996,253.836,333.8733471321688
7030,222.14333333333335,333.02799999999996,253.918,333.91153098174095
7040,222.27666666666667,333.06,254.0,333.9497148313131
7050,222.41000000000003,333.092,254.082,333.9878986808852
7060,222.54333333333335,333.12399999999997,254.164,334.02608253045736
7070,222.67666666666668,333.156,254.246,334.06426638002955
7080,222.81,333.188,254.328,334.1024502296017
7090,222.94333333333336,333.21999999999997,254.41,334.1406340791738
7100,223.07666666666668,333.252,254.492,334.17881792874596
7110,223.21,333.284,254.57399999999998,334.2170017783181
7120,223.34333333333333,333.316,254.656,334.2551856278902
7130,223.4766666666667,333.348,254.738,334.29336947746236
7140,223.61,333.38,254.82,334.3315533270345
7150,223.74066666666667,333.552,254.92066666666665,334.50876071962637
7160,223.87133333333335,333.724,255.02133333333333,334.68596811221823
7170,224.002,333.896,255.12199999999999,334.8631755048101
7180,224.13266666666667,334.068,255.22266666666667,335.0403828974019
7190,224.26333333333335,334.24,255.32333333333332,335.2175902899938
7200,224.394,334.412,255.42399999999998,335.39479768258565
7210,224.52466666666666,334.584,255.52466666666666,335.5720050751775
7220,224.65533333333335,334.756,255.62533333333332,335.7492124677694
7230,224.786,334.928,255.726,335.92641986036125
7240,224.91666666666666,335.09999999999997,255.82666666666665,336.1036272529531
7250,225.04733333333334,335.272,255.9273333333333,336.280834645545
7260,225.178,335.44399999999996,256.02799999999996,336.4580420381368
7270,225.30866666666665,335.616,256.1286666666667,336.63524943072866
7280,225.43933333333334,335.78799999999995,256.22933333333333,336.81245682332053
7290,225.57,335.96,256.33,336.9896642159124
7300,225.69866666666667,336.2233333333333,256.4493333333333,337.2570554347981
7310,225.8273333333333,336.4866666666667,256.5686666666667,337.52444665368375
7320,225.956,336.75,256.688,337.79183787256943
7330,226.08466666666666,337.0133333333333,256.8073333333333,338.0592290914551
7340,226.21333333333334,337.27666666666664,256.9266666666667,338.3266203103408
7350,226.34199999999998,337.54,257.046,338.59401152922646
7360,226.47066666666666,337.80333333333334,257.1653333333333,338.86140274811214
7370,226.59933333333333,338.06666666666666,257.2846666666667,339.1287939669979
7380,226.728,338.33,257.404,339.39618518588355
7390,226.85666666666665,338.59333333333336,257.5233333333333,339.66357640476923
7400,226.98533333333333,338.8566666666667,257.6426666666667,339.9309676236549
7410,227.114,339.12,257.762,340.1983588425406
7420,227.24266666666668,339.3833333333333,257.8813333333333,340.46575006142626
7430,227.37133333333333,339.6466666666667,258.0006666666667,340.73314128031194
7440,227.5,339.91,258.12,341.0005324991976
7450,227.62533333333334,339.92600000000004,258.2273333333333,341.0092089149027
7460,227.75066666666666,339.942,258.3346666666667,341.0178853306077
7470,227.876,339.958,258.442,341.02656174631284
7480,228.00133333333332,339.974,258.5493333333333,341.0352381620179
7490,228.12666666666667,339.99,258.6566666666667,341.04391457772294
7500,228.252,340.00600000000003,258.764,341.052590993428
7510,228.37733333333333,340.022,258.8713333333333,341.06126740913305
7520,228.50266666666667,340.038,258.9786666666667,341.06994382483816
7530,228.628,340.054,259.086,341.0786202405432
7540,228.75333333333333,340.07,259.1933333333333,341.08729665624827
7550,228.87866666666667,340.086,259.3006666666667,341.0959730719533
7560,229.004,340.102,259.408,341.1046494876584
7570,229.12933333333334,340.118,259.51533333333333,341.1133259033635
7580,229.25466666666665,340.13399999999996,259.6226666666667,341.12200231906854
7590,229.38,340.15,259.73,341.1306787347736
7600,229.50333333333333,340.16066666666666,259.82933333333335,341.1396034547915
7610,229.62666666666667,340.17133333333334,259.9286666666667,341.14852817480937
7620,229.75,340.18199999999996,260.028,341.15745289482726
7630,229.87333333333333,340.19266666666664,260.12733333333335,341.1663776148452
7640,229.99666666666667,340.2033333333333,260.2266666666667,341.1753023348631
7650,230.12,340.214,260.326,341.184227054881
7660,230.24333333333334,340.2246666666667,260.42533333333336,341.19315177489887
7670,230.36666666666665,340.2353333333333,260.5246666666667,341.20207649491675
7680,230.48999999999998,340.246,260.624,341.21100121493464
7690,230.61333333333332,340.25666666666666,260.72333333333336,341.2199259349525
7700,230.73666666666665,340.26733333333334,260.8226666666667,341.2288506549704
7710,230.85999999999999,340.278,260.922,341.23777537498836
7720,230.98333333333332,340.28866666666664,261.02133333333336,341.24670009500625
7730,231.10666666666665,340.2993333333333,261.1206666666667,341.25562481502413
7740,231.23,340.31,261.22,341.264549535042
7750,231.34733333333332,340.29200000000003,261.3126666666667,341.2414839128879
7760,231.46466666666666,340.274,261.4053333333334,341.21841829073367
7770,231.582,340.25600000000003,261.49800000000005,341.1953526685795
7780,231.69933333333333,340.238,261.59066666666666,341.17228704642537
7790,231.81666666666666,340.22,261.68333333333334,341.14922142427116
7800,231.934,340.202,261.776,341.126155802117
7810,232.05133333333333,340.184,261.8686666666667,341.10309017996286
7820,232.16866666666667,340.166,261.96133333333336,341.08002455780866
7830,232.286,340.148,262.05400000000003,341.0569589356545
7840,232.40333333333334,340.13,262.1466666666667,341.03389331350036
7850,232.52066666666667,340.112,262.2393333333334,341.01082769134615
7860,232.638,340.094,262.332,340.987762069192
7870,232.75533333333334,340.076,262.42466666666667,340.96469644703785
7880,232.87266666666667,340.058,262.51733333333334,340.94163082488365
7890,232.99,340.04,262.61,340.9185652027295
7900,233.10266666666666,339.956,262.68933333333337,340.8312705919184
7910,233.21533333333335,339.872,262.76866666666666,340.7439759811073
7920,233.328,339.788,262.848,340.6566813702962
7930,233.4406666666667,339.704,262.92733333333337,340.5693867594851
7940,233.55333333333334,339.62,263.00666666666666,340.48209214867404
7950,233.666,339.536,263.086,340.3947975378629
7960,233.77866666666668,339.452,263.16533333333336,340.3075029270518
7970,233.89133333333334,339.368,263.24466666666666,340.22020831624076
7980,234.00400000000002,339.284,263.324,340.13291370542964
7990,234.11666666666667,339.2,263.40333333333336,340.04561909461853
8000,234.22933333333333,339.116,263.48266666666666,339.9583244838075
8010,234.342,339.032,263.562,339.87102987299636
8020,234.45466666666667,338.948,263.64133333333336,339.78373526218525
8030,234.56733333333335,338.864,263.72066666666666,339.6964406513742
8040,234.68,338.78,263.8,339.6091460405631
8050,234.79133333333334,338.82399999999996,263.8846666666667,339.65624210291423
8060,234.90266666666668,338.868,263.96933333333334,339.7033381652654
8070,235.014,338.912,264.05400000000003,339.75043422761655
8080,235.12533333333334,338.95599999999996,264.13866666666667,339.79753028996765
8090,235.23666666666668,339.0,264.22333333333336,339.8446263523188
8100,235.348,339.044,264.308,339.89172241466997
8110,235.45933333333335,339.08799999999997,264.3926666666667,339.93881847702113
8120,235.57066666666665,339.132,264.4773333333333,339.9859145393723
8130,235.682,339.176,264.562,340.03301060172345
8140,235.79333333333332,339.21999999999997,264.64666666666665,340.0801066640746
8150,235.90466666666666,339.264,264.73133333333334,340.12720272642576
8160,236.016,339.308,264.816,340.17429878877687
8170,236.12733333333333,339.352,264.90066666666667,340.221394851128
8180,236.23866666666666,339.396,264.9853333333333,340.2684909134792
8190,236.35,339.44,265.07,340.31558697583034
8200,236.46,339.39466666666664,265.15,340.26530145203265
8210,236.57,339.34933333333333,265.23,340.2150159282349
8220,236.68,339.304,265.31,340.1647304044372
8230,236.79,339.25866666666667,265.39,340.11444488063944
8240,236.9,339.2133333333333,265.46999999999997,340.06415935684174
8250,237.01,339.168,265.55,340.01387383304404
8260,237.12,339.12266666666665,265.63,339.9635883092463
8270,237.23,339.07733333333334,265.71,339.9133027854486
8280,237.34,339.032,265.78999999999996,339.86301726165084
8290,237.45,338.9866666666667,265.87,339.81273173785314
8300,237.56,338.9413333333333,265.95,339.76244621405544
8310,237.67,338.896,266.03,339.7121606902577
8320,237.78,338.85066666666665,266.10999999999996,339.66187516646
8330,237.89,338.80533333333335,266.19,339.61158964266224
8340,238.0,338.76,266.27,339.56130411886454
8350,238.10933333333332,338.75666666666666,266.3446666666666,339.56222863902525
8360,238.21866666666668,338.75333333333333,266.4193333333333,339.56315315918596
8370,238.328,338.75,266.49399999999997,339.5640776793466
8380,238.43733333333333,338.74666666666667,266.5686666666667,339.5650021995073
8390,238.54666666666665,338.74333333333334,266.6433333333333,339.565926719668
8400,238.656,338.74,266.71799999999996,339.56685123982874
8410,238.76533333333333,338.7366666666667,266.79266666666666,339.56777575998944
8420,238.87466666666666,338.7333333333333,266.8673333333333,339.5687002801501
8430,238.98399999999998,338.72999999999996,266.942,339.5696248003108
8440,239.09333333333333,338.72666666666663,267.01666666666665,339.5705493204715
8450,239.20266666666666,338.7233333333333,267.0913333333333,339.5714738406322
8460,239.31199999999998,338.71999999999997,267.166,339.57239836079293
8470,239.4213333333333,338.71666666666664,267.24066666666664,339.5733228809536
8480,239.53066666666666,338.7133333333333,267.31533333333334,339.5742474011143
8490,239.64,338.71,267.39,339.575171921275
8500,239.74733333333333,338.9073333333333,267.4853333333333,339.7758981155014
8510,239.85466666666665,339.1046666666667,267.5806666666667,339.9766243097278
8520,239.962,339.30199999999996,267.676,340.1773505039542
8530,240.06933333333333,339.4993333333333,267.7713333333333,340.3780766981806
8540,240.17666666666665,339.69666666666666,267.8666666666667,340.578802892407
8550,240.284,339.894,267.962,340.7795290866334
8560,240.39133333333334,340.09133333333335,268.0573333333333,340.9802552808598
8570,240.49866666666665,340.28866666666664,268.1526666666667,341.1809814750862
8580,240.606,340.486,268.248,341.3817076693126
8590,240.71333333333334,340.68333333333334,268.3433333333333,341.582433863539
8600,240.82066666666665,340.8806666666667,268.4386666666667,341.7831600577654
8610,240.928,341.07800000000003,268.534,341.9838862519918
8620,241.03533333333334,341.2753333333333,268.6293333333333,342.1846124462182
8630,241.14266666666666,341.47266666666667,268.7246666666667,342.3853386404446
8640,241.25,341.67,268.82,342.586064834671
8650,241.356,340.9266666666667,268.8453333333333,341.8080629778624
8660,241.462,340.18333333333334,268.87066666666664,341.0300611210538
8670,241.568,339.44,268.896,340.2520592642452
8680,241.674,338.69666666666666,268.92133333333334,339.47405740743665
8690,241.78,337.9533333333333,268.94666666666666,338.69605555062805
8700,241.886,337.21,268.972,337.91805369381945
8710,241.992,336.46666666666664,268.9973333333333,337.14005183701084
8720,242.098,335.72333333333336,269.0226666666667,336.36204998020224
8730,242.204,334.98,269.048,335.58404812339364
8740,242.31,334.2366666666667,269.0733333333333,334.80604626658504
8750,242.416,333.49333333333334,269.09866666666665,334.02804440977644
8760,242.522,332.75,269.12399999999997,333.2500425529679
8770,242.62800000000001,332.00666666666666,269.14933333333335,332.4720406961593
8780,242.734,331.2633333333333,269.17466666666667,331.6940388393507
8790,242.84,330.52,269.2,330.9160369825421
8800,242.94466666666668,330.14,269.20533333333333,330.5420791367078
8810,243.04933333333332,329.76,269.21066666666667,330.16812129087344
8820,243.154,329.38,269.216,329.79416344503915
8830,243.25866666666667,329.0,269.2213333333333,329.4202055992048
8840,243.36333333333334,328.62,269.22666666666663,329.0462477533705
8850,243.468,328.24,269.23199999999997,328.67228990753614
8860,243.57266666666666,327.86,269.2373333333333,328.29833206170184
8870,243.67733333333334,327.47999999999996,269.24266666666665,327.9243742158675
8880,243.782,327.09999999999997,269.248,327.5504163700332
8890,243.88666666666666,326.71999999999997,269.25333333333333,327.17645852419884
8900,243.99133333333333,326.34,269.25866666666667,326.80250067836454
8910,244.096,325.96,269.26399999999995,326.4285428325302
8920,244.20066666666668,325.58,269.2693333333333,326.0545849866959
8930,244.30533333333332,325.2,269.27466666666663,325.68062714086153
8940,244.41,324.82,269.28,325.30666929502723
8950,244.51266666666666,324.504,269.294,324.9787103064954
8960,244.61533333333333,324.188,269.308,324.65075131796357
8970,244.718,323.872,269.322,324.3227923294317
8980,244.82066666666665,323.556,269.33599999999996,323.9948333408999
8990,244.92333333333332,323.24,269.34999999999997,323.66687435236804
9000,245.02599999999998,322.924,269.364,323.3389153638362
9010,245.12866666666665,322.608,269.378,323.0109563753044
9020,245.23133333333334,322.292,269.392,322.6829973867725
9030,245.334,321.976,269.406,322.3550383982407
9040,245.43666666666667,321.65999999999997,269.42,322.02707940970885
9050,245.53933333333333,321.344,269.434,321.699120421177
9060,245.642,321.02799999999996,269.448,321.3711614326452
9070,245.74466666666666,320.712,269.462,321.0432024441133
9080,245.84733333333332,320.39599999999996,269.476,320.7152434555815
9090,245.95,320.08,269.49,320.38728446704965
9100,246.05133333333333,319.4513333333333,269.4646666666667,319.74727918214853
9110,246.15266666666665,318.82266666666663,269.43933333333337,319.10727389724735
9120,246.254,318.19399999999996,269.414,318.46726861234623
9130,246.35533333333333,317.56533333333334,269.38866666666667,317.82726332744505
9140,246.45666666666665,316.93666666666667,269.36333333333334,317.18725804254393
9150,246.558,316.308,269.338,316.5472527576428
9160,246.65933333333334,315.6793333333333,269.3126666666667,315.90724747274163
9170,246.76066666666665,315.05066666666664,269.2873333333333,315.2672421878405
9180,246.862,314.42199999999997,269.262,314.62723690293933
9190,246.96333333333334,313.7933333333333,269.2366666666667,313.9872316180382
9200,247.06466666666665,313.1646666666666,269.21133333333336,313.3472263331371
9210,247.166,312.536,269.18600000000004,312.7072210482359
9220,247.26733333333334,311.9073333333333,269.16066666666666,312.0672157633348
9230,247.36866666666666,311.27866666666665,269.13533333333334,311.4272104784336
9240,247.47,310.65,269.11,310.7872051935325
9250,247.568,310.28066666666666,269.0846666666667,310.41983411523347
9260,247.666,309.9113333333333,269.05933333333337,310.05246303693445
9270,247.764,309.542,269.034,309.6850919586355
9280,247.862,309.17266666666666,269.00866666666667,309.3177208803365
9290,247.96,308.80333333333334,268.98333333333335,308.95034980203746
9300,248.058,308.43399999999997,268.958,308.58297872373845
9310,248.156,308.06466666666665,268.9326666666667,308.21560764543943
9320,248.254,307.69533333333334,268.9073333333333,307.8482365671405
9330,248.352,307.326,268.882,307.48086548884146
9340,248.45,306.95666666666665,268.8566666666667,307.11349441054244
9350,248.548,306.58733333333333,268.83133333333336,306.7461233322434
9360,248.646,306.218,268.80600000000004,306.3787522539444
9370,248.744,305.8486666666667,268.78066666666666,306.01138117564545
9380,248.84199999999998,305.47933333333333,268.75533333333334,305.64401009734644
9390,248.94,305.11,268.73,305.2766390190474
9400,249.034,304.78200000000004,268.706,304.9466527251423
9410,249.128,304.454,268.682,304.6166664312372
9420,249.222,304.12600000000003,268.658,304.2866801373321
9430,249.316,303.798,268.634,303.956693843427
9440,249.41,303.47,268.61,303.6267075495219
9450,249.504,303.142,268.586,303.2967212556168
9460,249.59799999999998,302.814,268.562,302.96673496171167
9470,249.692,302.486,268.538,302.6367486678066
9480,249.786,302.158,268.514,302.3067623739015
9490,249.88,301.83,268.49,301.9767760799964
9500,249.974,301.502,268.466,301.6467897860913
9510,250.06799999999998,301.174,268.442,301.3168034921862
9520,250.162,300.846,268.418,300.9868171982811
9530,250.256,300.518,268.394,300.65683090437597
9540,250.35,300.19,268.37,300.32684461047086
9550,250.43933333333334,299.86266666666666,268.34333333333336,299.99548255989527
9560,250.52866666666665,299.5353333333333,268.31666666666666,299.66412050931973
9570,250.618,299.20799999999997,268.29,299.33275845874414
9580,250.70733333333334,298.8806666666667,268.2633333333333,299.0013964081686
9590,250.79666666666665,298.55333333333334,268.2366666666667,298.670034357593
9600,250.886,298.226,268.21000000000004,298.3386723070175
9610,250.97533333333334,297.89866666666666,268.18333333333334,298.0073102564419
9620,251.06466666666665,297.5713333333333,268.1566666666667,297.67594820586635
9630,251.154,297.24399999999997,268.13,297.34458615529076
9640,251.24333333333334,296.91666666666663,268.10333333333335,297.0132241047152
9650,251.33266666666665,296.5893333333333,268.0766666666667,296.68186205413963
9660,251.422,296.262,268.05,296.3505000035641
9670,251.51133333333334,295.93466666666666,268.02333333333337,296.0191379529885
9680,251.60066666666665,295.6073333333333,267.99666666666667,295.68777590241297
9690,251.69,295.28,267.97,295.3564138518374
9700,251.772,294.91266666666667,267.93533333333335,294.98491550352696
9710,251.85399999999998,294.5453333333333,267.90066666666667,294.6134171552166
9720,251.936,294.178,267.86600000000004,294.2419188069062
9730,252.018,293.81066666666663,267.83133333333336,293.87042045859585
9740,252.1,293.4433333333333,267.7966666666667,293.49892211028543
9750,252.182,293.07599999999996,267.762,293.1274237619751
9760,252.26399999999998,292.70866666666666,267.7273333333333,292.75592541366467
9770,252.346,292.3413333333333,267.6926666666667,292.3844270653543
9780,252.428,291.974,267.658,292.0129287170439
9790,252.51,291.6066666666666,267.62333333333333,291.64143036873355
9800,252.59199999999998,291.2393333333333,267.58866666666665,291.26993202042314
9810,252.67399999999998,290.87199999999996,267.554,290.8984336721128
9820,252.756,290.50466666666665,267.51933333333335,290.5269353238024
9830,252.838,290.1373333333333,267.48466666666667,290.155436975492
9840,252.92,289.77,267.45,289.7839386271816
9850,252.99599999999998,289.0213333333333,267.37666666666667,289.01598478222166
9860,253.072,288.2726666666667,267.30333333333334,288.24803093726166
9870,253.148,287.524,267.23,287.4800770923017
9880,253.224,286.7753333333333,267.15666666666664,286.7121232473417
9890,253.29999999999998,286.02666666666664,267.0833333333333,285.94416940238176
9900,253.376,285.278,267.01,285.1762155574218
9910,253.452,284.52933333333334,266.93666666666667,284.4082617124618
9920,253.528,283.78066666666666,266.86333333333334,283.64030786750186
9930,253.60399999999998,283.032,266.79,282.87235402254186
9940,253.68,282.28333333333336,266.7166666666667,282.1044001775819
9950,253.756,281.5346666666667,266.6433333333334,281.33644633262196
9960,253.832,280.786,266.57,280.56849248766196
9970,253.908,280.0373333333333,266.49666666666667,279.800538642702
9980,253.984,279.2886666666667,266.42333333333335,279.032584797742
9990,254.06,278.54,266.35,278.26463095278206
10000,254.13066666666666,278.214,266.27933333333334,277.9501797807377
10010,254.20133333333334,277.88800000000003,266.2086666666667,277.63572860869334
10020,254.272,277.562,266.13800000000003,277.32127743664904
10030,254.34266666666667,277.236,266.06733333333335,277.0068262646047
10040,254.41333333333333,276.91,265.99666666666667,276.6923750925603
10050,254.484,276.584,265.92600000000004,276.37792392051597
10060,254.55466666666666,276.258,265.85533333333336,276.0634727484716
10070,254.62533333333334,275.932,265.7846666666667,275.7490215764273
10080,254.696,275.606,265.714,275.43457040438295
10090,254.76666666666668,275.28,265.6433333333334,275.1201192323386
10100,254.83733333333333,274.954,265.5726666666667,274.80566806029424
10110,254.90800000000002,274.628,265.502,274.4912168882499
10120,254.97866666666667,274.30199999999996,265.4313333333333,274.1767657162056
10130,255.04933333333335,273.976,265.3606666666667,273.8623145441612
10140,255.12,273.65,265.29,273.54786337211686
10150,255.184,273.42066666666665,265.24466666666666,273.31122288850736
10160,255.248,273.1913333333333,265.19933333333336,273.0745824048978
10170,255.312,272.962,265.154,272.8379419212883
10180,255.376,272.73266666666666,265.1086666666667,272.6013014376787
10190,255.44,272.50333333333333,265.06333333333333,272.3646609540692
10200,255.504,272.274,265.01800000000003,272.1280204704597
10210,255.56799999999998,272.04466666666667,264.97266666666667,271.89137998685015
10220,255.632,271.8153333333333,264.92733333333337,271.65473950324065
10230,255.696,271.58599999999996,264.882,271.4180990196311
10240,255.76,271.3566666666666,264.8366666666667,271.1814585360216
10250,255.82399999999998,271.1273333333333,264.79133333333334,270.9448180524121
10260,255.88799999999998,270.89799999999997,264.74600000000004,270.7081775688025
10270,255.952,270.66866666666664,264.7006666666667,270.471537085193
10280,256.01599999999996,270.4393333333333,264.6553333333334,270.23489660158344
10290,256.08,270.21,264.61,269.99825611797394
10300,256.138,269.68333333333334,264.53533333333337,269.46373433831843
10310,256.19599999999997,269.15666666666664,264.46066666666667,268.92921255866287
10320,256.25399999999996,268.63,264.386,268.39469077900736
10330,256.312,268.1033333333333,264.3113333333333,267.8601689993518
10340,256.37,267.57666666666665,264.2366666666667,267.3256472196963
10350,256.428,267.05,264.16200000000003,266.79112544004073
10360,256.486,266.5233333333333,264.08733333333333,266.2566036603852
10370,256.544,265.99666666666667,264.0126666666667,265.72208188072966
10380,256.602,265.46999999999997,263.938,265.18756010107415
10390,256.65999999999997,264.9433333333333,263.86333333333334,264.6530383214186
10400,256.71799999999996,264.4166666666667,263.7886666666667,264.1185165417631
10410,256.776,263.89,263.714,263.5839947621075
10420,256.834,263.36333333333334,263.63933333333335,263.049472982452
10430,256.892,262.83666666666664,263.56466666666665,262.51495120279645
10440,256.95,262.31,263.49,261.98042942314095
10450,257.00066666666663,261.7633333333333,263.39933333333335,261.42678367450804
10460,257.05133333333333,261.2166666666667,263.3086666666667,260.87313792587514
10470,257.102,260.67,263.218,260.31949217724224
10480,257.1526666666667,260.12333333333333,263.12733333333335,259.7658464286094
10490,257.2033333333333,259.57666666666665,263.0366666666667,259.2122006799765
10500,257.25399999999996,259.03000000000003,262.946,258.6585549313436
10510,257.30466666666666,258.48333333333335,262.85533333333336,258.1049091827107
10520,257.3553333333333,257.93666666666667,262.76466666666664,257.5512634340778
10530,257.406,257.39,262.674,256.9976176854449
10540,257.45666666666665,256.84333333333336,262.5833333333333,256.443971936812
10550,257.5073333333333,256.2966666666667,262.49266666666665,255.8903261881791
10560,257.558,255.75,262.402,255.3366804395462
10570,257.60866666666664,255.20333333333335,262.3113333333333,254.7830346909133
10580,257.65933333333334,254.65666666666667,262.22066666666666,254.22938894228042
10590,257.71,254.11,262.13,253.67574319364752
10600,257.75333333333333,253.62,262.03,253.18216275003797
10610,257.7966666666666,253.13000000000002,261.93,252.68858230642846
10620,257.84,252.64000000000001,261.83,252.1950018628189
10630,257.8833333333333,252.15,261.73,251.7014214192094
10640,257.9266666666667,251.66,261.63,251.20784097559985
10650,257.96999999999997,251.17000000000002,261.53,250.7142605319903
10660,258.0133333333333,250.68,261.43,250.2206800883808
10670,258.0566666666667,250.19,261.33,249.72709964477124
10680,258.1,249.7,261.23,249.23351920116173
10690,258.1433333333333,249.21,261.13,248.73993875755218
10700,258.18666666666667,248.72,261.03,248.24635831394264
10710,258.23,248.23,260.93,247.75277787033312
10720,258.27333333333337,247.73999999999998,260.83,247.25919742672357
10730,258.31666666666666,247.25,260.73,246.76561698311406
10740,258.36,246.76,260.63,246.2720365395045
10750,258.3966666666667,246.30533333333332,260.52733333333333,245.81373727301224
10760,258.43333333333334,245.85066666666665,260.42466666666667,245.35543800651996
10770,258.47,245.396,260.322,244.89713874002769
10780,258.50666666666666,244.94133333333332,260.21933333333334,244.4388394735354
10790,258.54333333333335,244.48666666666665,260.1166666666667,243.98054020704313
10800,258.58000000000004,244.03199999999998,260.014,243.52224094055086
10810,258.6166666666667,243.5773333333333,259.91133333333335,243.06394167405858
10820,258.65333333333336,243.12266666666667,259.8086666666666,242.60564240756634
10830,258.69,242.668,259.70599999999996,242.14734314107406
10840,258.7266666666667,242.21333333333334,259.6033333333333,241.68904387458178
10850,258.7633333333334,241.75866666666667,259.50066666666663,241.2307446080895
10860,258.8,241.304,259.39799999999997,240.77244534159723
10870,258.8366666666667,240.84933333333333,259.2953333333333,240.31414607510496
10880,258.87333333333333,240.39466666666667,259.19266666666664,239.85584680861268
10890,258.91,239.94,259.09,239.3975475421204
10900,258.93933333333337,239.496,258.9833333333333,238.94974532483928
10910,258.9686666666667,239.052,258.87666666666667,238.5019431075582
10920,258.99800000000005,238.608,258.77,238.05414089027707
10930,259.02733333333333,238.164,258.6633333333333,237.60633867299597
10940,259.0566666666667,237.72,258.5566666666667,237.15853645571485
10950,259.086,237.276,258.45,236.71073423843376
10960,259.11533333333335,236.832,258.3433333333333,236.26293202115264
10970,259.1446666666667,236.388,258.2366666666667,235.81512980387154
10980,259.17400000000004,235.944,258.13,235.36732758659042
10990,259.2033333333334,235.5,258.0233333333333,234.91952536930933
11000,259.2326666666667,235.056,257.9166666666667,234.4717231520282
11010,259.262,234.612,257.81,234.0239209347471
11020,259.29133333333334,234.168,257.7033333333333,233.576118717466
11030,259.3206666666667,233.724,257.5966666666667,233.1283165001849
11040,259.35,233.28,257.49,232.68051428290377
11050,259.3726666666667,232.82666666666665,257.37733333333335,232.22324464777805
11060,259.3953333333333,232.37333333333333,257.2646666666667,231.76597501265232
11070,259.418,231.92,257.152,231.3087053775266
11080,259.4406666666667,231.46666666666667,257.03933333333333,230.85143574240087
11090,259.46333333333337,231.01333333333332,256.9266666666667,230.39416610727514
11100,259.486,230.56,256.814,229.9368964721494
11110,259.50866666666667,230.10666666666665,256.70133333333337,229.4796268370237
11120,259.53133333333335,229.65333333333334,256.58866666666665,229.02235720189796
11130,259.55400000000003,229.2,256.476,228.56508756677223
11140,259.57666666666665,228.74666666666667,256.36333333333334,228.1078179316465
11150,259.59933333333333,228.29333333333332,256.2506666666667,227.65054829652078
11160,259.622,227.84,256.13800000000003,227.19327866139506
11170,259.6446666666667,227.38666666666666,256.0253333333333,226.73600902626933
11180,259.6673333333333,226.93333333333334,255.91266666666667,226.2787393911436
11190,259.69,226.48,255.8,225.82146975601788
11200,259.70466666666664,226.066,255.6846666666667,225.40536557259068
11210,259.71933333333334,225.652,255.56933333333333,224.9892613891635
11220,259.734,225.238,255.454,224.57315720573632
11230,259.7486666666667,224.82399999999998,255.33866666666668,224.15705302230913
11240,259.7633333333333,224.41,255.22333333333333,223.74094883888193
11250,259.778,223.996,255.108,223.32484465545474
11260,259.79266666666666,223.582,254.99266666666668,222.90874047202755
11270,259.80733333333336,223.168,254.87733333333333,222.49263628860038
11280,259.822,222.754,254.762,222.0765321051732
11290,259.8366666666667,222.34,254.64666666666668,221.660427921746
11300,259.85133333333334,221.92600000000002,254.53133333333332,221.2443237383188
11310,259.86600000000004,221.512,254.416,220.8282195548916
11320,259.8806666666667,221.098,254.30066666666667,220.41211537146444
11330,259.8953333333334,220.684,254.18533333333332,219.99601118803724
11340,259.91,220.27,254.07,219.57990700461005
11350,259.9173333333334,219.86333333333334,253.95266666666666,219.16949012131448
11360,259.92466666666667,219.45666666666668,253.83533333333332,218.75907323801889
11370,259.932,219.05,253.718,218.34865635472332
11380,259.93933333333337,218.64333333333335,253.60066666666665,217.93823947142775
11390,259.94666666666666,218.23666666666668,253.48333333333332,217.52782258813215
11400,259.954,217.83,253.36599999999999,217.11740570483659
11410,259.96133333333336,217.42333333333335,253.24866666666665,216.70698882154102
11420,259.96866666666665,217.01666666666665,253.13133333333334,216.29657193824542
11430,259.976,216.60999999999999,253.014,215.88615505494985
11440,259.98333333333335,216.20333333333332,252.89666666666668,215.47573817165429
11450,259.99066666666664,215.79666666666665,252.77933333333334,215.0653212883587
11460,259.998,215.39,252.662,214.65490440506312
11470,260.00533333333334,214.98333333333332,252.54466666666667,214.24448752176755
11480,260.01266666666663,214.57666666666665,252.42733333333334,213.83407063847196
11490,260.02,214.17,252.31,213.4236537551764
11500,260.02,213.73399999999998,252.186,212.9834460204455
11510,260.02,213.298,252.062,212.5432382857146
11520,260.02,212.862,251.938,212.10303055098373
11530,260.02,212.426,251.814,211.66282281625283
11540,260.02,211.98999999999998,251.69,211.22261508152195
11550,260.02,211.554,251.566,210.78240734679105
11560,260.02,211.118,251.442,210.34219961206017
11570,260.02,210.682,251.31799999999998,209.90199187732927
11580,260.02,210.24599999999998,251.194,209.4617841425984
11590,260.02,209.81,251.07,209.02157640786749
11600,260.02,209.374,250.946,208.5813686731366
11610,260.02,208.938,250.822,208.1411609384057
11620,260.02,208.50199999999998,250.69799999999998,207.70095320367483
11630,260.02,208.066,250.57399999999998,207.26074546894392
11640,260.02,207.63,250.45,206.82053773421305
11650,260.01266666666663,207.302,250.326,206.49230915492302
11660,260.00533333333334,206.974,250.202,206.164080575633
11670,259.998,206.646,250.078,205.83585199634297
11680,259.99066666666664,206.318,249.95399999999998,205.50762341705297
11690,259.98333333333335,205.99,249.82999999999998,205.17939483776294
11700,259.976,205.662,249.706,204.85116625847292
11710,259.96866666666665,205.334,249.582,204.5229376791829
11720,259.96133333333336,205.006,249.458,204.19470909989286
11730,259.954,204.678,249.334,203.86648052060283
11740,259.94666666666666,204.35,249.21,203.5382519413128
11750,259.93933333333337,204.022,249.086,203.21002336202278
11760,259.932,203.69400000000002,248.962,202.88179478273278
11770,259.92466666666667,203.366,248.838,202.55356620344276
11780,259.9173333333334,203.038,248.714,202.22533762415273
11790,259.91,202.71,248.59,201.8971090448627
11800,259.8953333333334,202.376,248.46733333333333,201.5614946117886
11810,259.8806666666667,202.042,248.34466666666668,201.22588017871445
11820,259.86600000000004,201.708,248.222,200.89026574564033
11830,259.85133333333334,201.374,248.09933333333333,200.5546513125662
11840,259.8366666666667,201.04,247.97666666666666,200.21903687949208
11850,259.822,200.706,247.854,199.88342244641794
11860,259.80733333333336,200.37199999999999,247.73133333333334,199.54780801334383
11870,259.79266666666666,200.038,247.60866666666666,199.21219358026968
11880,259.778,199.704,247.486,198.87657914719557
11890,259.7633333333333,199.37,247.36333333333334,198.54096471412143
11900,259.7486666666667,199.036,247.24066666666667,198.20535028104732
11910,259.734,198.702,247.118,197.86973584797317
11920,259.71933333333334,198.368,246.99533333333332,197.53412141489906
11930,259.70466666666664,198.034,246.87266666666667,197.19850698182492
11940,259.69,197.7,246.75,196.8628925487508
11950,259.66866666666664,197.28133333333332,246.62,196.4355363814061
11960,259.64733333333334,196.86266666666666,246.49,196.0081802140614
11970,259.626,196.444,246.36,195.5808240467167
11980,259.6046666666667,196.02533333333332,246.23,195.153467879372
11990,259.5833333333333,195.60666666666665,246.1,194.7261117120273
12000,259.562,195.188,245.97,194.2987555446826
12010,259.54066666666665,194.76933333333332,245.84,193.8713993773379
12020,259.51933333333335,194.35066666666665,245.71,193.4440432099932
12030,259.498,193.932,245.58,193.0166870426485
12040,259.4766666666667,193.51333333333332,245.45000000000002,192.5893308753038
12050,259.45533333333333,193.09466666666665,245.32000000000002,192.1619747079591
12060,259.434,192.676,245.19,191.73461854061438
12070,259.41266666666667,192.25733333333332,245.06,191.30726237326968
12080,259.39133333333336,191.83866666666665,244.93,190.87990620592498
12090,259.37,191.42,244.8,190.45255003858028
12100,259.34133333333335,190.82399999999998,244.64466666666667,189.84909625647853
12110,259.31266666666664,190.22799999999998,244.48933333333335,189.2456424743768
12120,259.284,189.63199999999998,244.334,188.64218869227506
12130,259.25533333333334,189.036,244.1786666666667,188.0387349101733
12140,259.2266666666667,188.44,244.02333333333334,187.43528112807155
12150,259.198,187.844,243.868,186.83182734596983
12160,259.1693333333333,187.248,243.71266666666668,186.22837356386808
12170,259.1406666666667,186.652,243.55733333333333,185.62491978176632
12180,259.112,186.05599999999998,243.40200000000002,185.02146599966457
12190,259.0833333333333,185.45999999999998,243.24666666666667,184.41801221756285
12200,259.05466666666666,184.86399999999998,243.09133333333332,183.8145584354611
12210,259.026,184.268,242.936,183.21110465335934
12220,258.99733333333336,183.672,242.78066666666666,182.6076508712576
12230,258.96866666666665,183.076,242.62533333333334,182.00419708915587
12240,258.94,182.48,242.47,181.4007433070541
12250,258.904,182.36533333333333,242.342,181.2992491409431
12260,258.868,182.25066666666666,242.214,181.1977549748321
12270,258.832,182.136,242.086,181.09626080872107
12280,258.796,182.02133333333333,241.958,180.99476664261005
12290,258.76,181.90666666666667,241.83,180.89327247649905
12300,258.724,181.792,241.702,180.79177831038803
12310,258.688,181.67733333333334,241.574,180.690284144277
12320,258.652,181.56266666666664,241.446,180.588789978166
12330,258.616,181.44799999999998,241.318,180.48729581205498
12340,258.58,181.33333333333331,241.19,180.38580164594396
12350,258.544,181.21866666666665,241.062,180.28430747983296
12360,258.508,181.10399999999998,240.934,180.18281331372194
12370,258.472,180.98933333333332,240.806,180.0813191476109
12380,258.436,180.87466666666666,240.678,179.97982498149992
12390,258.4,180.76,240.55,179.8783308153889
12400,258.358,180.79999999999998,240.45066666666668,179.92798979623285
12410,258.316,180.84,240.35133333333334,179.97764877707684
12420,258.274,180.88,240.252,180.0273077579208
12430,258.23199999999997,180.92,240.15266666666668,180.07696673876475
12440,258.19,180.96,240.05333333333334,180.12662571960874
12450,258.14799999999997,181.0,239.954,180.1762847004527
12460,258.106,181.04,239.85466666666667,180.22594368129666
12470,258.06399999999996,181.08,239.75533333333334,180.27560266214064
12480,258.022,181.12,239.656,180.3252616429846
12490,257.97999999999996,181.16,239.55666666666667,180.37492062382856
12500,257.938,181.20000000000002,239.45733333333334,180.42457960467254
12510,257.89599999999996,181.24,239.358,180.4742385855165
12520,257.854,181.28,239.25866666666667,180.52389756636046
12530,257.81199999999995,181.32000000000002,239.15933333333334,180.57355654720445
12540,257.77,181.36,239.06,180.6232155280484
12550,257.722,181.42066666666668,238.982,180.68460774289173
12560,257.674,181.48133333333334,238.904,180.74599995773505
12570,257.626,181.542,238.826,180.80739217257837
12580,257.578,181.6026666666667,238.748,180.8687843874217
12590,257.53,181.66333333333336,238.67,180.93017660226502
12600,257.48199999999997,181.72400000000002,238.59199999999998,180.99156881710834
12610,257.43399999999997,181.78466666666668,238.51399999999998,181.05296103195167
12620,257.386,181.84533333333334,238.436,181.114353246795
12630,257.338,181.906,238.358,181.17574546163831
12640,257.29,181.96666666666667,238.28,181.23713767648164
12650,257.242,182.02733333333333,238.202,181.29852989132496
12660,257.194,182.08800000000002,238.124,181.35992210616828
12670,257.146,182.14866666666668,238.046,181.4213143210116
12680,257.098,182.20933333333335,237.968,181.48270653585493
12690,257.05,182.27,237.89,181.54409875069825
12700,256.99600000000004,182.204,237.80733333333333,181.47780428658533
12710,256.942,182.138,237.72466666666665,181.4115098224724
12720,256.88800000000003,182.072,237.642,181.34521535835947
12730,256.834,182.006,237.5593333333333,181.27892089424654
12740,256.78000000000003,181.94,237.47666666666666,181.2126264301336
12750,256.726,181.874,237.394,181.14633196602068
12760,256.672,181.808,237.31133333333332,181.08003750190775
12770,256.618,181.74200000000002,237.22866666666667,181.01374303779485
12780,256.564,181.67600000000002,237.146,180.94744857368192
12790,256.51,181.61,237.06333333333333,180.881154109569
12800,256.456,181.544,236.98066666666668,180.81485964545607
12810,256.402,181.478,236.898,180.74856518134314
12820,256.348,181.412,236.81533333333334,180.6822707172302
12830,256.294,181.346,236.73266666666666,180.61597625311728
12840,256.24,181.28,236.65,180.54968178900435
12850,256.18,181.102,236.55933333333334,180.36773256801914
12860,256.12,180.924,236.46866666666668,180.18578334703395
12870,256.06,180.746,236.37800000000001,180.00383412604873
12880,256.0,180.568,236.28733333333332,179.8218849050635
12890,255.94,180.39000000000001,236.19666666666666,179.63993568407832
12900,255.88,180.21200000000002,236.106,179.4579864630931
12910,255.82,180.03400000000002,236.01533333333333,179.2760372421079
12920,255.76000000000002,179.856,235.92466666666667,179.0940880211227
12930,255.70000000000002,179.678,235.834,178.91213880013748
12940,255.64000000000001,179.5,235.74333333333334,178.73018957915227
12950,255.58,179.322,235.65266666666668,178.54824035816708
12960,255.52,179.144,235.56199999999998,178.36629113718186
12970,255.46,178.966,235.47133333333332,178.18434191619664
12980,255.4,178.788,235.38066666666666,178.00239269521146
12990,255.34,178.61,235.29,177.82044347422624
13000,255.276,178.73333333333335,235.21666666666667,177.9576926713676
13010,255.212,178.85666666666668,235.14333333333332,178.09494186850895
13020,255.148,178.98000000000002,235.07,178.2321910656503
13030,255.084,179.10333333333335,234.99666666666667,178.36944026279167
13040,255.02,179.2266666666667,234.92333333333332,178.50668945993303
13050,254.956,179.35000000000002,234.85,178.6439386570744
13060,254.892,179.47333333333336,234.77666666666667,178.78118785421574
13070,254.828,179.59666666666666,234.70333333333332,178.91843705135713
13080,254.764,179.72,234.63,179.0556862484985
13090,254.7,179.84333333333333,234.55666666666667,179.19293544563985
13100,254.636,179.96666666666667,234.48333333333332,179.3301846427812
13110,254.572,180.09,234.41,179.46743383992256
13120,254.508,180.21333333333334,234.33666666666667,179.60468303706392
13130,254.444,180.33666666666667,234.26333333333332,179.74193223420528
13140,254.38,180.46,234.19,179.87918143134664
13150,254.31333333333333,180.62800000000001,234.14466666666667,180.04497237321718
13160,254.24666666666667,180.796,234.09933333333333,180.21076331508775
13170,254.18,180.964,234.054,180.3765542569583
13180,254.11333333333332,181.132,234.00866666666667,180.54234519882883
13190,254.04666666666665,181.3,233.96333333333334,180.70813614069937
13200,253.98,181.468,233.918,180.87392708256994
13210,253.91333333333333,181.636,233.87266666666667,181.03971802444048
13220,253.84666666666666,181.804,233.8273333333333,181.20550896631102
13230,253.78,181.972,233.78199999999998,181.37129990818156
13240,253.71333333333334,182.14,233.73666666666665,181.53709085005212
13250,253.64666666666668,182.308,233.69133333333332,181.70288179192266
13260,253.57999999999998,182.476,233.646,181.8686727337932
13270,253.51333333333332,182.644,233.60066666666665,182.03446367566374
13280,253.44666666666666,182.81199999999998,233.55533333333332,182.2002546175343
13290,253.38,182.98,233.51,182.36604555940485
13300,253.31,182.886,233.44533333333334,182.2697215726072
13310,253.24,182.792,233.38066666666666,182.17339758580957
13320,253.17,182.69799999999998,233.316,182.0770735990119
13330,253.1,182.60399999999998,233.25133333333332,181.98074961221425
13340,253.03,182.51,233.18666666666667,181.8844256254166
13350,252.96,182.416,233.12199999999999,181.78810163861897
13360,252.89000000000001,182.322,233.05733333333333,181.69177765182133
13370,252.82,182.22799999999998,232.99266666666665,181.59545366502365
13380,252.75,182.134,232.928,181.499129678226
13390,252.68,182.04,232.86333333333332,181.40280569142837
13400,252.61,181.946,232.79866666666666,181.30648170463073
13410,252.54000000000002,181.852,232.73399999999998,181.21015771783308
13420,252.47,181.75799999999998,232.66933333333333,181.1138337310354
13430,252.4,181.664,232.60466666666665,181.01750974423777
13440,252.33,181.57,232.54,180.92118575744013
13450,252.25866666666667,181.54266666666666,232.47533333333334,180.89540271088305
13460,252.18733333333336,181.51533333333333,232.41066666666666,180.86961966432597
13470,252.116,181.488,232.346,180.84383661776886
13480,252.04466666666667,181.46066666666667,232.28133333333332,180.81805357121178
13490,251.97333333333333,181.43333333333334,232.21666666666667,180.7922705246547
13500,251.90200000000002,181.406,232.152,180.76648747809762
13510,251.83066666666667,181.37866666666667,232.08733333333333,180.74070443154054
13520,251.75933333333333,181.35133333333332,232.02266666666665,180.71492138498343
13530,251.688,181.32399999999998,231.958,180.68913833842635
13540,251.61666666666667,181.29666666666665,231.89333333333332,180.66335529186927
13550,251.54533333333333,181.26933333333332,231.82866666666666,180.63757224531219
13560,251.474,181.242,231.76399999999998,180.6117891987551
13570,251.40266666666665,181.21466666666666,231.69933333333333,180.586006152198
13580,251.33133333333333,181.18733333333333,231.63466666666665,180.56022310564092
13590,251.26,181.16,231.57,180.53444005908383
13600,251.188,181.186,231.51133333333334,180.563852849574
13610,251.11599999999999,181.212,231.45266666666666,180.5932656400642
13620,251.04399999999998,181.238,231.394,180.62267843055437
13630,250.972,181.264,231.33533333333332,180.65209122104454
13640,250.9,181.29,231.27666666666667,180.6815040115347
13650,250.828,181.316,231.218,180.7109168020249
13660,250.756,181.342,231.15933333333334,180.74032959251508
13670,250.684,181.368,231.10066666666665,180.76974238300525
13680,250.612,181.394,231.042,180.79915517349542
13690,250.54,181.42000000000002,230.98333333333332,180.82856796398562
13700,250.468,181.446,230.92466666666667,180.8579807544758
13710,250.39600000000002,181.472,230.86599999999999,180.88739354496596
13720,250.324,181.49800000000002,230.80733333333333,180.91680633545613
13730,250.252,181.524,230.74866666666665,180.94621912594633
13740,250.18,181.55,230.69,180.9756319164365
13750,250.10733333333334,181.57600000000002,230.63666666666666,181.00094705520556
13760,250.03466666666668,181.602,230.58333333333334,181.02626219397462
13770,249.96200000000002,181.62800000000001,230.53,181.0515773327437
13780,249.88933333333333,181.654,230.47666666666666,181.07689247151276
13790,249.81666666666666,181.68,230.42333333333332,181.10220761028182
13800,249.744,181.70600000000002,230.37,181.12752274905088
13810,249.67133333333334,181.732,230.31666666666666,181.15283788781994
13820,249.59866666666667,181.758,230.26333333333332,181.17815302658903
13830,249.526,181.784,230.20999999999998,181.2034681653581
13840,249.45333333333335,181.81,230.15666666666667,181.22878330412715
13850,249.38066666666668,181.836,230.10333333333332,181.2540984428962
13860,249.308,181.862,230.04999999999998,181.27941358166527
13870,249.23533333333333,181.888,229.99666666666664,181.30472872043435
13880,249.16266666666667,181.914,229.94333333333333,181.3300438592034
13890,249.09,181.94,229.89,181.35535899797247
13900,249.01733333333334,181.902,229.832,181.31728299625206
13910,248.94466666666668,181.864,229.774,181.27920699453162
13920,248.872,181.826,229.71599999999998,181.2411309928112
13930,248.79933333333332,181.788,229.658,181.2030549910908
13940,248.72666666666666,181.75,229.6,181.16497898937038
13950,248.654,181.712,229.542,181.12690298764994
13960,248.58133333333333,181.674,229.484,181.08882698592953
13970,248.50866666666667,181.636,229.426,181.05075098420912
13980,248.436,181.598,229.368,181.0126749824887
13990,248.36333333333334,181.56,229.31,180.97459898076826
14000,248.29066666666668,181.522,229.252,180.93652297904785
14010,248.218,181.484,229.19400000000002,180.89844697732744
14020,248.14533333333333,181.446,229.136,180.86037097560703
14030,248.07266666666666,181.40800000000002,229.078,180.82229497388659
14040,248.0,181.37,229.02,180.78421897216617
14050,247.928,181.19533333333334,228.94866666666667,180.60378515791456
14060,247.856,181.02066666666667,228.87733333333335,180.42335134366292
14070,247.784,180.846,228.806,180.2429175294113
14080,247.712,180.67133333333334,228.73466666666667,180.0624837151597
14090,247.64,180.49666666666667,228.66333333333333,179.88204990090807
14100,247.56799999999998,180.322,228.592,179.70161608665643
14110,247.49599999999998,180.14733333333334,228.52066666666667,179.52118227240481
14120,247.424,179.97266666666667,228.44933333333333,179.3407484581532
14130,247.352,179.798,228.378,179.1603146439016
14140,247.28,179.62333333333333,228.30666666666667,178.97988082964994
14150,247.208,179.44866666666667,228.23533333333333,178.79944701539833
14160,247.136,179.274,228.164,178.6190132011467
14170,247.064,179.09933333333333,228.09266666666664,178.4385793868951
14180,246.992,178.92466666666667,228.02133333333333,178.25814557264346
14190,246.92,178.75,227.95,178.07771175839184
14200,246.84866666666665,178.76,227.88533333333334,178.09548196345645
14210,246.77733333333333,178.77,227.82066666666665,178.1132521685211
14220,246.706,178.78,227.756,178.1310223735857
14230,246.63466666666665,178.79,227.69133333333332,178.14879257865033
14240,246.56333333333333,178.8,227.62666666666667,178.16656278371494
14250,246.492,178.81,227.56199999999998,178.18433298877954
14260,246.42066666666665,178.82,227.49733333333333,178.20210319384418
14270,246.34933333333333,178.83,227.43266666666665,178.2198733989088
14280,246.278,178.84,227.368,178.23764360397342
14290,246.20666666666665,178.85,227.3033333333333,178.25541380903803
14300,246.13533333333334,178.86,227.23866666666666,178.27318401410264
14310,246.064,178.87,227.17399999999998,178.29095421916728
14320,245.99266666666665,178.88,227.10933333333332,178.30872442423188
14330,245.92133333333334,178.89000000000001,227.04466666666664,178.32649462929652
14340,245.85,178.9,226.98,178.34426483436113
14350,245.77866666666665,178.978,226.93066666666667,178.42299379609992
14360,245.70733333333334,179.056,226.88133333333332,178.50172275783868
14370,245.636,179.13400000000001,226.832,178.58045171957747
14380,245.56466666666665,179.212,226.78266666666667,178.65918068131623
14390,245.49333333333334,179.29,226.73333333333332,178.73790964305502
14400,245.422,179.368,226.684,178.81663860479378
14410,245.35066666666665,179.446,226.63466666666667,178.89536756653257
14420,245.27933333333334,179.524,226.58533333333332,178.97409652827133
14430,245.208,179.602,226.536,179.05282549001012
14440,245.13666666666666,179.68,226.48666666666668,179.13155445174888
14450,245.06533333333334,179.758,226.43733333333333,179.21028341348767
14460,244.994,179.83599999999998,226.388,179.28901237522643
14470,244.92266666666666,179.914,226.33866666666668,179.36774133696522
14480,244.85133333333334,179.992,226.28933333333333,179.44647029870399
14490,244.78,180.07,226.24,179.52519926044278
14500,244.71,180.072,226.18866666666668,179.52764171621362
14510,244.64,180.07399999999998,226.13733333333334,179.53008417198447
14520,244.57,180.076,226.086,179.53252662775532
14530,244.5,180.078,226.03466666666668,179.53496908352616
14540,244.43,180.07999999999998,225.98333333333335,179.537411539297
14550,244.35999999999999,180.082,225.93200000000002,179.53985399506786
14560,244.29,180.084,225.88066666666668,179.5422964508387
14570,244.22,180.08599999999998,225.82933333333332,179.54473890660952
14580,244.15,180.088,225.778,179.54718136238037
14590,244.07999999999998,180.09,225.72666666666666,179.54962381815122
14600,244.01,180.09199999999998,225.67533333333333,179.55206627392207
14610,243.94,180.094,225.624,179.5545087296929
14620,243.87,180.096,225.57266666666666,179.55695118546376
14630,243.79999999999998,180.09799999999998,225.52133333333333,179.5593936412346
14640,243.73,180.1,225.47,179.56183609700545
14650,243.66066666666666,180.04399999999998,225.414,179.50394258563387
14660,243.59133333333332,179.988,225.358,179.44604907426228
14670,243.522,179.932,225.302,179.38815556289066
14680,243.45266666666666,179.876,225.246,179.33026205151907
14690,243.38333333333333,179.82,225.19,179.27236854014748
14700,243.314,179.76399999999998,225.134,179.2144750287759
14710,243.24466666666666,179.708,225.078,179.1565815174043
14720,243.17533333333333,179.652,225.022,179.0986880060327
14730,243.106,179.596,224.966,179.0407944946611
14740,243.03666666666666,179.54,224.91,178.9829009832895
14750,242.96733333333333,179.48399999999998,224.85399999999998,178.92500747191792
14760,242.898,179.428,224.798,178.86711396054633
14770,242.82866666666666,179.37199999999999,224.742,178.80922044917472
14780,242.75933333333333,179.316,224.686,178.75132693780313
14790,242.69,179.26,224.63,178.69343342643154
14800,242.62066666666666,179.45,224.59,178.89554708645488
14810,242.55133333333333,179.64,224.54999999999998,179.0976607464782
14820,242.482,179.82999999999998,224.51,179.29977440650154
14830,242.41266666666667,180.02,224.47,179.50188806652488
14840,242.34333333333333,180.21,224.43,179.7040017265482
14850,242.274,180.4,224.39,179.90611538657154
14860,242.20466666666667,180.59,224.35,180.1082290465949
14870,242.13533333333334,180.78,224.31,180.3103427066182
14880,242.066,180.97,224.27,180.51245636664154
14890,241.99666666666667,181.16,224.23,180.7145700266649
14900,241.92733333333334,181.35,224.19,180.9166836866882
14910,241.858,181.54000000000002,224.15,181.11879734671155
14920,241.78866666666667,181.73000000000002,224.11,181.3209110067349
14930,241.71933333333334,181.92000000000002,224.07,181.5230246667582
14940,241.65,182.11,224.03,181.72513832678155
14950,241.582,182.214,224.006,181.8186581768876
14960,241.514,182.318,223.982,181.91217802699362
14970,241.446,182.422,223.958,182.00569787709966
14980,241.37800000000001,182.526,223.934,182.0992177272057
14990,241.31,182.63,223.91,182.19273757731173
15000,241.242,182.734,223.886,182.28625742741778
15010,241.174,182.838,223.862,182.37977727752383
15020,241.106,182.942,223.838,182.47329712762985
15030,241.038,183.046,223.814,182.5668169777359
15040,240.97,183.15,223.79,182.66033682784195
15050,240.902,183.254,223.766,182.75385667794797
15060,240.834,183.358,223.742,182.847376528054
15070,240.766,183.462,223.718,182.94089637816006
15080,240.698,183.566,223.694,183.03441622826608
15090,240.63,183.67,223.67,183.12793607837213
15100,240.56266666666667,183.29533333333333,223.59599999999998,182.74426113724866
15110,240.49533333333332,182.92066666666665,223.522,182.36058619612518
15120,240.428,182.546,223.44799999999998,181.9769112550017
15130,240.36066666666667,182.17133333333334,223.374,181.5932363138782
15140,240.29333333333332,181.79666666666665,223.29999999999998,181.20956137275473
15150,240.226,181.422,223.226,180.82588643163126
15160,240.15866666666668,181.04733333333334,223.152,180.4422114905078
15170,240.09133333333332,180.67266666666666,223.078,180.0585365493843
15180,240.024,180.298,223.004,179.67486160826084
15190,239.95666666666668,179.92333333333335,222.93,179.29118666713737
15200,239.88933333333333,179.54866666666666,222.856,178.9075117260139
15210,239.822,179.174,222.782,178.5238367848904
15220,239.75466666666668,178.79933333333335,222.708,178.14016184376692
15230,239.68733333333333,178.42466666666667,222.63400000000001,177.75648690264345
15240,239.62,178.05,222.56,177.37281196151997
15250,239.55333333333334,178.098,222.502,177.43159910592746
15260,239.48666666666668,178.14600000000002,222.444,177.49038625033495
15270,239.42000000000002,178.19400000000002,222.386,177.54917339474244
15280,239.35333333333332,178.24200000000002,222.328,177.6079605391499
15290,239.28666666666666,178.29000000000002,222.27,177.6667476835574
15300,239.22,178.33800000000002,222.212,177.72553482796488
15310,239.15333333333334,178.38600000000002,222.154,177.78432197237237
15320,239.08666666666667,178.434,222.096,177.84310911677986
15330,239.02,178.482,222.038,177.90189626118735
15340,238.95333333333335,178.53,221.98,177.96068340559484
15350,238.88666666666668,178.578,221.922,178.01947055000232
15360,238.82,178.626,221.864,178.07825769440979
15370,238.75333333333333,178.674,221.806,178.13704483881727
15380,238.68666666666667,178.722,221.748,178.19583198322476
15390,238.62,178.77,221.69,178.25461912763225
15400,238.55466666666666,178.76733333333334,221.63933333333333,178.25139589254303
15410,238.48933333333335,178.76466666666667,221.58866666666665,178.24817265745378
15420,238.424,178.762,221.538,178.24494942236456
15430,238.35866666666666,178.75933333333333,221.48733333333334,178.2417261872753
15440,238.29333333333332,178.75666666666666,221.43666666666667,178.23850295218608
15450,238.228,178.754,221.386,178.23527971709683
15460,238.16266666666667,178.75133333333332,221.33533333333332,178.2320564820076
15470,238.09733333333332,178.74866666666668,221.28466666666668,178.22883324691836
15480,238.03199999999998,178.746,221.234,178.22561001182913
15490,237.96666666666667,178.74333333333334,221.18333333333334,178.22238677673988
15500,237.90133333333333,178.74066666666667,221.13266666666667,178.21916354165066
15510,237.83599999999998,178.738,221.082,178.2159403065614
15520,237.77066666666664,178.73533333333333,221.03133333333335,178.21271707147218
15530,237.70533333333333,178.73266666666666,220.98066666666668,178.20949383638293
15540,237.64,178.73,220.93,178.2062706012937
15550,237.576,178.68466666666666,220.876,178.1603412622805
15560,237.512,178.63933333333333,220.822,178.1144119232673
15570,237.44799999999998,178.594,220.768,178.0684825842541
15580,237.384,178.54866666666666,220.714,178.0225532452409
15590,237.32,178.50333333333333,220.66,177.9766239062277
15600,237.256,178.458,220.606,177.93069456721452
15610,237.192,178.41266666666667,220.552,177.8847652282013
15620,237.128,178.36733333333333,220.49800000000002,177.83883588918812
15630,237.064,178.322,220.44400000000002,177.7929065501749
15640,237.0,178.27666666666667,220.39000000000001,177.74697721116172
15650,236.936,178.23133333333334,220.336,177.7010478721485
15660,236.872,178.186,220.282,177.65511853313532
15670,236.808,178.14066666666668,220.228,177.6091891941221
15680,236.744,178.09533333333334,220.174,177.56325985510892
15690,236.68,178.05,220.12,177.5173305160957
15700,236.61733333333333,177.98133333333334,220.06333333333333,177.44799934873132
15710,236.55466666666666,177.91266666666667,220.00666666666666,177.3786681813669
15720,236.49200000000002,177.84400000000002,219.95000000000002,177.3093370140025
15730,236.42933333333335,177.77533333333335,219.89333333333335,177.24000584663807
15740,236.36666666666667,177.70666666666668,219.83666666666667,177.17067467927367
15750,236.304,177.638,219.78,177.10134351190928
15760,236.24133333333333,177.56933333333333,219.72333333333333,177.03201234454485
15770,236.1786666666667,177.5006666666667,219.66666666666669,176.96268117718046
15780,236.116,177.43200000000002,219.61,176.89335000981603
15790,236.05333333333334,177.36333333333334,219.55333333333334,176.82401884245164
15800,235.99066666666667,177.29466666666667,219.49666666666667,176.75468767508724
15810,235.928,177.226,219.44,176.68535650772282
15820,235.86533333333335,177.15733333333336,219.38333333333335,176.61602534035842
15830,235.80266666666668,177.08866666666668,219.32666666666668,176.546694172994
15840,235.74,177.02,219.27,176.4773630056296
