Time (s),T_outer (C),T_inner (C),T_avg (C),Input Temperature (C)
0,216.441156329641,216.441156329641,216.441156329641,216.441156329641
10,216.441156329641,216.441156329641,216.441156329641,216.441156329641
20,216.441156329641,216.441156329641,216.441156329641,216.441156329641
30,216.441156329641,216.441156329641,216.441156329641,216.441156329641
40,216.441156329641,216.441156329641,216.441156329641,216.441156329641
50,216.441156329641,216.441156329641,216.441156329641,216.441156329641
60,216.441156329641,216.441156329641,216.441156329641,216.441156329641
70,216.441156329641,216.441156329641,216.441156329641,216.441156329641
80,216.441156329641,216.441156329641,216.441156329641,216.441156329641
90,216.441156329641,216.441156329641,216.441156329641,216.441156329641
100,216.441156329641,216.441156329641,216.441156329641,216.441156329641
110,216.441156329641,216.441156329641,216.441156329641,216.441156329641
120,216.441156329641,216.441156329641,216.441156329641,216.441156329641
130,216.441156329641,216.441156329641,216.441156329641,216.441156329641
140,216.441156329641,216.441156329641,216.441156329641,216.441156329641
150,216.441156329641,216.441156329641,216.441156329641,216.441156329641
160,216.441156329641,216.441156329641,216.441156329641,216.441156329641
170,216.441156329641,216.441156329641,216.441156329641,216.441156329641
180,216.441156329641,216.441156329641,216.441156329641,216.441156329641
190,216.441156329641,216.441156329641,216.441156329641,216.441156329641
200,216.441156329641,216.441156329641,216.441156329641,216.441156329641
210,216.441156329641,216.441156329641,216.441156329641,216.441156329641
220,216.441156329641,216.441156329641,216.441156329641,216.441156329641
230,216.441156329641,216.441156329641,216.441156329641,216.441156329641
240,216.441156329641,216.441156329641,216.441156329641,216.441156329641
250,216.441156329641,216.441156329641,216.441156329641,216.441156329641
260,216.441156329641,216.441156329641,216.441156329641,216.441156329641
270,216.441156329641,216.441156329641,216.441156329641,216.441156329641
280,216.441156329641,216.441156329641,216.441156329641,216.441156329641
290,216.441156329641,216.441156329641,216.441156329641,216.441156329641
300,216.441156329641,216.441156329641,216.441156329641,216.441156329641
310,216.441156329641,216.441156329641,216.441156329641,216.441156329641
320,216.441156329641,216.441156329641,216.441156329641,216.441156329641
330,216.441156329641,216.441156329641,216.441156329641,216.441156329641
340,216.441156329641,216.441156329641,216.441156329641,216.441156329641
350,216.441156329641,216.441156329641,216.441156329641,216.441156329641
360,216.441156329641,216.441156329641,216.441156329641,216.441156329641
370,216.441156329641,216.441156329641,216.441156329641,216.441156329641
380,216.441156329641,216.441156329641,216.441156329641,216.441156329641
390,216.441156329641,216.441156329641,216.441156329641,216.441156329641
400,216.441156329641,216.441156329641,216.441156329641,216.441156329641
410,216.441156329641,216.441156329641,216.441156329641,216.441156329641
420,216.441156329641,216.441156329641,216.441156329641,216.441156329641
430,216.441156329641,216.441156329641,216.441156329641,216.441156329641
440,216.441156329641,216.441156329641,216.441156329641,216.441156329641
450,216.441156329641,216.441156329641,216.441156329641,216.441156329641
460,216.441156329641,216.441156329641,216.441156329641,216.441156329641
470,216.441156329641,216.441156329641,216.441156329641,216.441156329641
480,216.441156329641,216.441156329641,216.441156329641,216.441156329641
490,216.441156329641,216.441156329641,216.441156329641,216.441156329641
500,216.441156329641,216.441156329641,216.441156329641,216.441156329641
510,216.441156329641,216.441156329641,216.441156329641,216.441156329641
520,216.441156329641,216.441156329641,216.441156329641,216.441156329641
530,216.441156329641,216.441156329641,216.441156329641,216.441156329641
540,216.441156329641,216.441156329641,216.441156329641,216.441156329641
550,216.441156329641,216.441156329641,216.441156329641,216.441156329641
560,216.441156329641,216.441156329641,216.441156329641,216.441156329641
570,216.441156329641,216.441156329641,216.441156329641,216.441156329641
580,216.441156329641,216.441156329641,216.441156329641,216.441156329641
590,216.441156329641,216.441156329641,216.441156329641,216.441156329641
600,216.441156329641,216.441156329641,216.441156329641,216.441156329641
610,216.441156329641,216.441156329641,216.441156329641,216.441156329641
620,216.441156329641,216.441156329641,216.441156329641,216.441156329641
630,216.441156329641,216.441156329641,216.441156329641,216.441156329641
640,216.441156329641,216.441156329641,216.441156329641,216.441156329641
650,216.441156329641,216.441156329641,216.441156329641,216.441156329641
660,216.441156329641,216.441156329641,216.441156329641,216.441156329641
670,216.441156329641,216.441156329641,216.441156329641,216.441156329641
680,216.441156329641,216.441156329641,216.441156329641,216.441156329641
690,216.441156329641,216.441156329641,216.441156329641,216.441156329641
700,216.441156329641,216.441156329641,216.441156329641,216.441156329641
710,216.441156329641,216.441156329641,216.441156329641,216.441156329641
720,216.441156329641,216.441156329641,216.441156329641,216.441156329641
730,216.441156329641,216.441156329641,216.441156329641,216.441156329641
740,216.441156329641,216.441156329641,216.441156329641,216.441156329641
750,216.441156329641,216.441156329641,216.441156329641,216.441156329641
760,216.441156329641,216.441156329641,216.441156329641,216.441156329641
770,216.441156329641,216.441156329641,216.441156329641,216.441156329641
780,216.441156329641,216.441156329641,216.441156329641,216.441156329641
790,216.441156329641,216.441156329641,216.441156329641,216.441156329641
800,216.441156329641,216.441156329641,216.441156329641,216.441156329641
810,216.441156329641,216.441156329641,216.441156329641,216.441156329641
820,216.441156329641,216.441156329641,216.441156329641,216.441156329641
830,216.441156329641,216.441156329641,216.441156329641,216.441156329641
840,216.441156329641,216.441156329641,216.441156329641,216.441156329641
850,216.441156329641,216.441156329641,216.441156329641,216.441156329641
860,216.441156329641,216.441156329641,216.441156329641,216.441156329641
870,216.441156329641,216.441156329641,216.441156329641,216.441156329641
880,216.441156329641,216.441156329641,216.441156329641,216.441156329641
890,216.441156329641,216.441156329641,216.441156329641,216.441156329641
900,216.441156329641,216.441156329641,216.441156329641,216.441156329641
910,216.441156329641,216.441156329641,216.441156329641,216.441156329641
920,216.441156329641,216.441156329641,216.441156329641,216.441156329641
930,216.441156329641,216.441156329641,216.441156329641,216.441156329641
940,216.441156329641,216.441156329641,216.441156329641,216.441156329641
950,216.441156329641,216.441156329641,216.441156329641,216.441156329641
960,216.441156329641,216.441156329641,216.441156329641,216.441156329641
970,216.441156329641,216.441156329641,216.441156329641,216.441156329641
980,216.441156329641,216.441156329641,216.441156329641,216.441156329641
990,216.441156329641,216.441156329641,216.441156329641,216.441156329641
1000,216.441156329641,216.441156329641,216.441156329641,216.441156329641
1010,216.441156329641,216.441156329641,216.441156329641,216.441156329641
1020,216.441156329641,216.441156329641,216.441156329641,216.441156329641
1030,216.441156329641,216.441156329641,216.441156329641,216.441156329641
1040,216.441156329641,216.441156329641,216.441156329641,216.441156329641
1050,216.441156329641,216.441156329641,216.441156329641,216.441156329641
1060,216.441156329641,216.441156329641,216.441156329641,216.441156329641
1070,216.441156329641,216.441156329641,216.441156329641,216.441156329641
1080,216.441156329641,216.441156329641,216.441156329641,216.441156329641
1090,216.441156329641,216.441156329641,216.441156329641,216.441156329641
1100,216.441156329641,216.441156329641,216.441156329641,216.441156329641
1110,216.441156329641,216.441156329641,216.441156329641,216.441156329641
1120,216.441156329641,216.441156329641,216.441156329641,216.441156329641
1130,216.441156329641,216.441156329641,216.441156329641,216.441156329641
1140,216.441156329641,216.441156329641,216.441156329641,216.441156329641
1150,216.441156329641,216.441156329641,216.441156329641,216.441156329641
1160,216.441156329641,216.441156329641,216.441156329641,216.441156329641
1170,216.441156329641,216.441156329641,216.441156329641,216.441156329641
1180,216.441156329641,216.441156329641,216.441156329641,216.441156329641
1190,216.441156329641,216.441156329641,216.441156329641,216.441156329641
1200,216.441156329641,216.441156329641,216.441156329641,216.441156329641
1210,216.441156329641,216.441156329641,216.441156329641,216.441156329641
1220,216.441156329641,216.441156329641,216.441156329641,216.441156329641
1230,216.441156329641,216.441156329641,216.441156329641,216.441156329641
1240,216.441156329641,216.441156329641,216.441156329641,216.441156329641
1250,216.441156329641,216.441156329641,216.441156329641,216.441156329641
1260,216.441156329641,216.441156329641,216.441156329641,216.441156329641
1270,216.441156329641,216.441156329641,216.441156329641,216.441156329641
1280,216.441156329641,216.441156329641,216.441156329641,216.441156329641
1290,216.441156329641,216.441156329641,216.441156329641,216.441156329641
1300,216.441156329641,216.441156329641,216.441156329641,216.441156329641
1310,216.441156329641,216.441156329641,216.441156329641,216.441156329641
1320,216.441156329641,216.441156329641,216.441156329641,216.441156329641
1330,216.441156329641,216.441156329641,216.441156329641,216.441156329641
1340,216.441156329641,216.441156329641,216.441156329641,216.441156329641
1350,216.441156329641,216.441156329641,216.441156329641,216.441156329641
1360,216.441156329641,216.441156329641,216.441156329641,216.441156329641
1370,216.441156329641,216.441156329641,216.441156329641,216.441156329641
1380,216.441156329641,216.441156329641,216.441156329641,216.441156329641
1390,216.441156329641,216.441156329641,216.441156329641,216.441156329641
1400,216.441156329641,216.441156329641,216.441156329641,216.441156329641
1410,216.441156329641,216.441156329641,216.441156329641,216.441156329641
1420,216.441156329641,216.441156329641,216.441156329641,216.441156329641
1430,216.441156329641,216.441156329641,216.441156329641,216.441156329641
1440,216.441156329641,216.441156329641,216.441156329641,216.441156329641
1440,216.441156329641,216.441156329641,216.441156329641,216.441156329641
1450,216.44107924099825,216.17907924099825,216.41774590766494,216.16844097827993
1460,216.44100215235554,215.91700215235554,216.39433548568886,215.8957256269189
1470,216.4409250637128,215.6549250637128,216.3709250637128,215.62301027555785
1480,216.44084797507006,215.39284797507005,216.34751464173672,215.3502949241968
1490,216.44077088642732,215.1307708864273,216.32410421976067,215.07757957283573
1500,216.4406937977846,214.8686937977846,216.3006937977846,214.8048642214747
1510,216.44061670914186,214.60661670914186,216.27728337580854,214.53214887011364
1520,216.44053962049912,214.34453962049912,216.25387295383246,214.2594335187526
1530,216.44046253185638,214.08246253185638,216.2304625318564,213.98671816739153
1540,216.44038544321367,213.82038544321367,216.20705210988032,213.7140028160305
1550,216.44030835457093,213.55830835457093,216.18364168790427,213.44128746466944
1560,216.4402312659282,213.29623126592818,216.1602312659282,213.1685721133084
1570,216.44015417728545,213.03415417728544,216.13682084395214,212.89585676194733
1580,216.44007708864274,212.77207708864273,216.11341042197606,212.6231414105863
1590,216.44,212.51,216.09,212.35042605922524
1600,216.44,212.61533333333333,216.08,212.47044524037153
1610,216.44,212.72066666666666,216.07,212.59046442151782
1620,216.44,212.826,216.06,212.71048360266408
1630,216.44,212.93133333333333,216.05,212.83050278381037
1640,216.44,213.03666666666666,216.04,212.95052196495666
1650,216.44,213.142,216.03,213.07054114610295
1660,216.44,213.24733333333333,216.02,213.19056032724924
1670,216.44,213.35266666666666,216.01,213.3105795083955
1680,216.44,213.458,216.0,213.4305986895418
1690,216.44,213.56333333333333,215.99,213.5506178706881
1700,216.44,213.66866666666667,215.98,213.67063705183438
1710,216.44,213.774,215.97,213.79065623298067
1720,216.44,213.87933333333334,215.96,213.91067541412693
1730,216.44,213.98466666666667,215.95,214.03069459527322
1740,216.44,214.09,215.94,214.1507137764195
1750,216.44,214.50266666666667,215.97266666666667,214.57810232145167
1760,216.44,214.91533333333334,216.00533333333334,215.0054908664838
1770,216.44,215.328,216.038,215.43287941151596
1780,216.44,215.74066666666667,216.07066666666665,215.86026795654809
1790,216.44,216.15333333333334,216.10333333333332,216.28765650158024
1800,216.44,216.566,216.136,216.7150450466124
1810,216.44,216.97866666666667,216.16866666666667,217.14243359164453
1820,216.44,217.39133333333334,216.20133333333334,217.5698221366767
1830,216.44,217.804,216.234,217.99721068170882
1840,216.44,218.21666666666667,216.26666666666668,218.42459922674098
1850,216.44,218.62933333333334,216.29933333333335,218.85198777177314
1860,216.44,219.042,216.332,219.27937631680527
1870,216.44,219.45466666666667,216.36466666666666,219.70676486183743
1880,216.44,219.86733333333333,216.39733333333334,220.13415340686956
1890,216.44,220.28,216.43,220.56154195190172
1900,216.43933333333334,220.91733333333335,216.50866666666667,221.21093469219826
1910,216.43866666666668,221.55466666666666,216.58733333333333,221.8603274324948
1920,216.438,222.192,216.666,222.50972017279136
1930,216.43733333333333,222.82933333333332,216.7446666666667,223.15911291308794
1940,216.43666666666667,223.46666666666667,216.82333333333335,223.8085056533845
1950,216.436,224.104,216.90200000000002,224.45789839368103
1960,216.43533333333335,224.74133333333333,216.98066666666668,225.10729113397758
1970,216.43466666666666,225.37866666666667,217.05933333333334,225.75668387427413
1980,216.434,226.016,217.138,226.40607661457068
1990,216.43333333333334,226.65333333333334,217.21666666666667,227.05546935486723
2000,216.43266666666668,227.29066666666668,217.29533333333333,227.70486209516378
2010,216.43200000000002,227.928,217.37400000000002,228.35425483546035
2020,216.43133333333333,228.56533333333334,217.4526666666667,229.0036475757569
2030,216.43066666666667,229.20266666666666,217.53133333333335,229.65304031605345
2040,216.43,229.84,217.61,230.30243305635
2050,216.42933333333335,230.12866666666667,217.68266666666668,230.5856505575863
2060,216.42866666666666,230.41733333333335,217.75533333333334,230.86886805882258
2070,216.428,230.706,217.828,231.1520855600589
2080,216.42733333333334,230.99466666666666,217.90066666666667,231.4353030612952
2090,216.42666666666668,231.28333333333333,217.97333333333333,231.7185205625315
2100,216.426,231.572,218.046,232.0017380637678
2110,216.42533333333333,231.86066666666667,218.11866666666666,232.28495556500408
2120,216.42466666666667,232.14933333333332,218.19133333333335,232.5681730662404
2130,216.424,232.438,218.264,232.8513905674767
2140,216.42333333333332,232.72666666666666,218.33666666666667,233.134608068713
2150,216.42266666666666,233.01533333333333,218.40933333333334,233.4178255699493
2160,216.422,233.304,218.482,233.70104307118558
2170,216.42133333333334,233.59266666666664,218.55466666666666,233.9842605724219
2180,216.42066666666665,233.88133333333332,218.62733333333333,234.2674780736582
2190,216.42,234.17,218.7,234.5506955748945
2200,216.41933333333333,234.57333333333332,218.78,234.9626819555293
2210,216.41866666666667,234.97666666666666,218.85999999999999,235.3746683361641
2220,216.41799999999998,235.38,218.94,235.7866547167989
2230,216.41733333333332,235.78333333333333,219.01999999999998,236.1986410974337
2240,216.41666666666666,236.18666666666667,219.1,236.6106274780685
2250,216.416,236.59,219.18,237.0226138587033
2260,216.41533333333334,236.99333333333334,219.26,237.4346002393381
2270,216.41466666666665,237.39666666666665,219.34,237.84658661997287
2280,216.414,237.79999999999998,219.42,238.25857300060767
2290,216.41333333333333,238.20333333333332,219.5,238.67055938124247
2300,216.41266666666667,238.60666666666665,219.58,239.08254576187727
2310,216.412,239.01,219.66,239.49453214251207
2320,216.41133333333332,239.41333333333333,219.74,239.90651852314687
2330,216.41066666666666,239.81666666666666,219.82,240.31850490378167
2340,216.41,240.22,219.9,240.73049128441647
2350,216.41066666666666,240.44466666666668,219.984,240.94147521495887
2360,216.41133333333332,240.66933333333333,220.068,241.15245914550127
2370,216.412,240.894,220.15200000000002,241.36344307604367
2380,216.41266666666667,241.11866666666666,220.236,241.5744270065861
2390,216.41333333333333,241.34333333333333,220.32,241.7854109371285
2400,216.414,241.568,220.404,241.9963948676709
2410,216.41466666666665,241.79266666666666,220.488,242.20737879821328
2420,216.41533333333334,242.01733333333334,220.572,242.41836272875568
2430,216.416,242.242,220.656,242.62934665929808
2440,216.41666666666666,242.46666666666667,220.74,242.84033058984048
2450,216.41733333333332,242.69133333333335,220.824,243.05131452038287
2460,216.41799999999998,242.916,220.908,243.2622984509253
2470,216.41866666666667,243.14066666666668,220.992,243.4732823814677
2480,216.41933333333333,243.36533333333333,221.076,243.6842663120101
2490,216.42,243.59,221.16,243.8952502425525
2500,216.42333333333332,243.28133333333335,221.18266666666668,243.5754603935116
2510,216.42666666666665,242.97266666666667,221.20533333333333,243.2556705444707
2520,216.42999999999998,242.66400000000002,221.228,242.9358806954298
2530,216.43333333333334,242.35533333333333,221.25066666666666,242.6160908463889
2540,216.43666666666667,242.04666666666668,221.27333333333334,242.296300997348
2550,216.44,241.738,221.296,241.9765111483071
2560,216.44333333333333,241.42933333333335,221.31866666666667,241.6567212992662
2570,216.44666666666666,241.12066666666666,221.34133333333332,241.3369314502253
2580,216.45,240.812,221.364,241.0171416011844
2590,216.45333333333332,240.50333333333333,221.38666666666666,240.6973517521435
2600,216.45666666666665,240.19466666666668,221.40933333333334,240.37756190310262
2610,216.46,239.886,221.432,240.0577720540617
2620,216.46333333333334,239.57733333333334,221.45466666666667,239.7379822050208
2630,216.46666666666667,239.26866666666666,221.47733333333332,239.4181923559799
2640,216.47,238.96,221.5,239.098402506939
2650,216.47666666666666,239.56866666666667,221.578,239.73719748806585
2660,216.48333333333332,240.17733333333334,221.656,240.3759924691927
2670,216.49,240.786,221.734,241.01478745031955
2680,216.49666666666667,241.39466666666667,221.81199999999998,241.6535824314464
2690,216.50333333333333,242.00333333333333,221.89,242.29237741257325
2700,216.51,242.612,221.968,242.93117239370008
2710,216.51666666666665,243.22066666666666,222.046,243.56996737482694
2720,216.52333333333334,243.82933333333335,222.124,244.20876235595378
2730,216.53,244.43800000000002,222.202,244.84755733708064
2740,216.53666666666666,245.04666666666668,222.28,245.48635231820748
2750,216.54333333333332,245.65533333333335,222.358,246.12514729933432
2760,216.54999999999998,246.264,222.43599999999998,246.76394228046118
2770,216.55666666666667,246.87266666666667,222.51399999999998,247.40273726158802
2780,216.56333333333333,247.48133333333334,222.59199999999998,248.04153224271488
2790,216.57,248.09,222.67,248.68032722384172
2800,216.57999999999998,248.46133333333333,222.76533333333333,249.04843882778917
2810,216.59,248.83266666666668,222.86066666666665,249.41655043173662
2820,216.6,249.204,222.956,249.78466203568408
2830,216.60999999999999,249.57533333333333,223.05133333333333,250.15277363963153
2840,216.62,249.94666666666666,223.14666666666665,250.520885243579
2850,216.63,250.318,223.242,250.88899684752644
2860,216.64,250.68933333333334,223.33733333333333,251.2571084514739
2870,216.65,251.06066666666666,223.43266666666665,251.62522005542132
2880,216.66,251.432,223.528,251.99333165936878
2890,216.67,251.80333333333334,223.62333333333333,252.36144326331623
2900,216.68,252.17466666666667,223.71866666666665,252.7295548672637
2910,216.69,252.546,223.814,253.09766647121114
2920,216.7,252.91733333333332,223.90933333333334,253.4657780751586
2930,216.71,253.28866666666667,224.00466666666665,253.83388967910605
2940,216.72,253.66,224.1,254.2020012830535
2950,216.73466666666667,253.85399999999998,224.182,254.3940783346571
2960,216.74933333333334,254.048,224.264,254.58615538626074
2970,216.764,254.242,224.346,254.77823243786435
2980,216.77866666666665,254.436,224.428,254.97030948946798
2990,216.79333333333332,254.63,224.51,255.16238654107158
3000,216.808,254.82399999999998,224.592,255.35446359267522
3010,216.82266666666666,255.018,224.674,255.54654064427882
3020,216.83733333333333,255.212,224.756,255.73861769588245
3030,216.852,255.406,224.838,255.93069474748606
3040,216.86666666666667,255.6,224.92000000000002,256.12277179908966
3050,216.88133333333334,255.79399999999998,225.002,256.3148488506933
3060,216.896,255.988,225.084,256.5069259022969
3070,216.91066666666666,256.182,225.166,256.69900295390056
3080,216.92533333333333,256.376,225.24800000000002,256.89108000550414
3090,216.94,256.57,225.33,257.08315705710777
3100,216.958,256.682,225.40066666666667,257.1938483812031
3110,216.976,256.794,225.47133333333335,257.30453970529845
3120,216.994,256.906,225.542,257.4152310293938
3130,217.012,257.018,225.61266666666668,257.5259223534892
3140,217.03,257.13,225.68333333333334,257.63661367758453
3150,217.048,257.242,225.754,257.7473050016799
3160,217.066,257.354,225.82466666666667,257.8579963257752
3170,217.084,257.466,225.89533333333333,257.96868764987056
3180,217.102,257.578,225.966,258.0793789739659
3190,217.12,257.69,226.03666666666666,258.19007029806124
3200,217.138,257.802,226.10733333333332,258.3007616221566
3210,217.156,257.914,226.178,258.411452946252
3220,217.174,258.026,226.24866666666665,258.5221442703473
3230,217.192,258.138,226.31933333333333,258.63283559444267
3240,217.21,258.25,226.39,258.743526918538
3250,217.23133333333334,258.35266666666666,226.45666666666665,258.84605966033115
3260,217.25266666666667,258.45533333333333,226.5233333333333,258.9485924021243
3270,217.274,258.558,226.58999999999997,259.05112514391743
3280,217.29533333333333,258.66066666666666,226.65666666666667,259.15365788571063
3290,217.31666666666666,258.7633333333333,226.72333333333333,259.25619062750377
3300,217.338,258.866,226.79,259.3587233692969
3310,217.35933333333332,258.96866666666665,226.85666666666665,259.46125611109005
3320,217.38066666666668,259.07133333333337,226.92333333333332,259.5637888528832
3330,217.40200000000002,259.17400000000004,226.98999999999998,259.66632159467633
3340,217.42333333333335,259.2766666666667,227.05666666666664,259.7688543364695
3350,217.44466666666668,259.37933333333336,227.1233333333333,259.8713870782626
3360,217.466,259.482,227.19,259.9739198200558
3370,217.48733333333334,259.5846666666667,227.25666666666666,260.07645256184895
3380,217.50866666666667,259.68733333333336,227.32333333333332,260.1789853036421
3390,217.53,259.79,227.39,260.28151804543523
3400,217.55533333333332,260.2406666666667,227.47799999999998,260.74888260644224
3410,217.58066666666667,260.6913333333334,227.566,261.2162471674492
3420,217.606,261.142,227.654,261.6836117284562
3430,217.63133333333334,261.5926666666667,227.742,262.1509762894632
3440,217.65666666666667,262.04333333333335,227.82999999999998,262.61834085047013
3450,217.682,262.494,227.918,263.08570541147714
3460,217.70733333333334,262.9446666666667,228.006,263.55306997248414
3470,217.73266666666666,263.3953333333333,228.094,264.0204345334911
3480,217.758,263.846,228.182,264.4877990944981
3490,217.78333333333333,264.2966666666667,228.27,264.9551636555051
3500,217.80866666666665,264.74733333333336,228.358,265.42252821651203
3510,217.834,265.19800000000004,228.446,265.88989277751904
3520,217.85933333333332,265.64866666666666,228.534,266.35725733852604
3530,217.88466666666667,266.09933333333333,228.622,266.824621899533
3540,217.91,266.55,228.71,267.29198646054
3550,217.93866666666668,266.9773333333333,228.82666666666668,267.71227326411196
3560,217.96733333333333,267.4046666666667,228.94333333333333,268.13256006768387
3570,217.996,267.832,229.06,268.55284687125584
3580,218.02466666666666,268.25933333333336,229.17666666666668,268.9731336748278
3590,218.05333333333334,268.68666666666667,229.29333333333335,269.3934204783997
3600,218.082,269.114,229.41,269.8137072819717
3610,218.11066666666667,269.54133333333334,229.52666666666667,270.23399408554366
3620,218.13933333333333,269.96866666666665,229.64333333333335,270.65428088911557
3630,218.168,270.396,229.76000000000002,271.07456769268754
3640,218.19666666666666,270.8233333333333,229.87666666666667,271.4948544962595
3650,218.22533333333334,271.25066666666663,229.99333333333334,271.9151412998314
3660,218.254,271.678,230.11,272.3354281034034
3670,218.28266666666667,272.1053333333333,230.2266666666667,272.75571490697536
3680,218.31133333333332,272.53266666666667,230.34333333333333,273.17600171054727
3690,218.34,272.96,230.46,273.59628851411924
3700,218.37266666666667,272.9273333333333,230.536,273.5575879836073
3710,218.40533333333335,272.89466666666664,230.612,273.5188874530953
3720,218.43800000000002,272.86199999999997,230.68800000000002,273.4801869225834
3730,218.47066666666666,272.82933333333335,230.764,273.44148639207145
3740,218.50333333333333,272.7966666666667,230.84,273.4027858615595
3750,218.536,272.764,230.916,273.36408533104753
3760,218.56866666666667,272.73133333333334,230.992,273.3253848005356
3770,218.60133333333334,272.69866666666667,231.068,273.28668427002367
3780,218.63400000000001,272.666,231.144,273.2479837395117
3790,218.66666666666669,272.6333333333333,231.22,273.20928320899975
3800,218.69933333333336,272.60066666666665,231.296,273.1705826784878
3810,218.732,272.56800000000004,231.37199999999999,273.13188214797583
3820,218.76466666666667,272.53533333333337,231.448,273.0931816174639
3830,218.79733333333334,272.5026666666667,231.524,273.05448108695197
3840,218.83,272.47,231.6,273.01578055644
3850,218.866,272.9446666666667,231.70466666666667,273.50787598902076
3860,218.90200000000002,273.4193333333333,231.8093333333333,273.9999714216015
3870,218.93800000000002,273.894,231.914,274.49206685418227
3880,218.97400000000002,274.3686666666667,232.01866666666666,274.984162286763
3890,219.01000000000002,274.84333333333336,232.12333333333333,275.4762577193438
3900,219.04600000000002,275.318,232.22799999999998,275.96835315192453
3910,219.08200000000002,275.79266666666666,232.33266666666665,276.4604485845053
3920,219.118,276.26733333333334,232.43733333333333,276.952544017086
3930,219.154,276.742,232.542,277.44463944966674
3940,219.19,277.21666666666664,232.64666666666665,277.9367348822475
3950,219.226,277.6913333333333,232.75133333333332,278.42883031482825
3960,219.262,278.166,232.856,278.920925747409
3970,219.298,278.6406666666667,232.96066666666667,279.41302117998976
3980,219.334,279.1153333333333,233.0653333333333,279.9051166125705
3990,219.37,279.59,233.17,280.39721204515126
4000,219.40866666666668,279.7993333333333,233.27599999999998,280.59914166901495
4010,219.44733333333335,280.00866666666667,233.38199999999998,280.80107129287865
4020,219.486,280.21799999999996,233.488,281.0030009167423
4030,219.52466666666666,280.4273333333333,233.594,281.204930540606
4040,219.56333333333333,280.63666666666666,233.7,281.40686016446966
4050,219.602,280.846,233.80599999999998,281.60878978833335
4060,219.64066666666668,281.05533333333335,233.91199999999998,281.81071941219705
4070,219.67933333333332,281.26466666666664,234.018,282.0126490360607
4080,219.718,281.474,234.124,282.21457865992437
4090,219.75666666666666,281.68333333333334,234.23,282.41650828378806
4100,219.79533333333333,281.8926666666667,234.33599999999998,282.61843790765175
4110,219.834,282.10200000000003,234.44199999999998,282.82036753151544
4120,219.87266666666665,282.3113333333333,234.548,283.0222971553791
4130,219.91133333333332,282.52066666666667,234.654,283.22422677924277
4140,219.95,282.73,234.76,283.42615640310646
4150,219.99266666666665,283.02933333333334,234.858,283.7410494230522
4160,220.0353333333333,283.32866666666666,234.956,284.05594244299783
4170,220.078,283.62800000000004,235.054,284.37083546294355
4180,220.12066666666666,283.92733333333337,235.152,284.6857284828892
4190,220.16333333333333,284.2266666666667,235.25,285.0006215028349
4200,220.206,284.526,235.34799999999998,285.3155145227806
4210,220.24866666666665,284.82533333333333,235.446,285.6304075427263
4220,220.29133333333334,285.1246666666667,235.54399999999998,285.94530056267195
4230,220.334,285.42400000000004,235.642,286.26019358261766
4240,220.37666666666667,285.72333333333336,235.73999999999998,286.5750866025633
4250,220.41933333333333,286.0226666666667,235.838,286.88997962250903
4260,220.462,286.322,235.93599999999998,287.2048726424547
4270,220.50466666666668,286.6213333333334,236.034,287.5197656624004
4280,220.54733333333334,286.9206666666667,236.13199999999998,287.83465868234606
4290,220.59,287.22,236.23,288.1495517022918
4300,220.63666666666666,288.0366666666667,236.39066666666665,288.98053732311854
4310,220.68333333333334,288.85333333333335,236.55133333333333,289.81152294394525
4320,220.73,289.67,236.712,290.642508564772
4330,220.77666666666667,290.4866666666667,236.87266666666665,291.4734941855988
4340,220.82333333333332,291.30333333333334,237.03333333333333,292.3044798064255
4350,220.87,292.12,237.194,293.13546542725226
4360,220.91666666666666,292.93666666666667,237.35466666666665,293.966451048079
4370,220.96333333333334,293.7533333333334,237.51533333333333,294.79743666890573
4380,221.01,294.57000000000005,237.676,295.6284222897325
4390,221.05666666666667,295.3866666666667,237.83666666666664,296.45940791055926
4400,221.10333333333332,296.2033333333334,237.99733333333333,297.290393531386
4410,221.15,297.02000000000004,238.158,298.12137915221274
4420,221.19666666666666,297.8366666666667,238.31866666666664,298.9523647730395
4430,221.24333333333334,298.65333333333336,238.47933333333333,299.7833503938662
4440,221.29,299.47,238.64,300.614336014693
4450,221.33933333333331,299.66,238.77599999999998,300.7899920852762
4460,221.38866666666667,299.85,238.91199999999998,300.96564815585936
4470,221.438,300.04,239.048,301.14130422644257
4480,221.48733333333334,300.23,239.184,301.3169602970258
4490,221.53666666666666,300.42,239.32,301.492616367609
4500,221.58599999999998,300.61,239.456,301.66827243819216
4510,221.63533333333334,300.8,239.59199999999998,301.8439285087754
4520,221.68466666666666,300.99,239.728,302.0195845793586
4530,221.734,301.18,239.864,302.1952406499418
4540,221.78333333333333,301.37,240.0,302.37089672052497
4550,221.83266666666665,301.56,240.136,302.5465527911082
4560,221.882,301.75,240.272,302.7222088616914
4570,221.93133333333333,301.94,240.40800000000002,302.8978649322746
4580,221.98066666666668,302.13,240.544,303.0735210028578
4590,222.03,302.32,240.68,303.249177073441
4600,222.08333333333334,302.56533333333334,240.80533333333335,303.4949045529013
4610,222.13666666666666,302.81066666666663,240.93066666666667,303.7406320323616
4620,222.19,303.056,241.056,303.9863595118219
4630,222.24333333333334,303.30133333333333,241.18133333333333,304.2320869912822
4640,222.29666666666668,303.5466666666667,241.30666666666667,304.4778144707425
4650,222.35,303.792,241.43200000000002,304.7235419502028
4660,222.40333333333334,304.0373333333333,241.55733333333333,304.9692694296631
4670,222.45666666666668,304.28266666666667,241.68266666666668,305.2149969091234
4680,222.51000000000002,304.528,241.808,305.4607243885837
4690,222.56333333333333,304.7733333333333,241.93333333333334,305.706451868044
4700,222.61666666666667,305.01866666666666,242.05866666666668,305.9521793475043
4710,222.67000000000002,305.264,242.184,306.1979068269646
4720,222.72333333333336,305.50933333333336,242.30933333333334,306.4436343064249
4730,222.77666666666667,305.75466666666665,242.43466666666666,306.6893617858852
4740,222.83,306.0,242.56,306.9350892653455
4750,222.88733333333334,306.316,242.686,307.2555974786592
4760,222.94466666666668,306.632,242.812,307.5761056919729
4770,223.002,306.948,242.938,307.8966139052866
4780,223.05933333333334,307.264,243.064,308.2171221186003
4790,223.11666666666667,307.58,243.19,308.537630331914
4800,223.174,307.896,243.316,308.8581385452277
4810,223.23133333333334,308.212,243.442,309.1786467585414
4820,223.28866666666667,308.528,243.56799999999998,309.4991549718551
4830,223.346,308.844,243.694,309.8196631851688
4840,223.40333333333334,309.16,243.82,310.1401713984825
4850,223.46066666666667,309.476,243.946,310.4606796117962
4860,223.518,309.79200000000003,244.072,310.7811878251099
4870,223.57533333333333,310.108,244.19799999999998,311.1016960384236
4880,223.63266666666667,310.42400000000004,244.32399999999998,311.4222042517373
4890,223.69,310.74,244.45,311.742712465051
4900,223.75133333333332,311.13533333333334,244.59,312.1427107371944
4910,223.81266666666667,311.53066666666666,244.73,312.5427090093378
4920,223.874,311.926,244.87,312.9427072814812
4930,223.93533333333335,312.32133333333337,245.01,313.3427055536246
4940,223.99666666666667,312.7166666666667,245.15,313.742703825768
4950,224.058,313.112,245.29,314.1427020979114
4960,224.11933333333334,313.50733333333335,245.43,314.54270037005483
4970,224.18066666666667,313.9026666666667,245.57,314.9426986421982
4980,224.24200000000002,314.298,245.71,315.3426969143416
4990,224.30333333333334,314.6933333333333,245.85,315.74269518648504
5000,224.36466666666666,315.08866666666665,245.99,316.1426934586284
5010,224.42600000000002,315.48400000000004,246.13,316.5426917307718
5020,224.48733333333334,315.87933333333336,246.27,316.94269000291524
5030,224.5486666666667,316.2746666666667,246.41,317.3426882750586
5040,224.61,316.67,246.55,317.742686547202
5050,224.67600000000002,316.40000000000003,246.64066666666668,317.4496965214179
5060,224.74200000000002,316.13,246.73133333333334,317.1567064956337
5070,224.80800000000002,315.86,246.822,316.8637164698496
5080,224.874,315.59000000000003,246.91266666666667,316.57072644406543
5090,224.94,315.32,247.00333333333333,316.2777364182813
5100,225.006,315.05,247.094,315.98474639249713
5110,225.072,314.78000000000003,247.18466666666666,315.691756366713
5120,225.138,314.51,247.27533333333335,315.3987663409288
5130,225.204,314.24,247.366,315.1057763151446
5140,225.27,313.97,247.45666666666668,314.8127862893605
5150,225.336,313.7,247.54733333333334,314.5197962635763
5160,225.402,313.43,247.638,314.2268062377922
5170,225.468,313.16,247.72866666666667,313.933816212008
5180,225.534,312.89,247.81933333333333,313.6408261862239
5190,225.6,312.62,247.91,313.3478361604397
5200,225.67066666666665,312.66533333333336,247.99266666666665,313.4015950816702
5210,225.74133333333333,312.71066666666667,248.07533333333333,313.4553540029008
5220,225.81199999999998,312.75600000000003,248.158,313.5091129241313
5230,225.88266666666667,312.80133333333333,248.24066666666667,313.56287184536177
5240,225.95333333333332,312.8466666666667,248.32333333333332,313.6166307665923
5250,226.024,312.892,248.406,313.6703896878228
5260,226.09466666666665,312.93733333333336,248.48866666666666,313.7241486090533
5270,226.16533333333334,312.98266666666666,248.57133333333334,313.77790753028387
5280,226.236,313.028,248.654,313.83166645151437
5290,226.30666666666667,313.0733333333333,248.73666666666668,313.88542537274486
5300,226.37733333333333,313.1186666666667,248.81933333333333,313.9391842939754
5310,226.448,313.164,248.90200000000002,313.9929432152059
5320,226.51866666666666,313.20933333333335,248.98466666666667,314.0467021364364
5330,226.58933333333334,313.25466666666665,249.06733333333335,314.10046105766696
5340,226.66,313.3,249.15,314.15421997889746
5350,226.734,313.622,249.25933333333333,314.4870998900469
5360,226.808,313.944,249.36866666666668,314.8199798011963
5370,226.882,314.266,249.478,315.1528597123458
5380,226.956,314.588,249.58733333333333,315.4857396234952
5390,227.03,314.91,249.69666666666666,315.81861953464465
5400,227.104,315.232,249.806,316.15149944579406
5410,227.178,315.55400000000003,249.91533333333334,316.4843793569435
5420,227.252,315.876,250.02466666666666,316.8172592680929
5430,227.326,316.198,250.134,317.1501391792424
5440,227.4,316.52,250.24333333333334,317.4830190903918
5450,227.47400000000002,316.842,250.35266666666666,317.81589900154125
5460,227.548,317.164,250.462,318.14877891269066
5470,227.622,317.486,250.5713333333333,318.4816588238401
5480,227.696,317.808,250.68066666666667,318.8145387349895
5490,227.77,318.13,250.79,319.147418646139
5500,227.848,318.666,250.934,319.69179159011156
5510,227.92600000000002,319.202,251.078,320.2361645340842
5520,228.00400000000002,319.738,251.22199999999998,320.7805374780568
5530,228.082,320.274,251.36599999999999,321.3249104220294
5540,228.16,320.81,251.51,321.869283366002
5550,228.238,321.346,251.654,322.4136563099746
5560,228.316,321.882,251.798,322.9580292539472
5570,228.394,322.418,251.94199999999998,323.5024021979198
5580,228.472,322.954,252.08599999999998,324.0467751418924
5590,228.55,323.49,252.23,324.59114808586503
5600,228.62800000000001,324.026,252.374,325.1355210298376
5610,228.706,324.562,252.518,325.67989397381024
5620,228.784,325.098,252.66199999999998,326.2242669177828
5630,228.862,325.634,252.80599999999998,326.76863986175545
5640,228.94,326.17,252.95,327.313012805728
5650,229.02066666666667,326.36333333333334,253.082,327.4988435004298
5660,229.10133333333334,326.5566666666667,253.214,327.6846741951316
5670,229.182,326.75,253.346,327.8705048898334
5680,229.26266666666666,326.9433333333333,253.47799999999998,328.0563355845352
5690,229.34333333333333,327.13666666666666,253.60999999999999,328.242166279237
5700,229.424,327.33,253.742,328.4279969739388
5710,229.50466666666668,327.5233333333333,253.874,328.61382766864057
5720,229.58533333333332,327.7166666666667,254.006,328.7996583633424
5730,229.666,327.91,254.138,328.9854890580442
5740,229.74666666666667,328.10333333333335,254.27,329.171319752746
5750,229.82733333333334,328.2966666666667,254.40200000000002,329.3571504474478
5760,229.90800000000002,328.49,254.534,329.5429811421496
5770,229.98866666666666,328.68333333333334,254.666,329.7288118368514
5780,230.06933333333333,328.87666666666667,254.798,329.91464253155317
5790,230.15,329.07,254.93,330.10047322625496
5800,230.23266666666666,329.51466666666664,255.074,330.55731198315783
5810,230.31533333333334,329.95933333333335,255.218,331.0141507400607
5820,230.398,330.404,255.362,331.47098949696357
5830,230.48066666666668,330.84866666666665,255.506,331.92782825386644
5840,230.56333333333333,331.29333333333335,255.65,332.3846670107693
5850,230.646,331.738,255.79399999999998,332.8415057676722
5860,230.72866666666667,332.18266666666665,255.938,333.29834452457504
5870,230.81133333333332,332.62733333333335,256.082,333.7551832814779
5880,230.894,333.072,256.226,334.2120220383808
5890,230.97666666666666,333.51666666666665,256.37,334.66886079528365
5900,231.0593333333333,333.96133333333336,256.514,335.1256995521865
5910,231.142,334.406,256.65799999999996,335.5825383090894
5920,231.22466666666665,334.85066666666665,256.80199999999996,336.03937706599226
5930,231.30733333333333,335.29533333333336,256.94599999999997,336.4962158228951
5940,231.39,335.74,257.09,336.953054579798
5950,231.4753333333333,336.166,257.25399999999996,337.37433278155663
5960,231.56066666666666,336.592,257.418,337.7956109833152
5970,231.646,337.01800000000003,257.582,338.21688918507385
5980,231.7313333333333,337.444,257.746,338.63816738683244
5990,231.81666666666666,337.87,257.90999999999997,339.0594455885911
6000,231.902,338.296,258.074,339.4807237903497
6010,231.9873333333333,338.722,258.238,339.9020019921083
6020,232.07266666666666,339.148,258.402,340.32328019386694
6030,232.158,339.574,258.566,340.7445583956255
6040,232.2433333333333,340.0,258.73,341.16583659738416
6050,232.32866666666666,340.426,258.894,341.5871147991428
6060,232.414,340.852,259.058,342.0083930009014
6070,232.4993333333333,341.278,259.222,342.42967120266
6080,232.58466666666666,341.704,259.386,342.8509494044186
6090,232.67,342.13,259.55,343.27222760617724
6100,232.75733333333332,342.2133333333333,259.684,343.3513766354463
6110,232.84466666666665,342.2966666666667,259.818,343.43052566471533
6120,232.932,342.38,259.952,343.5096746939844
6130,233.01933333333332,342.4633333333333,260.086,343.5888237232534
6140,233.10666666666665,342.5466666666667,260.22,343.6679727525225
6150,233.194,342.63,260.354,343.7471217817915
6160,233.28133333333332,342.7133333333333,260.488,343.82627081106057
6170,233.36866666666666,342.7966666666667,260.622,343.90541984032967
6180,233.456,342.88,260.75600000000003,343.9845688695987
6190,233.54333333333332,342.9633333333333,260.89,344.06371789886776
6200,233.63066666666666,343.0466666666667,261.024,344.1428669281368
6210,233.718,343.13,261.158,344.22201595740586
6220,233.80533333333332,343.2133333333333,261.29200000000003,344.3011649866749
6230,233.89266666666666,343.2966666666667,261.426,344.38031401594395
6240,233.98,343.38,261.56,344.459463045213
6250,234.07066666666665,343.8073333333333,261.7126666666667,344.8986003801746
6260,234.16133333333332,344.23466666666667,261.86533333333335,345.3377377151363
6270,234.25199999999998,344.662,262.01800000000003,345.77687505009794
6280,234.34266666666667,345.08933333333334,262.17066666666665,346.21601238505957
6290,234.43333333333334,345.51666666666665,262.3233333333333,346.65514972002126
6300,234.524,345.944,262.476,347.0942870549829
6310,234.61466666666666,346.3713333333333,262.6286666666667,347.5334243899445
6320,234.70533333333333,346.7986666666667,262.78133333333335,347.9725617249062
6330,234.796,347.226,262.934,348.41169905986783
6340,234.88666666666666,347.65333333333336,263.0866666666667,348.85083639482946
6350,234.97733333333332,348.0806666666667,263.2393333333334,349.28997372979114
6360,235.068,348.50800000000004,263.392,349.7291110647528
6370,235.15866666666668,348.93533333333335,263.54466666666667,350.1682483997144
6380,235.24933333333334,349.3626666666667,263.69733333333335,350.6073857346761
6390,235.34,349.79,263.85,351.0465230696377
6400,235.43200000000002,350.196,264.00866666666667,351.45311047089274
6410,235.524,350.60200000000003,264.1673333333334,351.85969787214776
6420,235.616,351.00800000000004,264.326,352.2662852734028
6430,235.708,351.414,264.48466666666667,352.67287267465775
6440,235.8,351.82,264.6433333333334,353.0794600759128
6450,235.892,352.226,264.802,353.4860474771678
6460,235.984,352.632,264.96066666666667,353.8926348784228
6470,236.076,353.038,265.1193333333334,354.29922227967785
6480,236.168,353.444,265.278,354.7058096809329
6490,236.26,353.85,265.43666666666667,355.1123970821879
6500,236.352,354.25600000000003,265.5953333333334,355.5189844834429
6510,236.444,354.662,265.754,355.9255718846979
6520,236.536,355.068,265.91266666666667,356.3321592859529
6530,236.628,355.474,266.07133333333337,356.73874668720794
6540,236.72,355.88,266.23,357.14533408846296
6550,236.81533333333334,356.212,266.39000000000004,357.47627059844154
6560,236.91066666666666,356.544,266.55,357.8072071084202
6570,237.006,356.876,266.71000000000004,358.1381436183988
6580,237.10133333333334,357.208,266.87,358.46908012837736
6590,237.19666666666666,357.54,267.03000000000003,358.800016638356
6600,237.292,357.872,267.19,359.1309531483346
6610,237.38733333333334,358.204,267.35,359.46188965831317
6620,237.48266666666666,358.536,267.51,359.7928261682918
6630,237.578,358.868,267.67,360.1237626782704
6640,237.67333333333335,359.2,267.83,360.454699188249
6650,237.76866666666666,359.532,267.99,360.7856356982276
6660,237.864,359.86400000000003,268.15,361.1165722082062
6670,237.95933333333335,360.196,268.31,361.4475087181848
6680,238.05466666666666,360.528,268.46999999999997,361.77844522816343
6690,238.15,360.86,268.63,362.109381738142
6700,238.24866666666668,361.0726666666667,268.78,362.32156639927445
6710,238.34733333333332,361.28533333333337,268.93,362.5337510604068
6720,238.446,361.498,269.08,362.74593572153924
6730,238.54466666666667,361.71066666666667,269.23,362.9581203826716
6740,238.64333333333335,361.92333333333335,269.38,363.17030504380403
6750,238.742,362.136,269.53,363.3824897049364
6760,238.84066666666666,362.3486666666667,269.68,363.59467436606883
6770,238.93933333333334,362.5613333333333,269.83,363.8068590272012
6780,239.038,362.774,269.98,364.0190436883336
6790,239.13666666666666,362.9866666666667,270.13,364.231228349466
6800,239.23533333333333,363.19933333333336,270.28,364.4434130105984
6810,239.334,363.41200000000003,270.43,364.6555976717308
6820,239.43266666666668,363.62466666666666,270.58,364.8677823328632
6830,239.53133333333332,363.83733333333333,270.73,365.0799669939956
6840,239.63,364.05,270.88,365.292151655128
6850,239.73133333333334,363.92133333333334,270.9993333333333,365.14992608110464
6860,239.83266666666665,363.79266666666666,271.1186666666667,365.0077005070812
6870,239.934,363.664,271.238,364.86547493305784
6880,240.03533333333334,363.53533333333337,271.3573333333333,364.7232493590344
6890,240.13666666666666,363.4066666666667,271.4766666666667,364.58102378501104
6900,240.238,363.278,271.596,364.4387982109876
6910,240.33933333333334,363.14933333333335,271.7153333333333,364.29657263696424
6920,240.44066666666666,363.02066666666667,271.8346666666667,364.1543470629408
6930,240.542,362.892,271.954,364.01212148891744
6940,240.64333333333335,362.7633333333333,272.0733333333333,363.869895914894
6950,240.74466666666666,362.63466666666665,272.1926666666667,363.72767034087065
6960,240.846,362.50600000000003,272.312,363.5854447668472
6970,240.94733333333335,362.37733333333335,272.4313333333333,363.44321919282385
6980,241.04866666666666,362.2486666666667,272.5506666666667,363.3009936188004
6990,241.15,362.12,272.67,363.15876804477705
7000,241.25466666666668,362.286,272.79,363.3344800735308
7010,241.35933333333332,362.452,272.91,363.5101921022846
7020,241.464,362.618,273.03000000000003,363.68590413103834
7030,241.56866666666667,362.784,273.15000000000003,363.8616161597921
7040,241.67333333333335,362.95,273.27000000000004,364.03732818854587
7050,241.778,363.116,273.39000000000004,364.21304021729964
7060,241.88266666666667,363.282,273.51000000000005,364.3887522460534
7070,241.98733333333334,363.44800000000004,273.63,364.56446427480716
7080,242.092,363.61400000000003,273.75,364.74017630356093
7090,242.19666666666666,363.78000000000003,273.87,364.9158883323147
7100,242.30133333333333,363.946,273.99,365.09160036106846
7110,242.406,364.112,274.11,365.2673123898222
7120,242.51066666666668,364.278,274.23,365.443024418576
7130,242.61533333333333,364.444,274.35,365.61873644732975
7140,242.72,364.61,274.47,365.7944484760835
7150,242.828,365.01733333333334,274.6186666666667,366.2120595104899
7160,242.936,365.42466666666667,274.76733333333334,366.62967054489627
7170,243.044,365.832,274.916,367.04728157930265
7180,243.152,366.2393333333334,275.0646666666667,367.4648926137091
7190,243.26,366.6466666666667,275.21333333333337,367.88250364811546
7200,243.368,367.05400000000003,275.362,368.30011468252184
7210,243.476,367.46133333333336,275.5106666666667,368.7177257169282
7220,243.584,367.8686666666667,275.65933333333334,369.1353367513346
7230,243.692,368.276,275.808,369.55294778574097
7240,243.8,368.68333333333334,275.95666666666665,369.97055882014735
7250,243.90800000000002,369.09066666666666,276.1053333333333,370.3881698545537
7260,244.016,369.49800000000005,276.254,370.80578088896016
7270,244.124,369.9053333333334,276.4026666666667,371.22339192336653
7280,244.232,370.3126666666667,276.55133333333333,371.6410029577729
7290,244.34,370.72,276.7,372.0586139921793
7300,244.45066666666668,371.29533333333336,276.8786666666667,372.64208543511376
7310,244.56133333333332,371.8706666666667,277.0573333333333,373.22555687804817
7320,244.672,372.446,277.236,373.80902832098263
7330,244.78266666666667,373.02133333333336,277.4146666666667,374.3924997639171
7340,244.89333333333335,373.5966666666667,277.5933333333333,374.9759712068515
7350,245.004,374.172,277.772,375.559442649786
7360,245.11466666666666,374.74733333333336,277.9506666666667,376.14291409272045
7370,245.22533333333334,375.3226666666667,278.1293333333333,376.72638553565486
7380,245.336,375.898,278.308,377.3098569785893
7390,245.44666666666666,376.47333333333336,278.4866666666667,377.8933284215238
7400,245.55733333333333,377.0486666666667,278.6653333333333,378.4767998644582
7410,245.668,377.624,278.844,379.06027130739267
7420,245.77866666666668,378.19933333333336,279.0226666666667,379.64374275032714
7430,245.88933333333333,378.7746666666667,279.2013333333333,380.22721419326155
7440,246.0,379.35,279.38,380.810685636196
7450,246.11266666666666,379.43,279.5333333333333,380.876686833907
7460,246.22533333333334,379.51000000000005,279.68666666666667,380.942688031618
7470,246.338,379.59000000000003,279.84,381.00868922932904
7480,246.45066666666668,379.67,279.99333333333334,381.07469042704
7490,246.56333333333333,379.75,280.14666666666665,381.140691624751
7500,246.676,379.83000000000004,280.3,381.206692822462
7510,246.78866666666667,379.91,280.4533333333333,381.272694020173
7520,246.90133333333333,379.99,280.6066666666667,381.33869521788404
7530,247.014,380.07,280.76,381.404696415595
7540,247.12666666666667,380.15000000000003,280.91333333333336,381.470697613306
7550,247.23933333333332,380.23,281.06666666666666,381.536698811017
7560,247.352,380.31,281.22,381.602700008728
7570,247.46466666666666,380.39,281.37333333333333,381.66870120643904
7580,247.57733333333334,380.47,281.5266666666667,381.73470240415
7590,247.69,380.55,281.68,381.800703601861
7600,247.80466666666666,380.608,281.81733333333335,381.8555847020254
7610,247.91933333333333,380.666,281.9546666666667,381.9104658021898
7620,248.034,380.724,282.092,381.9653469023541
7630,248.14866666666666,380.78200000000004,282.22933333333333,382.0202280025185
7640,248.26333333333332,380.84000000000003,282.3666666666667,382.07510910268286
7650,248.378,380.898,282.504,382.12999020284724
7660,248.49266666666665,380.956,282.64133333333336,382.1848713030116
7670,248.60733333333334,381.014,282.77866666666665,382.23975240317594
7680,248.722,381.072,282.916,382.2946335033403
7690,248.83666666666667,381.13,283.05333333333334,382.3495146035047
7700,248.95133333333334,381.188,283.1906666666667,382.4043957036691
7710,249.066,381.24600000000004,283.32800000000003,382.45927680383346
7720,249.18066666666667,381.30400000000003,283.4653333333333,382.5141579039978
7730,249.29533333333333,381.362,283.60266666666666,382.56903900416216
7740,249.41,381.42,283.74,382.62392010432654
7750,249.52666666666667,381.7006666666667,283.8813333333333,382.92040954125633
7760,249.64333333333332,381.98133333333334,284.0226666666667,383.2168989781861
7770,249.76,382.262,284.164,383.5133884151159
7780,249.87666666666667,382.54266666666666,284.30533333333335,383.80987785204564
7790,249.99333333333334,382.8233333333333,284.44666666666666,384.10636728897543
7800,250.10999999999999,383.104,284.588,384.4028567259052
7810,250.22666666666666,383.38466666666665,284.72933333333333,384.699346162835
7820,250.34333333333333,383.66533333333336,284.8706666666667,384.9958355997648
7830,250.46,383.946,285.012,385.2923250366946
7840,250.57666666666665,384.2266666666667,285.15333333333336,385.5888144736244
7850,250.69333333333333,384.50733333333335,285.29466666666667,385.88530391055417
7860,250.81,384.788,285.43600000000004,386.1817933474839
7870,250.92666666666668,385.0686666666667,285.57733333333334,386.4782827844137
7880,251.04333333333332,385.34933333333333,285.7186666666667,386.7747722213435
7890,251.16,385.63,285.86,387.0712616582733
7900,251.27866666666665,386.41066666666666,286.0586666666667,387.86208786628055
7910,251.39733333333334,387.1913333333333,286.25733333333335,388.65291407428776
7920,251.516,387.972,286.456,389.44374028229504
7930,251.63466666666667,388.75266666666664,286.6546666666667,390.23456649030226
7940,251.75333333333333,389.5333333333333,286.85333333333335,391.02539269830953
7950,251.87199999999999,390.31399999999996,287.052,391.81621890631675
7960,251.99066666666667,391.0946666666666,287.2506666666667,392.607045114324
7970,252.10933333333332,391.87533333333334,287.4493333333333,393.39787132233124
7980,252.228,392.656,287.64799999999997,394.1886975303385
7990,252.34666666666666,393.43666666666667,287.84666666666664,394.97952373834573
8000,252.46533333333332,394.21733333333333,288.0453333333333,395.770349946353
8010,252.584,394.998,288.24399999999997,396.5611761543602
8020,252.70266666666666,395.77866666666665,288.44266666666664,397.3520023623675
8030,252.82133333333334,396.5593333333333,288.6413333333333,398.1428285703747
8040,252.94,397.34,288.84,398.933654778382
8050,253.05866666666665,397.17466666666667,288.9833333333333,398.74141920791607
8060,253.17733333333334,397.0093333333333,289.12666666666667,398.5491836374501
8070,253.296,396.844,289.27,398.35694806698416
8080,253.41466666666668,396.67866666666663,289.4133333333333,398.1647124965182
8090,253.53333333333333,396.5133333333333,289.5566666666667,397.97247692605225
8100,253.652,396.348,289.7,397.78024135558627
8110,253.77066666666667,396.18266666666665,289.8433333333333,397.58800578512034
8120,253.88933333333333,396.01733333333334,289.9866666666667,397.39577021465436
8130,254.008,395.852,290.13,397.20353464418844
8140,254.12666666666667,395.68666666666667,290.2733333333333,397.01129907372245
8150,254.24533333333332,395.52133333333336,290.4166666666667,396.81906350325653
8160,254.364,395.356,290.56,396.62682793279055
8170,254.48266666666666,395.1906666666667,290.7033333333333,396.4345923623246
8180,254.60133333333334,395.0253333333333,290.8466666666667,396.24235679185864
8190,254.72,394.86,290.99,396.0501212213927
8200,254.84,395.262,291.1426666666667,396.4736467552643
8210,254.96,395.664,291.29533333333336,396.8971722891359
8220,255.07999999999998,396.06600000000003,291.448,397.3206978230075
8230,255.2,396.468,291.60066666666665,397.74422335687905
8240,255.32,396.87,291.75333333333333,398.16774889075066
8250,255.44,397.272,291.906,398.5912744246222
8260,255.56,397.674,292.0586666666667,399.0147999584938
8270,255.67999999999998,398.076,292.2113333333333,399.4383254923654
8280,255.79999999999998,398.478,292.364,399.861851026237
8290,255.92,398.88,292.51666666666665,400.28537656010855
8300,256.03999999999996,399.282,292.6693333333333,400.70890209398016
8310,256.15999999999997,399.68399999999997,292.822,401.1324276278517
8320,256.28,400.086,292.9746666666666,401.5559531617233
8330,256.4,400.488,293.1273333333333,401.9794786955949
8340,256.52,400.89,293.28,402.4030042294665
8350,256.6426666666666,401.40866666666665,293.47266666666667,402.9170260699437
8360,256.76533333333333,401.9273333333333,293.6653333333333,403.4310479104209
8370,256.888,402.44599999999997,293.858,403.9450697508981
8380,257.0106666666667,402.9646666666667,294.05066666666664,404.4590915913753
8390,257.1333333333333,403.48333333333335,294.24333333333334,404.9731134318525
8400,257.256,404.002,294.436,405.4871352723297
8410,257.3786666666667,404.52066666666667,294.6286666666667,406.0011571128069
8420,257.5013333333333,405.03933333333333,294.8213333333333,406.51517895328413
8430,257.624,405.558,295.014,407.02920079376133
8440,257.74666666666667,406.07666666666665,295.20666666666665,407.54322263423853
8450,257.8693333333333,406.5953333333333,295.39933333333335,408.05724447471573
8460,257.992,407.11400000000003,295.592,408.57126631519293
8470,258.11466666666666,407.6326666666667,295.7846666666667,409.0852881556701
8480,258.23733333333337,408.15133333333335,295.9773333333333,409.5993099961473
8490,258.36,408.67,296.17,410.1133318366245
8500,258.48400000000004,408.754,296.33000000000004,410.1925851859754
8510,258.608,408.838,296.49,410.2718385353263
8520,258.732,408.922,296.65000000000003,410.3510918846772
8530,258.856,409.00600000000003,296.81,410.4303452340281
8540,258.98,409.09000000000003,296.97,410.509598583379
8550,259.10400000000004,409.17400000000004,297.13,410.5888519327299
8560,259.228,409.25800000000004,297.29,410.6681052820808
8570,259.35200000000003,409.342,297.45,410.7473586314317
8580,259.476,409.426,297.61,410.8266119807826
8590,259.6,409.51,297.77,410.9058653301335
8600,259.72400000000005,409.594,297.93,410.9851186794844
8610,259.848,409.678,298.09,411.0643720288353
8620,259.97200000000004,409.762,298.25,411.1436253781862
8630,260.096,409.846,298.40999999999997,411.2228787275371
8640,260.22,409.93,298.57,411.302132076888
8650,260.3466666666667,409.386,298.6673333333333,410.730812382609
8660,260.47333333333336,408.842,298.76466666666664,410.15949268833
8670,260.6,408.298,298.86199999999997,409.588172994051
8680,260.7266666666667,407.754,298.95933333333335,409.016853299772
8690,260.85333333333335,407.21,299.0566666666667,408.445533605493
8700,260.98,406.666,299.154,407.874213911214
8710,261.1066666666667,406.122,299.2513333333333,407.302894216935
8720,261.23333333333335,405.578,299.34866666666665,406.731574522656
8730,261.36,405.034,299.44599999999997,406.160254828377
8740,261.4866666666667,404.49,299.5433333333333,405.588935134098
8750,261.61333333333334,403.94599999999997,299.6406666666666,405.017615439819
8760,261.74,403.402,299.738,404.44629574554
8770,261.8666666666667,402.858,299.8353333333333,403.874976051261
8780,261.99333333333334,402.31399999999996,299.93266666666665,403.303656356982
8790,262.12,401.77,300.03,402.732336662703
8800,262.2486666666667,401.42066666666665,300.102,402.38245069250627
8810,262.37733333333335,401.0713333333333,300.174,402.03256472230953
8820,262.50600000000003,400.722,300.246,401.6826787521128
8830,262.63466666666665,400.37266666666665,300.318,401.33279278191605
8840,262.7633333333333,400.0233333333333,300.39,400.9829068117193
8850,262.892,399.674,300.462,400.6330208415226
8860,263.02066666666667,399.32466666666664,300.534,400.28313487132584
8870,263.14933333333335,398.9753333333333,300.606,399.93324890112916
8880,263.278,398.626,300.678,399.5833629309324
8890,263.4066666666667,398.27666666666664,300.75,399.2334769607357
8900,263.53533333333337,397.9273333333333,300.822,398.88359099053895
8910,263.664,397.578,300.894,398.5337050203422
8920,263.79266666666666,397.22866666666664,300.966,398.1838190501455
8930,263.92133333333334,396.8793333333333,301.038,397.83393307994874
8940,264.05,396.53,301.11,397.484047109752
8950,264.1806666666667,396.39799999999997,301.18666666666667,397.3558800992286
8960,264.3113333333333,396.26599999999996,301.2633333333333,397.22771308870523
8970,264.442,396.13399999999996,301.34000000000003,397.09954607818185
8980,264.5726666666667,396.002,301.4166666666667,396.97137906765846
8990,264.7033333333333,395.87,301.49333333333334,396.8432120571351
9000,264.834,395.738,301.57,396.7150450466117
9010,264.9646666666667,395.606,301.64666666666665,396.5868780360883
9020,265.0953333333333,395.474,301.72333333333336,396.45871102556487
9030,265.226,395.342,301.8,396.3305440150415
9040,265.3566666666667,395.21,301.87666666666667,396.2023770045181
9050,265.4873333333333,395.078,301.9533333333333,396.0742099939947
9060,265.618,394.946,302.03,395.94604298347133
9070,265.7486666666667,394.814,302.1066666666667,395.81787597294795
9080,265.8793333333333,394.682,302.18333333333334,395.68970896242456
9090,266.01,394.55,302.26,395.5615419519012
9100,266.1426666666667,394.64133333333336,302.3573333333333,395.65537913664224
9110,266.2753333333333,394.73266666666666,302.45466666666664,395.7492163213833
9120,266.408,394.824,302.552,395.84305350612436
9130,266.54066666666665,394.91533333333336,302.64933333333335,395.93689069086537
9140,266.67333333333335,395.00666666666666,302.74666666666667,396.03072787560643
9150,266.806,395.098,302.844,396.1245650603475
9160,266.9386666666667,395.18933333333337,302.9413333333333,396.21840224508855
9170,267.0713333333333,395.28066666666666,303.0386666666667,396.3122394298296
9180,267.204,395.372,303.136,396.4060766145707
9190,267.33666666666664,395.46333333333337,303.23333333333335,396.49991379931174
9200,267.46933333333334,395.55466666666666,303.3306666666667,396.5937509840528
9210,267.602,395.646,303.428,396.6875881687938
9220,267.73466666666667,395.73733333333337,303.5253333333334,396.78142535353487
9230,267.8673333333333,395.82866666666666,303.6226666666667,396.87526253827593
9240,268.0,395.92,303.72,396.969099723017
9250,268.1333333333333,395.66066666666666,303.79533333333336,396.6967616686977
9260,268.26666666666665,395.40133333333335,303.8706666666667,396.4244236143784
9270,268.4,395.142,303.946,396.1520855600591
9280,268.53333333333336,394.8826666666667,304.02133333333336,395.8797475057398
9290,268.6666666666667,394.62333333333333,304.0966666666667,395.6074094514205
9300,268.8,394.364,304.172,395.3350713971012
9310,268.93333333333334,394.1046666666667,304.24733333333336,395.0627333427819
9320,269.06666666666666,393.8453333333333,304.3226666666667,394.7903952884626
9330,269.2,393.586,304.398,394.51805723414327
9340,269.3333333333333,393.32666666666665,304.47333333333336,394.245719179824
9350,269.46666666666664,393.0673333333333,304.5486666666667,393.9733811255047
9360,269.6,392.808,304.624,393.7010430711854
9370,269.73333333333335,392.54866666666663,304.69933333333336,393.4287050168661
9380,269.8666666666667,392.28933333333333,304.7746666666667,393.15636696254677
9390,270.0,392.03,304.85,392.8840289082275
9400,270.132,391.88533333333334,304.918,392.74045973330675
9410,270.264,391.74066666666664,304.98600000000005,392.596890558386
9420,270.396,391.596,305.05400000000003,392.45332138346527
9430,270.528,391.4513333333333,305.122,392.3097522085446
9440,270.66,391.3066666666667,305.19,392.16618303362384
9450,270.79200000000003,391.162,305.25800000000004,392.0226138587031
9460,270.92400000000004,391.01733333333334,305.326,391.87904468378235
9470,271.056,390.87266666666665,305.394,391.7354755088616
9480,271.188,390.728,305.462,391.59190633394087
9490,271.32,390.5833333333333,305.53000000000003,391.4483371590201
9500,271.452,390.4386666666667,305.598,391.3047679840994
9510,271.584,390.294,305.666,391.1611988091787
9520,271.716,390.14933333333335,305.734,391.01762963425796
9530,271.848,390.00466666666665,305.802,390.8740604593372
9540,271.98,389.86,305.87,390.7304912844165
9550,272.1106666666667,389.53533333333337,305.928,390.3859196594033
9560,272.24133333333333,389.21066666666667,305.986,390.04134803439024
9570,272.372,388.886,306.044,389.6967764093771
9580,272.5026666666667,388.5613333333333,306.10200000000003,389.35220478436395
9590,272.6333333333333,388.2366666666667,306.16,389.0076331593508
9600,272.764,387.91200000000003,306.218,388.6630615343377
9610,272.8946666666667,387.58733333333333,306.276,388.31848990932457
9620,273.0253333333333,387.2626666666667,306.334,387.9739182843114
9630,273.156,386.938,306.392,387.6293466592983
9640,273.2866666666667,386.61333333333334,306.45,387.2847750342852
9650,273.4173333333333,386.2886666666667,306.508,386.94020340927204
9660,273.548,385.964,306.56600000000003,386.5956317842589
9670,273.6786666666667,385.63933333333335,306.624,386.25106015924575
9680,273.8093333333333,385.31466666666665,306.682,385.90648853423266
9690,273.94,384.99,306.74,385.5619169092195
9700,274.0686666666667,384.132,306.73066666666665,384.68657150462303
9710,274.19733333333335,383.274,306.72133333333335,383.8112261000265
9720,274.326,382.416,306.712,382.93588069543
9730,274.45466666666664,381.558,306.7026666666667,382.0605352908335
9740,274.5833333333333,380.7,306.6933333333333,381.185189886237
9750,274.712,379.842,306.684,380.3098444816405
9760,274.84066666666666,378.984,306.67466666666667,379.434499077044
9770,274.96933333333334,378.12600000000003,306.66533333333336,378.5591536724475
9780,275.098,377.26800000000003,306.656,377.683808267851
9790,275.2266666666667,376.41,306.6466666666667,376.8084628632545
9800,275.35533333333336,375.552,306.63733333333334,375.933117458658
9810,275.484,374.694,306.62800000000004,375.0577720540615
9820,275.61266666666666,373.836,306.6186666666667,374.182426649465
9830,275.74133333333333,372.978,306.6093333333334,373.30708124486847
9840,275.87,372.12,306.6,372.431735840272
9850,275.996,372.1793333333333,306.6306666666667,372.5149752658433
9860,276.122,372.2386666666667,306.66133333333335,372.59821469141457
9870,276.248,372.298,306.692,372.6814541169859
9880,276.374,372.3573333333333,306.72266666666667,372.7646935425572
9890,276.5,372.4166666666667,306.75333333333333,372.8479329681285
9900,276.626,372.476,306.784,372.9311723936998
9910,276.752,372.5353333333333,306.81466666666665,373.0144118192711
9920,276.878,372.5946666666667,306.8453333333334,373.0976512448424
9930,277.004,372.654,306.87600000000003,373.1808906704137
9940,277.13,372.7133333333333,306.9066666666667,373.264130095985
9950,277.256,372.7726666666667,306.93733333333336,373.3473695215563
9960,277.382,372.832,306.968,373.4306089471276
9970,277.508,372.8913333333333,306.9986666666667,373.51384837269893
9980,277.634,372.9506666666667,307.02933333333334,373.5970877982702
9990,277.76,373.01,307.06,373.6803272238415
10000,277.88266666666664,372.832,307.0973333333333,373.4928832722334
10010,278.00533333333334,372.654,307.13466666666665,373.3054393206254
10020,278.128,372.476,307.172,373.1179953690173
10030,278.2506666666667,372.298,307.20933333333335,372.9305514174092
10040,278.37333333333333,372.12,307.24666666666667,372.7431074658012
10050,278.496,371.942,307.284,372.5556635141931
10060,278.6186666666667,371.764,307.3213333333333,372.368219562585
10070,278.74133333333333,371.58599999999996,307.3586666666667,372.180775610977
10080,278.86400000000003,371.40799999999996,307.396,371.9933316593689
10090,278.9866666666667,371.22999999999996,307.43333333333334,371.8058877077608
10100,279.1093333333333,371.05199999999996,307.47066666666666,371.6184437561528
10110,279.232,370.87399999999997,307.508,371.4309998045447
10120,279.3546666666667,370.69599999999997,307.54533333333336,371.2435558529366
10130,279.4773333333334,370.518,307.5826666666667,371.05611190132856
10140,279.6,370.34,307.62,370.8686679497205
10150,279.71933333333334,369.98466666666667,307.63533333333334,370.50518944576856
10160,279.8386666666667,369.6293333333333,307.65066666666667,370.14171094181665
10170,279.958,369.274,307.666,369.77823243786474
10180,280.07733333333334,368.91866666666664,307.6813333333333,369.41475393391283
10190,280.19666666666666,368.56333333333333,307.69666666666666,369.0512754299609
10200,280.31600000000003,368.20799999999997,307.712,368.687796926009
10210,280.43533333333335,367.85266666666666,307.7273333333333,368.3243184220571
10220,280.55466666666666,367.4973333333333,307.7426666666667,367.96083991810514
10230,280.674,367.142,307.75800000000004,367.5973614141532
10240,280.79333333333335,366.78666666666663,307.77333333333337,367.2338829102013
10250,280.91266666666667,366.4313333333333,307.7886666666667,366.8704044062494
10260,281.032,366.07599999999996,307.80400000000003,366.5069259022975
10270,281.1513333333333,365.72066666666666,307.81933333333336,366.1434473983456
10280,281.27066666666667,365.3653333333333,307.8346666666667,365.7799688943937
10290,281.39,365.01,307.85,365.41649039044177
10300,281.50399999999996,364.5713333333333,307.8466666666667,364.9716261589815
10310,281.618,364.13266666666664,307.84333333333336,364.52676192752125
10320,281.73199999999997,363.694,307.84000000000003,364.081897696061
10330,281.846,363.25533333333334,307.8366666666667,363.6370334646008
10340,281.96,362.81666666666666,307.83333333333337,363.19216923314053
10350,282.074,362.378,307.83000000000004,362.7473050016803
10360,282.188,361.9393333333333,307.8266666666667,362.30244077022
10370,282.302,361.5006666666667,307.8233333333333,361.85757653875976
10380,282.416,361.062,307.82,361.4127123072995
10390,282.53000000000003,360.62333333333333,307.81666666666666,360.96784807583924
10400,282.644,360.18466666666666,307.81333333333333,360.522983844379
10410,282.75800000000004,359.746,307.81,360.0781196129188
10420,282.872,359.30733333333336,307.8066666666667,359.6332553814585
10430,282.98600000000005,358.8686666666667,307.80333333333334,359.18839114999827
10440,283.1,358.43,307.8,358.743526918538
10450,283.20933333333335,357.98333333333335,307.784,358.2905041047756
10460,283.3186666666667,357.5366666666667,307.76800000000003,357.8374812910132
10470,283.428,357.09000000000003,307.752,357.3844584772508
10480,283.5373333333334,356.6433333333333,307.736,356.9314356634884
10490,283.6466666666667,356.19666666666666,307.72,356.478412849726
10500,283.75600000000003,355.75,307.704,356.0253900359636
10510,283.86533333333335,355.30333333333334,307.688,355.5723672222012
10520,283.9746666666667,354.8566666666667,307.672,355.11934440843885
10530,284.084,354.41,307.656,354.66632159467645
10540,284.1933333333333,353.96333333333337,307.64,354.21329878091404
10550,284.30266666666665,353.5166666666667,307.624,353.76027596715164
10560,284.41200000000003,353.07,307.608,353.30725315338924
10570,284.52133333333336,352.62333333333333,307.592,352.85423033962684
10580,284.6306666666667,352.1766666666667,307.576,352.40120752586444
10590,284.74,351.73,307.56,351.94818471210203
10600,284.84066666666666,351.63,307.5586666666667,351.8599937175535
10610,284.9413333333333,351.53000000000003,307.55733333333336,351.7718027230049
10620,285.04200000000003,351.43,307.556,351.68361172845636
10630,285.1426666666667,351.33000000000004,307.55466666666666,351.59542073390776
10640,285.24333333333334,351.23,307.55333333333334,351.5072297393592
10650,285.344,351.13,307.552,351.4190387448107
10660,285.44466666666665,351.03000000000003,307.5506666666667,351.3308477502621
10670,285.54533333333336,350.93,307.5493333333333,351.24265675571354
10680,285.646,350.83000000000004,307.548,351.15446576116494
10690,285.74666666666667,350.73,307.5466666666667,351.0662747666164
10700,285.8473333333333,350.63,307.54533333333336,350.97808377206786
10710,285.948,350.53000000000003,307.54400000000004,350.88989277751926
10720,286.0486666666667,350.43,307.54266666666666,350.8017017829707
10730,286.14933333333335,350.33000000000004,307.54133333333334,350.7135107884221
10740,286.25,350.23,307.54,350.6253197938736
10750,286.3453333333333,350.1066666666667,307.558,350.49005104188996
10760,286.4406666666667,349.98333333333335,307.576,350.3547822899064
10770,286.536,349.86,307.594,350.21951353792275
10780,286.6313333333333,349.7366666666667,307.612,350.0842447859392
10790,286.7266666666667,349.61333333333334,307.63,349.94897603395555
10800,286.822,349.49,307.648,349.8137072819719
10810,286.9173333333333,349.3666666666667,307.666,349.67843852998834
10820,287.0126666666667,349.24333333333334,307.684,349.5431697780047
10830,287.108,349.12,307.702,349.40790102602114
10840,287.2033333333333,348.99666666666667,307.72,349.2726322740375
10850,287.2986666666667,348.87333333333333,307.738,349.1373635220539
10860,287.394,348.75,307.75600000000003,349.0020947700703
10870,287.4893333333333,348.62666666666667,307.774,348.86682601808667
10880,287.5846666666667,348.50333333333333,307.79200000000003,348.7315572661031
10890,287.68,348.38,307.81,348.59628851411946
10900,287.77066666666667,347.7966666666667,307.78000000000003,348.00203242805196
10910,287.86133333333333,347.2133333333333,307.75,347.40777634198446
10920,287.952,346.63,307.72,346.81352025591696
10930,288.04266666666666,346.0466666666667,307.69,346.21926416984945
10940,288.1333333333333,345.4633333333333,307.66,345.62500808378195
10950,288.224,344.88,307.63,345.03075199771445
10960,288.31466666666665,344.2966666666667,307.6,344.43649591164694
10970,288.4053333333334,343.7133333333333,307.57,343.8422398255795
10980,288.49600000000004,343.13,307.54,343.247983739512
10990,288.5866666666667,342.5466666666667,307.51,342.6537276534445
11000,288.67733333333337,341.9633333333333,307.48,342.059471567377
11010,288.76800000000003,341.38,307.45,341.4652154813095
11020,288.8586666666667,340.7966666666667,307.42,340.870959395242
11030,288.94933333333336,340.2133333333333,307.39,340.2767033091745
11040,289.04,339.63,307.36,339.682447223107
11050,289.1246666666667,339.55466666666666,307.35066666666665,339.6189871001322
11060,289.20933333333335,339.47933333333333,307.34133333333335,339.5555269771574
11070,289.29400000000004,339.404,307.332,339.49206685418255
11080,289.3786666666667,339.32866666666666,307.3226666666667,339.42860673120776
11090,289.46333333333337,339.25333333333333,307.31333333333333,339.365146608233
11100,289.548,339.178,307.30400000000003,339.3016864852582
11110,289.6326666666667,339.10266666666666,307.29466666666667,339.2382263622834
11120,289.71733333333333,339.02733333333333,307.28533333333337,339.17476623930855
11130,289.802,338.952,307.276,339.11130611633376
11140,289.88666666666666,338.87666666666667,307.2666666666667,339.047845993359
11150,289.97133333333335,338.80133333333333,307.25733333333335,338.9843858703842
11160,290.056,338.726,307.24800000000005,338.9209257474094
11170,290.1406666666667,338.65066666666667,307.2386666666667,338.85746562443455
11180,290.2253333333333,338.57533333333333,307.2293333333334,338.79400550145976
11190,290.31,338.5,307.22,338.730545378485
11200,290.38933333333335,338.15933333333334,307.2033333333334,338.37691944679307
11210,290.46866666666665,337.8186666666667,307.18666666666667,338.02329351510116
11220,290.548,337.478,307.17,337.66966758340925
11230,290.62733333333335,337.13733333333334,307.15333333333336,337.3160416517174
11240,290.70666666666665,336.7966666666667,307.1366666666667,336.9624157200255
11250,290.786,336.456,307.12,336.6087897883336
11260,290.86533333333335,336.11533333333335,307.10333333333335,336.2551638566417
11270,290.94466666666665,335.77466666666663,307.0866666666667,335.90153792494976
11280,291.024,335.43399999999997,307.07000000000005,335.54791199325786
11290,291.10333333333335,335.0933333333333,307.05333333333334,335.19428606156595
11300,291.18266666666665,334.75266666666664,307.0366666666667,334.84066012987404
11310,291.262,334.412,307.02000000000004,334.4870341981822
11320,291.34133333333335,334.0713333333333,307.0033333333334,334.1334082664903
11330,291.42066666666665,333.73066666666665,306.9866666666667,333.77978233479837
11340,291.5,333.39,306.97,333.42615640310646
11350,291.57466666666664,333.138,306.93933333333337,333.1854938674966
11360,291.64933333333335,332.88599999999997,306.9086666666667,332.9448313318867
11370,291.724,332.634,306.87800000000004,332.70416879627675
11380,291.7986666666667,332.382,306.8473333333333,332.46350626066686
11390,291.87333333333333,332.13,306.81666666666666,332.222843725057
11400,291.948,331.878,306.786,331.9821811894471
11410,292.0226666666667,331.626,306.75533333333334,331.7415186538372
11420,292.0973333333333,331.374,306.7246666666667,331.50085611822726
11430,292.172,331.122,306.694,331.2601935826174
11440,292.24666666666667,330.87,306.66333333333336,331.0195310470075
11450,292.3213333333333,330.618,306.6326666666667,330.7788685113976
11460,292.396,330.366,306.602,330.5382059757877
11470,292.47066666666666,330.11400000000003,306.5713333333333,330.2975434401778
11480,292.54533333333336,329.862,306.54066666666665,330.0568809045679
11490,292.62,329.61,306.51,329.816218368958
11500,292.68933333333337,329.87600000000003,306.53133333333335,330.0916484342292
11510,292.75866666666667,330.142,306.55266666666665,330.3670784995004
11520,292.82800000000003,330.408,306.574,330.6425085647716
11530,292.89733333333334,330.67400000000004,306.5953333333333,330.9179386300428
11540,292.9666666666667,330.94,306.6166666666667,331.193368695314
11550,293.036,331.206,306.638,331.46879876058523
11560,293.10533333333336,331.47200000000004,306.65933333333334,331.7442288258564
11570,293.17466666666667,331.738,306.68066666666664,332.0196588911276
11580,293.244,332.004,306.702,332.2950889563988
11590,293.31333333333333,332.27000000000004,306.7233333333333,332.57051902167
11600,293.3826666666667,332.536,306.74466666666666,332.84594908694123
11610,293.452,332.802,306.76599999999996,333.1213791522124
11620,293.52133333333336,333.06800000000004,306.7873333333333,333.3968092174836
11630,293.59066666666666,333.334,306.8086666666666,333.6722392827548
11640,293.66,333.6,306.83,333.947669348026
11650,293.72400000000005,333.2393333333334,306.8213333333333,333.5677698630537
11660,293.788,332.8786666666667,306.81266666666664,333.1878703780813
11670,293.85200000000003,332.51800000000003,306.804,332.807970893109
11680,293.916,332.1573333333333,306.7953333333333,332.42807140813665
11690,293.98,331.7966666666667,306.78666666666663,332.04817192316426
11700,294.04400000000004,331.43600000000004,306.77799999999996,331.66827243819193
11710,294.108,331.07533333333333,306.7693333333333,331.2883729532196
11720,294.172,330.7146666666667,306.7606666666667,330.9084734682472
11730,294.236,330.354,306.752,330.5285739832749
11740,294.3,329.99333333333334,306.74333333333334,330.14867449830257
11750,294.36400000000003,329.6326666666667,306.73466666666667,329.7687750133302
11760,294.428,329.272,306.726,329.38887552835786
11770,294.492,328.91133333333335,306.71733333333333,329.00897604338553
11780,294.556,328.55066666666664,306.70866666666666,328.62907655841315
11790,294.62,328.19,306.7,328.2491770734408
11800,294.6786666666667,327.88266666666664,306.67466666666667,327.9393489973456
11810,294.7373333333333,327.57533333333333,306.64933333333335,327.62952092125033
11820,294.796,327.268,306.62399999999997,327.31969284515503
11830,294.8546666666667,326.96066666666667,306.59866666666665,327.0098647690598
11840,294.91333333333336,326.6533333333333,306.5733333333333,326.70003669296455
11850,294.972,326.346,306.548,326.3902086168693
11860,295.03066666666666,326.03866666666664,306.5226666666667,326.08038054077406
11870,295.08933333333334,325.73133333333334,306.4973333333333,325.77055246467876
11880,295.148,325.424,306.472,325.4607243885835
11890,295.20666666666665,325.1166666666667,306.44666666666666,325.15089631248827
11900,295.26533333333333,324.8093333333333,306.42133333333334,324.841068236393
11910,295.324,324.502,306.396,324.5312401602978
11920,295.3826666666667,324.19466666666665,306.37066666666664,324.2214120842025
11930,295.4413333333333,323.88733333333334,306.3453333333333,323.91158400810724
11940,295.5,323.58,306.32,323.601755932012
11950,295.554,323.3453333333333,306.29333333333335,323.36670858977016
11960,295.608,323.11066666666665,306.26666666666665,323.1316612475283
11970,295.662,322.876,306.24,322.8966139052865
11980,295.716,322.6413333333333,306.2133333333333,322.6615665630446
11990,295.77,322.40666666666664,306.18666666666667,322.42651922080273
12000,295.824,322.17199999999997,306.16,322.1914718785609
12010,295.878,321.9373333333333,306.1333333333333,321.95642453631905
12020,295.932,321.7026666666667,306.1066666666667,321.7213771940772
12030,295.986,321.468,306.08,321.48632985183536
12040,296.04,321.23333333333335,306.05333333333334,321.2512825095935
12050,296.094,320.9986666666667,306.0266666666667,321.0162351673517
12060,296.148,320.764,306.0,320.7811878251098
12070,296.202,320.52933333333334,305.97333333333336,320.54614048286794
12080,296.25600000000003,320.29466666666667,305.94666666666666,320.3110931406261
12090,296.31,320.06,305.92,320.07604579838426
12100,296.36,319.9053333333333,305.89866666666666,319.92048851497213
12110,296.41,319.7506666666667,305.87733333333335,319.76493123155996
12120,296.46,319.596,305.856,319.60937394814783
12130,296.51,319.4413333333333,305.8346666666667,319.45381666473565
12140,296.56,319.2866666666667,305.81333333333333,319.29825938132353
12150,296.61,319.132,305.79200000000003,319.14270209791135
12160,296.66,318.9773333333333,305.77066666666667,318.98714481449923
12170,296.71,318.8226666666667,305.74933333333337,318.83158753108705
12180,296.76,318.668,305.728,318.67603024767493
12190,296.81,318.5133333333333,305.7066666666667,318.52047296426275
12200,296.86,318.3586666666667,305.68533333333335,318.36491568085063
12210,296.91,318.204,305.66400000000004,318.20935839743845
12220,296.96,318.0493333333333,305.6426666666667,318.0538011140263
12230,297.01,317.8946666666667,305.6213333333334,317.89824383061415
12240,297.06,317.74,305.6,317.742686547202
12250,297.10533333333336,316.9186666666667,305.524,316.89414096586233
12260,297.15066666666667,316.0973333333333,305.44800000000004,316.04559538452264
12270,297.196,315.276,305.372,315.19704980318295
12280,297.24133333333333,314.4546666666667,305.296,314.3485042218432
12290,297.2866666666667,313.6333333333333,305.22,313.4999586405035
12300,297.332,312.812,305.144,312.6514130591638
12310,297.37733333333335,311.9906666666667,305.068,311.8028674778241
12320,297.42266666666666,311.1693333333333,304.992,310.95432189648443
12330,297.468,310.348,304.916,310.10577631514474
12340,297.5133333333333,309.5266666666667,304.84,309.25723073380505
12350,297.5586666666667,308.70533333333333,304.764,308.40868515246535
12360,297.604,307.884,304.688,307.5601395711256
12370,297.64933333333335,307.0626666666667,304.61199999999997,306.7115939897859
12380,297.69466666666665,306.24133333333333,304.536,305.8630484084462
12390,297.74,305.42,304.46,305.0145028271065
12400,297.78133333333335,304.91333333333336,304.3686666666666,304.5127061927815
12410,297.8226666666667,304.4066666666667,304.27733333333333,304.01090955845643
12420,297.86400000000003,303.90000000000003,304.186,303.50911292413144
12430,297.9053333333333,303.3933333333333,304.0946666666666,303.0073162898064
12440,297.94666666666666,302.88666666666666,304.00333333333333,302.50551965548135
12450,297.988,302.38,303.912,302.0037230211563
12460,298.02933333333334,301.87333333333333,303.8206666666666,301.50192638683126
12470,298.0706666666667,301.3666666666667,303.72933333333333,301.00012975250627
12480,298.112,300.86,303.638,300.4983331181812
12490,298.15333333333336,300.35333333333335,303.5466666666666,299.9965364838562
12500,298.1946666666667,299.8466666666667,303.45533333333333,299.49473984953113
12510,298.236,299.34,303.364,298.9929432152061
12520,298.27733333333333,298.8333333333333,303.2726666666666,298.4911465808811
12530,298.3186666666667,298.32666666666665,303.1813333333333,297.98934994655605
12540,298.36,297.82,303.09,297.487553312231
12550,298.39733333333334,297.59133333333335,303.02,297.26487766782486
12560,298.43466666666666,297.36266666666666,302.95,297.0422020234188
12570,298.47200000000004,297.134,302.88,296.81952637901264
12580,298.50933333333336,296.9053333333333,302.81,296.59685073460656
12590,298.5466666666667,296.6766666666667,302.74,296.3741750902004
12600,298.584,296.448,302.67,296.1514994457943
12610,298.6213333333333,296.21933333333334,302.6,295.9288238013882
12620,298.6586666666667,295.99066666666664,302.53,295.70614815698207
12630,298.696,295.762,302.46,295.483472512576
12640,298.73333333333335,295.5333333333333,302.39,295.26079686816985
12650,298.77066666666667,295.30466666666666,302.32,295.0381212237637
12660,298.808,295.07599999999996,302.25,294.81544557935763
12670,298.8453333333334,294.8473333333333,302.18,294.5927699349515
12680,298.8826666666667,294.6186666666666,302.11,294.3700942905454
12690,298.92,294.39,302.04,294.1474186461393
12700,298.9526666666667,294.37466666666666,301.99733333333336,294.1362360345563
12710,298.98533333333336,294.3593333333333,301.9546666666667,294.1250534229734
12720,299.01800000000003,294.344,301.91200000000003,294.1138708113904
12730,299.0506666666667,294.32866666666666,301.8693333333333,294.10268819980746
12740,299.08333333333337,294.31333333333333,301.82666666666665,294.0915055882245
12750,299.11600000000004,294.298,301.784,294.0803229766416
12760,299.1486666666667,294.28266666666667,301.74133333333333,294.0691403650586
12770,299.1813333333333,294.26733333333334,301.69866666666667,294.05795775347565
12780,299.214,294.252,301.656,294.0467751418927
12790,299.24666666666667,294.2366666666667,301.61333333333334,294.03559253030977
12800,299.27933333333334,294.22133333333335,301.5706666666667,294.0244099187268
12810,299.312,294.206,301.52799999999996,294.01322730714384
12820,299.3446666666667,294.1906666666667,301.4853333333333,294.00204469556087
12830,299.37733333333335,294.17533333333336,301.44266666666664,293.99086208397796
12840,299.41,294.16,301.4,293.979679472395
12850,299.43800000000005,293.802,301.3393333333333,293.6099546115412
12860,299.466,293.444,301.27866666666665,293.2402297506874
12870,299.494,293.086,301.21799999999996,292.87050488983357
12880,299.522,292.728,301.1573333333333,292.5007800289798
12890,299.55,292.37,301.09666666666664,292.131055168126
12900,299.57800000000003,292.012,301.036,291.7613303072722
12910,299.606,291.654,300.9753333333333,291.3916054464184
12920,299.634,291.29600000000005,300.9146666666667,291.0218805855646
12930,299.662,290.93800000000005,300.854,290.6521557247108
12940,299.69,290.58000000000004,300.79333333333335,290.282430863857
12950,299.718,290.22200000000004,300.73266666666666,289.91270600300317
12960,299.746,289.86400000000003,300.672,289.5429811421494
12970,299.774,289.50600000000003,300.61133333333333,289.1732562812956
12980,299.80199999999996,289.148,300.5506666666667,288.8035314204418
12990,299.83,288.79,300.49,288.433806559588
13000,299.8533333333333,288.6826666666667,300.43533333333335,288.3350897609353
13010,299.87666666666667,288.57533333333333,300.3806666666667,288.23637296228264
13020,299.9,288.468,300.326,288.13765616362997
13030,299.92333333333335,288.3606666666667,300.27133333333336,288.03893936497735
13040,299.94666666666666,288.25333333333333,300.2166666666667,287.9402225663247
13050,299.96999999999997,288.146,300.16200000000003,287.841505767672
13060,299.99333333333334,288.0386666666667,300.1073333333334,287.74278896901933
13070,300.01666666666665,287.9313333333333,300.05266666666665,287.64407217036666
13080,300.04,287.824,299.998,287.545355371714
13090,300.06333333333333,287.7166666666667,299.9433333333333,287.4466385730613
13100,300.08666666666664,287.6093333333333,299.88866666666667,287.34792177440863
13110,300.11,287.502,299.834,287.249204975756
13120,300.1333333333333,287.3946666666667,299.77933333333334,287.15048817710334
13130,300.1566666666667,287.2873333333333,299.7246666666667,287.05177137845067
13140,300.18,287.18,299.67,286.953054579798
13150,300.19733333333335,287.05466666666666,299.62933333333336,286.8187772260011
13160,300.2146666666667,286.9293333333333,299.58866666666665,286.6844998722042
13170,300.232,286.80400000000003,299.548,286.5502225184073
13180,300.2493333333333,286.6786666666667,299.50733333333335,286.4159451646104
13190,300.26666666666665,286.55333333333334,299.4666666666667,286.2816678108135
13200,300.284,286.428,299.426,286.14739045701657
13210,300.30133333333333,286.30266666666665,299.38533333333334,286.01311310321967
13220,300.3186666666667,286.17733333333337,299.3446666666667,285.8788357494228
13230,300.336,286.052,299.30400000000003,285.7445583956259
13240,300.35333333333335,285.9266666666667,299.2633333333333,285.610281041829
13250,300.3706666666667,285.80133333333333,299.22266666666667,285.4760036880321
13260,300.388,285.676,299.182,285.3417263342352
13270,300.4053333333333,285.5506666666667,299.14133333333336,285.2074489804383
13280,300.42266666666666,285.42533333333336,299.10066666666665,285.0731716266414
13290,300.44,285.3,299.06,284.9388942728445
13300,300.4526666666667,284.832,298.984,284.462487746558
13310,300.4653333333333,284.36400000000003,298.908,283.9860812202715
13320,300.478,283.896,298.832,283.509674693985
13330,300.49066666666664,283.428,298.75600000000003,283.0332681676985
13340,300.50333333333333,282.96,298.68,282.556861641412
13350,300.516,282.492,298.604,282.0804551151255
13360,300.52866666666665,282.024,298.528,281.604048588839
13370,300.54133333333334,281.556,298.452,281.12764206255247
13380,300.554,281.08799999999997,298.37600000000003,280.651235536266
13390,300.56666666666666,280.62,298.3,280.1748290099795
13400,300.57933333333335,280.152,298.224,279.698422483693
13410,300.592,279.68399999999997,298.148,279.2220159574065
13420,300.6046666666667,279.21599999999995,298.072,278.74560943112
13430,300.6173333333333,278.748,297.99600000000004,278.2692029048335
13440,300.63,278.28,297.92,277.792796378547
13450,300.63733333333334,278.1553333333333,297.8566666666667,277.6763781579531
13460,300.64466666666664,278.03066666666666,297.79333333333335,277.5599599373592
13470,300.652,277.906,297.73,277.4435417167653
13480,300.65933333333334,277.7813333333333,297.6666666666667,277.3271234961714
13490,300.6666666666667,277.65666666666664,297.60333333333335,277.2107052755775
13500,300.674,277.532,297.54,277.0942870549836
13510,300.6813333333333,277.4073333333333,297.4766666666667,276.9778688343897
13520,300.6886666666667,277.28266666666667,297.41333333333336,276.8614506137958
13530,300.696,277.158,297.35,276.7450323932019
13540,300.7033333333333,277.03333333333336,297.2866666666667,276.628614172608
13550,300.71066666666667,276.9086666666667,297.22333333333336,276.5121959520141
13560,300.718,276.784,297.16,276.3957777314202
13570,300.72533333333337,276.65933333333334,297.0966666666667,276.2793595108263
13580,300.73266666666666,276.5346666666667,297.03333333333336,276.1629412902324
13590,300.74,276.41,296.97,276.0465230696385
13600,300.744,276.262,296.91266666666667,275.89755491533793
13610,300.748,276.11400000000003,296.85533333333336,275.74858676103736
13620,300.752,275.966,296.798,275.5996186067368
13630,300.75600000000003,275.81800000000004,296.7406666666667,275.45065045243626
13640,300.76,275.67,296.68333333333334,275.3016822981357
13650,300.764,275.522,296.62600000000003,275.1527141438351
13660,300.76800000000003,275.374,296.5686666666667,275.00374598953454
13670,300.772,275.226,296.51133333333337,274.85477783523396
13680,300.776,275.07800000000003,296.454,274.7058096809334
13690,300.78000000000003,274.93,296.3966666666667,274.5568415266328
13700,300.784,274.782,296.33933333333334,274.40787337233223
13710,300.788,274.634,296.28200000000004,274.2589052180317
13720,300.79200000000003,274.486,296.2246666666667,274.10993706373114
13730,300.796,274.338,296.1673333333334,273.96096890943056
13740,300.8,274.19,296.11,273.81200075513
13750,300.7986666666667,273.97066666666666,296.0486666666667,273.58738170955303
13760,300.7973333333333,273.7513333333333,295.98733333333337,273.362762663976
13770,300.796,273.532,295.926,273.13814361839906
13780,300.79466666666667,273.31266666666664,295.86466666666666,272.91352457282204
13790,300.79333333333335,273.0933333333333,295.80333333333334,272.6889055272451
13800,300.792,272.87399999999997,295.742,272.46428648166807
13810,300.79066666666665,272.6546666666666,295.6806666666667,272.2396674360911
13820,300.78933333333333,272.43533333333335,295.6193333333333,272.0150483905141
13830,300.788,272.216,295.558,271.79042934493714
13840,300.78666666666663,271.99666666666667,295.49666666666667,271.5658102993601
13850,300.7853333333333,271.77733333333333,295.43533333333335,271.34119125378317
13860,300.784,271.558,295.374,271.11657220820615
13870,300.78266666666667,271.33866666666665,295.31266666666664,270.8919531626292
13880,300.7813333333333,271.1193333333333,295.2513333333333,270.6673341170522
13890,300.78,270.9,295.19,270.4427150714752
13900,300.7753333333333,270.5613333333333,295.11266666666666,270.09934417705205
13910,300.7706666666666,270.22266666666667,295.0353333333333,269.75597328262893
13920,300.76599999999996,269.88399999999996,294.95799999999997,269.41260238820576
13930,300.7613333333333,269.5453333333333,294.8806666666667,269.06923149378264
13940,300.75666666666666,269.20666666666665,294.80333333333334,268.72586059935946
13950,300.75199999999995,268.868,294.726,268.38248970493635
13960,300.7473333333333,268.52933333333334,294.64866666666666,268.0391188105132
13970,300.74266666666665,268.19066666666663,294.5713333333333,267.69574791609006
13980,300.738,267.852,294.49399999999997,267.3523770216669
13990,300.7333333333333,267.5133333333333,294.41666666666663,267.00900612724377
14000,300.72866666666664,267.17466666666667,294.3393333333333,266.6656352328206
14010,300.724,266.836,294.262,266.3222643383975
14020,300.71933333333334,266.4973333333333,294.18466666666666,265.9788934439743
14030,300.71466666666663,266.15866666666665,294.1073333333333,265.6355225495512
14040,300.71,265.82,294.03,265.292151655128
14050,300.702,265.14,293.9133333333333,264.59437052554904
14060,300.69399999999996,264.46,293.7966666666666,263.8965893959701
14070,300.686,263.78,293.67999999999995,263.19880826639115
14080,300.678,263.1,293.56333333333333,262.5010271368122
14090,300.66999999999996,262.42,293.44666666666666,261.80324600723327
14100,300.662,261.74,293.33,261.1054648776543
14110,300.654,261.06,293.2133333333333,260.4076837480753
14120,300.64599999999996,260.38,293.09666666666664,259.7099026184964
14130,300.638,259.7,292.97999999999996,259.01212148891744
14140,300.63,259.02,292.8633333333333,258.3143403593385
14150,300.62199999999996,258.34,292.7466666666666,257.61655922975956
14160,300.614,257.66,292.63,256.9187781001806
14170,300.606,256.98,292.5133333333333,256.2209969706016
14180,300.59799999999996,256.3,292.39666666666665,255.52321584102268
14190,300.59,255.62,292.28,254.82543471144373
14200,300.578,255.234,292.15933333333334,254.44559118464196
14210,300.566,254.848,292.03866666666664,254.06574765784018
14220,300.554,254.46200000000002,291.918,253.6859041310384
14230,300.542,254.076,291.7973333333333,253.3060606042366
14240,300.53,253.69,291.6766666666667,252.9262170774348
14250,300.518,253.304,291.556,252.54637355063304
14260,300.506,252.918,291.43533333333335,252.16653002383126
14270,300.494,252.532,291.31466666666665,251.78668649702948
14280,300.482,252.14600000000002,291.194,251.4068429702277
14290,300.47,251.76000000000002,291.0733333333333,251.02699944342592
14300,300.458,251.37400000000002,290.9526666666667,250.64715591662414
14310,300.446,250.988,290.832,250.26731238982234
14320,300.434,250.602,290.71133333333336,249.88746886302056
14330,300.422,250.216,290.59066666666666,249.50762533621878
14340,300.41,249.83,290.47,249.127781809417
14350,300.394,249.68533333333335,290.37333333333333,248.98983728826784
14360,300.37800000000004,249.54066666666668,290.2766666666667,248.85189276711867
14370,300.362,249.39600000000002,290.18,248.7139482459695
14380,300.346,249.25133333333335,290.08333333333337,248.57600372482034
14390,300.33000000000004,249.10666666666668,289.9866666666667,248.43805920367117
14400,300.314,248.96200000000002,289.89,248.300114682522
14410,300.298,248.81733333333335,289.79333333333335,248.16217016137284
14420,300.28200000000004,248.67266666666666,289.69666666666666,248.02422564022368
14430,300.266,248.528,289.6,247.8862811190745
14440,300.25,248.38333333333333,289.50333333333333,247.74833659792534
14450,300.23400000000004,248.23866666666666,289.40666666666664,247.61039207677618
14460,300.218,248.094,289.31,247.472447555627
14470,300.202,247.94933333333333,289.2133333333333,247.33450303447785
14480,300.18600000000004,247.80466666666666,289.1166666666667,247.19655851332868
14490,300.17,247.66,289.02,247.05861399217952
14500,300.15066666666667,247.68333333333334,288.9493333333333,247.0865298795584
14510,300.1313333333334,247.70666666666665,288.8786666666667,247.1144457669373
14520,300.112,247.73,288.808,247.1423616543162
14530,300.0926666666667,247.75333333333333,288.7373333333333,247.17027754169513
14540,300.0733333333333,247.77666666666667,288.66666666666663,247.19819342907402
14550,300.05400000000003,247.79999999999998,288.596,247.22610931645292
14560,300.0346666666667,247.82333333333332,288.5253333333333,247.25402520383182
14570,300.01533333333333,247.84666666666666,288.45466666666664,247.2819410912107
14580,299.996,247.87,288.38399999999996,247.3098569785896
14590,299.9766666666667,247.89333333333332,288.31333333333333,247.3377728659685
14600,299.95733333333334,247.91666666666666,288.24266666666665,247.3656887533474
14610,299.938,247.94,288.17199999999997,247.39360464072632
14620,299.91866666666664,247.96333333333334,288.1013333333333,247.42152052810522
14630,299.89933333333335,247.98666666666665,288.03066666666666,247.44943641548412
14640,299.88,248.01,287.96,247.477352302863
14650,299.8553333333333,247.53733333333332,287.85866666666664,246.98779794501846
14660,299.8306666666667,247.06466666666665,287.7573333333333,246.4982435871739
14670,299.806,246.59199999999998,287.656,246.00868922932935
14680,299.78133333333335,246.11933333333332,287.55466666666666,245.51913487148482
14690,299.75666666666666,245.64666666666665,287.4533333333333,245.02958051364027
14700,299.73199999999997,245.17399999999998,287.352,244.54002615579572
14710,299.70733333333334,244.7013333333333,287.25066666666663,244.05047179795116
14720,299.68266666666665,244.22866666666667,287.14933333333335,243.5609174401066
14730,299.658,243.756,287.048,243.07136308226205
14740,299.6333333333333,243.28333333333333,286.94666666666666,242.5818087244175
14750,299.60866666666664,242.81066666666666,286.8453333333333,242.09225436657294
14760,299.584,242.338,286.74399999999997,241.60270000872842
14770,299.5593333333333,241.86533333333333,286.6426666666667,241.11314565088387
14780,299.5346666666667,241.39266666666666,286.54133333333334,240.6235912930393
14790,299.51,240.92,286.44,240.13403693519476
14800,299.48133333333334,240.426,286.31666666666666,239.63336247980357
14810,299.45266666666663,239.932,286.1933333333333,239.1326880244124
14820,299.424,239.438,286.07,238.6320135690212
14830,299.3953333333333,238.944,285.94666666666666,238.13133911363002
14840,299.3666666666667,238.45,285.8233333333333,237.63066465823883
14850,299.33799999999997,237.956,285.7,237.12999020284767
14860,299.3093333333333,237.462,285.57666666666665,236.62931574745647
14870,299.28066666666666,236.968,285.4533333333333,236.12864129206528
14880,299.252,236.474,285.33,235.6279668366741
14890,299.2233333333333,235.98,285.20666666666665,235.12729238128293
14900,299.19466666666665,235.486,285.0833333333333,234.62661792589174
14910,299.166,234.992,284.96,234.12594347050054
14920,299.13733333333334,234.498,284.83666666666664,233.62526901510935
14930,299.10866666666664,234.004,284.7133333333333,233.1245945597182
14940,299.08,233.51,284.59,232.623920104327
14950,299.0473333333333,233.23866666666666,284.46666666666664,232.36485398570125
14960,299.01466666666664,232.96733333333333,284.3433333333333,232.10578786707546
14970,298.98199999999997,232.696,284.21999999999997,231.8467217484497
14980,298.9493333333333,232.42466666666667,284.09666666666664,231.58765562982393
14990,298.91666666666663,232.15333333333334,283.9733333333333,231.32858951119817
15000,298.88399999999996,231.882,283.84999999999997,231.0695233925724
15010,298.8513333333333,231.61066666666667,283.72666666666663,230.81045727394664
15020,298.8186666666667,231.33933333333331,283.60333333333335,230.55139115532086
15030,298.786,231.06799999999998,283.48,230.2923250366951
15040,298.75333333333333,230.79666666666665,283.3566666666667,230.03325891806932
15050,298.72066666666666,230.52533333333332,283.23333333333335,229.77419279944357
15060,298.688,230.254,283.11,229.5151266808178
15070,298.6553333333333,229.98266666666666,282.9866666666667,229.25606056219203
15080,298.62266666666665,229.71133333333333,282.86333333333334,228.99699444356625
15090,298.59,229.44,282.74,228.7379283249405
15100,298.55266666666665,229.66533333333334,282.67266666666666,228.9731989773922
15110,298.51533333333333,229.89066666666668,282.60533333333336,229.2084696298439
15120,298.47799999999995,230.11599999999999,282.538,229.4437402822956
15130,298.44066666666663,230.34133333333332,282.47066666666666,229.67901093474728
15140,298.4033333333333,230.56666666666666,282.40333333333336,229.91428158719899
15150,298.366,230.792,282.336,230.1495522396507
15160,298.32866666666666,231.01733333333334,282.26866666666666,230.3848228921024
15170,298.2913333333333,231.24266666666665,282.20133333333337,230.6200935445541
15180,298.25399999999996,231.468,282.134,230.8553641970058
15190,298.21666666666664,231.69333333333333,282.06666666666666,231.0906348494575
15200,298.1793333333333,231.91866666666667,281.99933333333337,231.3259055019092
15210,298.142,232.144,281.932,231.56117615436088
15220,298.1046666666666,232.36933333333332,281.86466666666666,231.79644680681258
15230,298.0673333333333,232.59466666666665,281.79733333333337,232.03171745926429
15240,298.03,232.82,281.73,232.266988111716
15250,297.98866666666663,232.10333333333332,281.6046666666667,231.51919698569444
15260,297.9473333333333,231.38666666666666,281.47933333333333,230.77140585967288
15270,297.906,230.67,281.35400000000004,230.02361473365136
15280,297.86466666666666,229.95333333333332,281.2286666666667,229.2758236076298
15290,297.8233333333333,229.23666666666665,281.10333333333335,228.52803248160825
15300,297.782,228.51999999999998,280.978,227.7802413555867
15310,297.74066666666664,227.8033333333333,280.85266666666666,227.03245022956514
15320,297.69933333333336,227.08666666666667,280.7273333333334,226.28465910354362
15330,297.658,226.37,280.60200000000003,225.53686797752206
15340,297.6166666666667,225.65333333333334,280.4766666666667,224.7890768515005
15350,297.57533333333333,224.93666666666667,280.35133333333334,224.04128572547896
15360,297.534,224.22,280.226,223.2934945994574
15370,297.4926666666667,223.50333333333333,280.1006666666667,222.54570347343588
15380,297.45133333333337,222.78666666666666,279.97533333333337,221.79791234741433
15390,297.41,222.07,279.85,221.05012122139277
15400,297.36400000000003,221.91933333333333,279.72933333333333,220.91809119970878
15410,297.31800000000004,221.76866666666666,279.6086666666667,220.7860611780248
15420,297.27200000000005,221.618,279.488,220.6540311563408
15430,297.226,221.46733333333333,279.36733333333336,220.52200113465685
15440,297.18,221.31666666666666,279.24666666666667,220.38997111297286
15450,297.134,221.166,279.12600000000003,220.25794109128887
15460,297.088,221.01533333333333,279.00533333333334,220.12591106960488
15470,297.04200000000003,220.86466666666666,278.8846666666667,219.9938810479209
15480,296.99600000000004,220.714,278.764,219.8618510262369
15490,296.95000000000005,220.56333333333333,278.6433333333334,219.72982100455292
15500,296.90400000000005,220.41266666666667,278.5226666666667,219.59779098286893
15510,296.858,220.262,278.40200000000004,219.46576096118497
15520,296.812,220.11133333333333,278.28133333333335,219.33373093950098
15530,296.766,219.96066666666667,278.1606666666667,219.201700917817
15540,296.72,219.81,278.04,219.069670896133
15550,296.6706666666667,219.77666666666667,277.9566666666667,219.02813718105466
15560,296.6213333333334,219.74333333333334,277.87333333333333,218.9866034659763
15570,296.572,219.71,277.79,218.94506975089794
15580,296.5226666666667,219.67666666666668,277.7066666666667,218.9035360358196
15590,296.47333333333336,219.64333333333335,277.62333333333333,218.86200232074125
15600,296.42400000000004,219.61,277.54,218.82046860566288
15610,296.3746666666667,219.57666666666668,277.4566666666667,218.77893489058454
15620,296.32533333333333,219.54333333333332,277.37333333333333,218.7374011755062
15630,296.276,219.51,277.29,218.69586746042785
15640,296.2266666666667,219.47666666666666,277.2066666666667,218.65433374534948
15650,296.17733333333337,219.44333333333333,277.12333333333333,218.61280003027113
15660,296.12800000000004,219.41,277.04,218.5712663151928
15670,296.07866666666666,219.37666666666667,276.9566666666667,218.52973260011444
15680,296.02933333333334,219.34333333333333,276.87333333333333,218.48819888503607
15690,295.98,219.31,276.79,218.44666516995773
15700,295.92600000000004,218.84333333333333,276.66400000000004,217.97036296375308
15710,295.872,218.37666666666667,276.538,217.49406075754843
15720,295.81800000000004,217.91,276.41200000000003,217.01775855134377
15730,295.764,217.44333333333333,276.286,216.54145634513912
15740,295.71000000000004,216.97666666666666,276.16,216.06515413893447
15750,295.656,216.51,276.034,215.58885193272982
15760,295.60200000000003,216.04333333333332,275.908,215.11254972652517
15770,295.548,215.57666666666668,275.782,214.63624752032055
15780,295.494,215.11,275.656,214.1599453141159
15790,295.44,214.64333333333335,275.53,213.68364310791125
15800,295.386,214.17666666666668,275.404,213.2073409017066
15810,295.332,213.71,275.27799999999996,212.73103869550195
15820,295.278,213.24333333333334,275.152,212.2547364892973
15830,295.224,212.77666666666667,275.02599999999995,211.77843428309265
15840,295.17,212.31,274.9,211.302132076888
