Time (s),T_outer (C),T_inner (C),T_avg (C),Input Temperature (C)
0,154.957487657778,154.957487657778,154.957487657778,154.957487657778
10,154.957487657778,154.957487657778,154.957487657778,154.957487657778
20,154.957487657778,154.957487657778,154.957487657778,154.957487657778
30,154.957487657778,154.957487657778,154.957487657778,154.957487657778
40,154.957487657778,154.957487657778,154.957487657778,154.957487657778
50,154.957487657778,154.957487657778,154.957487657778,154.957487657778
60,154.957487657778,154.957487657778,154.957487657778,154.957487657778
70,154.957487657778,154.957487657778,154.957487657778,154.957487657778
80,154.957487657778,154.957487657778,154.957487657778,154.957487657778
90,154.957487657778,154.957487657778,154.957487657778,154.957487657778
100,154.957487657778,154.957487657778,154.957487657778,154.957487657778
110,154.957487657778,154.957487657778,154.957487657778,154.957487657778
120,154.957487657778,154.957487657778,154.957487657778,154.957487657778
130,154.957487657778,154.957487657778,154.957487657778,154.957487657778
140,154.957487657778,154.957487657778,154.957487657778,154.957487657778
150,154.957487657778,154.957487657778,154.957487657778,154.957487657778
160,154.957487657778,154.957487657778,154.957487657778,154.957487657778
170,154.957487657778,154.957487657778,154.957487657778,154.957487657778
180,154.957487657778,154.957487657778,154.957487657778,154.957487657778
190,154.957487657778,154.957487657778,154.957487657778,154.957487657778
200,154.957487657778,154.957487657778,154.957487657778,154.957487657778
210,154.957487657778,154.957487657778,154.957487657778,154.957487657778
220,154.957487657778,154.957487657778,154.957487657778,154.957487657778
230,154.957487657778,154.957487657778,154.957487657778,154.957487657778
240,154.957487657778,154.957487657778,154.957487657778,154.957487657778
250,154.957487657778,154.957487657778,154.957487657778,154.957487657778
260,154.957487657778,154.957487657778,154.957487657778,154.957487657778
270,154.957487657778,154.957487657778,154.957487657778,154.957487657778
280,154.957487657778,154.957487657778,154.957487657778,154.957487657778
290,154.957487657778,154.957487657778,154.957487657778,154.957487657778
300,154.957487657778,154.957487657778,154.957487657778,154.957487657778
310,154.957487657778,154.957487657778,154.957487657778,154.957487657778
320,154.957487657778,154.957487657778,154.957487657778,154.957487657778
330,154.957487657778,154.957487657778,154.957487657778,154.957487657778
340,154.957487657778,154.957487657778,154.957487657778,154.957487657778
350,154.957487657778,154.957487657778,154.957487657778,154.957487657778
360,154.957487657778,154.957487657778,154.957487657778,154.957487657778
370,154.957487657778,154.957487657778,154.957487657778,154.957487657778
380,154.957487657778,154.957487657778,154.957487657778,154.957487657778
390,154.957487657778,154.957487657778,154.957487657778,154.957487657778
400,154.957487657778,154.957487657778,154.957487657778,154.957487657778
410,154.957487657778,154.957487657778,154.957487657778,154.957487657778
420,154.957487657778,154.957487657778,154.957487657778,154.957487657778
430,154.957487657778,154.957487657778,154.957487657778,154.957487657778
440,154.957487657778,154.957487657778,154.957487657778,154.957487657778
450,154.957487657778,154.957487657778,154.957487657778,154.957487657778
460,154.957487657778,154.957487657778,154.957487657778,154.957487657778
470,154.957487657778,154.957487657778,154.957487657778,154.957487657778
480,154.957487657778,154.957487657778,154.957487657778,154.957487657778
490,154.957487657778,154.957487657778,154.957487657778,154.957487657778
500,154.957487657778,154.957487657778,154.957487657778,154.957487657778
510,154.957487657778,154.957487657778,154.957487657778,154.957487657778
520,154.957487657778,154.957487657778,154.957487657778,154.957487657778
530,154.957487657778,154.957487657778,154.957487657778,154.957487657778
540,154.957487657778,154.957487657778,154.957487657778,154.957487657778
550,154.957487657778,154.957487657778,154.957487657778,154.957487657778
560,154.957487657778,154.957487657778,154.957487657778,154.957487657778
570,154.957487657778,154.957487657778,154.957487657778,154.957487657778
580,154.957487657778,154.957487657778,154.957487657778,154.957487657778
590,154.957487657778,154.957487657778,154.957487657778,154.957487657778
600,154.957487657778,154.957487657778,154.957487657778,154.957487657778
610,154.957487657778,154.957487657778,154.957487657778,154.957487657778
620,154.957487657778,154.957487657778,154.957487657778,154.957487657778
630,154.957487657778,154.957487657778,154.957487657778,154.957487657778
640,154.957487657778,154.957487657778,154.957487657778,154.957487657778
650,154.957487657778,154.957487657778,154.957487657778,154.957487657778
660,154.957487657778,154.957487657778,154.957487657778,154.957487657778
670,154.957487657778,154.957487657778,154.957487657778,154.957487657778
680,154.957487657778,154.957487657778,154.957487657778,154.957487657778
690,154.957487657778,154.957487657778,154.957487657778,154.957487657778
700,154.957487657778,154.957487657778,154.957487657778,154.957487657778
710,154.957487657778,154.957487657778,154.957487657778,154.957487657778
720,154.957487657778,154.957487657778,154.957487657778,154.957487657778
730,154.957487657778,154.957487657778,154.957487657778,154.957487657778
740,154.957487657778,154.957487657778,154.957487657778,154.957487657778
750,154.957487657778,154.957487657778,154.957487657778,154.957487657778
760,154.957487657778,154.957487657778,154.957487657778,154.957487657778
770,154.957487657778,154.957487657778,154.957487657778,154.957487657778
780,154.957487657778,154.957487657778,154.957487657778,154.957487657778
790,154.957487657778,154.957487657778,154.957487657778,154.957487657778
800,154.957487657778,154.957487657778,154.957487657778,154.957487657778
810,154.957487657778,154.957487657778,154.957487657778,154.957487657778
820,154.957487657778,154.957487657778,154.957487657778,154.957487657778
830,154.957487657778,154.957487657778,154.957487657778,154.957487657778
840,154.957487657778,154.957487657778,154.957487657778,154.957487657778
850,154.957487657778,154.957487657778,154.957487657778,154.957487657778
860,154.957487657778,154.957487657778,154.957487657778,154.957487657778
870,154.957487657778,154.957487657778,154.957487657778,154.957487657778
880,154.957487657778,154.957487657778,154.957487657778,154.957487657778
890,154.957487657778,154.957487657778,154.957487657778,154.957487657778
900,154.957487657778,154.957487657778,154.957487657778,154.957487657778
910,154.957487657778,154.957487657778,154.957487657778,154.957487657778
920,154.957487657778,154.957487657778,154.957487657778,154.957487657778
930,154.957487657778,154.957487657778,154.957487657778,154.957487657778
940,154.957487657778,154.957487657778,154.957487657778,154.957487657778
950,154.957487657778,154.957487657778,154.957487657778,154.957487657778
960,154.957487657778,154.957487657778,154.957487657778,154.957487657778
970,154.957487657778,154.957487657778,154.957487657778,154.957487657778
980,154.957487657778,154.957487657778,154.957487657778,154.957487657778
990,154.957487657778,154.957487657778,154.957487657778,154.957487657778
1000,154.957487657778,154.957487657778,154.957487657778,154.957487657778
1010,154.957487657778,154.957487657778,154.957487657778,154.957487657778
1020,154.957487657778,154.957487657778,154.957487657778,154.957487657778
1030,154.957487657778,154.957487657778,154.957487657778,154.957487657778
1040,154.957487657778,154.957487657778,154.957487657778,154.957487657778
1050,154.957487657778,154.957487657778,154.957487657778,154.957487657778
1060,154.957487657778,154.957487657778,154.957487657778,154.957487657778
1070,154.957487657778,154.957487657778,154.957487657778,154.957487657778
1080,154.957487657778,154.957487657778,154.957487657778,154.957487657778
1090,154.957487657778,154.957487657778,154.957487657778,154.957487657778
1100,154.957487657778,154.957487657778,154.957487657778,154.957487657778
1110,154.957487657778,154.957487657778,154.957487657778,154.957487657778
1120,154.957487657778,154.957487657778,154.957487657778,154.957487657778
1130,154.957487657778,154.957487657778,154.957487657778,154.957487657778
1140,154.957487657778,154.957487657778,154.957487657778,154.957487657778
1150,154.957487657778,154.957487657778,154.957487657778,154.957487657778
1160,154.957487657778,154.957487657778,154.957487657778,154.957487657778
1170,154.957487657778,154.957487657778,154.957487657778,154.957487657778
1180,154.957487657778,154.957487657778,154.957487657778,154.957487657778
1190,154.957487657778,154.957487657778,154.957487657778,154.957487657778
1200,154.957487657778,154.957487657778,154.957487657778,154.957487657778
1210,154.957487657778,154.957487657778,154.957487657778,154.957487657778
1220,154.957487657778,154.957487657778,154.957487657778,154.957487657778
1230,154.957487657778,154.957487657778,154.957487657778,154.957487657778
1240,154.957487657778,154.957487657778,154.957487657778,154.957487657778
1250,154.957487657778,154.957487657778,154.957487657778,154.957487657778
1260,154.957487657778,154.957487657778,154.957487657778,154.957487657778
1270,154.957487657778,154.957487657778,154.957487657778,154.957487657778
1280,154.957487657778,154.957487657778,154.957487657778,154.957487657778
1290,154.957487657778,154.957487657778,154.957487657778,154.957487657778
1300,154.957487657778,154.957487657778,154.957487657778,154.957487657778
1310,154.957487657778,154.957487657778,154.957487657778,154.957487657778
1320,154.957487657778,154.957487657778,154.957487657778,154.957487657778
1330,154.957487657778,154.957487657778,154.957487657778,154.957487657778
1340,154.957487657778,154.957487657778,154.957487657778,154.957487657778
1350,154.957487657778,154.957487657778,154.957487657778,154.957487657778
1360,154.957487657778,154.957487657778,154.957487657778,154.957487657778
1370,154.957487657778,154.957487657778,154.957487657778,154.957487657778
1380,154.957487657778,154.957487657778,154.957487657778,154.957487657778
1390,154.957487657778,154.957487657778,154.957487657778,154.957487657778
1400,154.957487657778,154.957487657778,154.957487657778,154.957487657778
1410,154.957487657778,154.957487657778,154.957487657778,154.957487657778
1420,154.957487657778,154.957487657778,154.957487657778,154.957487657778
1430,154.957487657778,154.957487657778,154.957487657778,154.957487657778
1440,154.957487657778,154.957487657778,154.957487657778,154.957487657778
1440,154.957487657778,154.957487657778,154.957487657778,154.957487657778
1450,154.95765514725946,155.72098848059278,155.02765514725945,155.75185035659118
1460,154.95782263674093,156.4844893034076,155.09782263674091,156.5462130554044
1470,154.9579901262224,157.2479901262224,155.16799012622238,157.34057575421758
1480,154.95815761570387,158.01149094903718,155.23815761570387,158.1349384530308
1490,154.95832510518534,158.774991771852,155.30832510518533,158.929301151844
1500,154.9584925946668,159.5384925946668,155.3784925946668,159.7236638506572
1510,154.95866008414828,160.30199341748158,155.44866008414826,160.5180265494704
1520,154.95882757362972,161.0654942402964,155.51882757362972,161.3123892482836
1530,154.9589950631112,161.8289950631112,155.58899506311118,162.1067519470968
1540,154.95916255259266,162.59249588592598,155.65916255259265,162.90111464591
1550,154.95933004207413,163.3559967087408,155.7293300420741,163.6954773447232
1560,154.9594975315556,164.1194975315556,155.7994975315556,164.48984004353642
1570,154.95966502103707,164.8829983543704,155.86966502103706,165.2842027423496
1580,154.95983251051854,165.6464991771852,155.93983251051853,166.07856544116282
1590,154.96,166.41,156.01,166.872928139976
1600,154.96,167.52866666666665,156.15266666666665,168.0214063720209
1610,154.96,168.64733333333334,156.29533333333333,169.16988460406574
1620,154.96,169.766,156.438,170.31836283611062
1630,154.96,170.88466666666667,156.58066666666667,171.46684106815547
1640,154.96,172.00333333333333,156.72333333333333,172.61531930020035
1650,154.96,173.12199999999999,156.86599999999999,173.7637975322452
1660,154.96,174.24066666666667,157.00866666666667,174.9122757642901
1670,154.96,175.35933333333332,157.15133333333333,176.06075399633494
1680,154.96,176.478,157.294,177.20923222837982
1690,154.96,177.59666666666666,157.43666666666667,178.35771046042467
1700,154.96,178.71533333333332,157.57933333333332,179.50618869246955
1710,154.96,179.834,157.722,180.6546669245144
1720,154.96,180.95266666666666,157.86466666666666,181.80314515655928
1730,154.96,182.07133333333334,158.00733333333335,182.95162338860416
1740,154.96,183.19,158.15,184.100101620649
1750,154.96,184.39933333333335,158.35733333333334,185.32077533605022
1760,154.96,185.60866666666666,158.56466666666668,186.54144905145142
1770,154.96,186.818,158.772,187.7621227668526
1780,154.96,188.02733333333333,158.97933333333333,188.9827964822538
1790,154.96,189.23666666666668,159.18666666666667,190.203470197655
1800,154.96,190.446,159.394,191.4241439130562
1810,154.96,191.65533333333335,159.60133333333334,192.64481762845742
1820,154.96,192.86466666666666,159.80866666666665,193.8654913438586
1830,154.96,194.074,160.016,195.0861650592598
1840,154.96,195.28333333333333,160.22333333333333,196.306838774661
1850,154.96,196.49266666666668,160.43066666666667,197.5275124900622
1860,154.96,197.702,160.638,198.7481862054634
1870,154.96,198.91133333333335,160.84533333333331,199.9688599208646
1880,154.96,200.1206666666667,161.05266666666665,201.1895336362658
1890,154.96,201.33,161.26,202.410207351667
1900,154.96266666666668,202.33,161.47733333333332,203.4211565005492
1910,154.96533333333335,203.33,161.69466666666665,204.4321056494314
1920,154.96800000000002,204.33,161.912,205.4430547983136
1930,154.97066666666666,205.33,162.12933333333334,206.4540039471958
1940,154.97333333333333,206.33,162.34666666666666,207.464953096078
1950,154.976,207.33,162.564,208.4759022449602
1960,154.97866666666667,208.33,162.78133333333332,209.4868513938424
1970,154.98133333333334,209.33,162.99866666666668,210.4978005427246
1980,154.984,210.33,163.216,211.5087496916068
1990,154.98666666666668,211.33,163.43333333333334,212.51969884048899
2000,154.98933333333335,212.33,163.65066666666667,213.5306479893712
2010,154.992,213.33,163.868,214.5415971382534
2020,154.99466666666666,214.33,164.08533333333335,215.55254628713558
2030,154.99733333333333,215.33,164.30266666666668,216.5634954360178
2040,155.0,216.33,164.52,217.5744445849
2050,155.00666666666666,216.9346666666667,164.722,218.17372723983084
2060,155.01333333333332,217.53933333333333,164.924,218.77300989476169
2070,155.02,218.144,165.126,219.37229254969256
2080,155.02666666666667,218.74866666666668,165.328,219.9715752046234
2090,155.03333333333333,219.35333333333335,165.53,220.57085785955425
2100,155.04,219.958,165.732,221.1701405144851
2110,155.04666666666665,220.56266666666667,165.934,221.76942316941594
2120,155.05333333333334,221.16733333333335,166.13600000000002,222.36870582434682
2130,155.06,221.77200000000002,166.33800000000002,222.96798847927766
2140,155.06666666666666,222.37666666666667,166.54000000000002,223.5672711342085
2150,155.07333333333332,222.98133333333334,166.74200000000002,224.16655378913936
2160,155.07999999999998,223.586,166.94400000000002,224.7658364440702
2170,155.08666666666667,224.1906666666667,167.14600000000002,225.36511909900108
2180,155.09333333333333,224.79533333333333,167.348,225.96440175393192
2190,155.1,225.4,167.55,226.56368440886277
2200,155.114,226.348,167.7746666666667,227.53350751151308
2210,155.128,227.296,167.99933333333334,228.5033306141634
2220,155.142,228.244,168.22400000000002,229.47315371681373
2230,155.156,229.192,168.44866666666667,230.44297681946404
2240,155.17,230.14000000000001,168.67333333333335,231.41279992211435
2250,155.184,231.088,168.898,232.38262302476465
2260,155.198,232.036,169.12266666666667,233.35244612741496
2270,155.212,232.984,169.34733333333332,234.3222692300653
2280,155.226,233.93200000000002,169.572,235.2920923327156
2290,155.24,234.88,169.79666666666665,236.26191543536592
2300,155.254,235.828,170.02133333333333,237.23173853801623
2310,155.268,236.776,170.24599999999998,238.20156164066654
2320,155.282,237.72400000000002,170.47066666666666,239.17138474331688
2330,155.296,238.672,170.6953333333333,240.1412078459672
2340,155.31,239.62,170.92,241.1110309486175
2350,155.33466666666666,240.61666666666667,171.17666666666665,242.10879263337858
2360,155.35933333333332,241.61333333333334,171.43333333333334,243.1065543181397
2370,155.38400000000001,242.61,171.69,244.1043160029008
2380,155.40866666666668,243.60666666666665,171.94666666666666,245.1020776876619
2390,155.43333333333334,244.60333333333332,172.20333333333332,246.099839372423
2400,155.458,245.6,172.46,247.09760105718408
2410,155.48266666666666,246.59666666666666,172.71666666666667,248.0953627419452
2420,155.50733333333335,247.59333333333333,172.97333333333333,249.09312442670628
2430,155.532,248.59,173.23,250.0908861114674
2440,155.55666666666667,249.58666666666667,173.48666666666668,251.08864779622849
2450,155.58133333333333,250.58333333333331,173.74333333333334,252.08640948098957
2460,155.606,251.57999999999998,174.0,253.0841711657507
2470,155.63066666666668,252.57666666666665,174.25666666666666,254.08193285051178
2480,155.65533333333335,253.57333333333332,174.51333333333335,255.0796945352729
2490,155.68,254.57,174.77,256.077456220034
2500,155.716,255.25,175.01133333333334,256.76055462129716
2510,155.752,255.92999999999998,175.25266666666667,257.4436530225604
2520,155.788,256.61,175.494,258.1267514238236
2530,155.824,257.28999999999996,175.73533333333333,258.8098498250868
2540,155.86,257.96999999999997,175.97666666666666,259.49294822635
2550,155.89600000000002,258.65,176.218,260.1760466276132
2560,155.93200000000002,259.33,176.45933333333332,260.8591450288764
2570,155.968,260.01,176.70066666666668,261.5422434301396
2580,156.004,260.69,176.942,262.22534183140283
2590,156.04,261.37,177.18333333333334,262.908440232666
2600,156.076,262.05,177.42466666666667,263.5915386339292
2610,156.112,262.72999999999996,177.666,264.2746370351924
2620,156.148,263.40999999999997,177.90733333333333,264.9577354364556
2630,156.184,264.09,178.14866666666666,265.64083383771884
2640,156.22,264.77,178.39,266.323932238982
2650,156.26866666666666,265.8413333333333,178.66666666666666,267.41514467453993
2660,156.31733333333332,266.91266666666667,178.94333333333333,268.50635711009784
2670,156.36599999999999,267.984,179.22,269.59756954565574
2680,156.41466666666668,269.0553333333333,179.49666666666664,270.6887819812136
2690,156.46333333333334,270.12666666666667,179.7733333333333,271.7799944167715
2700,156.512,271.198,180.04999999999998,272.8712068523294
2710,156.56066666666666,272.2693333333333,180.32666666666665,273.9624192878873
2720,156.60933333333332,273.34066666666666,180.60333333333332,275.0536317234452
2730,156.658,274.412,180.88,276.1448441590031
2740,156.70666666666665,275.4833333333333,181.15666666666667,277.23605659456103
2750,156.7553333333333,276.55466666666666,181.43333333333334,278.32726903011894
2760,156.804,277.626,181.70999999999998,279.4184814656768
2770,156.85266666666666,278.6973333333333,181.98666666666665,280.5096939012347
2780,156.90133333333333,279.76866666666666,182.26333333333332,281.6009063367926
2790,156.95,280.84,182.54,282.6921187723505
2800,157.01066666666665,281.9493333333333,182.84133333333332,283.8116336865887
2810,157.0713333333333,283.0586666666666,183.14266666666666,284.93114860082693
2820,157.132,284.168,183.444,286.05066351506514
2830,157.19266666666667,285.27733333333333,183.74533333333332,287.1701784293033
2840,157.25333333333333,286.38666666666666,184.04666666666665,288.2896933435415
2850,157.314,287.496,184.34799999999998,289.4092082577797
2860,157.37466666666666,288.6053333333333,184.64933333333332,290.5287231720179
2870,157.43533333333335,289.7146666666667,184.95066666666668,291.64823808625613
2880,157.496,290.824,185.252,292.76775300049434
2890,157.55666666666667,291.93333333333334,185.55333333333334,293.88726791473255
2900,157.61733333333333,293.04266666666666,185.85466666666667,295.00678282897076
2910,157.678,294.152,186.156,296.1262977432089
2920,157.7386666666667,295.26133333333337,186.45733333333334,297.2458126574471
2930,157.79933333333335,296.3706666666667,186.75866666666667,298.3653275716853
2940,157.86,297.48,187.06,299.48484248592354
2950,157.93400000000003,298.204,187.36,300.1897177295197
2960,158.008,298.928,187.66,300.8945929731159
2970,158.08200000000002,299.652,187.96,301.59946821671207
2980,158.156,300.37600000000003,188.26,302.30434346030825
2990,158.23000000000002,301.1,188.56,303.0092187039044
3000,158.304,301.824,188.86,303.7140939475006
3010,158.37800000000001,302.548,189.16,304.4189691910968
3020,158.452,303.272,189.46,305.123844434693
3030,158.526,303.996,189.76,305.8287196782892
3040,158.6,304.71999999999997,190.06,306.53359492188537
3050,158.674,305.44399999999996,190.36,307.23847016548154
3060,158.748,306.168,190.66,307.9433454090777
3070,158.822,306.892,190.96,308.6482206526739
3080,158.896,307.616,191.26,309.3530958962701
3090,158.97,308.34,191.56,310.05797113986625
3100,159.05733333333333,308.20266666666663,191.766,309.9052645634981
3110,159.14466666666667,308.0653333333333,191.972,309.75255798712993
3120,159.232,307.928,192.178,309.5998514107618
3130,159.31933333333333,307.79066666666665,192.38400000000001,309.44714483439367
3140,159.40666666666667,307.6533333333333,192.59,309.2944382580255
3150,159.494,307.51599999999996,192.796,309.14173168165735
3160,159.58133333333333,307.3786666666666,193.002,308.9890251052892
3170,159.66866666666667,307.24133333333333,193.208,308.836318528921
3180,159.756,307.104,193.41400000000002,308.6836119525529
3190,159.84333333333333,306.96666666666664,193.62,308.53090537618476
3200,159.93066666666667,306.8293333333333,193.826,308.3781987998166
3210,160.018,306.69199999999995,194.032,308.22549222344844
3220,160.10533333333333,306.55466666666666,194.238,308.0727856470803
3230,160.19266666666667,306.4173333333333,194.44400000000002,307.9200790707121
3240,160.28,306.28,194.65,307.767372494344
3250,160.38066666666666,306.1193333333333,194.81533333333334,307.5969562345852
3260,160.48133333333334,305.95866666666666,194.98066666666668,307.42653997482637
3270,160.582,305.798,195.14600000000002,307.2561237150676
3280,160.68266666666668,305.6373333333333,195.31133333333332,307.0857074553088
3290,160.78333333333333,305.47666666666663,195.47666666666666,306.91529119554997
3300,160.884,305.316,195.642,306.7448749357912
3310,160.98466666666667,305.1553333333333,195.80733333333333,306.5744586760324
3320,161.08533333333332,304.99466666666666,195.97266666666667,306.40404241627357
3330,161.186,304.834,196.138,306.2336261565148
3340,161.28666666666666,304.67333333333335,196.30333333333334,306.063209896756
3350,161.38733333333332,304.5126666666667,196.46866666666668,305.89279363699717
3360,161.488,304.352,196.634,305.7223773772384
3370,161.58866666666665,304.1913333333333,196.79933333333332,305.5519611174796
3380,161.68933333333334,304.03066666666666,196.96466666666666,305.38154485772077
3390,161.79,303.87,197.13,305.211128597962
3400,161.904,303.7993333333333,197.27733333333333,305.1386857781811
3410,162.018,303.7286666666667,197.42466666666667,305.06624295840027
3420,162.132,303.658,197.572,304.9938001386194
3430,162.24599999999998,303.58733333333333,197.71933333333334,304.92135731883855
3440,162.35999999999999,303.51666666666665,197.86666666666667,304.8489144990577
3450,162.474,303.446,198.014,304.7764716792768
3460,162.588,303.37533333333334,198.16133333333335,304.70402885949596
3470,162.702,303.30466666666666,198.30866666666665,304.63158603971505
3480,162.816,303.234,198.456,304.5591432199342
3490,162.93,303.16333333333336,198.60333333333332,304.4867004001533
3500,163.044,303.0926666666667,198.75066666666666,304.41425758037246
3510,163.158,303.022,198.898,304.3418147605916
3520,163.272,302.9513333333333,199.04533333333333,304.26937194081074
3530,163.386,302.8806666666667,199.19266666666667,304.1969291210299
3540,163.5,302.81,199.34,304.124486301249
3550,163.62533333333334,302.828,199.484,304.14207853033895
3560,163.75066666666666,302.846,199.62800000000001,304.1596707594289
3570,163.876,302.864,199.772,304.17726298851875
3580,164.00133333333332,302.882,199.916,304.1948552176087
3590,164.12666666666667,302.9,200.06,304.2124474466986
3600,164.252,302.918,200.204,304.23003967578853
3610,164.37733333333333,302.936,200.348,304.24763190487846
3620,164.50266666666667,302.954,200.492,304.26522413396833
3630,164.628,302.972,200.636,304.28281636305826
3640,164.75333333333333,302.99,200.78,304.3004085921482
3650,164.87866666666667,303.008,200.924,304.3180008212381
3660,165.004,303.026,201.068,304.33559305032804
3670,165.12933333333334,303.044,201.212,304.3531852794179
3680,165.25466666666665,303.062,201.356,304.37077750850784
3690,165.38,303.08,201.5,304.38836973759777
3700,165.51466666666667,303.18,201.64733333333334,304.4880586244513
3710,165.64933333333332,303.28,201.79466666666667,304.5877475113049
3720,165.784,303.38,201.942,304.6874363981584
3730,165.91866666666667,303.47999999999996,202.08933333333334,304.78712528501194
3740,166.05333333333334,303.58,202.23666666666668,304.8868141718655
3750,166.188,303.68,202.38400000000001,304.98650305871905
3760,166.32266666666666,303.78,202.53133333333335,305.0861919455726
3770,166.45733333333334,303.88,202.67866666666666,305.18588083242616
3780,166.592,303.97999999999996,202.826,305.2855697192797
3790,166.72666666666666,304.08,202.97333333333333,305.3852586061332
3800,166.86133333333333,304.18,203.12066666666666,305.4849474929868
3810,166.996,304.28,203.268,305.58463637984033
3820,167.13066666666668,304.38,203.41533333333334,305.68432526669386
3830,167.26533333333333,304.47999999999996,203.56266666666667,305.78401415354745
3840,167.4,304.58,203.71,305.883703040401
3850,167.54066666666668,304.566,203.846,305.8642375629742
3860,167.68133333333333,304.55199999999996,203.982,305.84477208554745
3870,167.822,304.538,204.118,305.82530660812074
3880,167.96266666666668,304.524,204.25400000000002,305.805841130694
3890,168.10333333333332,304.51,204.39000000000001,305.7863756532672
3900,168.244,304.496,204.526,305.76691017584045
3910,168.38466666666667,304.48199999999997,204.662,305.7474446984137
3920,168.52533333333332,304.468,204.798,305.727979220987
3930,168.666,304.454,204.934,305.7085137435602
3940,168.80666666666667,304.44,205.07,305.68904826613345
3950,168.94733333333332,304.426,205.206,305.6695827887067
3960,169.088,304.412,205.342,305.6501173112799
3970,169.22866666666667,304.398,205.478,305.6306518338532
3980,169.36933333333332,304.384,205.614,305.61118635642646
3990,169.51,304.37,205.75,305.5917208789997
4000,169.65466666666666,304.33933333333334,205.87733333333333,305.5579153412499
4010,169.79933333333332,304.3086666666667,206.00466666666668,305.52410980350004
4020,169.944,304.278,206.132,305.49030426575024
4030,170.08866666666665,304.24733333333336,206.25933333333333,305.45649872800044
4040,170.23333333333332,304.2166666666667,206.38666666666666,305.42269319025064
4050,170.378,304.18600000000004,206.514,305.3888876525008
4060,170.52266666666665,304.1553333333334,206.64133333333334,305.355082114751
4070,170.66733333333335,304.12466666666666,206.76866666666666,305.3212765770012
4080,170.812,304.094,206.896,305.2874710392514
4090,170.95666666666668,304.06333333333333,207.02333333333334,305.25366550150153
4100,171.10133333333334,304.03266666666667,207.15066666666667,305.21985996375173
4110,171.246,304.002,207.278,305.18605442600193
4120,171.39066666666668,303.97133333333335,207.40533333333332,305.15224888825213
4130,171.53533333333334,303.9406666666667,207.53266666666667,305.1184433505023
4140,171.68,303.91,207.66,305.0846378127525
4150,171.82666666666668,303.92400000000004,207.782,305.1003752252226
4160,171.97333333333333,303.93800000000005,207.904,305.11611263769277
4170,172.12,303.952,208.026,305.1318500501629
4180,172.26666666666668,303.966,208.148,305.147587462633
4190,172.41333333333333,303.98,208.27,305.16332487510317
4200,172.56,303.994,208.392,305.1790622875733
4210,172.70666666666668,304.00800000000004,208.514,305.1947997000434
4220,172.85333333333332,304.022,208.636,305.2105371125136
4230,173.0,304.036,208.758,305.2262745249837
4240,173.14666666666668,304.05,208.88,305.2420119374538
4250,173.29333333333332,304.064,209.002,305.257749349924
4260,173.44,304.07800000000003,209.124,305.2734867623941
4270,173.58666666666667,304.092,209.246,305.2892241748642
4280,173.73333333333332,304.106,209.368,305.3049615873344
4290,173.88,304.12,209.49,305.3206989998045
4300,174.028,304.248,209.62266666666667,305.4498623730376
4310,174.176,304.37600000000003,209.75533333333334,305.5790257462707
4320,174.32399999999998,304.504,209.888,305.7081891195038
4330,174.472,304.632,210.02066666666667,305.8373524927369
4340,174.62,304.76,210.15333333333334,305.96651586597
4350,174.768,304.88800000000003,210.286,306.0956792392031
4360,174.916,305.016,210.41866666666667,306.2248426124362
4370,175.064,305.144,210.55133333333333,306.3540059856693
4380,175.212,305.272,210.684,306.4831693589024
4390,175.35999999999999,305.40000000000003,210.81666666666666,306.6123327321355
4400,175.50799999999998,305.528,210.94933333333333,306.7414961053686
4410,175.656,305.656,211.082,306.8706594786017
4420,175.804,305.784,211.21466666666666,306.9998228518348
4430,175.952,305.91200000000003,211.34733333333332,307.1289862250679
4440,176.1,306.04,211.48,307.258149598301
4450,176.24866666666665,306.16,211.61466666666666,307.3778966060922
4460,176.39733333333334,306.28000000000003,211.7493333333333,307.4976436138834
4470,176.546,306.40000000000003,211.884,307.6173906216746
4480,176.69466666666668,306.52,212.01866666666666,307.7371376294658
4490,176.84333333333333,306.64,212.15333333333334,307.856884637257
4500,176.992,306.76,212.28799999999998,307.9766316450482
4510,177.14066666666668,306.88,212.42266666666666,308.0963786528394
4520,177.28933333333333,307.0,212.55733333333333,308.21612566063055
4530,177.43800000000002,307.12,212.692,308.33587266842176
4540,177.58666666666667,307.24,212.82666666666665,308.45561967621296
4550,177.73533333333333,307.36,212.96133333333333,308.57536668400417
4560,177.88400000000001,307.47999999999996,213.096,308.69511369179537
4570,178.03266666666667,307.59999999999997,213.23066666666668,308.8148606995866
4580,178.18133333333336,307.71999999999997,213.36533333333333,308.9346077073778
4590,178.33,307.84,213.5,309.054354715169
4600,178.47733333333335,307.75199999999995,213.61933333333334,308.9563791321997
4610,178.62466666666668,307.664,213.73866666666666,308.8584035492304
4620,178.77200000000002,307.57599999999996,213.858,308.7604279662611
4630,178.91933333333333,307.488,213.97733333333332,308.6624523832918
4640,179.06666666666666,307.4,214.09666666666666,308.5644768003225
4650,179.214,307.31199999999995,214.216,308.4665012173532
4660,179.36133333333333,307.224,214.33533333333332,308.3685256343839
4670,179.50866666666667,307.13599999999997,214.45466666666667,308.2705500514146
4680,179.656,307.048,214.57399999999998,308.1725744684453
4690,179.80333333333334,306.96,214.69333333333333,308.074598885476
4700,179.95066666666668,306.87199999999996,214.81266666666667,307.9766233025067
4710,180.09799999999998,306.784,214.932,307.8786477195374
4720,180.24533333333332,306.69599999999997,215.05133333333333,307.7806721365681
4730,180.39266666666666,306.608,215.17066666666665,307.6826965535988
4740,180.54,306.52,215.29,307.5847209706295
4750,180.68666666666667,306.38399999999996,215.38933333333333,307.4479176028024
4760,180.83333333333331,306.248,215.48866666666666,307.3111142349753
4770,180.98,306.11199999999997,215.588,307.1743108671483
4780,181.12666666666667,305.976,215.68733333333333,307.0375074993212
4790,181.27333333333334,305.84,215.78666666666666,306.9007041314941
4800,181.42,305.704,215.886,306.763900763667
4810,181.56666666666666,305.568,215.98533333333333,306.6270973958399
4820,181.71333333333334,305.432,216.08466666666666,306.49029402801284
4830,181.86,305.296,216.184,306.35349066018574
4840,182.00666666666666,305.16,216.28333333333333,306.21668729235864
4850,182.15333333333334,305.024,216.38266666666667,306.07988392453154
4860,182.3,304.88800000000003,216.482,305.94308055670444
4870,182.4466666666667,304.752,216.58133333333333,305.8062771888774
4880,182.59333333333333,304.61600000000004,216.68066666666667,305.6694738210503
4890,182.74,304.48,216.78,305.5326704532232
4900,182.88533333333334,304.48400000000004,216.88466666666667,305.53593410644106
4910,183.03066666666666,304.488,216.98933333333332,305.5391977596589
4920,183.17600000000002,304.492,217.094,305.5424614128768
4930,183.32133333333334,304.49600000000004,217.19866666666667,305.54572506609463
4940,183.46666666666667,304.5,217.30333333333334,305.5489887193125
4950,183.612,304.504,217.408,305.55225237253035
4960,183.75733333333332,304.50800000000004,217.51266666666666,305.5555160257482
4970,183.90266666666668,304.512,217.61733333333333,305.558779678966
4980,184.048,304.516,217.722,305.56204333218386
4990,184.19333333333333,304.52000000000004,217.82666666666665,305.5653069854017
5000,184.33866666666665,304.524,217.93133333333333,305.5685706386196
5010,184.48399999999998,304.528,218.036,305.57183429183743
5020,184.62933333333334,304.53200000000004,218.14066666666668,305.5750979450553
5030,184.77466666666666,304.536,218.24533333333332,305.57836159827315
5040,184.92,304.54,218.35,305.581625251491
5050,185.06466666666665,304.3506666666667,218.43866666666665,305.38371128208433
5060,185.20933333333332,304.16133333333335,218.52733333333333,305.1857973126777
5070,185.35399999999998,303.97200000000004,218.61599999999999,304.98788334327105
5080,185.49866666666665,303.78266666666667,218.70466666666667,304.7899693738644
5090,185.64333333333332,303.59333333333336,218.79333333333332,304.59205540445777
5100,185.78799999999998,303.404,218.882,304.3941414350511
5110,185.93266666666665,303.2146666666667,218.97066666666666,304.1962274656444
5120,186.07733333333334,303.0253333333333,219.05933333333334,303.9983134962378
5130,186.222,302.836,219.148,303.80039952683114
5140,186.36666666666667,302.64666666666665,219.23666666666668,303.6024855574245
5150,186.51133333333334,302.45733333333334,219.32533333333333,303.40457158801786
5160,186.656,302.268,219.41400000000002,303.2066576186112
5170,186.80066666666667,302.07866666666666,219.50266666666667,303.0087436492045
5180,186.94533333333334,301.8893333333333,219.59133333333335,302.8108296797979
5190,187.09,301.7,219.68,302.61291571039123
5200,187.23266666666666,301.59066666666666,219.762,302.5034209320989
5210,187.37533333333334,301.48133333333334,219.844,302.3939261538066
5220,187.518,301.372,219.92600000000002,302.28443137551426
5230,187.66066666666666,301.26266666666663,220.008,302.174936597222
5240,187.80333333333334,301.1533333333333,220.09,302.0654418189296
5250,187.946,301.044,220.172,301.95594704063734
5260,188.08866666666665,300.93466666666666,220.254,301.846452262345
5270,188.23133333333334,300.82533333333333,220.336,301.7369574840527
5280,188.374,300.716,220.418,301.62746270576037
5290,188.51666666666665,300.6066666666667,220.5,301.5179679274681
5300,188.65933333333334,300.49733333333336,220.582,301.40847314917573
5310,188.802,300.388,220.664,301.29897837088345
5320,188.94466666666665,300.27866666666665,220.746,301.1894835925911
5330,189.08733333333333,300.1693333333333,220.828,301.0799888142988
5340,189.23,300.06,220.91,300.97049403600647
5350,189.37,300.07,220.998,300.98455001815046
5360,189.51,300.08,221.08599999999998,300.9986060002944
5370,189.65,300.09,221.174,301.0126619824384
5380,189.79,300.1,221.262,301.02671796458236
5390,189.93,300.11,221.35,301.0407739467263
5400,190.07,300.12,221.438,301.0548299288703
5410,190.21,300.13,221.52599999999998,301.06888591101426
5420,190.35,300.14,221.614,301.0829418931582
5430,190.49,300.15,221.702,301.0969978753022
5440,190.63,300.15999999999997,221.79,301.11105385744617
5450,190.77,300.16999999999996,221.878,301.1251098395901
5460,190.91,300.18,221.96599999999998,301.1391658217341
5470,191.05,300.19,222.054,301.15322180387807
5480,191.19,300.2,222.142,301.167277786022
5490,191.33,300.21,222.23,301.181333768166
5500,191.46066666666667,300.3806666666666,222.334,301.3540720800682
5510,191.59133333333335,300.55133333333333,222.438,301.5268103919704
5520,191.722,300.722,222.542,301.6995487038726
5530,191.85266666666666,300.8926666666666,222.646,301.87228701577476
5540,191.98333333333335,301.06333333333333,222.75,302.04502532767697
5550,192.114,301.234,222.85399999999998,302.2177636395792
5560,192.24466666666666,301.4046666666666,222.958,302.3905019514814
5570,192.37533333333334,301.57533333333333,223.06199999999998,302.5632402633836
5580,192.506,301.746,223.166,302.7359785752858
5590,192.63666666666666,301.91666666666663,223.26999999999998,302.908716887188
5600,192.76733333333334,302.08733333333333,223.374,303.0814551990902
5610,192.898,302.258,223.47799999999998,303.25419351099237
5620,193.02866666666665,302.42866666666663,223.582,303.4269318228946
5630,193.15933333333334,302.59933333333333,223.68599999999998,303.5996701347968
5640,193.29,302.77,223.79,303.772408446699
5650,193.41666666666666,302.792,223.88733333333332,303.79017640324855
5660,193.54333333333332,302.81399999999996,223.98466666666667,303.8079443597981
5670,193.67,302.836,224.082,303.8257123163476
5680,193.79666666666665,302.858,224.17933333333332,303.8434802728972
5690,193.92333333333332,302.88,224.27666666666667,303.86124822944674
5700,194.04999999999998,302.902,224.374,303.8790161859963
5710,194.17666666666665,302.924,224.47133333333332,303.89678414254587
5720,194.30333333333334,302.946,224.56866666666667,303.9145520990954
5730,194.43,302.968,224.666,303.93232005564494
5740,194.55666666666667,302.99,224.76333333333332,303.9500880121945
5750,194.68333333333334,303.012,224.86066666666667,303.96785596874406
5760,194.81,303.034,224.958,303.9856239252936
5770,194.93666666666667,303.05600000000004,225.05533333333332,304.00339188184313
5780,195.06333333333333,303.07800000000003,225.15266666666668,304.0211598383927
5790,195.19,303.1,225.25,304.03892779494225
5800,195.314,303.24666666666667,225.35333333333332,304.1905239192546
5810,195.438,303.3933333333334,225.45666666666668,304.34212004356687
5820,195.562,303.54,225.56,304.4937161678792
5830,195.686,303.68666666666667,225.66333333333333,304.64531229219153
5840,195.81,303.83333333333337,225.76666666666668,304.79690841650387
5850,195.934,303.98,225.87,304.94850454081615
5860,196.058,304.12666666666667,225.97333333333333,305.1001006651285
5870,196.18200000000002,304.27333333333337,226.07666666666668,305.2516967894408
5880,196.306,304.42,226.18,305.40329291375315
5890,196.43,304.56666666666666,226.28333333333333,305.5548890380654
5900,196.554,304.71333333333337,226.38666666666668,305.70648516237776
5910,196.678,304.86,226.49,305.8580812866901
5920,196.80200000000002,305.00666666666666,226.59333333333333,306.00967741100243
5930,196.92600000000002,305.15333333333336,226.6966666666667,306.1612735353147
5940,197.05,305.3,226.8,306.31286965962704
5950,197.17066666666668,305.50933333333336,226.916,306.5242463862788
5960,197.29133333333334,305.71866666666665,227.032,306.73562311293045
5970,197.412,305.928,227.148,306.9469998395822
5980,197.53266666666667,306.13733333333334,227.264,307.15837656623387
5990,197.65333333333334,306.3466666666667,227.38,307.3697532928856
6000,197.774,306.556,227.496,307.58113001953734
6010,197.89466666666667,306.76533333333333,227.612,307.792506746189
6020,198.01533333333336,306.9746666666667,227.728,308.00388347284076
6030,198.13600000000002,307.184,227.844,308.21526019949243
6040,198.2566666666667,307.3933333333333,227.96,308.42663692614417
6050,198.37733333333335,307.60266666666666,228.076,308.6380136527959
6060,198.49800000000002,307.812,228.192,308.8493903794476
6070,198.61866666666668,308.02133333333336,228.308,309.0607671060993
6080,198.73933333333335,308.23066666666665,228.424,309.272143832751
6090,198.86,308.44,228.54,309.48352055940273
6100,198.97933333333336,308.63533333333334,228.66066666666666,309.6806303229705
6110,199.09866666666667,308.8306666666667,228.78133333333332,309.8777400865382
6120,199.21800000000002,309.026,228.902,310.074849850106
6130,199.33733333333333,309.22133333333335,229.02266666666665,310.27195961367374
6140,199.45666666666668,309.4166666666667,229.14333333333332,310.4690693772415
6150,199.57600000000002,309.612,229.26399999999998,310.6661791408092
6160,199.69533333333334,309.80733333333336,229.38466666666665,310.863288904377
6170,199.81466666666668,310.00266666666664,229.50533333333334,311.06039866794475
6180,199.934,310.198,229.626,311.2575084315125
6190,200.05333333333334,310.3933333333333,229.74666666666667,311.45461819508023
6200,200.1726666666667,310.58866666666665,229.86733333333333,311.651727958648
6210,200.292,310.784,229.988,311.84883772221576
6220,200.41133333333335,310.97933333333333,230.10866666666666,312.04594748578353
6230,200.53066666666666,311.17466666666667,230.22933333333333,312.24305724935124
6240,200.65,311.37,230.35,312.440167012919
6250,200.76666666666668,311.36333333333334,230.456,312.4263837295832
6260,200.88333333333333,311.3566666666667,230.56199999999998,312.4126004462474
6270,201.0,311.35,230.668,312.3988171629116
6280,201.11666666666667,311.3433333333333,230.774,312.3850338795758
6290,201.23333333333335,311.33666666666664,230.88,312.37125059624003
6300,201.35,311.33,230.986,312.3574673129042
6310,201.46666666666667,311.3233333333333,231.09199999999998,312.3436840295684
6320,201.58333333333334,311.31666666666666,231.198,312.3299007462326
6330,201.70000000000002,311.31,231.304,312.31611746289684
6340,201.81666666666666,311.30333333333334,231.41,312.302334179561
6350,201.93333333333334,311.2966666666667,231.516,312.2885508962252
6360,202.05,311.28999999999996,231.62199999999999,312.27476761288943
6370,202.16666666666669,311.2833333333333,231.728,312.26098432955365
6380,202.28333333333333,311.27666666666664,231.834,312.2472010462178
6390,202.4,311.27,231.94,312.233417762882
6400,202.51533333333333,311.07,232.024,312.0217573682336
6410,202.63066666666668,310.87,232.108,311.8100969735851
6420,202.746,310.66999999999996,232.192,311.5984365789366
6430,202.86133333333333,310.46999999999997,232.27599999999998,311.3867761842881
6440,202.97666666666666,310.27,232.35999999999999,311.1751157896397
6450,203.092,310.07,232.444,310.96345539499123
6460,203.20733333333334,309.87,232.528,310.7517950003427
6470,203.32266666666666,309.66999999999996,232.612,310.5401346056943
6480,203.438,309.46999999999997,232.696,310.3284742110458
6490,203.55333333333334,309.27,232.78,310.1168138163973
6500,203.66866666666667,309.07,232.864,309.9051534217489
6510,203.784,308.87,232.94799999999998,309.6934930271004
6520,203.89933333333332,308.66999999999996,233.03199999999998,309.4818326324519
6530,204.01466666666667,308.46999999999997,233.11599999999999,309.2701722378034
6540,204.13,308.27,233.2,309.058511843155
6550,204.24466666666666,308.01866666666666,233.25933333333333,308.8043408232636
6560,204.35933333333332,307.76733333333334,233.31866666666664,308.5501698033722
6570,204.474,307.51599999999996,233.378,308.29599878348085
6580,204.58866666666665,307.26466666666664,233.43733333333333,308.04182776358954
6590,204.70333333333332,307.0133333333333,233.49666666666667,307.78765674369816
6600,204.81799999999998,306.762,233.55599999999998,307.5334857238068
6610,204.93266666666665,306.5106666666667,233.61533333333333,307.2793147039154
6620,205.04733333333334,306.2593333333333,233.67466666666667,307.02514368402404
6630,205.162,306.008,233.734,306.77097266413267
6640,205.27666666666667,305.75666666666666,233.79333333333332,306.5168016442413
6650,205.39133333333334,305.50533333333334,233.85266666666666,306.2626306243499
6660,205.506,305.254,233.912,306.0084596044586
6670,205.62066666666666,305.00266666666664,233.97133333333335,305.75428858456723
6680,205.73533333333333,304.7513333333333,234.03066666666666,305.50011756467586
6690,205.85,304.5,234.09,305.2459465447845
6700,205.96466666666666,304.36066666666665,234.14933333333335,305.10463138572
6710,206.07933333333332,304.22133333333335,234.20866666666666,304.9633162266555
6720,206.194,304.082,234.268,304.822001067591
6730,206.30866666666665,303.9426666666667,234.32733333333334,304.68068590852647
6740,206.42333333333332,303.80333333333334,234.38666666666666,304.53937074946197
6750,206.53799999999998,303.664,234.446,304.39805559039746
6760,206.65266666666665,303.5246666666667,234.50533333333334,304.25674043133296
6770,206.76733333333334,303.38533333333334,234.56466666666665,304.1154252722685
6780,206.882,303.24600000000004,234.624,303.974110113204
6790,206.99666666666667,303.1066666666667,234.68333333333334,303.8327949541395
6800,207.11133333333333,302.96733333333333,234.74266666666665,303.691479795075
6810,207.226,302.82800000000003,234.802,303.5501646360105
6820,207.34066666666666,302.6886666666667,234.86133333333333,303.408849476946
6830,207.45533333333333,302.5493333333334,234.92066666666665,303.2675343178815
6840,207.57,302.41,234.98,303.126219158817
6850,207.68266666666665,302.73400000000004,235.07533333333333,303.46644186466233
6860,207.79533333333333,303.058,235.17066666666665,303.8066645705077
6870,207.908,303.382,235.266,304.146887276353
6880,208.02066666666667,303.706,235.36133333333333,304.4871099821984
6890,208.13333333333333,304.03000000000003,235.45666666666665,304.8273326880437
6900,208.24599999999998,304.354,235.552,305.1675553938891
6910,208.35866666666666,304.678,235.64733333333334,305.5077780997344
6920,208.47133333333332,305.002,235.74266666666665,305.84800080557983
6930,208.584,305.326,235.838,306.1882235114252
6940,208.69666666666666,305.65,235.93333333333334,306.5284462172705
6950,208.8093333333333,305.974,236.02866666666665,306.8686689231159
6960,208.922,306.298,236.124,307.2088916289612
6970,209.03466666666665,306.622,236.21933333333334,307.5491143348066
6980,209.14733333333334,306.94599999999997,236.31466666666665,307.8893370406519
6990,209.26,307.27,236.41,308.2295597464973
7000,209.37199999999999,307.3873333333333,236.512,308.3409867386117
7010,209.48399999999998,307.50466666666665,236.614,308.45241373072616
7020,209.596,307.62199999999996,236.716,308.5638407228406
7030,209.708,307.7393333333333,236.81799999999998,308.67526771495505
7040,209.82,307.8566666666666,236.92,308.7866947070695
7050,209.932,307.974,237.022,308.89812169918395
7060,210.04399999999998,308.0913333333333,237.124,309.0095486912984
7070,210.156,308.20866666666666,237.226,309.1209756834129
7080,210.268,308.32599999999996,237.328,309.23240267552734
7090,210.38,308.4433333333333,237.43,309.3438296676418
7100,210.492,308.56066666666663,237.532,309.45525665975623
7110,210.60399999999998,308.678,237.634,309.5666836518707
7120,210.716,308.7953333333333,237.736,309.6781106439851
7130,210.828,308.91266666666667,237.838,309.78953763609957
7140,210.94,309.03,237.94,309.900964628214
7150,211.05,309.02666666666664,238.02733333333333,309.89493686611365
7160,211.16,309.0233333333333,238.11466666666666,309.8889091040133
7170,211.27,309.02,238.202,309.88288134191293
7180,211.38,309.01666666666665,238.28933333333333,309.8768535798125
7190,211.49,309.0133333333333,238.37666666666667,309.87082581771216
7200,211.6,309.01,238.464,309.8647980556118
7210,211.71,309.00666666666666,238.55133333333333,309.85877029351144
7220,211.82,309.00333333333333,238.63866666666667,309.8527425314111
7230,211.93,309.0,238.726,309.8467147693107
7240,212.04,308.99666666666667,238.81333333333333,309.84068700721036
7250,212.15,308.99333333333334,238.90066666666667,309.83465924511
7260,212.26,308.99,238.988,309.8286314830096
7270,212.37,308.9866666666667,239.07533333333333,309.8226037209092
7280,212.48,308.98333333333335,239.16266666666667,309.81657595880887
7290,212.59,308.98,239.25,309.8105481967085
7300,212.698,308.96933333333334,239.332,309.7984066399094
7310,212.806,308.95866666666666,239.414,309.7862650831103
7320,212.91400000000002,308.94800000000004,239.496,309.7741235263112
7330,213.022,308.93733333333336,239.578,309.76198196951214
7340,213.13,308.9266666666667,239.66,309.749840412713
7350,213.238,308.916,239.742,309.7376988559139
7360,213.346,308.9053333333333,239.82399999999998,309.7255572991148
7370,213.454,308.8946666666667,239.906,309.7134157423157
7380,213.562,308.884,239.988,309.70127418551664
7390,213.67000000000002,308.87333333333333,240.07,309.6891326287175
7400,213.77800000000002,308.86266666666666,240.152,309.6769910719184
7410,213.886,308.852,240.23399999999998,309.66484951511933
7420,213.994,308.84133333333335,240.316,309.6527079583202
7430,214.102,308.8306666666667,240.398,309.64056640152114
7440,214.21,308.82,240.48,309.628424844722
7450,214.316,308.82266666666663,240.56,309.6304010244527
7460,214.422,308.82533333333333,240.64,309.63237720418334
7470,214.52800000000002,308.828,240.72,309.63435338391395
7480,214.63400000000001,308.8306666666667,240.79999999999998,309.6363295636446
7490,214.74,308.8333333333333,240.88,309.63830574337527
7500,214.846,308.836,240.96,309.64028192310593
7510,214.952,308.83866666666665,241.04,309.6422581028366
7520,215.05800000000002,308.84133333333335,241.12,309.6442342825672
7530,215.16400000000002,308.844,241.2,309.64621046229786
7540,215.27,308.8466666666667,241.28,309.6481866420285
7550,215.376,308.84933333333333,241.36,309.6501628217592
7560,215.482,308.85200000000003,241.44,309.65213900148984
7570,215.58800000000002,308.8546666666667,241.52,309.65411518122045
7580,215.69400000000002,308.8573333333334,241.6,309.6560913609511
7590,215.8,308.86,241.68,309.65806754068177
7600,215.90400000000002,308.5986666666667,241.74,309.38236016653167
7610,216.008,308.33733333333333,241.8,309.1066527923816
7620,216.11200000000002,308.076,241.86,308.8309454182315
7630,216.216,307.81466666666665,241.92000000000002,308.5552380440814
7640,216.32000000000002,307.55333333333334,241.98000000000002,308.2795306699314
7650,216.424,307.29200000000003,242.04000000000002,308.0038232957813
7660,216.52800000000002,307.03066666666666,242.10000000000002,307.7281159216312
7670,216.632,306.76933333333335,242.16,307.4524085474811
7680,216.73600000000002,306.508,242.22,307.176701173331
7690,216.84,306.24666666666667,242.28,306.9009937991809
7700,216.94400000000002,305.98533333333336,242.34,306.6252864250309
7710,217.048,305.724,242.4,306.3495790508808
7720,217.15200000000002,305.4626666666667,242.46,306.0738716767307
7730,217.256,305.2013333333333,242.52,305.79816430258063
7740,217.36,304.94,242.58,305.52245692843053
7750,217.46333333333334,304.77733333333333,242.62,305.37081283068005
7760,217.5666666666667,304.61466666666666,242.66000000000003,305.2191687329295
7770,217.67000000000002,304.452,242.70000000000002,305.06752463517904
7780,217.77333333333334,304.28933333333333,242.74,304.9158805374285
7790,217.87666666666667,304.12666666666667,242.78,304.76423643967803
7800,217.98000000000002,303.964,242.82000000000002,304.6125923419275
7810,218.08333333333334,303.80133333333333,242.86,304.460948244177
7820,218.18666666666667,303.63866666666667,242.9,304.3093041464265
7830,218.29,303.476,242.94,304.157660048676
7840,218.39333333333335,303.31333333333333,242.98000000000002,304.0060159509255
7850,218.49666666666667,303.15066666666667,243.02,303.854371853175
7860,218.6,302.988,243.06,303.70272775542446
7870,218.70333333333332,302.82533333333333,243.1,303.551083657674
7880,218.80666666666667,302.66266666666667,243.14000000000001,303.39943955992345
7890,218.91,302.5,243.18,303.247795462173
7900,219.012,302.86466666666666,243.27200000000002,303.6219614711024
7910,219.114,303.22933333333333,243.364,303.99612748003176
7920,219.216,303.594,243.45600000000002,304.3702934889612
7930,219.31799999999998,303.95866666666666,243.548,304.7444594978906
7940,219.42,304.3233333333333,243.64000000000001,305.11862550681997
7950,219.522,304.688,243.732,305.4927915157494
7960,219.624,305.05266666666665,243.824,305.8669575246788
7970,219.726,305.4173333333334,243.916,306.2411235336082
7980,219.828,305.78200000000004,244.008,306.6152895425376
7990,219.93,306.1466666666667,244.1,306.989455551467
8000,220.032,306.51133333333337,244.192,307.3636215603964
8010,220.134,306.87600000000003,244.284,307.7377875693258
8020,220.236,307.2406666666667,244.376,308.1119535782552
8030,220.338,307.60533333333336,244.468,308.4861195871846
8040,220.44,307.97,244.56,308.860285596114
8050,220.54,307.8426666666667,244.63133333333334,308.7183906923942
8060,220.64,307.7153333333334,244.70266666666666,308.5764957886744
8070,220.74,307.588,244.774,308.4346008849546
8080,220.84,307.46066666666667,244.84533333333334,308.2927059812348
8090,220.94,307.33333333333337,244.91666666666666,308.150811077515
8100,221.04,307.206,244.988,308.00891617379517
8110,221.14,307.07866666666666,245.05933333333334,307.8670212700754
8120,221.24,306.95133333333337,245.13066666666666,307.7251263663556
8130,221.34,306.824,245.202,307.5832314626358
8140,221.44,306.69666666666666,245.27333333333334,307.44133655891596
8150,221.54,306.56933333333336,245.34466666666665,307.2994416551962
8160,221.64,306.442,245.416,307.1575467514764
8170,221.74,306.31466666666665,245.48733333333334,307.0156518477566
8180,221.84,306.18733333333336,245.55866666666665,306.87375694403676
8190,221.94,306.06,245.63,306.73186204031697
8200,222.03733333333332,305.908,245.68466666666666,306.5757548772969
8210,222.13466666666667,305.756,245.73933333333332,306.41964771427683
8220,222.232,305.604,245.79399999999998,306.26354055125677
8230,222.32933333333332,305.452,245.84866666666667,306.1074333882367
8240,222.42666666666668,305.3,245.90333333333334,305.95132622521663
8250,222.524,305.14799999999997,245.958,305.79521906219657
8260,222.62133333333333,304.996,246.01266666666666,305.6391118991765
8270,222.71866666666668,304.844,246.06733333333332,305.4830047361565
8280,222.816,304.692,246.12199999999999,305.3268975731364
8290,222.91333333333333,304.53999999999996,246.17666666666665,305.17079041011635
8300,223.01066666666668,304.388,246.2313333333333,305.0146832470963
8310,223.108,304.236,246.286,304.8585760840762
8320,223.20533333333333,304.084,246.34066666666666,304.70246892105615
8330,223.30266666666668,303.93199999999996,246.39533333333333,304.5463617580361
8340,223.4,303.78,246.45,304.390254595016
8350,223.496,303.64799999999997,246.49733333333333,304.25682276526305
8360,223.592,303.51599999999996,246.54466666666664,304.12339093551014
8370,223.68800000000002,303.38399999999996,246.59199999999998,303.9899591057572
8380,223.784,303.252,246.63933333333333,303.8565272760042
8390,223.88,303.12,246.68666666666667,303.72309544625125
8400,223.976,302.988,246.73399999999998,303.58966361649834
8410,224.072,302.856,246.78133333333332,303.4562317867454
8420,224.168,302.724,246.82866666666666,303.3227999569924
8430,224.264,302.592,246.876,303.18936812723945
8440,224.36,302.46,246.92333333333332,303.05593629748654
8450,224.45600000000002,302.328,246.97066666666666,302.9225044677336
8460,224.552,302.196,247.018,302.7890726379806
8470,224.648,302.064,247.06533333333334,302.65564080822764
8480,224.744,301.932,247.11266666666666,302.52220897847474
8490,224.84,301.8,247.16,302.3887771487218
8500,224.934,301.7273333333333,247.20866666666666,302.31490824480335
8510,225.028,301.6546666666667,247.25733333333332,302.24103934088487
8520,225.122,301.582,247.30599999999998,302.16717043696644
8530,225.216,301.50933333333336,247.35466666666667,302.09330153304796
8540,225.31,301.43666666666667,247.40333333333334,302.01943262912954
8550,225.404,301.364,247.452,301.94556372521106
8560,225.498,301.29133333333334,247.50066666666666,301.87169482129264
8570,225.592,301.21866666666665,247.54933333333332,301.79782591737415
8580,225.686,301.146,247.59799999999998,301.72395701345573
8590,225.78,301.0733333333333,247.64666666666665,301.65008810953725
8600,225.874,301.00066666666663,247.6953333333333,301.5762192056188
8610,225.968,300.928,247.744,301.50235030170035
8620,226.062,300.8553333333333,247.79266666666666,301.4284813977819
8630,226.156,300.78266666666667,247.84133333333332,301.35461249386344
8640,226.25,300.71,247.89,301.280743589945
8650,226.342,299.1533333333333,247.81133333333332,299.66379607474613
8660,226.434,297.59666666666664,247.73266666666666,298.0468485595472
8670,226.526,296.03999999999996,247.654,296.4299010443483
8680,226.618,294.48333333333335,247.57533333333333,294.8129535291494
8690,226.71,292.9266666666667,247.49666666666667,293.1960060139505
8700,226.802,291.37,247.418,291.5790584987516
8710,226.894,289.81333333333333,247.33933333333334,289.9621109835527
8720,226.986,288.25666666666666,247.26066666666665,288.3451634683538
8730,227.078,286.7,247.182,286.7282159531549
8740,227.17,285.1433333333333,247.10333333333332,285.11126843795597
8750,227.262,283.5866666666667,247.02466666666666,283.4943209227571
8760,227.35399999999998,282.03000000000003,246.946,281.8773734075582
8770,227.446,280.47333333333336,246.86733333333333,280.2604258923593
8780,227.53799999999998,278.9166666666667,246.78866666666667,278.64347837716036
8790,227.63,277.36,246.71,277.0265308619615
8800,227.71933333333334,276.26133333333337,246.58,275.9270355416031
8810,227.80866666666665,275.16266666666667,246.45000000000002,274.82754022124476
8820,227.898,274.064,246.32,273.7280449008864
8830,227.98733333333334,272.9653333333333,246.19,272.628549580528
8840,228.07666666666665,271.8666666666667,246.06,271.52905426016963
8850,228.166,270.76800000000003,245.93,270.4295589398113
8860,228.25533333333334,269.6693333333333,245.8,269.3300636194529
8870,228.34466666666665,268.5706666666667,245.67,268.23056829909456
8880,228.434,267.472,245.54,267.1310729787362
8890,228.52333333333334,266.37333333333333,245.41,266.03157765837784
8900,228.61266666666666,265.2746666666667,245.28,264.9320823380195
8910,228.702,264.176,245.15,263.83258701766107
8920,228.79133333333334,263.07733333333334,245.01999999999998,262.7330916973027
8930,228.88066666666666,261.97866666666664,244.89,261.63359637694435
8940,228.97,260.88,244.76,260.534101056586
8950,229.054,260.15066666666667,244.64133333333334,259.8046675460629
8960,229.138,259.42133333333334,244.52266666666665,259.07523403553984
8970,229.222,258.692,244.404,258.3458005250167
8980,229.30599999999998,257.9626666666667,244.2853333333333,257.6163670144937
8990,229.39,257.23333333333335,244.16666666666666,256.88693350397057
9000,229.474,256.504,244.048,256.1574999934475
9010,229.558,255.77466666666666,243.92933333333332,255.42806648292444
9020,229.642,255.04533333333333,243.81066666666666,254.69863297240133
9030,229.726,254.316,243.69199999999998,253.96919946187825
9040,229.81,253.58666666666667,243.57333333333332,253.23976595135517
9050,229.894,252.85733333333334,243.45466666666667,252.5103324408321
9060,229.97799999999998,252.128,243.33599999999998,251.780898930309
9070,230.06199999999998,251.39866666666666,243.21733333333333,251.05146541978593
9080,230.146,250.66933333333333,243.09866666666665,250.32203190926285
9090,230.23,249.94,242.98,249.59259839873977
9100,230.3093333333333,249.43466666666666,242.878,249.0858363130467
9110,230.38866666666667,248.92933333333335,242.77599999999998,248.57907422735366
9120,230.468,248.424,242.67399999999998,248.0723121416606
9130,230.5473333333333,247.91866666666667,242.572,247.56555005596758
9140,230.62666666666667,247.41333333333333,242.47,247.05878797027452
9150,230.706,246.90800000000002,242.368,246.55202588458147
9160,230.7853333333333,246.40266666666668,242.266,246.0452637988884
9170,230.86466666666666,245.89733333333334,242.164,245.53850171319536
9180,230.944,245.392,242.06199999999998,245.0317396275023
9190,231.0233333333333,244.88666666666668,241.95999999999998,244.52497754180925
9200,231.10266666666666,244.38133333333334,241.85799999999998,244.0182154561162
9210,231.182,243.876,241.756,243.51145337042317
9220,231.2613333333333,243.37066666666666,241.654,243.00469128473011
9230,231.34066666666666,242.86533333333335,241.552,242.49792919903706
9240,231.42,242.36,241.45,241.991167113344
9250,231.49266666666665,241.686,241.33333333333331,241.30629518665705
9260,231.5653333333333,241.012,241.21666666666667,240.6214232599701
9270,231.63799999999998,240.33800000000002,241.1,239.93655133328315
9280,231.71066666666667,239.66400000000002,240.98333333333332,239.2516794065962
9290,231.78333333333333,238.99,240.86666666666665,238.56680747990924
9300,231.856,238.316,240.75,237.8819355532223
9310,231.92866666666666,237.642,240.63333333333333,237.19706362653534
9320,232.00133333333332,236.96800000000002,240.51666666666665,236.5121916998484
9330,232.07399999999998,236.294,240.39999999999998,235.82731977316143
9340,232.14666666666665,235.62,240.28333333333333,235.14244784647448
9350,232.2193333333333,234.946,240.16666666666666,234.45757591978753
9360,232.292,234.272,240.04999999999998,233.77270399310058
9370,232.36466666666666,233.598,239.9333333333333,233.08783206641363
9380,232.43733333333333,232.924,239.81666666666666,232.40296013972667
9390,232.51,232.25,239.7,231.71808821303972
9400,232.57533333333333,231.322,239.55133333333333,230.77051517510947
9410,232.64066666666665,230.394,239.40266666666665,229.82294213717924
9420,232.706,229.466,239.254,228.87536909924899
9430,232.77133333333333,228.538,239.10533333333333,227.92779606131873
9440,232.83666666666667,227.61,238.95666666666665,226.98022302338848
9450,232.902,226.68200000000002,238.808,226.03264998545825
9460,232.96733333333333,225.75400000000002,238.65933333333334,225.085076947528
9470,233.03266666666667,224.826,238.51066666666665,224.13750390959774
9480,233.098,223.898,238.362,223.18993087166749
9490,233.16333333333333,222.97,238.21333333333334,222.24235783373726
9500,233.22866666666667,222.042,238.06466666666665,221.294784795807
9510,233.294,221.114,237.916,220.34721175787675
9520,233.35933333333335,220.186,237.76733333333334,219.3996387199465
9530,233.42466666666667,219.258,237.61866666666666,218.45206568201627
9540,233.49,218.33,237.47,217.504492644086
9550,233.54533333333333,217.37866666666667,237.284,216.54776369141456
9560,233.60066666666668,216.42733333333334,237.098,215.5910347387431
9570,233.656,215.476,236.912,214.63430578607165
9580,233.71133333333333,214.5246666666667,236.726,213.67757683340022
9590,233.76666666666668,213.57333333333335,236.54,212.72084788072877
9600,233.822,212.622,236.354,211.76411892805731
9610,233.87733333333333,211.67066666666668,236.168,210.80738997538586
9620,233.93266666666668,210.71933333333334,235.982,209.8506610227144
9630,233.988,209.768,235.796,208.89393207004295
9640,234.04333333333332,208.81666666666666,235.61,207.9372031173715
9650,234.09866666666667,207.86533333333335,235.424,206.98047416470007
9660,234.154,206.91400000000002,235.238,206.02374521202862
9670,234.20933333333332,205.96266666666668,235.052,205.06701625935716
9680,234.26466666666667,205.01133333333334,234.866,204.1102873066857
9690,234.32,204.06,234.68,203.15355835401425
9700,234.36533333333333,203.352,234.50133333333335,202.4412186831037
9710,234.41066666666666,202.644,234.32266666666666,201.72887901219315
9720,234.456,201.936,234.144,201.0165393412826
9730,234.50133333333332,201.228,233.96533333333335,200.30419967037204
9740,234.54666666666665,200.52,233.78666666666666,199.5918599994615
9750,234.59199999999998,199.812,233.608,198.87952032855094
9760,234.63733333333332,199.104,233.42933333333335,198.1671806576404
9770,234.68266666666668,198.396,233.25066666666666,197.45484098672986
9780,234.728,197.688,233.072,196.7425013158193
9790,234.77333333333334,196.98,232.89333333333335,196.03016164490876
9800,234.81866666666667,196.272,232.71466666666666,195.3178219739982
9810,234.864,195.564,232.536,194.60548230308765
9820,234.90933333333334,194.856,232.35733333333334,193.8931426321771
9830,234.95466666666667,194.148,232.17866666666666,193.18080296126655
9840,235.0,193.44,232.0,192.468463290356
9850,235.034,192.274,231.77666666666667,191.2782072056408
9860,235.068,191.108,231.55333333333334,190.0879511209256
9870,235.102,189.942,231.33,188.8976950362104
9880,235.136,188.77599999999998,231.10666666666665,187.7074389514952
9890,235.17,187.60999999999999,230.88333333333333,186.51718286678
9900,235.204,186.444,230.66,185.3269267820648
9910,235.238,185.278,230.43666666666667,184.1366706973496
9920,235.272,184.112,230.21333333333334,182.9464146126344
9930,235.30599999999998,182.946,229.99,181.7561585279192
9940,235.34,181.78,229.76666666666668,180.565902443204
9950,235.374,180.614,229.54333333333335,179.3756463584888
9960,235.408,179.44799999999998,229.32,178.1853902737736
9970,235.44199999999998,178.28199999999998,229.09666666666666,176.9951341890584
9980,235.476,177.11599999999999,228.87333333333333,175.8048781043432
9990,235.51,175.95,228.65,174.614622019628
10000,235.53333333333333,175.33133333333333,228.434,174.00892333513858
10010,235.55666666666667,174.71266666666665,228.21800000000002,173.40322465064912
10020,235.57999999999998,174.094,228.002,172.7975259661597
10030,235.60333333333332,173.4753333333333,227.786,172.19182728167027
10040,235.62666666666667,172.85666666666665,227.57,171.58612859718082
10050,235.65,172.238,227.354,170.9804299126914
10060,235.67333333333335,171.61933333333332,227.138,170.37473122820197
10070,235.69666666666666,171.00066666666666,226.922,169.7690325437125
10080,235.72,170.38199999999998,226.706,169.1633338592231
10090,235.74333333333334,169.76333333333332,226.49,168.55763517473366
10100,235.76666666666668,169.14466666666667,226.274,167.9519364902442
10110,235.79000000000002,168.52599999999998,226.058,167.34623780575478
10120,235.81333333333333,167.90733333333333,225.84199999999998,166.74053912126536
10130,235.83666666666667,167.28866666666664,225.626,166.1348404367759
10140,235.86,166.67,225.41,165.52914175228648
10150,235.8706666666667,166.36666666666665,225.23466666666667,165.23080428182908
10160,235.88133333333334,166.06333333333333,225.05933333333334,164.93246681137168
10170,235.89200000000002,165.76,224.884,164.63412934091428
10180,235.90266666666668,165.45666666666665,224.70866666666666,164.3357918704569
10190,235.91333333333336,165.15333333333334,224.53333333333333,164.0374543999995
10200,235.924,164.85,224.358,163.7391169295421
10210,235.9346666666667,164.54666666666665,224.18266666666668,163.4407794590847
10220,235.94533333333334,164.24333333333334,224.00733333333332,163.14244198862727
10230,235.95600000000002,163.94,223.832,162.84410451816987
10240,235.96666666666667,163.63666666666666,223.65666666666667,162.54576704771247
10250,235.97733333333335,163.33333333333334,223.48133333333334,162.24742957725508
10260,235.988,163.03,223.306,161.94909210679768
10270,235.99866666666668,162.72666666666666,223.13066666666666,161.65075463634028
10280,236.00933333333333,162.42333333333335,222.95533333333333,161.35241716588288
10290,236.02,162.12,222.78,161.0540796954255
10300,236.018,161.85,222.62333333333333,160.7859072528064
10310,236.01600000000002,161.58,222.46666666666667,160.51773481018728
10320,236.014,161.31,222.31,160.2495623675682
10330,236.012,161.04,222.15333333333334,159.9813899249491
10340,236.01000000000002,160.77,221.99666666666667,159.71321748232998
10350,236.008,160.5,221.84,159.4450450397109
10360,236.006,160.23,221.68333333333334,159.1768725970918
10370,236.00400000000002,159.96,221.52666666666667,158.90870015447268
10380,236.002,159.69,221.37,158.6405277118536
10390,236.0,159.42,221.21333333333334,158.3723552692345
10400,235.99800000000002,159.15,221.05666666666667,158.10418282661539
10410,235.996,158.88,220.9,157.8360103839963
10420,235.994,158.60999999999999,220.74333333333334,157.5678379413772
10430,235.99200000000002,158.34,220.58666666666667,157.2996654987581
10440,235.99,158.07,220.43,157.031493056139
10450,235.97466666666668,158.146,220.31266666666667,157.12174543716884
10460,235.95933333333335,158.222,220.19533333333334,157.2119978181987
10470,235.94400000000002,158.298,220.078,157.30225019922855
10480,235.92866666666666,158.374,219.96066666666667,157.3925025802584
10490,235.91333333333333,158.45,219.84333333333333,157.48275496128824
10500,235.898,158.526,219.726,157.5730073423181
10510,235.88266666666667,158.602,219.60866666666666,157.66325972334795
10520,235.86733333333333,158.678,219.49133333333333,157.7535121043778
10530,235.852,158.754,219.374,157.84376448540763
10540,235.83666666666667,158.83,219.25666666666666,157.9340168664375
10550,235.82133333333334,158.906,219.13933333333333,158.02426924746734
10560,235.80599999999998,158.982,219.022,158.1145216284972
10570,235.79066666666665,159.058,218.90466666666666,158.20477400952703
10580,235.77533333333332,159.13400000000001,218.78733333333332,158.2950263905569
10590,235.76,159.21,218.67,158.38527877158674
10600,235.73133333333334,158.972,218.55266666666665,158.13665551719316
10610,235.70266666666666,158.734,218.43533333333332,157.88803226279958
10620,235.674,158.496,218.31799999999998,157.639409008406
10630,235.64533333333333,158.258,218.20066666666665,157.3907857540124
10640,235.61666666666667,158.02,218.08333333333331,157.14216249961882
10650,235.588,157.782,217.96599999999998,156.89353924522524
10660,235.55933333333334,157.544,217.84866666666665,156.64491599083166
10670,235.53066666666666,157.30599999999998,217.73133333333334,156.39629273643808
10680,235.502,157.06799999999998,217.614,156.1476694820445
10690,235.47333333333333,156.82999999999998,217.49666666666667,155.89904622765093
10700,235.44466666666668,156.59199999999998,217.37933333333334,155.65042297325735
10710,235.416,156.35399999999998,217.262,155.40179971886374
10720,235.38733333333334,156.11599999999999,217.14466666666667,155.15317646447016
10730,235.35866666666666,155.878,217.02733333333333,154.90455321007659
10740,235.33,155.64,216.91,154.655929955683
10750,235.29066666666668,155.512,216.784,154.5446280881493
10760,235.25133333333335,155.384,216.658,154.43332622061558
10770,235.21200000000002,155.256,216.532,154.32202435308184
10780,235.1726666666667,155.128,216.406,154.21072248554813
10790,235.13333333333335,155.0,216.28,154.09942061801442
10800,235.09400000000002,154.87199999999999,216.154,153.9881187504807
10810,235.0546666666667,154.744,216.028,153.876816882947
10820,235.01533333333333,154.61599999999999,215.90200000000002,153.76551501541326
10830,234.976,154.488,215.776,153.65421314787955
10840,234.93666666666667,154.35999999999999,215.65,153.54291128034583
10850,234.89733333333334,154.232,215.524,153.43160941281212
10860,234.858,154.10399999999998,215.398,153.3203075452784
10870,234.81866666666667,153.976,215.27200000000002,153.20900567774467
10880,234.77933333333334,153.84799999999998,215.14600000000002,153.09770381021096
10890,234.74,153.72,215.02,152.98640194267725
10900,234.69,154.20666666666668,214.97,153.4886184842867
10910,234.64000000000001,154.69333333333333,214.92000000000002,153.99083502589616
10920,234.59,155.18,214.87,154.4930515675056
10930,234.54000000000002,155.66666666666666,214.82000000000002,154.99526810911505
10940,234.49,156.15333333333334,214.77,155.4974846507245
10950,234.44,156.64000000000001,214.72,155.99970119233396
10960,234.39000000000001,157.12666666666667,214.67000000000002,156.5019177339434
10970,234.34,157.61333333333334,214.62,157.00413427555284
10980,234.29000000000002,158.1,214.57000000000002,157.50635081716229
10990,234.24,158.58666666666667,214.52,158.00856735877176
11000,234.19,159.07333333333335,214.47,158.5107839003812
11010,234.14000000000001,159.56,214.42000000000002,159.01300044199064
11020,234.09,160.04666666666668,214.37,159.51521698360008
11030,234.04000000000002,160.53333333333333,214.32000000000002,160.01743352520955
11040,233.99,161.02,214.27,160.519650066819
11050,233.93200000000002,160.99133333333333,214.208,160.48026983013258
11060,233.874,160.96266666666668,214.14600000000002,160.4408895934462
11070,233.816,160.934,214.084,160.4015093567598
11080,233.758,160.90533333333335,214.02200000000002,160.3621291200734
11090,233.70000000000002,160.87666666666667,213.96,160.322748883387
11100,233.642,160.848,213.898,160.2833686467006
11110,233.584,160.81933333333333,213.836,160.2439884100142
11120,233.526,160.79066666666668,213.774,160.2046081733278
11130,233.46800000000002,160.762,213.71200000000002,160.1652279366414
11140,233.41,160.73333333333335,213.65,160.12584769995502
11150,233.352,160.70466666666667,213.588,160.0864674632686
11160,233.294,160.67600000000002,213.526,160.04708722658222
11170,233.23600000000002,160.64733333333334,213.464,160.0077069898958
11180,233.178,160.61866666666668,213.40200000000002,159.96832675320942
11190,233.12,160.59,213.34,159.928946516523
11200,233.056,160.31666666666666,213.25266666666667,159.64349930098558
11210,232.992,160.04333333333335,213.16533333333334,159.35805208544815
11220,232.928,159.77,213.078,159.07260486991072
11230,232.864,159.49666666666667,212.99066666666667,158.78715765437326
11240,232.8,159.22333333333333,212.90333333333334,158.50171043883583
11250,232.736,158.95000000000002,212.816,158.2162632232984
11260,232.672,158.67666666666668,212.72866666666667,157.93081600776097
11270,232.608,158.40333333333334,212.64133333333334,157.64536879222354
11280,232.544,158.13,212.554,157.3599215766861
11290,232.48,157.85666666666668,212.46666666666667,157.07447436114867
11300,232.416,157.58333333333334,212.37933333333334,156.78902714561124
11310,232.352,157.31,212.292,156.50357993007378
11320,232.288,157.03666666666666,212.20466666666667,156.21813271453635
11330,232.224,156.76333333333335,212.11733333333333,155.93268549899892
11340,232.16,156.49,212.03,155.6472382834615
11350,232.09066666666666,156.29600000000002,211.92533333333333,155.4626370786209
11360,232.02133333333333,156.102,211.82066666666668,155.27803587378028
11370,231.952,155.90800000000002,211.716,155.0934346689397
11380,231.88266666666667,155.714,211.61133333333333,154.9088334640991
11390,231.81333333333333,155.52,211.50666666666666,154.72423225925849
11400,231.744,155.32600000000002,211.40200000000002,154.5396310544179
11410,231.67466666666667,155.132,211.29733333333334,154.3550298495773
11420,231.60533333333333,154.93800000000002,211.19266666666667,154.1704286447367
11430,231.536,154.744,211.088,153.9858274398961
11440,231.46666666666667,154.55,210.98333333333335,153.8012262350555
11450,231.39733333333334,154.35600000000002,210.87866666666667,153.6166250302149
11460,231.328,154.162,210.774,153.4320238253743
11470,231.25866666666667,153.96800000000002,210.66933333333333,153.2474226205337
11480,231.18933333333334,153.774,210.56466666666668,153.0628214156931
11490,231.12,153.58,210.46,152.8782202108525
11500,231.048,153.834,210.40333333333334,153.14137800625662
11510,230.976,154.08800000000002,210.34666666666666,153.4045358016607
11520,230.904,154.342,210.29000000000002,153.6676935970648
11530,230.832,154.596,210.23333333333335,153.9308513924689
11540,230.76,154.85,210.17666666666668,154.194009187873
11550,230.688,155.104,210.12,154.45716698327712
11560,230.61599999999999,155.358,210.06333333333333,154.7203247786812
11570,230.544,155.612,210.0066666666667,154.98348257408531
11580,230.472,155.86599999999999,209.95000000000002,155.2466403694894
11590,230.4,156.12,209.89333333333335,155.5097981648935
11600,230.328,156.374,209.83666666666667,155.77295596029762
11610,230.256,156.628,209.78,156.0361137557017
11620,230.184,156.88199999999998,209.72333333333336,156.29927155110582
11630,230.112,157.136,209.66666666666669,156.5624293465099
11640,230.04,157.39,209.61,156.825587141914
11650,229.96666666666667,157.26999999999998,209.54000000000002,156.6960996435144
11660,229.89333333333332,157.14999999999998,209.47,156.56661214511482
11670,229.82,157.03,209.4,156.4371246467152
11680,229.74666666666667,156.91,209.33,156.30763714831562
11690,229.67333333333332,156.79,209.26000000000002,156.178149649916
11700,229.6,156.67,209.19,156.0486621515164
11710,229.52666666666667,156.54999999999998,209.12,155.9191746531168
11720,229.45333333333332,156.43,209.05,155.7896871547172
11730,229.38,156.31,208.98000000000002,155.66019965631762
11740,229.30666666666667,156.19,208.91,155.530712157918
11750,229.23333333333332,156.07,208.84,155.4012246595184
11760,229.16,155.95,208.77,155.2717371611188
11770,229.08666666666667,155.83,208.70000000000002,155.1422496627192
11780,229.01333333333332,155.71,208.63,155.0127621643196
11790,228.94,155.59,208.56,154.88327466592
11800,228.86466666666666,155.63466666666667,208.494,154.93571235128073
11810,228.78933333333333,155.67933333333335,208.428,154.98815003664146
11820,228.714,155.724,208.362,155.0405877220022
11830,228.63866666666667,155.76866666666666,208.296,155.09302540736294
11840,228.56333333333333,155.81333333333333,208.23,155.14546309272367
11850,228.488,155.858,208.164,155.1979007780844
11860,228.41266666666667,155.90266666666668,208.09799999999998,155.25033846344513
11870,228.33733333333333,155.94733333333332,208.032,155.30277614880586
11880,228.262,155.992,207.966,155.3552138341666
11890,228.18666666666667,156.03666666666666,207.9,155.40765151952732
11900,228.11133333333333,156.08133333333333,207.834,155.46008920488805
11910,228.036,156.126,207.768,155.5125268902488
11920,227.96066666666667,156.17066666666665,207.702,155.56496457560954
11930,227.88533333333334,156.21533333333332,207.636,155.61740226097027
11940,227.81,156.26,207.57,155.669839946331
11950,227.734,156.326,207.51733333333334,155.73346691552896
11960,227.658,156.392,207.46466666666666,155.79709388472693
11970,227.582,156.458,207.412,155.8607208539249
11980,227.506,156.524,207.35933333333332,155.92434782312287
11990,227.43,156.59,207.30666666666667,155.98797479232084
12000,227.35399999999998,156.656,207.254,156.0516017615188
12010,227.278,156.722,207.20133333333334,156.11522873071678
12020,227.202,156.78799999999998,207.14866666666666,156.17885569991472
12030,227.126,156.85399999999998,207.096,156.2424826691127
12040,227.04999999999998,156.92,207.04333333333332,156.30610963831066
12050,226.974,156.986,206.99066666666667,156.36973660750863
12060,226.898,157.052,206.938,156.4333635767066
12070,226.822,157.118,206.88533333333334,156.49699054590457
12080,226.74599999999998,157.184,206.83266666666665,156.56061751510254
12090,226.67,157.25,206.78,156.6242444843005
12100,226.594,157.156,206.714,156.5283248374126
12110,226.518,157.062,206.648,156.4324051905247
12120,226.44199999999998,156.968,206.582,156.3364855436368
12130,226.36599999999999,156.874,206.516,156.2405658967489
12140,226.29,156.78,206.45,156.144646249861
12150,226.214,156.686,206.384,156.0487266029731
12160,226.138,156.592,206.31799999999998,155.9528069560852
12170,226.06199999999998,156.498,206.252,155.8568873091973
12180,225.986,156.404,206.186,155.7609676623094
12190,225.91,156.31,206.12,155.6650480154215
12200,225.834,156.216,206.054,155.5691283685336
12210,225.758,156.122,205.988,155.4732087216457
12220,225.682,156.028,205.922,155.3772890747578
12230,225.606,155.934,205.856,155.2813694278699
12240,225.53,155.84,205.79,155.185449780982
12250,225.45333333333335,155.84666666666666,205.72799999999998,155.1959879932314
12260,225.37666666666667,155.85333333333332,205.666,155.2065262054808
12270,225.3,155.86,205.60399999999998,155.2170644177302
12280,225.22333333333333,155.86666666666667,205.542,155.2276026299796
12290,225.14666666666668,155.87333333333333,205.48,155.238140842229
12300,225.07,155.88,205.418,155.2486790544784
12310,224.99333333333334,155.88666666666666,205.356,155.2592172667278
12320,224.91666666666666,155.89333333333335,205.294,155.2697554789772
12330,224.84,155.9,205.232,155.2802936912266
12340,224.76333333333332,155.90666666666667,205.17000000000002,155.290831903476
12350,224.68666666666667,155.91333333333333,205.108,155.3013701157254
12360,224.60999999999999,155.92,205.04600000000002,155.3119083279748
12370,224.53333333333333,155.92666666666668,204.984,155.3224465402242
12380,224.45666666666665,155.93333333333334,204.92200000000003,155.3329847524736
12390,224.38,155.94,204.86,155.343522964723
12400,224.304,155.84666666666666,204.79466666666667,155.2454815973842
12410,224.228,155.75333333333333,204.72933333333336,155.14744023004542
12420,224.152,155.66,204.66400000000002,155.0493988627066
12430,224.076,155.56666666666666,204.59866666666667,154.9513574953678
12440,224.0,155.47333333333333,204.53333333333333,154.853316128029
12450,223.924,155.38,204.46800000000002,154.7552747606902
12460,223.848,155.28666666666666,204.40266666666668,154.65723339335142
12470,223.772,155.19333333333333,204.33733333333333,154.5591920260126
12480,223.696,155.1,204.272,154.4611506586738
12490,223.62,155.00666666666666,204.20666666666668,154.363109291335
12500,223.544,154.91333333333333,204.14133333333334,154.2650679239962
12510,223.46800000000002,154.82,204.076,154.16702655665742
12520,223.392,154.72666666666666,204.01066666666665,154.0689851893186
12530,223.316,154.63333333333333,203.94533333333334,153.9709438219798
12540,223.24,154.54,203.88,153.872902454641
12550,223.16466666666668,154.45133333333334,203.80733333333333,153.78752229560297
12560,223.08933333333334,154.36266666666666,203.73466666666667,153.7021421365649
12570,223.014,154.274,203.662,153.61676197752686
12580,222.93866666666668,154.18533333333332,203.58933333333331,153.5313818184888
12590,222.86333333333334,154.09666666666666,203.51666666666665,153.44600165945076
12600,222.788,154.008,203.444,153.36062150041272
12610,222.71266666666668,153.91933333333333,203.37133333333333,153.27524134137465
12620,222.63733333333334,153.83066666666667,203.29866666666666,153.1898611823366
12630,222.562,153.742,203.226,153.10448102329855
12640,222.48666666666668,153.65333333333334,203.15333333333334,153.0191008642605
12650,222.41133333333335,153.56466666666668,203.08066666666667,152.93372070522247
12660,222.336,153.476,203.00799999999998,152.8483405461844
12670,222.26066666666668,153.38733333333334,202.93533333333332,152.76296038714636
12680,222.18533333333335,153.29866666666666,202.86266666666666,152.6775802281083
12690,222.11,153.21,202.79,152.59220006907026
12700,222.03533333333334,153.256,202.73066666666665,152.6407219062219
12710,221.96066666666667,153.30200000000002,202.67133333333334,152.68924374337357
12720,221.88600000000002,153.348,202.612,152.7377655805252
12730,221.81133333333335,153.394,202.55266666666665,152.78628741767685
12740,221.73666666666668,153.44,202.49333333333334,152.8348092548285
12750,221.662,153.48600000000002,202.434,152.88333109198015
12760,221.58733333333333,153.532,202.37466666666666,152.9318529291318
12770,221.5126666666667,153.578,202.31533333333334,152.98037476628346
12780,221.43800000000002,153.624,202.256,153.0288966034351
12790,221.36333333333334,153.67000000000002,202.19666666666666,153.07741844058674
12800,221.28866666666667,153.716,202.13733333333334,153.1259402777384
12810,221.214,153.762,202.078,153.17446211489005
12820,221.13933333333335,153.808,202.01866666666666,153.2229839520417
12830,221.06466666666668,153.854,201.95933333333335,153.27150578919336
12840,220.99,153.9,201.9,153.320027626345
12850,220.916,153.75333333333333,201.83,153.16737449855555
12860,220.842,153.60666666666668,201.76,153.0147213707661
12870,220.768,153.46,201.69,152.86206824297665
12880,220.69400000000002,153.31333333333333,201.62,152.7094151151872
12890,220.62,153.16666666666666,201.55,152.55676198739775
12900,220.546,153.02,201.48,152.4041088596083
12910,220.472,152.87333333333333,201.41,152.25145573181885
12920,220.398,152.72666666666666,201.34,152.0988026040294
12930,220.324,152.57999999999998,201.27,151.94614947623995
12940,220.25,152.43333333333334,201.2,151.7934963484505
12950,220.176,152.28666666666666,201.13,151.64084322066105
12960,220.102,152.14,201.06,151.4881900928716
12970,220.028,151.9933333333333,200.99,151.33553696508216
12980,219.954,151.84666666666666,200.92,151.1828838372927
12990,219.88,151.7,200.85,151.03023070950326
13000,219.80666666666667,152.018,200.808,151.37070693002374
13010,219.73333333333332,152.33599999999998,200.766,151.71118315054423
13020,219.66,152.654,200.724,152.05165937106472
13030,219.58666666666667,152.97199999999998,200.682,152.39213559158517
13040,219.51333333333332,153.29,200.64,152.73261181210566
13050,219.44,153.608,200.59799999999998,153.07308803262615
13060,219.36666666666667,153.926,200.55599999999998,153.41356425314663
13070,219.29333333333332,154.244,200.514,153.75404047366712
13080,219.22,154.56199999999998,200.472,154.0945166941876
13090,219.14666666666668,154.88,200.43,154.4349929147081
13100,219.07333333333332,155.198,200.388,154.77546913522858
13110,219.0,155.516,200.346,155.11594535574903
13120,218.92666666666668,155.834,200.304,155.45642157626952
13130,218.85333333333332,156.152,200.262,155.79689779679
13140,218.78,156.47,200.22,156.1373740173105
13150,218.70666666666668,156.80933333333334,200.21866666666668,156.47023987364483
13160,218.63333333333333,157.14866666666666,200.21733333333333,156.80310572997917
13170,218.56,157.488,200.216,157.1359715863135
13180,218.48666666666668,157.82733333333334,200.21466666666666,157.46883744264784
13190,218.41333333333333,158.16666666666666,200.21333333333334,157.80170329898218
13200,218.34,158.506,200.212,158.1345691553165
13210,218.26666666666668,158.84533333333334,200.21066666666667,158.46743501165085
13220,218.19333333333333,159.18466666666666,200.20933333333332,158.80030086798516
13230,218.12,159.524,200.208,159.1331667243195
13240,218.04666666666668,159.86333333333334,200.20666666666665,159.46603258065383
13250,217.97333333333333,160.20266666666666,200.20533333333333,159.79889843698817
13260,217.9,160.542,200.20399999999998,160.1317642933225
13270,217.82666666666668,160.88133333333334,200.20266666666666,160.46463014965684
13280,217.75333333333333,161.22066666666666,200.2013333333333,160.79749600599118
13290,217.68,161.56,200.2,161.13036186232551
13300,217.608,161.39133333333334,200.154,160.95487764197762
13310,217.536,161.22266666666667,200.10799999999998,160.77939342162972
13320,217.464,161.054,200.06199999999998,160.60390920128182
13330,217.392,160.88533333333334,200.016,160.4284249809339
13340,217.32,160.71666666666667,199.97,160.252940760586
13350,217.248,160.548,199.92399999999998,160.0774565402381
13360,217.176,160.37933333333334,199.878,159.9019723198902
13370,217.104,160.21066666666667,199.832,159.7264880995423
13380,217.032,160.042,199.786,159.5510038791944
13390,216.96,159.87333333333333,199.73999999999998,159.3755196588465
13400,216.888,159.70466666666667,199.694,159.20003543849862
13410,216.816,159.536,199.648,159.0245512181507
13420,216.744,159.36733333333333,199.602,158.8490669978028
13430,216.672,159.19866666666667,199.55599999999998,158.6735827774549
13440,216.6,159.03,199.51,158.498098557107
13450,216.52866666666665,159.20066666666668,199.47933333333333,158.6793924510832
13460,216.45733333333334,159.37133333333333,199.44866666666667,158.8606863450594
13470,216.386,159.542,199.418,159.0419802390356
13480,216.31466666666665,159.71266666666668,199.38733333333332,159.22327413301178
13490,216.24333333333334,159.88333333333333,199.35666666666665,159.404568026988
13500,216.172,160.054,199.326,159.5858619209642
13510,216.10066666666665,160.22466666666668,199.29533333333333,159.7671558149404
13520,216.02933333333334,160.39533333333333,199.26466666666667,159.9484497089166
13530,215.958,160.566,199.234,160.1297436028928
13540,215.88666666666666,160.73666666666668,199.20333333333335,160.311037496869
13550,215.81533333333334,160.90733333333333,199.1726666666667,160.4923313908452
13560,215.744,161.078,199.142,160.67362528482138
13570,215.67266666666666,161.24866666666668,199.11133333333333,160.8549191787976
13580,215.60133333333334,161.41933333333333,199.08066666666667,161.0362130727738
13590,215.53,161.59,199.05,161.21750696675
13600,215.46066666666667,161.336,198.99866666666668,160.94466107654964
13610,215.39133333333334,161.082,198.94733333333335,160.67181518634925
13620,215.322,160.828,198.89600000000002,160.3989692961489
13630,215.25266666666667,160.574,198.84466666666668,160.12612340594853
13640,215.18333333333334,160.32,198.79333333333335,159.85327751574818
13650,215.114,160.066,198.74200000000002,159.5804316255478
13660,215.04466666666667,159.812,198.6906666666667,159.30758573534743
13670,214.97533333333334,159.558,198.63933333333333,159.03473984514707
13680,214.906,159.304,198.588,158.76189395494671
13690,214.83666666666667,159.05,198.53666666666666,158.48904806474633
13700,214.76733333333334,158.796,198.48533333333333,158.21620217454597
13710,214.698,158.542,198.434,157.9433562843456
13720,214.62866666666667,158.288,198.38266666666667,157.67051039414525
13730,214.55933333333334,158.034,198.33133333333333,157.39766450394487
13740,214.49,157.78,198.28,157.1248186137445
13750,214.422,157.596,198.19866666666667,156.95568481781442
13760,214.354,157.412,198.11733333333333,156.78655102188435
13770,214.286,157.228,198.036,156.61741722595426
13780,214.21800000000002,157.044,197.95466666666667,156.4482834300242
13790,214.15,156.86,197.87333333333333,156.2791496340941
13800,214.082,156.67600000000002,197.792,156.110015838164
13810,214.014,156.49200000000002,197.71066666666667,155.94088204223394
13820,213.946,156.308,197.62933333333334,155.77174824630384
13830,213.87800000000001,156.124,197.548,155.60261445037378
13840,213.81,155.94,197.46666666666667,155.43348065444368
13850,213.742,155.756,197.38533333333334,155.2643468585136
13860,213.674,155.572,197.304,155.09521306258353
13870,213.606,155.388,197.22266666666667,154.92607926665343
13880,213.538,155.204,197.14133333333334,154.75694547072337
13890,213.47,155.02,197.06,154.58781167479327
13900,213.404,155.49866666666668,197.05,155.08024185158033
13910,213.338,155.97733333333335,197.04,155.57267202836738
13920,213.272,156.45600000000002,197.03,156.06510220515443
13930,213.206,156.93466666666666,197.02,156.55753238194146
13940,213.14,157.41333333333333,197.01,157.0499625587285
13950,213.07399999999998,157.892,197.0,157.54239273551556
13960,213.00799999999998,158.37066666666666,196.99,158.03482291230262
13970,212.942,158.84933333333333,196.98,158.52725308908967
13980,212.876,159.328,196.97,159.01968326587672
13990,212.81,159.80666666666667,196.96,159.51211344266378
14000,212.744,160.28533333333334,196.95,160.00454361945083
14010,212.678,160.76399999999998,196.94,160.49697379623785
14020,212.612,161.24266666666665,196.93,160.9894039730249
14030,212.546,161.72133333333332,196.92,161.48183414981196
14040,212.48,162.2,196.91,161.974264326599
14050,212.416,162.13133333333332,196.87933333333334,161.89207873577178
14060,212.352,162.06266666666664,196.84866666666667,161.8098931449445
14070,212.28799999999998,161.994,196.81799999999998,161.72770755411727
14080,212.224,161.92533333333333,196.78733333333332,161.64552196329
14090,212.16,161.85666666666665,196.75666666666666,161.56333637246277
14100,212.096,161.78799999999998,196.726,161.4811507816355
14110,212.032,161.7193333333333,196.69533333333334,161.39896519080827
14120,211.968,161.65066666666667,196.66466666666665,161.316779599981
14130,211.904,161.582,196.634,161.23459400915377
14140,211.84,161.51333333333332,196.60333333333332,161.1524084183265
14150,211.776,161.44466666666665,196.57266666666666,161.07022282749926
14160,211.71200000000002,161.37599999999998,196.542,160.988037236672
14170,211.648,161.30733333333333,196.5113333333333,160.90585164584476
14180,211.584,161.23866666666666,196.48066666666665,160.8236660550175
14190,211.52,161.17,196.45,160.74148046419026
14200,211.458,161.05266666666665,196.40266666666665,160.61993766881892
14210,211.39600000000002,160.93533333333332,196.35533333333333,160.49839487344755
14220,211.334,160.81799999999998,196.308,160.3768520780762
14230,211.27200000000002,160.70066666666665,196.26066666666665,160.25530928270484
14240,211.21,160.58333333333331,196.21333333333334,160.1337664873335
14250,211.148,160.46599999999998,196.166,160.01222369196216
14260,211.086,160.34866666666665,196.11866666666666,159.8906808965908
14270,211.024,160.23133333333334,196.07133333333334,159.76913810121945
14280,210.96200000000002,160.114,196.024,159.64759530584809
14290,210.9,159.99666666666667,195.97666666666666,159.52605251047675
14300,210.838,159.87933333333334,195.92933333333335,159.4045097151054
14310,210.776,159.762,195.882,159.28296691973404
14320,210.714,159.64466666666667,195.83466666666666,159.1614241243627
14330,210.65200000000002,159.52733333333333,195.78733333333335,159.03988132899133
14340,210.59,159.41,195.74,158.91833853362
14350,210.52866666666668,159.28666666666666,195.6846666666667,158.794429904986
14360,210.46733333333333,159.16333333333333,195.62933333333334,158.67052127635202
14370,210.406,159.04,195.574,158.54661264771804
14380,210.34466666666665,158.91666666666666,195.51866666666666,158.42270401908405
14390,210.28333333333333,158.79333333333332,195.46333333333334,158.29879539045007
14400,210.222,158.67,195.40800000000002,158.17488676181608
14410,210.16066666666666,158.54666666666665,195.35266666666666,158.0509781331821
14420,210.09933333333333,158.42333333333335,195.29733333333334,157.92706950454811
14430,210.03799999999998,158.3,195.242,157.80316087591413
14440,209.97666666666666,158.17666666666668,195.18666666666667,157.67925224728015
14450,209.91533333333334,158.05333333333334,195.13133333333334,157.55534361864616
14460,209.85399999999998,157.93,195.076,157.43143499001218
14470,209.79266666666666,157.80666666666667,195.02066666666667,157.3075263613782
14480,209.7313333333333,157.68333333333334,194.96533333333332,157.1836177327442
14490,209.67,157.56,194.91,157.05970910411023
14500,209.60999999999999,157.47133333333335,194.85333333333332,156.97042601349509
14510,209.54999999999998,157.38266666666667,194.79666666666665,156.88114292287992
14520,209.48999999999998,157.294,194.74,156.79185983226478
14530,209.43,157.20533333333333,194.68333333333334,156.70257674164964
14540,209.37,157.11666666666667,194.62666666666667,156.6132936510345
14550,209.31,157.028,194.57,156.52401056041933
14560,209.25,156.93933333333334,194.51333333333332,156.4347274698042
14570,209.19,156.85066666666665,194.45666666666668,156.34544437918905
14580,209.13,156.762,194.4,156.2561612885739
14590,209.07,156.67333333333332,194.34333333333333,156.16687819795874
14600,209.01,156.58466666666666,194.28666666666666,156.0775951073436
14610,208.95000000000002,156.49599999999998,194.23,155.98831201672846
14620,208.89000000000001,156.40733333333333,194.17333333333335,155.89902892611332
14630,208.83,156.31866666666664,194.11666666666667,155.80974583549815
14640,208.77,156.23,194.06,155.720462744883
14650,208.71200000000002,156.11333333333332,194.0,155.60188853650195
14660,208.654,155.99666666666667,193.94,155.4833143281209
14670,208.596,155.88,193.88,155.36474011973985
14680,208.538,155.76333333333332,193.82,155.24616591135882
14690,208.48000000000002,155.64666666666665,193.76,155.12759170297775
14700,208.422,155.53,193.7,155.0090174945967
14710,208.364,155.41333333333333,193.64,154.89044328621566
14720,208.306,155.29666666666665,193.58,154.7718690778346
14730,208.24800000000002,155.17999999999998,193.52,154.65329486945356
14740,208.19,155.06333333333333,193.46,154.5347206610725
14750,208.132,154.94666666666666,193.4,154.41614645269144
14760,208.074,154.82999999999998,193.34,154.2975722443104
14770,208.01600000000002,154.7133333333333,193.28,154.17899803592934
14780,207.958,154.59666666666666,193.22,154.0604238275483
14790,207.9,154.48,193.16,153.94184961916724
14800,207.84266666666667,154.64133333333334,193.118,154.11653570114072
14810,207.78533333333334,154.80266666666665,193.076,154.29122178311422
14820,207.728,154.964,193.034,154.4659078650877
14830,207.67066666666668,155.12533333333332,192.992,154.64059394706118
14840,207.61333333333334,155.28666666666666,192.95,154.81528002903465
14850,207.556,155.448,192.908,154.98996611100816
14860,207.49866666666668,155.60933333333332,192.86599999999999,155.16465219298163
14870,207.44133333333332,155.77066666666667,192.824,155.3393382749551
14880,207.384,155.932,192.782,155.5140243569286
14890,207.32666666666665,156.09333333333333,192.74,155.6887104389021
14900,207.26933333333332,156.25466666666668,192.698,155.86339652087557
14910,207.212,156.416,192.656,156.03808260284904
14920,207.15466666666666,156.57733333333334,192.614,156.21276868482252
14930,207.09733333333332,156.73866666666666,192.572,156.38745476679603
14940,207.04,156.9,192.53,156.5621408487695
14950,206.98399999999998,157.01000000000002,192.50866666666667,156.66297500265492
14960,206.928,157.12,192.48733333333334,156.76380915654033
14970,206.87199999999999,157.23000000000002,192.466,156.86464331042575
14980,206.816,157.34,192.44466666666668,156.96547746431116
14990,206.76,157.45000000000002,192.42333333333335,157.06631161819658
15000,206.70399999999998,157.56,192.40200000000002,157.167145772082
15010,206.648,157.67000000000002,192.38066666666668,157.2679799259674
15020,206.59199999999998,157.78,192.35933333333332,157.36881407985283
15030,206.536,157.89000000000001,192.338,157.46964823373824
15040,206.48,158.0,192.31666666666666,157.57048238762366
15050,206.42399999999998,158.11,192.29533333333333,157.67131654150907
15060,206.368,158.22,192.274,157.7721506953945
15070,206.31199999999998,158.33,192.25266666666667,157.8729848492799
15080,206.256,158.44,192.23133333333334,157.97381900316532
15090,206.2,158.55,192.21,158.07465315705073
15100,206.14466666666667,158.21800000000002,192.14266666666668,157.7345231644055
15110,206.08933333333331,157.886,192.07533333333333,157.39439317176024
15120,206.034,157.554,192.008,157.054263179115
15130,205.97866666666667,157.222,191.94066666666666,156.71413318646972
15140,205.92333333333332,156.89000000000001,191.87333333333333,156.37400319382448
15150,205.868,156.558,191.806,156.03387320117923
15160,205.81266666666667,156.226,191.73866666666666,155.693743208534
15170,205.75733333333332,155.894,191.67133333333334,155.35361321588874
15180,205.702,155.562,191.60399999999998,155.0134832232435
15190,205.64666666666668,155.23,191.53666666666666,154.67335323059825
15200,205.59133333333332,154.898,191.46933333333334,154.333223237953
15210,205.536,154.566,191.402,153.99309324530773
15220,205.48066666666668,154.234,191.33466666666666,153.6529632526625
15230,205.42533333333333,153.902,191.2673333333333,153.31283326001724
15240,205.37,153.57,191.2,152.972703267372
15250,205.31466666666668,153.45933333333332,191.13466666666665,152.86578971080814
15260,205.25933333333333,153.34866666666667,191.06933333333333,152.7588761542443
15270,205.204,153.238,191.004,152.65196259768044
15280,205.14866666666666,153.12733333333333,190.93866666666665,152.5450490411166
15290,205.09333333333333,153.01666666666665,190.87333333333333,152.43813548455276
15300,205.038,152.906,190.808,152.3312219279889
15310,204.98266666666666,152.79533333333333,190.74266666666665,152.22430837142505
15320,204.92733333333334,152.68466666666666,190.67733333333334,152.1173948148612
15330,204.87199999999999,152.57399999999998,190.612,152.01048125829735
15340,204.81666666666666,152.46333333333334,190.54666666666665,151.9035677017335
15350,204.76133333333334,152.35266666666666,190.48133333333334,151.79665414516964
15360,204.706,152.242,190.416,151.68974058860582
15370,204.65066666666667,152.13133333333332,190.35066666666665,151.58282703204196
15380,204.59533333333331,152.02066666666667,190.28533333333334,151.4759134754781
15390,204.54,151.91,190.22,151.36899991891426
15400,204.48533333333333,152.16133333333332,190.184,151.63805711685964
15410,204.43066666666667,152.41266666666667,190.148,151.90711431480503
15420,204.376,152.664,190.112,152.17617151275041
15430,204.3213333333333,152.91533333333334,190.076,152.44522871069577
15440,204.26666666666665,153.16666666666666,190.04,152.71428590864116
15450,204.212,153.418,190.004,152.98334310658655
15460,204.15733333333333,153.66933333333333,189.968,153.25240030453193
15470,204.10266666666666,153.92066666666668,189.93200000000002,153.52145750247732
15480,204.048,154.172,189.89600000000002,153.7905147004227
15490,203.99333333333334,154.42333333333335,189.86,154.0595718983681
15500,203.93866666666668,154.67466666666667,189.824,154.32862909631348
15510,203.884,154.92600000000002,189.788,154.59768629425884
15520,203.82933333333332,155.17733333333334,189.752,154.86674349220422
15530,203.77466666666666,155.4286666666667,189.716,155.1358006901496
15540,203.72,155.68,189.68,155.404857888095
15550,203.666,155.83133333333333,189.67000000000002,155.54329821089343
15560,203.612,155.98266666666666,189.66,155.68173853369183
15570,203.558,156.13400000000001,189.65,155.82017885649026
15580,203.504,156.28533333333334,189.64000000000001,155.95861917928866
15590,203.45,156.43666666666667,189.63,156.0970595020871
15600,203.396,156.588,189.62,156.2354998248855
15610,203.34199999999998,156.73933333333332,189.61,156.37394014768392
15620,203.288,156.89066666666668,189.6,156.51238047048233
15630,203.234,157.042,189.59,156.65082079328076
15640,203.18,157.19333333333333,189.58,156.78926111607916
15650,203.126,157.34466666666665,189.57,156.9277014388776
15660,203.072,157.49599999999998,189.56,157.066141761676
15670,203.018,157.64733333333334,189.55,157.20458208447442
15680,202.964,157.79866666666666,189.54,157.34302240727283
15690,202.91,157.95,189.53,157.48146273007126
15700,202.85666666666665,157.464,189.45266666666666,156.9826985480665
15710,202.80333333333334,156.97799999999998,189.37533333333334,156.48393436606176
15720,202.75,156.492,189.298,155.985170184057
15730,202.69666666666666,156.006,189.22066666666666,155.48640600205226
15740,202.64333333333335,155.51999999999998,189.14333333333335,154.98764182004751
15750,202.59,155.034,189.066,154.48887763804277
15760,202.53666666666666,154.548,188.98866666666666,153.99011345603802
15770,202.48333333333335,154.06199999999998,188.91133333333335,153.49134927403324
15780,202.43,153.576,188.834,152.9925850920285
15790,202.37666666666667,153.09,188.75666666666666,152.49382091002374
15800,202.32333333333335,152.60399999999998,188.67933333333335,151.995056728019
15810,202.27,152.118,188.602,151.49629254601425
15820,202.21666666666667,151.632,188.52466666666666,150.9975283640095
15830,202.16333333333336,151.146,188.44733333333335,150.49876418200475
15840,202.11,150.66,188.37,150.0
