Time (s),T_outer (C),T_inner (C),T_avg (C),Input Temperature (C)
0,261.967472186802,261.967472186802,261.967472186802,261.967472186802
10,261.967472186802,261.967472186802,261.967472186802,261.967472186802
20,261.967472186802,261.967472186802,261.967472186802,261.967472186802
30,261.967472186802,261.967472186802,261.967472186802,261.967472186802
40,261.967472186802,261.967472186802,261.967472186802,261.967472186802
50,261.967472186802,261.967472186802,261.967472186802,261.967472186802
60,261.967472186802,261.967472186802,261.967472186802,261.967472186802
70,261.967472186802,261.967472186802,261.967472186802,261.967472186802
80,261.967472186802,261.967472186802,261.967472186802,261.967472186802
90,261.967472186802,261.967472186802,261.967472186802,261.967472186802
100,261.967472186802,261.967472186802,261.967472186802,261.967472186802
110,261.967472186802,261.967472186802,261.967472186802,261.967472186802
120,261.967472186802,261.967472186802,261.967472186802,261.967472186802
130,261.967472186802,261.967472186802,261.967472186802,261.967472186802
140,261.967472186802,261.967472186802,261.967472186802,261.967472186802
150,261.967472186802,261.967472186802,261.967472186802,261.967472186802
160,261.967472186802,261.967472186802,261.967472186802,261.967472186802
170,261.967472186802,261.967472186802,261.967472186802,261.967472186802
180,261.967472186802,261.967472186802,261.967472186802,261.967472186802
190,261.967472186802,261.967472186802,261.967472186802,261.967472186802
200,261.967472186802,261.967472186802,261.967472186802,261.967472186802
210,261.967472186802,261.967472186802,261.967472186802,261.967472186802
220,261.967472186802,261.967472186802,261.967472186802,261.967472186802
230,261.967472186802,261.967472186802,261.967472186802,261.967472186802
240,261.967472186802,261.967472186802,261.967472186802,261.967472186802
250,261.967472186802,261.967472186802,261.967472186802,261.967472186802
260,261.967472186802,261.967472186802,261.967472186802,261.967472186802
270,261.967472186802,261.967472186802,261.967472186802,261.967472186802
280,261.967472186802,261.967472186802,261.967472186802,261.967472186802
290,261.967472186802,261.967472186802,261.967472186802,261.967472186802
300,261.967472186802,261.967472186802,261.967472186802,261.967472186802
310,261.967472186802,261.967472186802,261.967472186802,261.967472186802
320,261.967472186802,261.967472186802,261.967472186802,261.967472186802
330,261.967472186802,261.967472186802,261.967472186802,261.967472186802
340,261.967472186802,261.967472186802,261.967472186802,261.967472186802
350,261.967472186802,261.967472186802,261.967472186802,261.967472186802
360,261.967472186802,261.967472186802,261.967472186802,261.967472186802
370,261.967472186802,261.967472186802,261.967472186802,261.967472186802
380,261.967472186802,261.967472186802,261.967472186802,261.967472186802
390,261.967472186802,261.967472186802,261.967472186802,261.967472186802
400,261.967472186802,261.967472186802,261.967472186802,261.967472186802
410,261.967472186802,261.967472186802,261.967472186802,261.967472186802
420,261.967472186802,261.967472186802,261.967472186802,261.967472186802
430,261.967472186802,261.967472186802,261.967472186802,261.967472186802
440,261.967472186802,261.967472186802,261.967472186802,261.967472186802
450,261.967472186802,261.967472186802,261.967472186802,261.967472186802
460,261.967472186802,261.967472186802,261.967472186802,261.967472186802
470,261.967472186802,261.967472186802,261.967472186802,261.967472186802
480,261.967472186802,261.967472186802,261.967472186802,261.967472186802
490,261.967472186802,261.967472186802,261.967472186802,261.967472186802
500,261.967472186802,261.967472186802,261.967472186802,261.967472186802
510,261.967472186802,261.967472186802,261.967472186802,261.967472186802
520,261.967472186802,261.967472186802,261.967472186802,261.967472186802
530,261.967472186802,261.967472186802,261.967472186802,261.967472186802
540,261.967472186802,261.967472186802,261.967472186802,261.967472186802
550,261.967472186802,261.967472186802,261.967472186802,261.967472186802
560,261.967472186802,261.967472186802,261.967472186802,261.967472186802
570,261.967472186802,261.967472186802,261.967472186802,261.967472186802
580,261.967472186802,261.967472186802,261.967472186802,261.967472186802
590,261.967472186802,261.967472186802,261.967472186802,261.967472186802
600,261.967472186802,261.967472186802,261.967472186802,261.967472186802
610,261.967472186802,261.967472186802,261.967472186802,261.967472186802
620,261.967472186802,261.967472186802,261.967472186802,261.967472186802
630,261.967472186802,261.967472186802,261.967472186802,261.967472186802
640,261.967472186802,261.967472186802,261.967472186802,261.967472186802
650,261.967472186802,261.967472186802,261.967472186802,261.967472186802
660,261.967472186802,261.967472186802,261.967472186802,261.967472186802
670,261.967472186802,261.967472186802,261.967472186802,261.967472186802
680,261.967472186802,261.967472186802,261.967472186802,261.967472186802
690,261.967472186802,261.967472186802,261.967472186802,261.967472186802
700,261.967472186802,261.967472186802,261.967472186802,261.967472186802
710,261.967472186802,261.967472186802,261.967472186802,261.967472186802
720,261.967472186802,261.967472186802,261.967472186802,261.967472186802
730,261.967472186802,261.967472186802,261.967472186802,261.967472186802
740,261.967472186802,261.967472186802,261.967472186802,261.967472186802
750,261.967472186802,261.967472186802,261.967472186802,261.967472186802
760,261.967472186802,261.967472186802,261.967472186802,261.967472186802
770,261.967472186802,261.967472186802,261.967472186802,261.967472186802
780,261.967472186802,261.967472186802,261.967472186802,261.967472186802
790,261.967472186802,261.967472186802,261.967472186802,261.967472186802
800,261.967472186802,261.967472186802,261.967472186802,261.967472186802
810,261.967472186802,261.967472186802,261.967472186802,261.967472186802
820,261.967472186802,261.967472186802,261.967472186802,261.967472186802
830,261.967472186802,261.967472186802,261.967472186802,261.967472186802
840,261.967472186802,261.967472186802,261.967472186802,261.967472186802
850,261.967472186802,261.967472186802,261.967472186802,261.967472186802
860,261.967472186802,261.967472186802,261.967472186802,261.967472186802
870,261.967472186802,261.967472186802,261.967472186802,261.967472186802
880,261.967472186802,261.967472186802,261.967472186802,261.967472186802
890,261.967472186802,261.967472186802,261.967472186802,261.967472186802
900,261.967472186802,261.967472186802,261.967472186802,261.967472186802
910,261.967472186802,261.967472186802,261.967472186802,261.967472186802
920,261.967472186802,261.967472186802,261.967472186802,261.967472186802
930,261.967472186802,261.967472186802,261.967472186802,261.967472186802
940,261.967472186802,261.967472186802,261.967472186802,261.967472186802
950,261.967472186802,261.967472186802,261.967472186802,261.967472186802
960,261.967472186802,261.967472186802,261.967472186802,261.967472186802
970,261.967472186802,261.967472186802,261.967472186802,261.967472186802
980,261.967472186802,261.967472186802,261.967472186802,261.967472186802
990,261.967472186802,261.967472186802,261.967472186802,261.967472186802
1000,261.967472186802,261.967472186802,261.967472186802,261.967472186802
1010,261.967472186802,261.967472186802,261.967472186802,261.967472186802
1020,261.967472186802,261.967472186802,261.967472186802,261.967472186802
1030,261.967472186802,261.967472186802,261.967472186802,261.967472186802
1040,261.967472186802,261.967472186802,261.967472186802,261.967472186802
1050,261.967472186802,261.967472186802,261.967472186802,261.967472186802
1060,261.967472186802,261.967472186802,261.967472186802,261.967472186802
1070,261.967472186802,261.967472186802,261.967472186802,261.967472186802
1080,261.967472186802,261.967472186802,261.967472186802,261.967472186802
1090,261.967472186802,261.967472186802,261.967472186802,261.967472186802
1100,261.967472186802,261.967472186802,261.967472186802,261.967472186802
1110,261.967472186802,261.967472186802,261.967472186802,261.967472186802
1120,261.967472186802,261.967472186802,261.967472186802,261.967472186802
1130,261.967472186802,261.967472186802,261.967472186802,261.967472186802
1140,261.967472186802,261.967472186802,261.967472186802,261.967472186802
1150,261.967472186802,261.967472186802,261.967472186802,261.967472186802
1160,261.967472186802,261.967472186802,261.967472186802,261.967472186802
1170,261.967472186802,261.967472186802,261.967472186802,261.967472186802
1180,261.967472186802,261.967472186802,261.967472186802,261.967472186802
1190,261.967472186802,261.967472186802,261.967472186802,261.967472186802
1200,261.967472186802,261.967472186802,261.967472186802,261.967472186802
1210,261.967472186802,261.967472186802,261.967472186802,261.967472186802
1220,261.967472186802,261.967472186802,261.967472186802,261.967472186802
1230,261.967472186802,261.967472186802,261.967472186802,261.967472186802
1240,261.967472186802,261.967472186802,261.967472186802,261.967472186802
1250,261.967472186802,261.967472186802,261.967472186802,261.967472186802
1260,261.967472186802,261.967472186802,261.967472186802,261.967472186802
1270,261.967472186802,261.967472186802,261.967472186802,261.967472186802
1280,261.967472186802,261.967472186802,261.967472186802,261.967472186802
1290,261.967472186802,261.967472186802,261.967472186802,261.967472186802
1300,261.967472186802,261.967472186802,261.967472186802,261.967472186802
1310,261.967472186802,261.967472186802,261.967472186802,261.967472186802
1320,261.967472186802,261.967472186802,261.967472186802,261.967472186802
1330,261.967472186802,261.967472186802,261.967472186802,261.967472186802
1340,261.967472186802,261.967472186802,261.967472186802,261.967472186802
1350,261.967472186802,261.967472186802,261.967472186802,261.967472186802
1360,261.967472186802,261.967472186802,261.967472186802,261.967472186802
1370,261.967472186802,261.967472186802,261.967472186802,261.967472186802
1380,261.967472186802,261.967472186802,261.967472186802,261.967472186802
1390,261.967472186802,261.967472186802,261.967472186802,261.967472186802
1400,261.967472186802,261.967472186802,261.967472186802,261.967472186802
1410,261.967472186802,261.967472186802,261.967472186802,261.967472186802
1420,261.967472186802,261.967472186802,261.967472186802,261.967472186802
1430,261.967472186802,261.967472186802,261.967472186802,261.967472186802
1440,261.967472186802,261.967472186802,261.967472186802,261.967472186802
1440,261.967472186802,261.967472186802,261.967472186802,261.967472186802
1450,261.9676407076819,262.25964070768185,261.9929740410152,262.2711792942988
1460,261.96780922856175,262.55180922856175,262.0184758952284,262.5748864017956
1470,261.9679777494416,262.8439777494416,262.04397774944164,262.8785935092924
1480,261.9681462703215,263.1361462703215,262.0694796036548,263.18230061678923
1490,261.96831479120135,263.42831479120133,262.094981457868,263.486007724286
1500,261.9684833120812,263.7204833120812,262.1204833120812,263.7897148317828
1510,261.9686518329611,264.01265183296107,262.1459851662944,264.0934219392796
1520,261.96882035384095,264.30482035384097,262.17148702050764,264.3971290467764
1530,261.9689888747208,264.5969888747208,262.19698887472083,264.7008361542732
1540,261.9691573956007,264.8891573956007,262.222490728934,265.00454326177
1550,261.96932591648056,265.18132591648055,262.2479925831472,265.3082503692668
1560,261.9694944373604,265.47349443736044,262.2734944373604,265.6119574767636
1570,261.9696629582403,265.7656629582403,262.29899629157364,265.9156645842604
1580,261.96983147912016,266.0578314791202,262.32449814578683,266.2193716917572
1590,261.97,266.35,262.35,266.523078799254
1600,261.97,266.31600000000003,262.36733333333336,266.4770984380829
1610,261.97,266.28200000000004,262.3846666666667,266.43111807691184
1620,261.97,266.248,262.40200000000004,266.3851377157408
1630,261.97,266.214,262.4193333333333,266.33915735456975
1640,261.97,266.18,262.43666666666667,266.2931769933987
1650,261.97,266.146,262.454,266.2471966322276
1660,261.97,266.112,262.47133333333335,266.2012162710565
1670,261.97,266.078,262.4886666666667,266.1552359098855
1680,261.97,266.044,262.50600000000003,266.10925554871443
1690,261.97,266.01,262.52333333333337,266.06327518754335
1700,261.97,265.976,262.5406666666667,266.0172948263723
1710,261.97,265.942,262.558,265.9713144652012
1720,261.97,265.90799999999996,262.57533333333333,265.9253341040302
1730,261.97,265.87399999999997,262.5926666666667,265.8793537428591
1740,261.97,265.84,262.61,265.83337338168803
1750,261.97,265.83599999999996,262.6086666666667,265.8408036925999
1760,261.97,265.832,262.6073333333333,265.8482340035118
1770,261.97,265.828,262.606,265.8556643144236
1780,261.97,265.82399999999996,262.6046666666667,265.8630946253355
1790,261.97,265.82,262.60333333333335,265.87052493624736
1800,261.97,265.816,262.602,265.8779552471592
1810,261.97,265.81199999999995,262.60066666666665,265.8853855580711
1820,261.97,265.808,262.59933333333333,265.89281586898295
1830,261.97,265.804,262.598,265.90024617989485
1840,261.97,265.79999999999995,262.59666666666664,265.9076764908067
1850,261.97,265.796,262.5953333333333,265.91510680171854
1860,261.97,265.792,262.594,265.92253711263044
1870,261.97,265.78799999999995,262.5926666666667,265.9299674235423
1880,261.97,265.784,262.5913333333333,265.9373977344542
1890,261.97,265.78,262.59,265.944828045366
1900,261.9706666666667,266.234,262.63866666666667,266.4087671691116
1910,261.97133333333335,266.688,262.6873333333333,266.87270629285723
1920,261.97200000000004,267.142,262.736,267.33664541660283
1930,261.97266666666667,267.59599999999995,262.7846666666666,267.80058454034844
1940,261.97333333333336,268.04999999999995,262.8333333333333,268.26452366409404
1950,261.97400000000005,268.50399999999996,262.882,268.72846278783965
1960,261.9746666666667,268.95799999999997,262.93066666666664,269.19240191158525
1970,261.97533333333337,269.412,262.97933333333333,269.6563410353308
1980,261.976,269.866,263.02799999999996,270.1202801590764
1990,261.9766666666667,270.32,263.07666666666665,270.584219282822
2000,261.9773333333334,270.774,263.12533333333334,271.0481584065676
2010,261.978,271.22799999999995,263.174,271.5120975303132
2020,261.9786666666667,271.68199999999996,263.22266666666667,271.9760366540588
2030,261.97933333333333,272.13599999999997,263.2713333333333,272.4399757778044
2040,261.98,272.59,263.32,272.90391490155
2050,261.9806666666667,272.3453333333333,263.32933333333335,272.63807128530533
2060,261.98133333333334,272.10066666666665,263.33866666666665,272.37222766906063
2070,261.982,271.856,263.348,272.10638405281594
2080,261.98266666666666,271.61133333333333,263.3573333333333,271.84054043657125
2090,261.98333333333335,271.3666666666667,263.3666666666667,271.57469682032655
2100,261.98400000000004,271.122,263.376,271.30885320408186
2110,261.98466666666667,270.87733333333335,263.38533333333334,271.04300958783716
2120,261.98533333333336,270.63266666666664,263.39466666666664,270.7771659715924
2130,261.986,270.388,263.404,270.5113223553477
2140,261.9866666666667,270.1433333333333,263.4133333333333,270.245478739103
2150,261.98733333333337,269.89866666666666,263.42266666666666,269.9796351228583
2160,261.988,269.654,263.43199999999996,269.71379150661363
2170,261.9886666666667,269.40933333333334,263.4413333333333,269.44794789036894
2180,261.9893333333333,269.1646666666667,263.4506666666666,269.18210427412424
2190,261.99,268.92,263.46,268.91626065787955
2200,261.99133333333333,268.94933333333336,263.4653333333333,268.95462389545116
2210,261.99266666666665,268.9786666666667,263.47066666666666,268.9929871330227
2220,261.994,269.00800000000004,263.476,269.03135037059434
2230,261.99533333333335,269.0373333333333,263.48133333333334,269.06971360816596
2240,261.99666666666667,269.06666666666666,263.4866666666667,269.1080768457375
2250,261.998,269.096,263.492,269.14644008330913
2260,261.9993333333333,269.12533333333334,263.49733333333336,269.18480332088075
2270,262.0006666666667,269.1546666666667,263.50266666666664,269.2231665584523
2280,262.002,269.184,263.508,269.2615297960239
2290,262.00333333333333,269.21333333333337,263.5133333333333,269.29989303359554
2300,262.00466666666665,269.2426666666667,263.51866666666666,269.3382562711671
2310,262.006,269.272,263.524,269.3766195087387
2320,262.00733333333335,269.30133333333333,263.52933333333334,269.41498274631033
2330,262.00866666666667,269.3306666666667,263.5346666666667,269.4533459838819
2340,262.01,269.36,263.54,269.4917092214535
2350,262.012,269.66,263.574,269.8042742667466
2360,262.014,269.96000000000004,263.608,270.1168393120396
2370,262.016,270.26,263.642,270.42940435733266
2380,262.018,270.56,263.67600000000004,270.74196940262567
2390,262.02,270.86,263.71000000000004,271.05453444791874
2400,262.022,271.16,263.744,271.3670994932118
2410,262.024,271.46000000000004,263.778,271.6796645385048
2420,262.026,271.76,263.812,271.9922295837979
2430,262.028,272.06,263.846,272.3047946290909
2440,262.03000000000003,272.36,263.88,272.617359674384
2450,262.03200000000004,272.66,263.914,272.92992471967705
2460,262.034,272.96000000000004,263.94800000000004,273.24248976497006
2470,262.036,273.26,263.982,273.55505481026313
2480,262.038,273.56,264.016,273.86761985555614
2490,262.04,273.86,264.05,274.1801849008492
2500,262.04333333333335,274.4066666666667,264.12466666666666,274.7369467077689
2510,262.0466666666667,274.9533333333333,264.19933333333336,275.2937085146885
2520,262.05,275.5,264.274,275.85047032160816
2530,262.05333333333334,276.0466666666667,264.3486666666667,276.4072321285278
2540,262.0566666666667,276.59333333333336,264.42333333333335,276.9639939354475
2550,262.06,277.14,264.498,277.5207557423671
2560,262.06333333333333,277.68666666666667,264.5726666666667,278.07751754928677
2570,262.06666666666666,278.23333333333335,264.64733333333334,278.63427935620643
2580,262.07,278.78000000000003,264.72200000000004,279.1910411631261
2590,262.0733333333333,279.32666666666665,264.7966666666667,279.7478029700457
2600,262.07666666666665,279.87333333333333,264.8713333333333,280.3045647769654
2610,262.08,280.42,264.946,280.86132658388505
2620,262.0833333333333,280.9666666666667,265.02066666666667,281.4180883908047
2630,262.08666666666664,281.5133333333333,265.0953333333334,281.9748501977243
2640,262.09,282.06,265.17,282.531612004644
2650,262.0946666666666,282.4,265.24733333333336,282.8709980025202
2660,262.09933333333333,282.74,265.3246666666667,283.2103840003964
2670,262.104,283.08,265.402,283.5497699982726
2680,262.10866666666664,283.42,265.47933333333333,283.88915599614876
2690,262.11333333333334,283.76,265.5566666666667,284.22854199402497
2700,262.118,284.1,265.634,284.5679279919012
2710,262.12266666666665,284.44,265.71133333333336,284.9073139897774
2720,262.12733333333335,284.78000000000003,265.78866666666664,285.2466999876536
2730,262.132,285.12,265.866,285.5860859855298
2740,262.13666666666666,285.46000000000004,265.9433333333333,285.925471983406
2750,262.14133333333336,285.8,266.02066666666667,286.2648579812822
2760,262.146,286.14000000000004,266.098,286.60424397915835
2770,262.15066666666667,286.48,266.1753333333333,286.94362997703456
2780,262.1553333333334,286.82000000000005,266.25266666666664,287.28301597491077
2790,262.16,287.16,266.33,287.622401972787
2800,262.1646666666667,287.1406666666667,266.38466666666665,287.5883924869832
2810,262.1693333333334,287.1213333333334,266.4393333333333,287.55438300117936
2820,262.17400000000004,287.10200000000003,266.49399999999997,287.5203735153756
2830,262.1786666666667,287.0826666666667,266.54866666666663,287.4863640295718
2840,262.18333333333334,287.06333333333333,266.6033333333333,287.45235454376797
2850,262.18800000000005,287.04400000000004,266.65799999999996,287.4183450579642
2860,262.1926666666667,287.0246666666667,266.7126666666666,287.3843355721604
2870,262.19733333333335,287.00533333333334,266.76733333333334,287.3503260863566
2880,262.202,286.986,266.822,287.3163166005528
2890,262.2066666666667,286.9666666666667,266.87666666666667,287.282307114749
2900,262.21133333333336,286.94733333333335,266.9313333333333,287.2482976289452
2910,262.216,286.928,266.986,287.2142881431414
2920,262.22066666666666,286.90866666666665,267.04066666666665,287.1802786573376
2930,262.22533333333337,286.88933333333335,267.0953333333333,287.1462691715338
2940,262.23,286.87,267.15,287.11225968573
2950,262.23733333333337,286.94933333333336,267.18399999999997,287.20709362704594
2960,262.24466666666666,287.02866666666665,267.21799999999996,287.3019275683619
2970,262.252,287.108,267.252,287.39676150967784
2980,262.25933333333336,287.18733333333336,267.286,287.4915954509938
2990,262.26666666666665,287.26666666666665,267.32,287.58642939230975
3000,262.274,287.346,267.354,287.6812633336257
3010,262.28133333333335,287.42533333333336,267.388,287.77609727494166
3020,262.28866666666664,287.50466666666665,267.422,287.8709312162576
3030,262.296,287.584,267.456,287.96576515757357
3040,262.30333333333334,287.66333333333336,267.49,288.0605990988895
3050,262.31066666666663,287.74266666666665,267.524,288.1554330402054
3060,262.318,287.822,267.558,288.2502669815214
3070,262.32533333333333,287.90133333333335,267.59200000000004,288.34510092283733
3080,262.3326666666666,287.98066666666665,267.62600000000003,288.4399348641533
3090,262.34,288.06,267.66,288.53476880546924
3100,262.34933333333333,288.77133333333336,267.762,289.2606850847047
3110,262.35866666666664,289.48266666666666,267.86400000000003,289.98660136394017
3120,262.368,290.194,267.966,290.7125176431756
3130,262.3773333333333,290.9053333333333,268.06800000000004,291.43843392241104
3140,262.38666666666666,291.6166666666667,268.17,292.16435020164647
3150,262.396,292.32800000000003,268.272,292.89026648088196
3160,262.4053333333333,293.03933333333333,268.374,293.6161827601174
3170,262.4146666666667,293.7506666666667,268.476,294.34209903935283
3180,262.424,294.462,268.57800000000003,295.06801531858827
3190,262.43333333333334,295.17333333333335,268.68,295.79393159782376
3200,262.4426666666667,295.8846666666667,268.782,296.5198478770592
3210,262.452,296.596,268.884,297.2457641562946
3220,262.46133333333336,297.30733333333336,268.986,297.97168043553006
3230,262.47066666666666,298.01866666666666,269.088,298.69759671476555
3240,262.48,298.73,269.19,299.423512994001
3250,262.492,298.9766666666667,269.28266666666667,299.661326598412
3260,262.504,299.22333333333336,269.37533333333334,299.8991402028231
3270,262.516,299.47,269.468,300.13695380723414
3280,262.528,299.7166666666667,269.56066666666663,300.3747674116452
3290,262.54,299.96333333333337,269.6533333333333,300.61258101605625
3300,262.552,300.21000000000004,269.746,300.8503946204673
3310,262.564,300.4566666666667,269.83866666666665,301.0882082248784
3320,262.576,300.7033333333333,269.9313333333333,301.3260218292894
3330,262.588,300.95,270.024,301.5638354337005
3340,262.6,301.19666666666666,270.1166666666667,301.8016490381115
3350,262.612,301.4433333333333,270.20933333333335,302.03946264252255
3360,262.624,301.69,270.30199999999996,302.27727624693364
3370,262.636,301.93666666666667,270.39466666666664,302.51508985134467
3380,262.648,302.18333333333334,270.4873333333333,302.75290345575576
3390,262.66,302.43,270.58,302.9907170601668
3400,262.67466666666667,302.5746666666667,270.65866666666665,303.1323062905009
3410,262.68933333333337,302.71933333333334,270.7373333333333,303.273895520835
3420,262.704,302.86400000000003,270.816,303.4154847511691
3430,262.7186666666667,303.00866666666667,270.89466666666664,303.55707398150327
3440,262.73333333333335,303.15333333333336,270.9733333333333,303.69866321183736
3450,262.748,303.298,271.05199999999996,303.84025244217145
3460,262.7626666666667,303.4426666666667,271.1306666666666,303.9818416725056
3470,262.77733333333333,303.58733333333333,271.20933333333335,304.1234309028397
3480,262.79200000000003,303.732,271.288,304.26502013317383
3490,262.8066666666667,303.87666666666667,271.3666666666667,304.4066093635079
3500,262.8213333333333,304.02133333333336,271.44533333333334,304.548198593842
3510,262.836,304.166,271.524,304.68978782417616
3520,262.85066666666665,304.3106666666667,271.60266666666666,304.83137705451026
3530,262.86533333333335,304.45533333333333,271.6813333333333,304.9729662848444
3540,262.88,304.6,271.76,305.1145555151785
3550,262.89733333333334,304.67466666666667,271.82733333333334,305.18647482782933
3560,262.9146666666667,304.74933333333337,271.89466666666664,305.2583941404801
3570,262.932,304.824,271.962,305.33031345313094
3580,262.9493333333333,304.8986666666667,272.02933333333334,305.4022327657818
3590,262.96666666666664,304.97333333333336,272.09666666666664,305.47415207843255
3600,262.984,305.048,272.164,305.5460713910834
3610,263.0013333333333,305.1226666666667,272.23133333333334,305.6179907037342
3620,263.01866666666666,305.19733333333335,272.29866666666663,305.689910016385
3630,263.036,305.27200000000005,272.366,305.76182932903583
3640,263.05333333333334,305.3466666666667,272.43333333333334,305.83374864168667
3650,263.0706666666667,305.42133333333334,272.50066666666663,305.90566795433745
3660,263.08799999999997,305.49600000000004,272.568,305.9775872669883
3670,263.1053333333333,305.5706666666667,272.63533333333334,306.0495065796391
3680,263.12266666666665,305.6453333333334,272.70266666666663,306.1214258922899
3690,263.14,305.72,272.77,306.1933452049407
3700,263.16133333333335,305.7506666666667,272.82666666666665,306.2221490563019
3710,263.18266666666665,305.78133333333335,272.8833333333333,306.250952907663
3720,263.204,305.812,272.94,306.27975675902417
3730,263.2253333333333,305.8426666666667,272.99666666666667,306.3085606103853
3740,263.24666666666667,305.87333333333333,273.05333333333334,306.33736446174646
3750,263.268,305.904,273.11,306.3661683131076
3760,263.28933333333333,305.93466666666666,273.1666666666667,306.39497216446875
3770,263.31066666666663,305.9653333333334,273.2233333333333,306.42377601582996
3780,263.332,305.99600000000004,273.28,306.4525798671911
3790,263.3533333333333,306.0266666666667,273.33666666666664,306.48138371855225
3800,263.37466666666666,306.05733333333336,273.3933333333333,306.5101875699134
3810,263.39599999999996,306.088,273.45,306.53899142127455
3820,263.4173333333333,306.1186666666667,273.50666666666666,306.5677952726357
3830,263.4386666666666,306.14933333333335,273.56333333333333,306.59659912399684
3840,263.46,306.18,273.62,306.625402975358
3850,263.48466666666667,306.70933333333335,273.7126666666667,307.17246319271163
3860,263.5093333333333,307.2386666666667,273.80533333333335,307.7195234100653
3870,263.534,307.76800000000003,273.898,308.2665836274189
3880,263.5586666666666,308.2973333333333,273.99066666666664,308.81364384477257
3890,263.5833333333333,308.82666666666665,274.0833333333333,309.3607040621262
3900,263.608,309.356,274.176,309.90776427947986
3910,263.63266666666664,309.88533333333334,274.26866666666666,310.4548244968335
3920,263.6573333333333,310.4146666666667,274.36133333333333,311.0018847141872
3930,263.68199999999996,310.944,274.454,311.54894493154086
3940,263.70666666666665,311.47333333333336,274.5466666666667,312.0960051488945
3950,263.73133333333334,312.0026666666667,274.63933333333335,312.64306536624815
3960,263.756,312.532,274.73199999999997,313.1901255836018
3970,263.78066666666666,313.0613333333333,274.82466666666664,313.73718580095544
3980,263.8053333333333,313.59066666666666,274.9173333333333,314.2842460183091
3990,263.83,314.12,275.01,314.83130623566274
4000,263.85866666666664,314.1566666666667,275.09133333333335,314.85038228823277
4010,263.88733333333334,314.1933333333333,275.17266666666666,314.86945834080285
4020,263.916,314.23,275.254,314.8885343933729
4030,263.94466666666665,314.26666666666665,275.3353333333333,314.90761044594296
4040,263.9733333333333,314.30333333333334,275.4166666666667,314.926686498513
4050,264.002,314.34000000000003,275.498,314.945762551083
4060,264.03066666666666,314.37666666666667,275.57933333333335,314.9648386036531
4070,264.0593333333333,314.41333333333336,275.66066666666666,314.98391465622313
4080,264.08799999999997,314.45,275.742,315.0029907087932
4090,264.1166666666667,314.4866666666667,275.8233333333333,315.02206676136325
4100,264.1453333333333,314.52333333333337,275.9046666666667,315.0411428139333
4110,264.174,314.56,275.986,315.06021886650336
4120,264.20266666666663,314.5966666666667,276.06733333333335,315.0792949190734
4130,264.23133333333334,314.6333333333333,276.14866666666666,315.0983709716435
4140,264.26,314.67,276.23,315.1174470242135
4150,264.29133333333334,314.75333333333333,276.2846666666667,315.21796468351874
4160,264.32266666666663,314.8366666666667,276.33933333333334,315.3184823428239
4170,264.354,314.92,276.394,315.41900000212917
4180,264.38533333333334,315.00333333333333,276.44866666666667,315.51951766143435
4190,264.4166666666667,315.0866666666667,276.50333333333333,315.6200353207396
4200,264.448,315.17,276.558,315.72055298004483
4210,264.47933333333333,315.25333333333333,276.61266666666666,315.82107063935
4220,264.5106666666667,315.3366666666667,276.6673333333334,315.92158829865525
4230,264.54200000000003,315.42,276.72200000000004,316.02210595796043
4240,264.5733333333333,315.50333333333333,276.7766666666667,316.1226236172657
4250,264.6046666666667,315.5866666666667,276.83133333333336,316.2231412765709
4260,264.636,315.67,276.886,316.3236589358761
4270,264.6673333333334,315.75333333333333,276.9406666666667,316.42417659518134
4280,264.69866666666667,315.8366666666667,276.99533333333335,316.5246942544865
4290,264.73,315.92,277.05,316.62521191379176
4300,264.764,316.696,277.17733333333337,317.4165969513509
4310,264.798,317.47200000000004,277.30466666666666,318.20798198891003
4320,264.832,318.248,277.432,318.9993670264692
4330,264.86600000000004,319.024,277.5593333333333,319.79075206402837
4340,264.90000000000003,319.8,277.68666666666667,320.58213710158753
4350,264.934,320.576,277.814,321.37352213914664
4360,264.968,321.35200000000003,277.9413333333333,322.1649071767058
4370,265.002,322.128,278.0686666666667,322.956292214265
4380,265.036,322.904,278.19599999999997,323.74767725182414
4390,265.07,323.68,278.3233333333333,324.53906228938325
4400,265.104,324.456,278.4506666666667,325.3304473269424
4410,265.13800000000003,325.232,278.578,326.1218323645016
4420,265.172,326.008,278.70533333333333,326.91321740206075
4430,265.206,326.784,278.8326666666666,327.70460243961986
4440,265.24,327.56,278.96,328.495987477179
4450,265.27733333333333,327.234,279.02599999999995,328.13710610330014
4460,265.31466666666665,326.908,279.092,327.7782247294212
4470,265.35200000000003,326.582,279.15799999999996,327.4193433555423
4480,265.38933333333335,326.25600000000003,279.224,327.0604619816634
4490,265.4266666666667,325.93,279.28999999999996,326.70158060778454
4500,265.464,325.604,279.356,326.3426992339056
4510,265.5013333333333,325.278,279.42199999999997,325.9838178600267
4520,265.5386666666667,324.952,279.488,325.6249364861478
4530,265.576,324.62600000000003,279.554,325.26605511226893
4540,265.61333333333334,324.3,279.62,324.90717373839
4550,265.65066666666667,323.974,279.686,324.5482923645111
4560,265.688,323.648,279.752,324.1894109906322
4570,265.72533333333337,323.322,279.818,323.8305296167533
4580,265.7626666666667,322.99600000000004,279.884,323.4716482428744
4590,265.8,322.67,279.95,323.1127668689955
4600,265.84000000000003,322.9906666666667,280.02466666666663,323.457706424166
4610,265.88,323.3113333333333,280.09933333333333,323.80264597933655
4620,265.92,323.632,280.174,324.1475855345071
4630,265.96,323.9526666666667,280.2486666666667,324.49252508967766
4640,266.0,324.27333333333337,280.3233333333333,324.8374646448482
4650,266.04,324.594,280.39799999999997,325.1824042000187
4660,266.08,324.9146666666667,280.47266666666667,325.52734375518924
4670,266.12,325.23533333333336,280.5473333333333,325.87228331035976
4680,266.15999999999997,325.55600000000004,280.622,326.2172228655303
4690,266.2,325.87666666666667,280.69666666666666,326.5621624207008
4700,266.24,326.19733333333335,280.7713333333333,326.90710197587134
4710,266.28,326.51800000000003,280.846,327.2520415310419
4720,266.32,326.8386666666667,280.92066666666665,327.59698108621245
4730,266.35999999999996,327.15933333333334,280.99533333333335,327.941920641383
4740,266.4,327.48,281.07,328.2868601965535
4750,266.44266666666664,327.96933333333334,281.19266666666664,328.77282199498876
4760,266.4853333333333,328.45866666666666,281.31533333333334,329.25878379342396
4770,266.52799999999996,328.94800000000004,281.438,329.7447455918592
4780,266.5706666666667,329.43733333333336,281.5606666666667,330.2307073902944
4790,266.61333333333334,329.9266666666667,281.68333333333334,330.71666918872967
4800,266.656,330.416,281.806,331.2026309871649
4810,266.69866666666667,330.9053333333333,281.9286666666667,331.6885927856001
4820,266.74133333333333,331.3946666666667,282.05133333333333,332.1745545840354
4830,266.784,331.884,282.17400000000004,332.6605163824706
4840,266.82666666666665,332.37333333333333,282.2966666666667,333.14647818090583
4850,266.8693333333333,332.86266666666666,282.4193333333333,333.6324399793411
4860,266.91200000000003,333.352,282.54200000000003,334.1184017777763
4870,266.9546666666667,333.84133333333335,282.6646666666667,334.60436357621154
4880,266.99733333333336,334.3306666666667,282.7873333333334,335.09032537464674
4890,267.04,334.82,282.91,335.576287173082
4900,267.0853333333334,334.888,283.002,335.6404725289972
4910,267.1306666666667,334.956,283.09400000000005,335.7046578849124
4920,267.17600000000004,335.024,283.18600000000004,335.7688432408276
4930,267.22133333333335,335.092,283.278,335.8330285967428
4940,267.2666666666667,335.15999999999997,283.37,335.897213952658
4950,267.312,335.228,283.46200000000005,335.9613993085732
4960,267.3573333333334,335.296,283.55400000000003,336.0255846644884
4970,267.4026666666667,335.364,283.646,336.0897700204036
4980,267.44800000000004,335.43199999999996,283.738,336.1539553763188
4990,267.49333333333334,335.5,283.83000000000004,336.218140732234
5000,267.5386666666667,335.568,283.922,336.2823260881492
5010,267.584,335.63599999999997,284.014,336.3465114440644
5020,267.62933333333336,335.70399999999995,284.106,336.4106967999796
5030,267.67466666666667,335.772,284.19800000000004,336.4748821558948
5040,267.72,335.84,284.29,336.53906751181
5050,267.76800000000003,335.6373333333333,284.34933333333333,336.32410693750484
5060,267.81600000000003,335.43466666666666,284.4086666666667,336.1091463631997
5070,267.86400000000003,335.23199999999997,284.468,335.89418578889456
5080,267.91200000000003,335.02933333333334,284.52733333333333,335.6792252145894
5090,267.96000000000004,334.82666666666665,284.5866666666667,335.4642646402843
5100,268.00800000000004,334.62399999999997,284.646,335.2493040659791
5110,268.05600000000004,334.42133333333334,284.70533333333333,335.03434349167395
5120,268.104,334.21866666666665,284.7646666666667,334.81938291736884
5130,268.152,334.016,284.824,334.6044223430637
5140,268.2,333.81333333333333,284.8833333333333,334.3894617687585
5150,268.248,333.61066666666665,284.9426666666667,334.1745011944534
5160,268.296,333.408,285.002,333.95954062014823
5170,268.344,333.20533333333333,285.0613333333333,333.74458004584307
5180,268.392,333.0026666666667,285.1206666666667,333.52961947153796
5190,268.44,332.8,285.18,333.3146588972328
5200,268.49066666666664,333.0013333333333,285.24933333333337,333.5315264233113
5210,268.54133333333334,333.2026666666667,285.3186666666667,333.7483939493898
5220,268.592,333.404,285.38800000000003,333.9652614754683
5230,268.6426666666667,333.60533333333336,285.45733333333334,334.18212900154685
5240,268.6933333333333,333.8066666666667,285.5266666666667,334.39899652762534
5250,268.74399999999997,334.008,285.596,334.6158640537039
5260,268.79466666666667,334.20933333333335,285.66533333333336,334.8327315797824
5270,268.8453333333333,334.41066666666666,285.73466666666667,335.0495991058609
5280,268.896,334.612,285.80400000000003,335.2664666319394
5290,268.94666666666666,334.81333333333333,285.87333333333333,335.48333415801795
5300,268.9973333333333,335.01466666666664,285.9426666666667,335.70020168409644
5310,269.048,335.216,286.012,335.917069210175
5320,269.09866666666665,335.4173333333333,286.08133333333336,336.1339367362535
5330,269.14933333333335,335.6186666666667,286.15066666666667,336.350804262332
5340,269.2,335.82,286.22,336.5676717884105
5350,269.25399999999996,336.246,286.326,337.00033605171956
5360,269.308,336.67199999999997,286.432,337.43300031502855
5370,269.36199999999997,337.098,286.538,337.8656645783376
5380,269.416,337.524,286.644,338.29832884164665
5390,269.46999999999997,337.95,286.75,338.73099310495564
5400,269.524,338.376,286.856,339.1636573682647
5410,269.578,338.80199999999996,286.962,339.59632163157374
5420,269.632,339.228,287.06800000000004,340.02898589488274
5430,269.686,339.654,287.17400000000004,340.4616501581918
5440,269.74,340.08,287.28000000000003,340.89431442150084
5450,269.794,340.506,287.386,341.32697868480983
5460,269.848,340.93199999999996,287.492,341.7596429481189
5470,269.902,341.358,287.598,342.19230721142793
5480,269.956,341.784,287.704,342.6249714747369
5490,270.01,342.21,287.81,343.057635738046
5500,270.06533333333334,342.6373333333333,287.9313333333333,343.4900653754324
5510,270.12066666666664,343.06466666666665,288.05266666666665,343.9224950128188
5520,270.176,343.49199999999996,288.174,344.3549246502052
5530,270.23133333333334,343.9193333333333,288.29533333333336,344.7873542875916
5540,270.28666666666663,344.34666666666664,288.4166666666667,345.219783924978
5550,270.342,344.774,288.538,345.6522135623644
5560,270.39733333333334,345.2013333333333,288.65933333333334,346.0846431997508
5570,270.45266666666663,345.6286666666667,288.78066666666666,346.51707283713716
5580,270.508,346.056,288.902,346.94950247452357
5590,270.56333333333333,346.48333333333335,289.0233333333333,347.38193211191
5600,270.6186666666666,346.91066666666666,289.14466666666664,347.8143617492964
5610,270.674,347.338,289.266,348.2467913866828
5620,270.72933333333333,347.76533333333333,289.38733333333334,348.6792210240692
5630,270.7846666666666,348.1926666666667,289.50866666666667,349.1116506614556
5640,270.84,348.62,289.63,349.544080298842
5650,270.89799999999997,348.8306666666667,289.74266666666665,349.7494141275983
5660,270.95599999999996,349.04133333333334,289.8553333333333,349.9547479563546
5670,271.01399999999995,349.252,289.968,350.1600817851109
5680,271.072,349.4626666666667,290.0806666666667,350.3654156138672
5690,271.13,349.67333333333335,290.1933333333333,350.5707494426235
5700,271.188,349.884,290.306,350.7760832713798
5710,271.246,350.0946666666667,290.41866666666664,350.98141710013607
5720,271.304,350.3053333333333,290.53133333333335,351.1867509288924
5730,271.36199999999997,350.51599999999996,290.644,351.3920847576487
5740,271.41999999999996,350.72666666666663,290.75666666666666,351.597418586405
5750,271.47799999999995,350.9373333333333,290.8693333333333,351.8027524151613
5760,271.536,351.14799999999997,290.98199999999997,352.0080862439176
5770,271.594,351.35866666666664,291.0946666666667,352.2134200726739
5780,271.652,351.5693333333333,291.20733333333334,352.4187539014302
5790,271.71,351.78,291.32,352.6240877301865
5800,271.7693333333333,352.02599999999995,291.428,352.87223818739113
5810,271.82866666666666,352.272,291.536,353.1203886445958
5820,271.888,352.518,291.644,353.36853910180037
5830,271.94733333333335,352.764,291.752,353.616689559005
5840,272.00666666666666,353.01,291.86,353.86484001620966
5850,272.066,353.256,291.968,354.1129904734143
5860,272.12533333333334,353.502,292.076,354.36114093061894
5870,272.18466666666666,353.748,292.18399999999997,354.60929138782353
5880,272.244,353.994,292.292,354.8574418450282
5890,272.30333333333334,354.24,292.4,355.1055923022328
5900,272.36266666666666,354.486,292.508,355.35374275943747
5910,272.422,354.732,292.616,355.6018932166421
5920,272.48133333333334,354.978,292.724,355.8500436738467
5930,272.5406666666667,355.22400000000005,292.832,356.09819413105134
5940,272.6,355.47,292.94,356.346344588256
5950,272.66133333333335,355.62933333333336,293.0466666666667,356.4998503905234
5960,272.72266666666667,355.7886666666667,293.1533333333333,356.6533561927908
5970,272.784,355.94800000000004,293.26,356.8068619950582
5980,272.8453333333334,356.1073333333334,293.3666666666667,356.96036779732566
5990,272.9066666666667,356.2666666666667,293.47333333333336,357.1138735995931
6000,272.968,356.42600000000004,293.58,357.26737940186047
6010,273.02933333333334,356.5853333333334,293.68666666666667,357.4208852041279
6020,273.09066666666666,356.74466666666666,293.79333333333335,357.57439100639533
6030,273.152,356.904,293.90000000000003,357.72789680866276
6040,273.2133333333333,357.06333333333333,294.00666666666666,357.88140261093014
6050,273.27466666666663,357.22266666666667,294.11333333333334,358.03490841319757
6060,273.336,357.382,294.22,358.188414215465
6070,273.39733333333334,357.54133333333334,294.3266666666667,358.34192001773243
6080,273.45866666666666,357.7006666666667,294.43333333333334,358.4954258199998
6090,273.52,357.86,294.54,358.64893162226724
6100,273.584,357.7866666666667,294.6206666666667,358.5703314862119
6110,273.64799999999997,357.71333333333337,294.70133333333337,358.49173135015656
6120,273.712,357.64,294.78200000000004,358.4131312141012
6130,273.776,357.56666666666666,294.86266666666666,358.3345310780458
6140,273.84,357.49333333333334,294.9433333333333,358.25593094199047
6150,273.904,357.42,295.024,358.1773308059351
6160,273.968,357.3466666666667,295.1046666666667,358.0987306698798
6170,274.032,357.2733333333333,295.18533333333335,358.02013053382444
6180,274.096,357.2,295.266,357.9415303977691
6190,274.16,357.12666666666667,295.3466666666667,357.86293026171376
6200,274.224,357.05333333333334,295.42733333333337,357.7843301256584
6210,274.288,356.98,295.508,357.705729989603
6220,274.35200000000003,356.90666666666664,295.58866666666665,357.6271298535477
6230,274.416,356.8333333333333,295.6693333333333,357.54852971749233
6240,274.48,356.76,295.75,357.469929581437
6250,274.546,356.95466666666664,295.84133333333335,357.6724932526913
6260,274.612,357.14933333333335,295.93266666666665,357.8750569239457
6270,274.678,357.344,296.024,358.0776205952
6280,274.744,357.53866666666664,296.11533333333335,358.2801842664544
6290,274.81,357.73333333333335,296.20666666666665,358.4827479377087
6300,274.87600000000003,357.928,296.298,358.6853116089631
6310,274.942,358.12266666666665,296.38933333333335,358.88787528021743
6320,275.00800000000004,358.31733333333335,296.48066666666665,359.0904389514718
6330,275.074,358.512,296.572,359.29300262272614
6340,275.14000000000004,358.70666666666665,296.66333333333336,359.4955662939805
6350,275.206,358.90133333333335,296.75466666666665,359.69812996523484
6360,275.27200000000005,359.096,296.846,359.9006936364892
6370,275.338,359.29066666666665,296.93733333333336,360.10325730774355
6380,275.40400000000005,359.48533333333336,297.02866666666665,360.30582097899793
6390,275.47,359.68,297.12,360.50838465025225
6400,275.5386666666667,359.7993333333333,297.2133333333333,360.6254290227599
6410,275.6073333333334,359.9186666666667,297.3066666666667,360.7424733952675
6420,275.67600000000004,360.038,297.4,360.8595177677751
6430,275.74466666666666,360.1573333333333,297.49333333333334,360.97656214028274
6440,275.81333333333333,360.2766666666667,297.58666666666664,361.09360651279036
6450,275.882,360.396,297.68,361.210650885298
6460,275.9506666666667,360.51533333333333,297.7733333333333,361.3276952578056
6470,276.01933333333335,360.6346666666667,297.8666666666667,361.44473963031317
6480,276.088,360.754,297.96,361.5617840028208
6490,276.1566666666667,360.87333333333333,298.05333333333334,361.6788283753284
6500,276.22533333333337,360.9926666666667,298.14666666666665,361.79587274783603
6510,276.294,361.112,298.24,361.91291712034365
6520,276.36266666666666,361.23133333333334,298.3333333333333,362.02996149285127
6530,276.4313333333333,361.3506666666667,298.4266666666667,362.1470058653589
6540,276.5,361.47,298.52,362.2640502378665
6550,276.5706666666667,361.538,298.606,362.330185813636
6560,276.6413333333333,361.60600000000005,298.692,362.3963213894054
6570,276.712,361.67400000000004,298.77799999999996,362.46245696517485
6580,276.78266666666667,361.742,298.864,362.5285925409443
6590,276.85333333333335,361.81,298.95,362.5947281167137
6600,276.924,361.87800000000004,299.036,362.6608636924832
6610,276.99466666666666,361.946,299.122,362.72699926825265
6620,277.06533333333334,362.014,299.20799999999997,362.79313484402206
6630,277.136,362.082,299.294,362.8592704197915
6640,277.20666666666665,362.15000000000003,299.38,362.925405995561
6650,277.27733333333333,362.218,299.466,362.9915415713304
6660,277.348,362.286,299.552,363.05767714709987
6670,277.4186666666667,362.354,299.638,363.12381272286933
6680,277.4893333333333,362.422,299.724,363.18994829863874
6690,277.56,362.49,299.81,363.2560838744082
6700,277.6326666666667,362.54066666666665,299.8926666666667,363.30592115544806
6710,277.70533333333333,362.59133333333335,299.9753333333333,363.3557584364879
6720,277.778,362.642,300.058,363.4055957175278
6730,277.85066666666665,362.6926666666667,300.1406666666667,363.45543299856763
6740,277.92333333333335,362.74333333333334,300.22333333333336,363.5052702796075
6750,277.996,362.794,300.306,363.55510756064734
6760,278.0686666666667,362.8446666666667,300.38866666666667,363.6049448416872
6770,278.1413333333333,362.8953333333333,300.47133333333335,363.654782122727
6780,278.214,362.946,300.55400000000003,363.70461940376686
6790,278.28666666666663,362.99666666666667,300.63666666666666,363.7544566848067
6800,278.3593333333333,363.0473333333333,300.71933333333334,363.80429396584657
6810,278.43199999999996,363.098,300.802,363.8541312468864
6820,278.50466666666665,363.14866666666666,300.8846666666667,363.9039685279263
6830,278.5773333333333,363.19933333333336,300.96733333333333,363.95380580896614
6840,278.65,363.25,301.05,364.003643090006
6850,278.7246666666666,363.7513333333333,301.1666666666667,364.522416208672
6860,278.7993333333333,364.25266666666664,301.28333333333336,365.041189327338
6870,278.87399999999997,364.754,301.40000000000003,365.559962446004
6880,278.94866666666667,365.25533333333334,301.51666666666665,366.07873556467
6890,279.0233333333333,365.75666666666666,301.6333333333333,366.597508683336
6900,279.09799999999996,366.258,301.75,367.116281802002
6910,279.17266666666666,366.7593333333333,301.8666666666667,367.635054920668
6920,279.2473333333333,367.2606666666667,301.98333333333335,368.15382803933403
6930,279.322,367.762,302.1,368.672601158
6940,279.39666666666665,368.2633333333333,302.2166666666667,369.191374276666
6950,279.4713333333333,368.76466666666664,302.33333333333337,369.710147395332
6960,279.546,369.26599999999996,302.45,370.228920513998
6970,279.62066666666664,369.76733333333334,302.56666666666666,370.74769363266404
6980,279.69533333333334,370.26866666666666,302.68333333333334,371.26646675133003
6990,279.77,370.77,302.8,371.785239869996
7000,279.846,371.33,302.944,372.35373118150886
7010,279.92199999999997,371.89,303.088,372.92222249302176
7020,279.998,372.45,303.232,373.4907138045346
7030,280.074,373.01,303.376,374.0592051160475
7040,280.15,373.57,303.52,374.62769642756035
7050,280.226,374.13,303.664,375.1961877390732
7060,280.302,374.69,303.808,375.7646790505861
7070,280.378,375.25,303.952,376.33317036209894
7080,280.454,375.81,304.096,376.90166167361184
7090,280.53000000000003,376.37,304.24,377.4701529851247
7100,280.606,376.93,304.384,378.03864429663753
7110,280.682,377.49,304.52799999999996,378.60713560815043
7120,280.75800000000004,378.05,304.67199999999997,379.1756269196633
7130,280.834,378.61,304.816,379.7441182311762
7140,280.91,379.17,304.96,380.312609542689
7150,280.9866666666667,379.4906666666667,305.10866666666664,380.62044092011996
7160,281.06333333333333,379.8113333333333,305.2573333333333,380.92827229755096
7170,281.14000000000004,380.132,305.406,381.2361036749819
7180,281.2166666666667,380.4526666666667,305.55466666666666,381.5439350524129
7190,281.29333333333335,380.77333333333337,305.7033333333333,381.85176642984385
7200,281.37,381.094,305.852,382.1595978072748
7210,281.44666666666666,381.4146666666667,306.00066666666663,382.4674291847058
7220,281.52333333333337,381.73533333333336,306.14933333333335,382.77526056213674
7230,281.6,382.05600000000004,306.298,383.08309193956774
7240,281.6766666666667,382.37666666666667,306.44666666666666,383.3909233169987
7250,281.75333333333333,382.69733333333335,306.5953333333333,383.6987546944296
7260,281.83,383.01800000000003,306.74399999999997,384.0065860718606
7270,281.9066666666667,383.3386666666667,306.8926666666667,384.31441744929157
7280,281.98333333333335,383.65933333333334,307.04133333333334,384.62224882672257
7290,282.06,383.98,307.19,384.9300802041535
7300,282.138,383.728,307.27866666666665,384.6668735205738
7310,282.216,383.476,307.3673333333333,384.4036668369941
7320,282.294,383.224,307.456,384.14046015341444
7330,282.372,382.97200000000004,307.54466666666667,383.8772534698347
7340,282.45,382.72,307.6333333333333,383.614046786255
7350,282.528,382.468,307.722,383.3508401026753
7360,282.606,382.216,307.81066666666663,383.0876334190956
7370,282.684,381.964,307.89933333333335,382.82442673551594
7380,282.762,381.712,307.988,382.56122005193623
7390,282.84000000000003,381.46,308.07666666666665,382.2980133683565
7400,282.918,381.20799999999997,308.1653333333333,382.0348066847768
7410,282.99600000000004,380.956,308.25399999999996,381.7716000011971
7420,283.074,380.704,308.3426666666667,381.50839331761745
7430,283.15200000000004,380.452,308.4313333333333,381.24518663403774
7440,283.23,380.2,308.52,380.981979950458
7450,283.31,380.44599999999997,308.62533333333334,381.2407680452065
7460,283.39000000000004,380.692,308.73066666666665,381.4995561399549
7470,283.47,380.938,308.836,381.7583442347034
7480,283.55,381.18399999999997,308.9413333333333,382.01713232945184
7490,283.63,381.43,309.0466666666667,382.2759204242003
7500,283.71000000000004,381.676,309.152,382.5347085189487
7510,283.79,381.92199999999997,309.25733333333335,382.7934966136972
7520,283.87,382.168,309.36266666666666,383.05228470844565
7530,283.95,382.414,309.468,383.3110728031941
7540,284.03000000000003,382.65999999999997,309.5733333333333,383.56986089794253
7550,284.11,382.906,309.6786666666667,383.828648992691
7560,284.19,383.152,309.784,384.08743708743947
7570,284.27,383.39799999999997,309.88933333333335,384.34622518218794
7580,284.35,383.644,309.99466666666666,384.60501327693635
7590,284.43,383.89,310.1,384.8638013716848
7600,284.512,384.0433333333333,310.21000000000004,385.0144813998844
7610,284.594,384.19666666666666,310.32,385.16516142808405
7620,284.676,384.34999999999997,310.43,385.31584145628364
7630,284.75800000000004,384.50333333333333,310.54,385.4665214844833
7640,284.84000000000003,384.65666666666664,310.65000000000003,385.61720151268287
7650,284.922,384.81,310.76,385.76788154088246
7660,285.004,384.9633333333333,310.87,385.9185615690821
7670,285.086,385.1166666666667,310.98,386.0692415972817
7680,285.168,385.27,311.09000000000003,386.21992162548133
7690,285.25,385.42333333333335,311.2,386.3706016536809
7700,285.332,385.57666666666665,311.31,386.5212816818805
7710,285.41400000000004,385.73,311.42,386.67196171008015
7720,285.49600000000004,385.8833333333333,311.53000000000003,386.82264173827974
7730,285.57800000000003,386.0366666666667,311.64,386.9733217664794
7740,285.66,386.19,311.75,387.124001794679
7750,285.7446666666667,386.3586666666667,311.8573333333333,387.29728378732216
7760,285.82933333333335,386.52733333333333,311.9646666666667,387.47056577996534
7770,285.91400000000004,386.696,312.072,387.6438477726085
7780,285.9986666666667,386.86466666666666,312.1793333333333,387.8171297652517
7790,286.08333333333337,387.03333333333336,312.2866666666667,387.9904117578949
7800,286.168,387.202,312.394,388.1636937505381
7810,286.2526666666667,387.3706666666667,312.5013333333333,388.33697574318126
7820,286.33733333333333,387.53933333333333,312.6086666666667,388.5102577358245
7830,286.422,387.708,312.716,388.6835397284677
7840,286.50666666666666,387.87666666666667,312.8233333333333,388.85682172111086
7850,286.59133333333335,388.04533333333336,312.9306666666667,389.03010371375404
7860,286.676,388.214,313.038,389.2033857063972
7870,286.7606666666667,388.3826666666667,313.1453333333333,389.3766676990404
7880,286.8453333333333,388.55133333333333,313.2526666666667,389.5499496916836
7890,286.93,388.72,313.36,389.7232316843268
7900,287.01666666666665,389.04200000000003,313.48466666666667,390.0498256724059
7910,287.10333333333335,389.36400000000003,313.6093333333333,390.37641966048506
7920,287.19,389.68600000000004,313.73400000000004,390.7030136485642
7930,287.2766666666667,390.00800000000004,313.8586666666667,391.0296076366434
7940,287.36333333333334,390.33000000000004,313.98333333333335,391.35620162472253
7950,287.45,390.65200000000004,314.108,391.68279561280167
7960,287.5366666666667,390.97400000000005,314.23266666666666,392.0093896008808
7970,287.62333333333333,391.296,314.3573333333334,392.33598358895995
7980,287.71000000000004,391.618,314.482,392.6625775770391
7990,287.7966666666667,391.94,314.6066666666667,392.9891715651182
8000,287.8833333333333,392.262,314.73133333333334,393.31576555319737
8010,287.97,392.584,314.856,393.64235954127656
8020,288.0566666666667,392.906,314.9806666666667,393.9689535293557
8030,288.1433333333334,393.228,315.10533333333336,394.29554751743484
8040,288.23,393.55,315.23,394.622141505514
8050,288.31800000000004,393.654,315.3453333333334,394.7200287999099
8060,288.406,393.75800000000004,315.46066666666667,394.8179160943059
8070,288.494,393.862,315.576,394.9158033887018
8080,288.582,393.966,315.6913333333333,395.01369068309776
8090,288.67,394.07,315.8066666666667,395.1115779774937
8100,288.75800000000004,394.17400000000004,315.922,395.20946527188966
8110,288.846,394.278,316.0373333333333,395.3073525662856
8120,288.934,394.382,316.1526666666667,395.4052398606816
8130,289.022,394.486,316.268,395.50312715507755
8140,289.11,394.59000000000003,316.3833333333333,395.6010144494735
8150,289.19800000000004,394.694,316.4986666666667,395.69890174386944
8160,289.286,394.798,316.614,395.7967890382654
8170,289.374,394.902,316.72933333333333,395.89467633266133
8180,289.462,395.00600000000003,316.8446666666666,395.9925636270573
8190,289.55,395.11,316.96,396.0904509214532
8200,289.64,395.26533333333333,317.0706666666666,396.24569524837733
8210,289.73,395.4206666666667,317.1813333333333,396.4009395753014
8220,289.82,395.576,317.292,396.5561839022255
8230,289.91,395.73133333333334,317.4026666666667,396.7114282291496
8240,290.0,395.88666666666666,317.5133333333333,396.86667255607364
8250,290.09,396.04200000000003,317.62399999999997,397.02191688299774
8260,290.18,396.19733333333335,317.73466666666667,397.17716120992185
8270,290.27,396.35266666666666,317.8453333333333,397.3324055368459
8280,290.36,396.508,317.956,397.48764986377
8290,290.45,396.66333333333336,318.06666666666666,397.6428941906941
8300,290.53999999999996,396.8186666666667,318.1773333333333,397.79813851761816
8310,290.63,396.974,318.288,397.95338284454226
8320,290.71999999999997,397.1293333333333,318.39866666666666,398.10862717146637
8330,290.81,397.2846666666667,318.50933333333336,398.2638714983904
8340,290.9,397.44,318.62,398.4191158253145
8350,290.9893333333333,397.68666666666667,318.73466666666667,398.6721408764382
8360,291.07866666666666,397.93333333333334,318.84933333333333,398.92516592756186
8370,291.168,398.18,318.964,399.17819097868556
8380,291.2573333333333,398.4266666666667,319.07866666666666,399.43121602980926
8390,291.34666666666664,398.67333333333335,319.1933333333333,399.6842410809329
8400,291.436,398.92,319.308,399.9372661320566
8410,291.5253333333333,399.1666666666667,319.42266666666666,400.1902911831803
8420,291.61466666666666,399.4133333333333,319.5373333333333,400.44331623430395
8430,291.704,399.65999999999997,319.652,400.69634128542765
8440,291.79333333333335,399.90666666666664,319.76666666666665,400.94936633655135
8450,291.8826666666667,400.1533333333333,319.8813333333333,401.202391387675
8460,291.972,400.4,319.996,401.4554164387987
8470,292.0613333333333,400.64666666666665,320.11066666666665,401.7084414899224
8480,292.15066666666667,400.8933333333333,320.2253333333333,401.96146654104604
8490,292.24,401.14,320.34,402.21449159216974
8500,292.33,401.52666666666664,320.4746666666666,402.60572105916447
8510,292.42,401.9133333333333,320.6093333333333,402.99695052615925
8520,292.51,402.3,320.74399999999997,403.388179993154
8530,292.6,402.68666666666667,320.8786666666667,403.77940946014877
8540,292.69,403.0733333333333,321.0133333333333,404.1706389271435
8550,292.78,403.46,321.14799999999997,404.56186839413823
8560,292.87,403.84666666666664,321.28266666666667,404.953097861133
8570,292.96,404.23333333333335,321.4173333333333,405.34432732812775
8580,293.05,404.62,321.552,405.73555679512253
8590,293.14,405.00666666666666,321.68666666666667,406.12678626211726
8600,293.22999999999996,405.3933333333333,321.8213333333333,406.518015729112
8610,293.32,405.78,321.956,406.9092451961068
8620,293.40999999999997,406.1666666666667,322.09066666666666,407.3004746631015
8630,293.5,406.55333333333334,322.22533333333337,407.6917041300963
8640,293.59,406.94,322.36,408.082933597091
8650,293.68199999999996,407.0366666666667,322.4806666666667,408.17253430074004
8660,293.774,407.1333333333333,322.60133333333334,408.262135004389
8670,293.866,407.23,322.72200000000004,408.351735708038
8680,293.95799999999997,407.32666666666665,322.8426666666667,408.441336411687
8690,294.05,407.42333333333335,322.96333333333337,408.53093711533603
8700,294.142,407.52,323.084,408.620537818985
8710,294.234,407.6166666666667,323.2046666666667,408.710138522634
8720,294.326,407.7133333333333,323.32533333333333,408.799739226283
8730,294.418,407.81,323.446,408.889339929932
8740,294.51,407.90666666666664,323.56666666666666,408.978940633581
8750,294.60200000000003,408.00333333333333,323.68733333333336,409.06854133723
8760,294.694,408.09999999999997,323.808,409.158142040879
8770,294.786,408.19666666666666,323.9286666666667,409.247742744528
8780,294.87800000000004,408.2933333333333,324.0493333333333,409.33734344817697
8790,294.97,408.39,324.17,409.426944151826
8800,295.06333333333333,408.02466666666663,324.2506666666667,409.0373727671501
8810,295.1566666666667,407.65933333333334,324.33133333333336,408.64780138247426
8820,295.25,407.294,324.41200000000003,408.25822999779837
8830,295.34333333333336,406.9286666666667,324.49266666666665,407.86865861312253
8840,295.43666666666667,406.56333333333333,324.5733333333333,407.47908722844664
8850,295.53000000000003,406.198,324.654,407.08951584377076
8860,295.62333333333333,405.8326666666667,324.73466666666667,406.6999444590949
8870,295.7166666666667,405.46733333333333,324.81533333333334,406.31037307441903
8880,295.81,405.10200000000003,324.896,405.9208016897432
8890,295.90333333333336,404.7366666666667,324.9766666666667,405.5312303050673
8900,295.99666666666667,404.3713333333333,325.05733333333336,405.1416589203914
8910,296.09000000000003,404.00600000000003,325.138,404.7520875357156
8920,296.18333333333334,403.6406666666667,325.21866666666665,404.3625161510397
8930,296.2766666666667,403.2753333333334,325.2993333333333,403.97294476636387
8940,296.37,402.91,325.38,403.583373381688
8950,296.464,402.50600000000003,325.4166666666667,403.1824703592665
8960,296.558,402.10200000000003,325.4533333333333,402.7815673368451
8970,296.652,401.69800000000004,325.49,402.38066431442365
8980,296.746,401.29400000000004,325.52666666666664,401.9797612920022
8990,296.84,400.89000000000004,325.56333333333333,401.57885826958073
9000,296.93399999999997,400.48600000000005,325.6,401.17795524715933
9010,297.02799999999996,400.08200000000005,325.63666666666666,400.7770522247379
9020,297.122,399.678,325.67333333333335,400.3761492023164
9030,297.216,399.274,325.71,399.97524617989495
9040,297.31,398.87,325.74666666666667,399.57434315747355
9050,297.404,398.466,325.78333333333336,399.1734401350521
9060,297.498,398.062,325.82,398.77253711263063
9070,297.592,397.658,325.8566666666667,398.37163409020917
9080,297.686,397.254,325.8933333333333,397.97073106778777
9090,297.78,396.85,325.93,397.5698280453663
9100,297.876,396.90200000000004,325.996,397.62543383577855
9110,297.972,396.954,326.062,397.6810396261908
9120,298.068,397.00600000000003,326.128,397.73664541660304
9130,298.164,397.058,326.194,397.7922512070153
9140,298.26,397.11,326.26,397.8478569974275
9150,298.356,397.16200000000003,326.326,397.90346278783977
9160,298.452,397.214,326.392,397.959068578252
9170,298.548,397.266,326.458,398.0146743686643
9180,298.644,397.318,326.524,398.07028015907656
9190,298.74,397.37,326.59000000000003,398.1258859494888
9200,298.836,397.422,326.656,398.18149173990105
9210,298.932,397.474,326.72200000000004,398.2370975303133
9220,299.028,397.526,326.788,398.29270332072554
9230,299.124,397.578,326.85400000000004,398.3483091111378
9240,299.22,397.63,326.92,398.40391490155
9250,299.31733333333335,396.98199999999997,326.93666666666667,397.72973795197197
9260,299.4146666666667,396.334,326.9533333333334,397.0555610023939
9270,299.512,395.686,326.97,396.38138405281586
9280,299.6093333333334,395.038,326.9866666666667,395.7072071032378
9290,299.7066666666667,394.39,327.00333333333333,395.03303015365975
9300,299.80400000000003,393.742,327.02000000000004,394.3588532040817
9310,299.90133333333335,393.094,327.0366666666667,393.68467625450364
9320,299.9986666666667,392.446,327.05333333333334,393.01049930492564
9330,300.096,391.798,327.07,392.3363223553476
9340,300.1933333333333,391.15000000000003,327.0866666666667,391.66214540576954
9350,300.29066666666665,390.502,327.10333333333335,390.9879684561915
9360,300.38800000000003,389.85400000000004,327.12,390.3137915066134
9370,300.48533333333336,389.206,327.13666666666666,389.6396145570354
9380,300.5826666666667,388.55800000000005,327.15333333333336,388.9654376074573
9390,300.68,387.91,327.17,388.29126065787926
9400,300.77733333333333,387.5366666666667,327.172,387.9212905621175
9410,300.87466666666666,387.16333333333336,327.17400000000004,387.55132046635583
9420,300.972,386.79,327.176,387.1813503705941
9430,301.06933333333336,386.4166666666667,327.178,386.8113802748324
9440,301.1666666666667,386.04333333333335,327.18,386.44141017907066
9450,301.264,385.67,327.182,386.07144008330897
9460,301.36133333333333,385.2966666666667,327.184,385.7014699875472
9470,301.45866666666666,384.92333333333335,327.186,385.33149989178554
9480,301.556,384.55,327.188,384.9615297960238
9490,301.6533333333333,384.1766666666667,327.19,384.5915597002621
9500,301.75066666666663,383.80333333333334,327.192,384.22158960450037
9510,301.848,383.43,327.194,383.8516195087387
9520,301.94533333333334,383.0566666666667,327.19599999999997,383.48164941297694
9530,302.04266666666666,382.68333333333334,327.198,383.11167931721525
9540,302.14,382.31,327.2,382.7417092214535
9550,302.2366666666667,382.20733333333334,327.21933333333334,382.6459409334132
9560,302.3333333333333,382.1046666666667,327.23866666666663,382.550172645373
9570,302.43,382.002,327.258,382.4544043573327
9580,302.52666666666664,381.89933333333335,327.27733333333333,382.35863606929246
9590,302.62333333333333,381.7966666666667,327.2966666666667,382.26286778125217
9600,302.71999999999997,381.694,327.316,382.1670994932119
9610,302.81666666666666,381.59133333333335,327.3353333333333,382.07133120517165
9620,302.9133333333333,381.48866666666663,327.3546666666667,381.97556291713136
9630,303.01,381.38599999999997,327.374,381.8797946290911
9640,303.1066666666666,381.2833333333333,327.3933333333333,381.78402634105083
9650,303.2033333333333,381.18066666666664,327.41266666666667,381.68825805301054
9660,303.29999999999995,381.078,327.432,381.5924897649703
9670,303.39666666666665,380.9753333333333,327.45133333333337,381.49672147693
9680,303.4933333333333,380.87266666666665,327.47066666666666,381.4009531888898
9690,303.59,380.77,327.49,381.3051849008495
9700,303.6853333333333,380.9133333333333,327.5386666666667,381.4536133744358
9710,303.78066666666666,381.0566666666667,327.58733333333333,381.6020418480221
9720,303.876,381.2,327.636,381.7504703216084
9730,303.9713333333333,381.3433333333333,327.68466666666666,381.89889879519467
9740,304.06666666666666,381.4866666666667,327.73333333333335,382.047327268781
9750,304.162,381.63,327.78200000000004,382.1957557423673
9760,304.2573333333333,381.7733333333333,327.8306666666667,382.3441842159536
9770,304.35266666666666,381.9166666666667,327.87933333333336,382.4926126895399
9780,304.448,382.06,327.928,382.6410411631262
9790,304.5433333333333,382.2033333333333,327.9766666666667,382.7894696367125
9800,304.63866666666667,382.3466666666667,328.0253333333334,382.9378981102988
9810,304.734,382.49,328.074,383.08632658388507
9820,304.8293333333333,382.6333333333333,328.1226666666667,383.2347550574714
9830,304.92466666666667,382.7766666666667,328.17133333333334,383.3831835310577
9840,305.02,382.92,328.22,383.531612004644
9850,305.11333333333334,382.8566666666667,328.264,383.46266466918684
9860,305.20666666666665,382.79333333333335,328.30800000000005,383.3937173337297
9870,305.3,382.73,328.35200000000003,383.32476999827253
9880,305.3933333333333,382.6666666666667,328.396,383.25582266281543
9890,305.4866666666667,382.60333333333335,328.44,383.1868753273583
9900,305.58,382.54,328.48400000000004,383.1179279919011
9910,305.67333333333335,382.4766666666667,328.528,383.048980656444
9920,305.76666666666665,382.41333333333336,328.572,382.9800333209868
9930,305.86,382.35,328.616,382.91108598552967
9940,305.9533333333333,382.2866666666667,328.66,382.8421386500725
9950,306.0466666666667,382.22333333333336,328.704,382.77319131461536
9960,306.14,382.16,328.748,382.70424397915826
9970,306.23333333333335,382.0966666666667,328.792,382.6352966437011
9980,306.32666666666665,382.03333333333336,328.836,382.56634930824396
9990,306.42,381.97,328.88,382.4974019727868
10000,306.51,381.54600000000005,328.896,382.05505915364967
10010,306.6,381.122,328.912,381.6127163345126
10020,306.69,380.69800000000004,328.928,381.17037351537545
10030,306.78000000000003,380.274,328.944,380.7280306962383
10040,306.87,379.85,328.96,380.2856878771012
10050,306.96,379.42600000000004,328.976,379.8433450579641
10060,307.05,379.002,328.992,379.40100223882695
10070,307.14,378.57800000000003,329.008,378.95865941968987
10080,307.23,378.154,329.024,378.5163166005527
10090,307.32,377.73,329.04,378.0739737814156
10100,307.40999999999997,377.30600000000004,329.056,377.6316309622785
10110,307.5,376.882,329.072,377.18928814314137
10120,307.59,376.458,329.088,376.74694532400423
10130,307.68,376.034,329.104,376.30460250486715
10140,307.77,375.61,329.12,375.86225968573
10150,307.856,375.28533333333337,329.1093333333333,375.54876029371263
10160,307.942,374.96066666666667,329.09866666666665,375.23526090169526
10170,308.02799999999996,374.636,329.088,374.92176150967794
10180,308.114,374.3113333333333,329.07733333333334,374.60826211766056
10190,308.2,373.9866666666667,329.06666666666666,374.2947627256432
10200,308.286,373.66200000000003,329.056,373.9812633336258
10210,308.372,373.33733333333333,329.0453333333333,373.6677639416084
10220,308.45799999999997,373.0126666666667,329.0346666666667,373.3542645495911
10230,308.544,372.688,329.024,373.04076515757373
10240,308.63,372.36333333333334,329.0133333333333,372.72726576555635
10250,308.716,372.0386666666667,329.00266666666664,372.413766373539
10260,308.802,371.714,328.99199999999996,372.1002669815216
10270,308.888,371.38933333333335,328.98133333333334,371.7867675895043
10280,308.974,371.06466666666665,328.97066666666666,371.4732681974869
10290,309.06,370.74,328.96,371.1597688054695
10300,309.1433333333333,371.04733333333337,329.00666666666666,371.4773517513716
10310,309.2266666666667,371.3546666666667,329.05333333333334,371.79493469727373
10320,309.31,371.66200000000003,329.09999999999997,372.1125176431758
10330,309.3933333333333,371.96933333333334,329.14666666666665,372.43010058907794
10340,309.4766666666667,372.2766666666667,329.1933333333333,372.74768353498
10350,309.56,372.584,329.24,373.0652664808821
10360,309.6433333333333,372.89133333333336,329.2866666666667,373.3828494267842
10370,309.7266666666667,373.19866666666667,329.3333333333333,373.7004323726863
10380,309.81,373.50600000000003,329.38,374.0180153185884
10390,309.8933333333333,373.81333333333333,329.4266666666667,374.3355982644905
10400,309.9766666666667,374.1206666666667,329.47333333333336,374.6531812103926
10410,310.06,374.428,329.52000000000004,374.9707641562947
10420,310.1433333333333,374.73533333333336,329.56666666666666,375.2883471021968
10430,310.2266666666667,375.04266666666666,329.61333333333334,375.6059300480989
10440,310.31,375.35,329.66,375.923512994001
10450,310.38933333333335,375.192,329.692,375.7529932650787
10460,310.46866666666665,375.03400000000005,329.72400000000005,375.5824735361565
10470,310.548,374.87600000000003,329.75600000000003,375.4119538072342
10480,310.62733333333335,374.718,329.788,375.24143407831195
10490,310.70666666666665,374.56,329.82,375.07091434938974
10500,310.786,374.40200000000004,329.85200000000003,374.90039462046747
10510,310.86533333333335,374.244,329.884,374.7298748915452
10520,310.94466666666665,374.086,329.916,374.559355162623
10530,311.024,373.928,329.948,374.3888354337007
10540,311.10333333333335,373.77000000000004,329.98,374.21831570477843
10550,311.18266666666665,373.612,330.012,374.0477959758562
10560,311.262,373.454,330.044,373.87727624693395
10570,311.34133333333335,373.296,330.07599999999996,373.7067565180117
10580,311.42066666666665,373.13800000000003,330.108,373.53623678908946
10590,311.5,372.98,330.14,373.3657170601672
10600,311.57666666666665,372.72066666666666,330.1533333333333,373.0989729571679
10610,311.6533333333333,372.46133333333336,330.16666666666663,372.8322288541687
10620,311.73,372.202,330.18,372.56548475116944
10630,311.8066666666667,371.9426666666667,330.1933333333333,372.2987406481702
10640,311.8833333333333,371.68333333333334,330.20666666666665,372.03199654517095
10650,311.96,371.424,330.21999999999997,371.7652524421717
10660,312.03666666666663,371.1646666666667,330.2333333333333,371.4985083391725
10670,312.11333333333334,370.9053333333333,330.24666666666667,371.2317642361732
10680,312.19,370.646,330.26,370.965020133174
10690,312.26666666666665,370.38666666666666,330.2733333333333,370.6982760301747
10700,312.3433333333333,370.1273333333333,330.28666666666663,370.43153192717546
10710,312.41999999999996,369.868,330.29999999999995,370.16478782417624
10720,312.49666666666667,369.60866666666664,330.31333333333333,369.898043721177
10730,312.5733333333333,369.34933333333333,330.32666666666665,369.63129961817776
10740,312.65,369.09,330.34,369.3645555151785
10750,312.72266666666667,368.76,330.33666666666664,369.02814149449597
10760,312.7953333333333,368.42999999999995,330.3333333333333,368.6917274738134
10770,312.868,368.09999999999997,330.33,368.35531345313086
10780,312.94066666666663,367.77,330.32666666666665,368.0188994324483
10790,313.0133333333333,367.44,330.3233333333333,367.68248541176575
10800,313.086,367.10999999999996,330.32,367.34607139108317
10810,313.15866666666665,366.78,330.31666666666666,367.00965737040065
10820,313.23133333333334,366.45,330.31333333333333,366.67324334971806
10830,313.304,366.12,330.31,366.33682932903554
10840,313.37666666666667,365.78999999999996,330.3066666666667,366.00041530835296
10850,313.44933333333336,365.46,330.30333333333334,365.66400128767043
10860,313.522,365.13,330.3,365.32758726698785
10870,313.5946666666667,364.8,330.2966666666667,364.9911732463053
10880,313.6673333333333,364.46999999999997,330.29333333333335,364.65475922562274
10890,313.74,364.14,330.29,364.3183452049402
10900,313.8093333333333,363.76599999999996,330.27133333333336,363.93881572296806
10910,313.8786666666667,363.392,330.2526666666667,363.5592862409959
10920,313.948,363.018,330.23400000000004,363.17975675902375
10930,314.01733333333334,362.644,330.2153333333333,362.80022727705165
10940,314.08666666666664,362.27,330.19666666666666,362.4206977950795
10950,314.156,361.89599999999996,330.178,362.04116831310733
10960,314.2253333333333,361.522,330.15933333333334,361.6616388311352
10970,314.29466666666667,361.14799999999997,330.1406666666667,361.282109349163
10980,314.364,360.774,330.122,360.90257986719087
10990,314.43333333333334,360.4,330.10333333333335,360.5230503852187
11000,314.50266666666664,360.02599999999995,330.0846666666667,360.14352090324655
11010,314.572,359.652,330.066,359.76399142127445
11020,314.6413333333333,359.27799999999996,330.0473333333333,359.3844619393023
11030,314.71066666666667,358.904,330.02866666666665,359.00493245733014
11040,314.78,358.53,330.01,358.625402975358
11050,314.84666666666664,358.654,330.022,358.76412985937833
11060,314.9133333333333,358.77799999999996,330.034,358.9028567433987
11070,314.97999999999996,358.902,330.046,359.0415836274191
11080,315.0466666666666,359.02599999999995,330.058,359.1803105114394
11090,315.1133333333333,359.15,330.07,359.31903739545976
11100,315.17999999999995,359.274,330.082,359.4577642794801
11110,315.2466666666666,359.39799999999997,330.094,359.59649116350045
11120,315.31333333333333,359.522,330.106,359.73521804752085
11130,315.38,359.64599999999996,330.118,359.8739449315412
11140,315.44666666666666,359.77,330.13,360.01267181556153
11150,315.5133333333333,359.894,330.142,360.1513986995819
11160,315.58,360.018,330.154,360.2901255836022
11170,315.64666666666665,360.142,330.166,360.4288524676226
11180,315.7133333333333,360.26599999999996,330.178,360.56757935164296
11190,315.78,360.39,330.19,360.7063062356633
11200,315.8433333333333,360.022,330.186,360.31704895490003
11210,315.90666666666664,359.654,330.182,359.92779167413676
11220,315.96999999999997,359.286,330.178,359.5385343933734
11230,316.0333333333333,358.918,330.174,359.14927711261015
11240,316.09666666666664,358.55,330.17,358.7600198318469
11250,316.15999999999997,358.182,330.166,358.3707625510836
11260,316.2233333333333,357.814,330.162,357.9815052703203
11270,316.2866666666667,357.44599999999997,330.158,357.592247989557
11280,316.35,357.078,330.154,357.2029907087937
11290,316.41333333333336,356.71,330.15,356.81373342803045
11300,316.4766666666667,356.342,330.146,356.42447614726717
11310,316.54,355.974,330.142,356.0352188665039
11320,316.60333333333335,355.606,330.138,355.64596158574057
11330,316.6666666666667,355.238,330.134,355.2567043049773
11340,316.73,354.87,330.13,354.867447024214
11350,316.7886666666667,354.5486666666667,330.0946666666667,354.5596313501859
11360,316.8473333333333,354.2273333333333,330.0593333333333,354.2518156761577
11370,316.906,353.906,330.024,353.9440000021296
11380,316.9646666666667,353.5846666666667,329.9886666666667,353.6361843281015
11390,317.02333333333337,353.2633333333333,329.9533333333333,353.32836865407336
11400,317.082,352.942,329.918,353.0205529800452
11410,317.1406666666667,352.6206666666667,329.8826666666667,352.71273730601706
11420,317.19933333333336,352.2993333333333,329.8473333333333,352.40492163198894
11430,317.25800000000004,351.978,329.812,352.0971059579608
11440,317.31666666666666,351.6566666666667,329.7766666666667,351.78929028393264
11450,317.37533333333334,351.3353333333333,329.74133333333333,351.4814746099045
11460,317.434,351.014,329.706,351.1736589358764
11470,317.4926666666667,350.6926666666667,329.6706666666667,350.8658432618483
11480,317.55133333333333,350.3713333333333,329.63533333333334,350.5580275878201
11490,317.61,350.05,329.6,350.250211913792
11500,317.66533333333336,350.4206666666667,329.6306666666667,350.6332636180178
11510,317.72066666666666,350.79133333333334,329.66133333333335,351.0163153222436
11520,317.776,351.16200000000003,329.692,351.3993670264694
11530,317.83133333333336,351.53266666666667,329.72266666666667,351.7824187306952
11540,317.88666666666666,351.90333333333336,329.75333333333333,352.165470434921
11550,317.942,352.274,329.784,352.5485221391468
11560,317.99733333333336,352.6446666666667,329.81466666666665,352.93157384337263
11570,318.05266666666665,353.01533333333333,329.8453333333334,353.3146255475984
11580,318.108,353.386,329.87600000000003,353.6976772518242
11590,318.16333333333336,353.75666666666666,329.9066666666667,354.08072895605
11600,318.21866666666665,354.12733333333335,329.93733333333336,354.4637806602758
11610,318.274,354.498,329.968,354.8468323645016
11620,318.32933333333335,354.8686666666667,329.9986666666667,355.2298840687274
11630,318.38466666666665,355.2393333333333,330.02933333333334,355.6129357729532
11640,318.44,355.61,330.06,355.995987477179
11650,318.492,354.87933333333336,330.0253333333333,355.2287727699668
11660,318.544,354.14866666666666,329.9906666666667,354.46155806275453
11670,318.596,353.418,329.956,353.6943433555423
11680,318.648,352.68733333333336,329.92133333333334,352.92712864833
11690,318.7,351.95666666666665,329.88666666666666,352.15991394111774
11700,318.752,351.226,329.85200000000003,351.3926992339055
11710,318.80400000000003,350.49533333333335,329.81733333333335,350.62548452669324
11720,318.856,349.76466666666664,329.78266666666667,349.858269819481
11730,318.908,349.034,329.748,349.09105511226875
11740,318.96000000000004,348.30333333333334,329.71333333333337,348.3238404050565
11750,319.012,347.57266666666663,329.6786666666667,347.55662569784425
11760,319.064,346.842,329.644,346.78941099063195
11770,319.11600000000004,346.11133333333333,329.6093333333333,346.0221962834197
11780,319.168,345.3806666666666,329.5746666666667,345.25498157620746
11790,319.22,344.65,329.54,344.4877668689952
11800,319.26800000000003,344.5653333333333,329.50933333333336,344.4243730908324
11810,319.31600000000003,344.48066666666665,329.4786666666667,344.3609793126696
11820,319.36400000000003,344.39599999999996,329.44800000000004,344.29758553450677
11830,319.41200000000003,344.3113333333333,329.4173333333333,344.23419175634393
11840,319.46000000000004,344.22666666666663,329.38666666666666,344.17079797818116
11850,319.50800000000004,344.142,329.356,344.1074042000183
11860,319.55600000000004,344.0573333333333,329.32533333333333,344.0440104218555
11870,319.604,343.97266666666667,329.29466666666667,343.9806166436927
11880,319.652,343.888,329.264,343.9172228655299
11890,319.7,343.80333333333334,329.23333333333335,343.85382908736705
11900,319.748,343.71866666666665,329.2026666666667,343.79043530920427
11910,319.796,343.634,329.17199999999997,343.72704153104144
11920,319.844,343.5493333333333,329.1413333333333,343.6636477528786
11930,319.892,343.4646666666667,329.11066666666665,343.6002539747158
11940,319.94,343.38,329.08,343.536860196553
11950,319.98533333333336,343.4646666666667,329.09066666666666,343.6144886616549
11960,320.03066666666666,343.5493333333333,329.10133333333334,343.6921171267568
11970,320.076,343.634,329.11199999999997,343.7697455918587
11980,320.1213333333333,343.71866666666665,329.12266666666665,343.8473740569606
11990,320.1666666666667,343.80333333333334,329.1333333333333,343.92500252206247
12000,320.212,343.888,329.144,344.00263098716437
12010,320.25733333333335,343.97266666666667,329.1546666666667,344.08025945226626
12020,320.30266666666665,344.0573333333333,329.1653333333333,344.1578879173682
12030,320.348,344.142,329.176,344.2355163824701
12040,320.3933333333333,344.22666666666663,329.18666666666667,344.313144847572
12050,320.4386666666667,344.3113333333333,329.19733333333335,344.3907733126739
12060,320.484,344.39599999999996,329.208,344.4684017777758
12070,320.52933333333334,344.48066666666665,329.21866666666665,344.5460302428777
12080,320.57466666666664,344.5653333333333,329.22933333333333,344.6236587079796
12090,320.62,344.65,329.24,344.7012871730815
12100,320.662,344.31333333333333,329.216,344.35713919566336
12110,320.704,343.97666666666663,329.192,344.0129912182453
12120,320.746,343.64,329.168,343.6688432408272
12130,320.788,343.30333333333334,329.144,343.32469526340907
12140,320.83,342.96666666666664,329.12,342.980547285991
12150,320.872,342.63,329.096,342.6363993085729
12160,320.914,342.29333333333335,329.072,342.2922513311548
12170,320.956,341.95666666666665,329.048,341.9481033537367
12180,320.998,341.62,329.024,341.6039553763186
12190,321.04,341.28333333333336,329.0,341.2598073989005
12200,321.082,340.94666666666666,328.976,340.9156594214824
12210,321.124,340.61,328.952,340.5715114440643
12220,321.166,340.27333333333337,328.928,340.2273634666462
12230,321.208,339.93666666666667,328.904,339.8832154892281
12240,321.25,339.6,328.88,339.53906751181
12250,321.28866666666664,338.992,328.82,338.9157736041715
12260,321.32733333333334,338.384,328.76,338.292479696533
12270,321.366,337.776,328.7,337.6691857888945
12280,321.4046666666667,337.168,328.64,337.045891881256
12290,321.4433333333333,336.56,328.58,336.4225979736175
12300,321.48199999999997,335.952,328.52,335.799304065979
12310,321.52066666666667,335.344,328.46,335.1760101583405
12320,321.5593333333333,334.73600000000005,328.40000000000003,334.552716250702
12330,321.598,334.12800000000004,328.34000000000003,333.9294223430635
12340,321.63666666666666,333.52000000000004,328.28000000000003,333.306128435425
12350,321.6753333333333,332.91200000000003,328.22,332.6828345277865
12360,321.714,332.30400000000003,328.16,332.059540620148
12370,321.75266666666664,331.696,328.1,331.4362467125095
12380,321.79133333333334,331.088,328.04,330.81295280487103
12390,321.83,330.48,327.98,330.1896588972325
12400,321.8653333333333,330.2766666666667,327.92533333333336,329.9981930899777
12410,321.90066666666667,330.0733333333333,327.8706666666667,329.8067272827228
12420,321.936,329.87,327.81600000000003,329.615261475468
12430,321.97133333333335,329.6666666666667,327.76133333333337,329.4237956682132
12440,322.00666666666666,329.46333333333337,327.7066666666667,329.2323298609583
12450,322.042,329.26,327.65200000000004,329.0408640537035
12460,322.07733333333334,329.0566666666667,327.5973333333334,328.8493982464487
12470,322.11266666666666,328.85333333333335,327.54266666666666,328.6579324391938
12480,322.148,328.65000000000003,327.488,328.466466631939
12490,322.18333333333334,328.44666666666666,327.43333333333334,328.2750008246842
12500,322.21866666666665,328.24333333333334,327.3786666666667,328.0835350174293
12510,322.254,328.04,327.324,327.8920692101745
12520,322.28933333333333,327.8366666666667,327.26933333333335,327.7006034029197
12530,322.3246666666667,327.6333333333333,327.2146666666667,327.5091375956648
12540,322.36,327.43,327.16,327.31767178841
12550,322.392,327.45,327.136,327.3420027183857
12560,322.42400000000004,327.47,327.112,327.3663336483614
12570,322.456,327.49,327.088,327.3906645783371
12580,322.488,327.51,327.064,327.4149955083128
12590,322.52,327.53000000000003,327.04,327.4393264382885
12600,322.552,327.55,327.016,327.4636573682642
12610,322.584,327.57,326.992,327.4879882982399
12620,322.616,327.59000000000003,326.968,327.51231922821563
12630,322.64799999999997,327.61,326.944,327.5366501581913
12640,322.68,327.63,326.92,327.560981088167
12650,322.712,327.65000000000003,326.896,327.5853120181427
12660,322.74399999999997,327.67,326.872,327.6096429481184
12670,322.77599999999995,327.69,326.848,327.63397387809414
12680,322.808,327.71000000000004,326.824,327.65830480806983
12690,322.84,327.73,326.8,327.6826357380455
12700,322.8686666666666,327.7526666666667,326.7866666666667,327.7067320420986
12710,322.89733333333334,327.7753333333333,326.77333333333337,327.7308283461517
12720,322.926,327.798,326.76,327.7549246502048
12730,322.95466666666664,327.8206666666667,326.74666666666667,327.77902095425793
12740,322.9833333333333,327.84333333333336,326.73333333333335,327.80311725831103
12750,323.012,327.866,326.72,327.82721356236414
12760,323.04066666666665,327.88866666666667,326.7066666666667,327.85130986641724
12770,323.0693333333333,327.91133333333335,326.6933333333333,327.8754061704703
12780,323.09799999999996,327.934,326.68,327.8995024745234
12790,323.12666666666667,327.95666666666665,326.6666666666667,327.9235987785765
12800,323.1553333333333,327.97933333333333,326.65333333333336,327.9476950826296
12810,323.18399999999997,328.002,326.64000000000004,327.9717913866827
12820,323.2126666666666,328.0246666666667,326.62666666666667,327.9958876907358
12830,323.24133333333333,328.0473333333333,326.61333333333334,328.0199839947889
12840,323.27,328.07,326.6,328.044080298842
12850,323.2953333333333,327.87399999999997,326.5746666666667,327.84108079426494
12860,323.3206666666666,327.678,326.5493333333334,327.63808128968793
12870,323.346,327.48199999999997,326.524,327.43508178511087
12880,323.3713333333333,327.286,326.4986666666667,327.2320822805338
12890,323.39666666666665,327.09,326.47333333333336,327.02908277595674
12900,323.42199999999997,326.894,326.44800000000004,326.82608327137973
12910,323.4473333333333,326.698,326.4226666666667,326.62308376680267
12920,323.47266666666667,326.502,326.39733333333334,326.4200842622256
12930,323.498,326.306,326.372,326.21708475764854
12940,323.5233333333333,326.11,326.3466666666667,326.0140852530715
12950,323.54866666666663,325.914,326.32133333333337,325.81108574849446
12960,323.57399999999996,325.718,326.29600000000005,325.6080862439174
12970,323.59933333333333,325.522,326.27066666666667,325.40508673934033
12980,323.62466666666666,325.326,326.24533333333335,325.2020872347633
12990,323.65,325.13,326.22,324.99908773018626
13000,323.67133333333334,324.96999999999997,326.18933333333337,324.8389048540576
13010,323.69266666666664,324.81,326.1586666666667,324.6787219779289
13020,323.714,324.65,326.12800000000004,324.51853910180023
13030,323.7353333333333,324.49,326.0973333333333,324.3583562256715
13040,323.75666666666666,324.33,326.06666666666666,324.19817334954286
13050,323.778,324.17,326.036,324.03799047341414
13060,323.7993333333333,324.01,326.00533333333334,323.8778075972855
13070,323.8206666666667,323.85,325.9746666666667,323.71762472115677
13080,323.842,323.69,325.944,323.5574418450281
13090,323.86333333333334,323.53000000000003,325.91333333333336,323.3972589688994
13100,323.8846666666667,323.37,325.8826666666667,323.23707609277074
13110,323.906,323.21000000000004,325.852,323.076893216642
13120,323.92733333333337,323.05,325.8213333333333,322.91671034051336
13130,323.94866666666667,322.89000000000004,325.79066666666665,322.75652746438465
13140,323.97,322.73,325.76,322.596344588256
13150,323.988,322.48466666666667,325.7233333333333,322.34151705719006
13160,324.00600000000003,322.2393333333334,325.68666666666667,322.0866895261242
13170,324.024,321.994,325.65,321.83186199505826
13180,324.04200000000003,321.7486666666667,325.61333333333334,321.5770344639924
13190,324.06,321.50333333333333,325.57666666666665,321.32220693292646
13200,324.07800000000003,321.25800000000004,325.53999999999996,321.0673794018606
13210,324.096,321.0126666666667,325.50333333333333,320.81255187079466
13220,324.11400000000003,320.76733333333334,325.46666666666664,320.5577243397288
13230,324.132,320.522,325.43,320.30289680866287
13240,324.15000000000003,320.2766666666667,325.3933333333333,320.048069277597
13250,324.168,320.03133333333335,325.3566666666666,319.79324174653107
13260,324.18600000000004,319.786,325.32,319.5384142154652
13270,324.204,319.54066666666665,325.2833333333333,319.28358668439927
13280,324.22200000000004,319.29533333333336,325.24666666666667,319.0287591533334
13290,324.24,319.05,325.21,318.77393162226747
13300,324.25533333333334,318.57133333333337,325.1433333333333,318.28699815287877
13310,324.27066666666667,318.0926666666667,325.07666666666665,317.80006468349006
13320,324.286,317.61400000000003,325.01,317.31313121410136
13330,324.30133333333333,317.13533333333334,324.9433333333333,316.82619774471266
13340,324.31666666666666,316.6566666666667,324.87666666666667,316.33926427532396
13350,324.332,316.178,324.81,315.85233080593525
13360,324.3473333333333,315.69933333333336,324.74333333333334,315.36539733654655
13370,324.3626666666667,315.22066666666666,324.6766666666666,314.8784638671579
13380,324.37800000000004,314.742,324.60999999999996,314.3915303977692
13390,324.3933333333334,314.2633333333333,324.5433333333333,313.9045969283805
13400,324.4086666666667,313.7846666666667,324.47666666666663,313.4176634589918
13410,324.42400000000004,313.306,324.40999999999997,312.9307299896031
13420,324.43933333333337,312.82733333333334,324.3433333333333,312.4437965202144
13430,324.4546666666667,312.34866666666665,324.27666666666664,311.9568630508257
13440,324.47,311.87,324.21,311.469929581437
13450,324.482,311.65933333333334,324.1493333333333,311.26415991935806
13460,324.494,311.44866666666667,324.08866666666665,311.0583902572791
13470,324.50600000000003,311.238,324.02799999999996,310.85262059520016
13480,324.51800000000003,311.02733333333333,323.96733333333333,310.6468509331212
13490,324.53000000000003,310.81666666666666,323.90666666666664,310.44108127104226
13500,324.54200000000003,310.606,323.846,310.23531160896334
13510,324.55400000000003,310.3953333333333,323.7853333333333,310.02954194688436
13520,324.566,310.18466666666666,323.7246666666667,309.82377228480544
13530,324.578,309.974,323.664,309.61800262272646
13540,324.59,309.7633333333333,323.60333333333335,309.41223296064754
13550,324.602,309.55266666666665,323.54266666666666,309.2064632985686
13560,324.614,309.342,323.482,309.00069363648964
13570,324.626,309.1313333333333,323.42133333333334,308.7949239744107
13580,324.638,308.92066666666665,323.3606666666667,308.58915431233174
13590,324.65,308.71,323.3,308.3833846502528
13600,324.65866666666665,308.424,323.23533333333336,308.0920956894271
13610,324.6673333333333,308.138,323.17066666666665,307.8008067286013
13620,324.676,307.852,323.106,307.50951776777555
13630,324.68466666666666,307.566,323.04133333333334,307.2182288069498
13640,324.6933333333333,307.28,322.9766666666667,306.92693984612407
13650,324.702,306.99399999999997,322.912,306.6356508852983
13660,324.71066666666667,306.70799999999997,322.8473333333333,306.34436192447254
13670,324.7193333333333,306.422,322.78266666666667,306.0530729636468
13680,324.72799999999995,306.136,322.718,305.76178400282106
13690,324.7366666666666,305.85,322.6533333333333,305.47049504199526
13700,324.7453333333333,305.564,322.58866666666665,305.1792060811695
13710,324.75399999999996,305.278,322.524,304.8879171203438
13720,324.76266666666663,304.992,322.45933333333335,304.59662815951805
13730,324.7713333333333,304.706,322.39466666666664,304.30533919869225
13740,324.78,304.42,322.33,304.0140502378665
13750,324.78666666666663,304.082,322.25533333333334,303.6718524803026
13760,324.7933333333333,303.744,322.18066666666664,303.32965472273867
13770,324.79999999999995,303.406,322.106,302.9874569651748
13780,324.8066666666667,303.06800000000004,322.0313333333333,302.6452592076108
13790,324.81333333333333,302.73,321.95666666666665,302.3030614500469
13800,324.82,302.392,321.882,301.960863692483
13810,324.82666666666665,302.05400000000003,321.8073333333333,301.6186659349191
13820,324.8333333333333,301.716,321.73266666666666,301.2764681773551
13830,324.84,301.37800000000004,321.65799999999996,300.93427041979123
13840,324.84666666666664,301.04,321.5833333333333,300.5920726622273
13850,324.8533333333333,300.702,321.50866666666667,300.2498749046634
13860,324.86,300.36400000000003,321.43399999999997,299.90767714709943
13870,324.8666666666667,300.026,321.3593333333333,299.56547938953554
13880,324.87333333333333,299.68800000000005,321.2846666666666,299.2232816319716
13890,324.88,299.35,321.21,298.8810838744077
13900,324.8833333333333,298.99533333333335,321.12666666666667,298.52258782211425
13910,324.88666666666666,298.6406666666667,321.0433333333333,298.1640917698208
13920,324.89,298.286,320.96,297.80559571752735
13930,324.8933333333333,297.9313333333333,320.87666666666667,297.4470996652339
13940,324.89666666666665,297.57666666666665,320.7933333333333,297.08860361294046
13950,324.9,297.222,320.71,296.730107560647
13960,324.9033333333333,296.8673333333333,320.62666666666667,296.37161150835357
13970,324.9066666666667,296.5126666666667,320.5433333333333,296.0131154560601
13980,324.91,296.158,320.46,295.6546194037667
13990,324.91333333333336,295.80333333333334,320.37666666666667,295.2961233514732
14000,324.9166666666667,295.44866666666667,320.2933333333333,294.9376272991798
14010,324.92,295.094,320.21,294.57913124688633
14020,324.92333333333335,294.7393333333333,320.12666666666667,294.2206351945929
14030,324.9266666666667,294.38466666666665,320.0433333333333,293.86213914229944
14040,324.93,294.03,319.96,293.503643090006
14050,324.9293333333333,294.126,319.90933333333334,293.6140828753386
14060,324.9286666666667,294.222,319.85866666666664,293.7245226606713
14070,324.928,294.318,319.808,293.83496244600394
14080,324.92733333333337,294.414,319.7573333333333,293.9454022313366
14090,324.9266666666667,294.51,319.70666666666665,294.05584201666926
14100,324.926,294.606,319.656,294.1662818020019
14110,324.92533333333336,294.702,319.6053333333333,294.2767215873345
14120,324.92466666666667,294.798,319.55466666666666,294.3871613726672
14130,324.92400000000004,294.894,319.50399999999996,294.49760115799984
14140,324.92333333333335,294.99,319.4533333333333,294.60804094333247
14150,324.92266666666666,295.086,319.4026666666667,294.71848072866516
14160,324.922,295.182,319.352,294.8289205139978
14170,324.92133333333334,295.278,319.30133333333333,294.9393602993304
14180,324.9206666666667,295.374,319.25066666666663,295.0498000846631
14190,324.92,295.47,319.2,295.16023986999573
14200,324.9166666666667,295.62333333333333,319.17133333333334,295.3203978481753
14210,324.91333333333336,295.7766666666667,319.1426666666666,295.48055582635476
14220,324.91,295.93,319.114,295.6407138045343
14230,324.9066666666667,296.08333333333337,319.0853333333333,295.8008717827138
14240,324.90333333333336,296.2366666666667,319.0566666666667,295.9610297608933
14250,324.90000000000003,296.39,319.02799999999996,296.12118773907287
14260,324.8966666666667,296.54333333333335,318.9993333333333,296.28134571725235
14270,324.8933333333333,296.69666666666666,318.97066666666666,296.4415036954319
14280,324.89,296.85,318.942,296.6016616736114
14290,324.88666666666666,297.00333333333333,318.9133333333333,296.7618196517909
14300,324.8833333333333,297.15666666666664,318.88466666666665,296.92197762997046
14310,324.88,297.31,318.856,297.08213560814994
14320,324.87666666666667,297.4633333333333,318.82733333333334,297.2422935863295
14330,324.87333333333333,297.6166666666667,318.79866666666663,297.40245156450897
14340,324.87,297.77,318.77,297.5626095426885
14350,324.86266666666666,297.686,318.74266666666665,297.46210758678615
14360,324.85533333333336,297.602,318.7153333333333,297.3616056308838
14370,324.848,297.518,318.688,297.2611036749814
14380,324.84066666666666,297.43399999999997,318.66066666666666,297.160601719079
14390,324.8333333333333,297.34999999999997,318.6333333333333,297.06009976317665
14400,324.826,297.26599999999996,318.606,296.9595978072743
14410,324.8186666666667,297.18199999999996,318.57866666666666,296.85909585137193
14420,324.8113333333333,297.098,318.55133333333333,296.7585938954696
14430,324.804,297.014,318.524,296.6580919395672
14440,324.7966666666667,296.93,318.49666666666667,296.55758998366485
14450,324.78933333333333,296.846,318.46933333333334,296.4570880277625
14460,324.782,296.762,318.442,296.3565860718601
14470,324.77466666666663,296.678,318.4146666666667,296.2560841159577
14480,324.76733333333334,296.594,318.38733333333334,296.15558216005536
14490,324.76,296.51,318.36,296.055080204153
14500,324.7486666666667,295.852,318.26866666666666,295.38354018724
14510,324.7373333333333,295.194,318.17733333333337,294.71200017032703
14520,324.726,294.536,318.086,294.040460153414
14530,324.71466666666663,293.878,317.99466666666666,293.368920136501
14540,324.7033333333333,293.21999999999997,317.90333333333336,292.697380119588
14550,324.692,292.562,317.812,292.02584010267503
14560,324.68066666666664,291.904,317.72066666666666,291.354300085762
14570,324.6693333333333,291.246,317.62933333333336,290.682760068849
14580,324.65799999999996,290.58799999999997,317.538,290.011220051936
14590,324.64666666666665,289.93,317.44666666666666,289.33968003502304
14600,324.63533333333334,289.272,317.35533333333336,288.66814001811
14610,324.62399999999997,288.614,317.264,287.996600001197
14620,324.61266666666666,287.95599999999996,317.17266666666666,287.325059984284
14630,324.6013333333333,287.298,317.08133333333336,286.65351996737104
14640,324.59,286.64,316.99,285.981979950458
14650,324.57533333333333,286.47999999999996,316.91266666666667,285.83243471187313
14660,324.56066666666663,286.32,316.8353333333333,285.68288947328824
14670,324.546,286.15999999999997,316.758,285.53334423470335
14680,324.5313333333333,286.0,316.6806666666667,285.3837989961184
14690,324.51666666666665,285.84,316.60333333333335,285.2342537575335
14700,324.502,285.68,316.526,285.0847085189486
14710,324.4873333333333,285.52,316.44866666666667,284.9351632803637
14720,324.47266666666667,285.36,316.3713333333333,284.78561804177883
14730,324.45799999999997,285.2,316.294,284.63607280319394
14740,324.4433333333333,285.04,316.21666666666664,284.48652756460905
14750,324.4286666666667,284.88,316.1393333333333,284.33698232602416
14760,324.414,284.72,316.062,284.1874370874392
14770,324.39933333333335,284.56,315.98466666666667,284.0378918488543
14780,324.38466666666665,284.40000000000003,315.9073333333333,283.8883466102694
14790,324.37,284.24,315.83,283.73880137168453
14800,324.35266666666666,283.98733333333337,315.75333333333333,283.4811480665508
14810,324.3353333333333,283.73466666666667,315.6766666666667,283.2234947614171
14820,324.318,283.482,315.59999999999997,282.96584145628344
14830,324.3006666666667,283.22933333333333,315.5233333333333,282.7081881511497
14840,324.28333333333336,282.9766666666667,315.44666666666666,282.450534846016
14850,324.266,282.724,315.37,282.1928815408823
14860,324.2486666666667,282.47133333333335,315.29333333333335,281.9352282357486
14870,324.23133333333334,282.21866666666665,315.21666666666664,281.6775749306149
14880,324.214,281.966,315.14,281.4199216254812
14890,324.19666666666666,281.7133333333333,315.06333333333333,281.1622683203475
14900,324.1793333333333,281.46066666666667,314.9866666666667,280.9046150152138
14910,324.16200000000003,281.20799999999997,314.91,280.64696171008006
14920,324.1446666666667,280.95533333333333,314.8333333333333,280.3893084049464
14930,324.12733333333335,280.70266666666663,314.75666666666666,280.1316550998127
14940,324.11,280.45,314.68,279.874001794679
14950,324.09066666666666,280.2126666666667,314.5973333333333,279.63895045398885
14960,324.07133333333337,279.9753333333333,314.5146666666667,279.40389911329873
14970,324.052,279.738,314.432,279.16884777260856
14980,324.03266666666667,279.50066666666663,314.34933333333333,278.93379643191844
14990,324.0133333333333,279.2633333333333,314.26666666666665,278.6987450912283
15000,323.994,279.026,314.184,278.4636937505382
15010,323.9746666666667,278.78866666666664,314.10133333333334,278.2286424098481
15020,323.95533333333333,278.55133333333333,314.01866666666666,277.9935910691579
15030,323.936,278.31399999999996,313.936,277.7585397284678
15040,323.9166666666667,278.07666666666665,313.85333333333335,277.52348838777766
15050,323.89733333333334,277.83933333333334,313.77066666666667,277.28843704708754
15060,323.878,277.602,313.688,277.0533857063974
15070,323.85866666666664,277.36466666666666,313.6053333333333,276.81833436570724
15080,323.83933333333334,277.1273333333333,313.5226666666667,276.5832830250171
15090,323.82,276.89,313.44,276.348231684327
15100,323.7973333333333,276.8066666666667,313.3713333333333,276.2664923390728
15110,323.7746666666667,276.7233333333333,313.30266666666665,276.1847529938186
15120,323.752,276.64,313.234,276.1030136485644
15130,323.72933333333333,276.5566666666667,313.16533333333336,276.0212743033102
15140,323.70666666666665,276.4733333333333,313.0966666666667,275.939534958056
15150,323.684,276.39,313.028,275.8577956128018
15160,323.66133333333335,276.3066666666667,312.95933333333335,275.7760562675476
15170,323.63866666666667,276.2233333333333,312.8906666666667,275.6943169222934
15180,323.616,276.14,312.822,275.6125775770392
15190,323.59333333333336,276.0566666666667,312.75333333333333,275.53083823178497
15200,323.5706666666667,275.9733333333333,312.68466666666666,275.4490988865308
15210,323.548,275.89,312.61600000000004,275.3673595412766
15220,323.5253333333333,275.8066666666667,312.54733333333337,275.28562019602236
15230,323.5026666666667,275.7233333333333,312.4786666666667,275.2038808507682
15240,323.48,275.64,312.41,275.122141505514
15250,323.45533333333333,275.33733333333333,312.32800000000003,274.81169546657657
15260,323.4306666666667,275.0346666666667,312.24600000000004,274.5012494276392
15270,323.406,274.73199999999997,312.16400000000004,274.1908033887018
15280,323.3813333333334,274.4293333333333,312.082,273.8803573497644
15290,323.3566666666667,274.12666666666667,312.0,273.56991131082697
15300,323.332,273.824,311.918,273.2594652718896
15310,323.30733333333336,273.52133333333336,311.836,272.9490192329522
15320,323.28266666666667,273.21866666666665,311.754,272.6385731940148
15330,323.25800000000004,272.916,311.672,272.32812715507737
15340,323.23333333333335,272.61333333333334,311.59000000000003,272.01768111614
15350,323.20866666666666,272.3106666666667,311.50800000000004,271.7072350772026
15360,323.184,272.00800000000004,311.426,271.3967890382652
15370,323.15933333333334,271.70533333333333,311.344,271.08634299932777
15380,323.1346666666667,271.4026666666667,311.262,270.7758969603904
15390,323.11,271.1,311.18,270.465450921453
15400,323.082,270.8473333333334,311.0926666666667,270.21236191504374
15410,323.05400000000003,270.5946666666667,311.00533333333334,269.95927290863455
15420,323.026,270.34200000000004,310.918,269.7061839022253
15430,322.998,270.08933333333334,310.8306666666667,269.4530948958161
15440,322.97,269.8366666666667,310.74333333333334,269.20000588940684
15450,322.942,269.584,310.656,268.9469168829976
15460,322.914,269.33133333333336,310.5686666666667,268.6938278765884
15470,322.886,269.07866666666666,310.48133333333334,268.44073887017913
15480,322.858,268.826,310.394,268.18764986376993
15490,322.83,268.5733333333333,310.3066666666667,267.9345608573607
15500,322.802,268.3206666666667,310.21933333333334,267.6814718509514
15510,322.774,268.068,310.132,267.4283828445422
15520,322.746,267.81533333333334,310.04466666666667,267.175293838133
15530,322.718,267.56266666666664,309.95733333333334,266.9222048317238
15540,322.69,267.31,309.87,266.6691158253145
15550,322.65933333333334,267.15133333333335,309.7866666666667,266.51380754310486
15560,322.6286666666667,266.99266666666665,309.7033333333333,266.35849926089526
15570,322.598,266.834,309.62,266.2031909786856
15580,322.56733333333335,266.67533333333336,309.5366666666667,266.047882696476
15590,322.5366666666667,266.51666666666665,309.4533333333333,265.89257441426633
15600,322.50600000000003,266.358,309.37,265.73726613205673
15610,322.47533333333337,266.19933333333336,309.2866666666667,265.5819578498471
15620,322.44466666666665,266.04066666666665,309.2033333333333,265.42664956763747
15630,322.414,265.882,309.12,265.2713412854278
15640,322.3833333333333,265.72333333333336,309.0366666666667,265.1160330032182
15650,322.35266666666666,265.56466666666665,308.9533333333333,264.96072472100855
15660,322.322,265.406,308.87,264.80541643879894
15670,322.29133333333334,265.24733333333336,308.7866666666667,264.6501081565893
15680,322.2606666666667,265.08866666666665,308.7033333333333,264.4947998743797
15690,322.23,264.93,308.62,264.33949159217
15700,322.196,264.91,308.55266666666665,264.32238772583145
15710,322.16200000000003,264.89,308.48533333333336,264.3052838594928
15720,322.12800000000004,264.87,308.418,264.28817999315424
15730,322.094,264.85,308.35066666666665,264.2710761268156
15740,322.06,264.83,308.28333333333336,264.25397226047704
15750,322.026,264.81,308.216,264.2368683941384
15760,321.992,264.79,308.14866666666666,264.21976452779984
15770,321.958,264.77,308.08133333333336,264.2026606614612
15780,321.92400000000004,264.75,308.014,264.18555679512264
15790,321.89000000000004,264.73,307.94666666666666,264.168452928784
15800,321.85600000000005,264.71,307.87933333333336,264.15134906244543
15810,321.822,264.69,307.812,264.1342451961068
15820,321.788,264.67,307.74466666666666,264.11714132976823
15830,321.754,264.65,307.67733333333337,264.1000374634296
15840,321.72,264.63,307.61,264.082933597091
