Time (s),T_outer (C),T_inner (C),T_avg (C),Input Temperature (C)
0,119.824674565858,119.824674565858,119.824674565858,119.824674565858
10,119.824674565858,119.824674565858,119.824674565858,119.824674565858
20,119.824674565858,119.824674565858,119.824674565858,119.824674565858
30,119.824674565858,119.824674565858,119.824674565858,119.824674565858
40,119.824674565858,119.824674565858,119.824674565858,119.824674565858
50,119.824674565858,119.824674565858,119.824674565858,119.824674565858
60,119.824674565858,119.824674565858,119.824674565858,119.824674565858
70,119.824674565858,119.824674565858,119.824674565858,119.824674565858
80,119.824674565858,119.824674565858,119.824674565858,119.824674565858
90,119.824674565858,119.824674565858,119.824674565858,119.824674565858
100,119.824674565858,119.824674565858,119.824674565858,119.824674565858
110,119.824674565858,119.824674565858,119.824674565858,119.824674565858
120,119.824674565858,119.824674565858,119.824674565858,119.824674565858
130,119.824674565858,119.824674565858,119.824674565858,119.824674565858
140,119.824674565858,119.824674565858,119.824674565858,119.824674565858
150,119.824674565858,119.824674565858,119.824674565858,119.824674565858
160,119.824674565858,119.824674565858,119.824674565858,119.824674565858
170,119.824674565858,119.824674565858,119.824674565858,119.824674565858
180,119.824674565858,119.824674565858,119.824674565858,119.824674565858
190,119.824674565858,119.824674565858,119.824674565858,119.824674565858
200,119.824674565858,119.824674565858,119.824674565858,119.824674565858
210,119.824674565858,119.824674565858,119.824674565858,119.824674565858
220,119.824674565858,119.824674565858,119.824674565858,119.824674565858
230,119.824674565858,119.824674565858,119.824674565858,119.824674565858
240,119.824674565858,119.824674565858,119.824674565858,119.824674565858
250,119.824674565858,119.824674565858,119.824674565858,119.824674565858
260,119.824674565858,119.824674565858,119.824674565858,119.824674565858
270,119.824674565858,119.824674565858,119.824674565858,119.824674565858
280,119.824674565858,119.824674565858,119.824674565858,119.824674565858
290,119.824674565858,119.824674565858,119.824674565858,119.824674565858
300,119.824674565858,119.824674565858,119.824674565858,119.824674565858
310,119.824674565858,119.824674565858,119.824674565858,119.824674565858
320,119.824674565858,119.824674565858,119.824674565858,119.824674565858
330,119.824674565858,119.824674565858,119.824674565858,119.824674565858
340,119.824674565858,119.824674565858,119.824674565858,119.824674565858
350,119.824674565858,119.824674565858,119.824674565858,119.824674565858
360,119.824674565858,119.824674565858,119.824674565858,119.824674565858
370,119.824674565858,119.824674565858,119.824674565858,119.824674565858
380,119.824674565858,119.824674565858,119.824674565858,119.824674565858
390,119.824674565858,119.824674565858,119.824674565858,119.824674565858
400,119.824674565858,119.824674565858,119.824674565858,119.824674565858
410,119.824674565858,119.824674565858,119.824674565858,119.824674565858
420,119.824674565858,119.824674565858,119.824674565858,119.824674565858
430,119.824674565858,119.824674565858,119.824674565858,119.824674565858
440,119.824674565858,119.824674565858,119.824674565858,119.824674565858
450,119.824674565858,119.824674565858,119.824674565858,119.824674565858
460,119.824674565858,119.824674565858,119.824674565858,119.824674565858
470,119.824674565858,119.824674565858,119.824674565858,119.824674565858
480,119.824674565858,119.824674565858,119.824674565858,119.824674565858
490,119.824674565858,119.824674565858,119.824674565858,119.824674565858
500,119.824674565858,119.824674565858,119.824674565858,119.824674565858
510,119.824674565858,119.824674565858,119.824674565858,119.824674565858
520,119.824674565858,119.824674565858,119.824674565858,119.824674565858
530,119.824674565858,119.824674565858,119.824674565858,119.824674565858
540,119.824674565858,119.824674565858,119.824674565858,119.824674565858
550,119.824674565858,119.824674565858,119.824674565858,119.824674565858
560,119.824674565858,119.824674565858,119.824674565858,119.824674565858
570,119.824674565858,119.824674565858,119.824674565858,119.824674565858
580,119.824674565858,119.824674565858,119.824674565858,119.824674565858
590,119.824674565858,119.824674565858,119.824674565858,119.824674565858
600,119.824674565858,119.824674565858,119.824674565858,119.824674565858
610,119.824674565858,119.824674565858,119.824674565858,119.824674565858
620,119.824674565858,119.824674565858,119.824674565858,119.824674565858
630,119.824674565858,119.824674565858,119.824674565858,119.824674565858
640,119.824674565858,119.824674565858,119.824674565858,119.824674565858
650,119.824674565858,119.824674565858,119.824674565858,119.824674565858
660,119.824674565858,119.824674565858,119.824674565858,119.824674565858
670,119.824674565858,119.824674565858,119.824674565858,119.824674565858
680,119.824674565858,119.824674565858,119.824674565858,119.824674565858
690,119.824674565858,119.824674565858,119.824674565858,119.824674565858
700,119.824674565858,119.824674565858,119.824674565858,119.824674565858
710,119.824674565858,119.824674565858,119.824674565858,119.824674565858
720,119.824674565858,119.824674565858,119.824674565858,119.824674565858
730,119.824674565858,119.824674565858,119.824674565858,119.824674565858
740,119.824674565858,119.824674565858,119.824674565858,119.824674565858
750,119.824674565858,119.824674565858,119.824674565858,119.824674565858
760,119.824674565858,119.824674565858,119.824674565858,119.824674565858
770,119.824674565858,119.824674565858,119.824674565858,119.824674565858
780,119.824674565858,119.824674565858,119.824674565858,119.824674565858
790,119.824674565858,119.824674565858,119.824674565858,119.824674565858
800,119.824674565858,119.824674565858,119.824674565858,119.824674565858
810,119.824674565858,119.824674565858,119.824674565858,119.824674565858
820,119.824674565858,119.824674565858,119.824674565858,119.824674565858
830,119.824674565858,119.824674565858,119.824674565858,119.824674565858
840,119.824674565858,119.824674565858,119.824674565858,119.824674565858
850,119.824674565858,119.824674565858,119.824674565858,119.824674565858
860,119.824674565858,119.824674565858,119.824674565858,119.824674565858
870,119.824674565858,119.824674565858,119.824674565858,119.824674565858
880,119.824674565858,119.824674565858,119.824674565858,119.824674565858
890,119.824674565858,119.824674565858,119.824674565858,119.824674565858
900,119.824674565858,119.824674565858,119.824674565858,119.824674565858
910,119.824674565858,119.824674565858,119.824674565858,119.824674565858
920,119.824674565858,119.824674565858,119.824674565858,119.824674565858
930,119.824674565858,119.824674565858,119.824674565858,119.824674565858
940,119.824674565858,119.824674565858,119.824674565858,119.824674565858
950,119.824674565858,119.824674565858,119.824674565858,119.824674565858
960,119.824674565858,119.824674565858,119.824674565858,119.824674565858
970,119.824674565858,119.824674565858,119.824674565858,119.824674565858
980,119.824674565858,119.824674565858,119.824674565858,119.824674565858
990,119.824674565858,119.824674565858,119.824674565858,119.824674565858
1000,119.824674565858,119.824674565858,119.824674565858,119.824674565858
1010,119.824674565858,119.824674565858,119.824674565858,119.824674565858
1020,119.824674565858,119.824674565858,119.824674565858,119.824674565858
1030,119.824674565858,119.824674565858,119.824674565858,119.824674565858
1040,119.824674565858,119.824674565858,119.824674565858,119.824674565858
1050,119.824674565858,119.824674565858,119.824674565858,119.824674565858
1060,119.824674565858,119.824674565858,119.824674565858,119.824674565858
1070,119.824674565858,119.824674565858,119.824674565858,119.824674565858
1080,119.824674565858,119.824674565858,119.824674565858,119.824674565858
1090,119.824674565858,119.824674565858,119.824674565858,119.824674565858
1100,119.824674565858,119.824674565858,119.824674565858,119.824674565858
1110,119.824674565858,119.824674565858,119.824674565858,119.824674565858
1120,119.824674565858,119.824674565858,119.824674565858,119.824674565858
1130,119.824674565858,119.824674565858,119.824674565858,119.824674565858
1140,119.824674565858,119.824674565858,119.824674565858,119.824674565858
1150,119.824674565858,119.824674565858,119.824674565858,119.824674565858
1160,119.824674565858,119.824674565858,119.824674565858,119.824674565858
1170,119.824674565858,119.824674565858,119.824674565858,119.824674565858
1180,119.824674565858,119.824674565858,119.824674565858,119.824674565858
1190,119.824674565858,119.824674565858,119.824674565858,119.824674565858
1200,119.824674565858,119.824674565858,119.824674565858,119.824674565858
1210,119.824674565858,119.824674565858,119.824674565858,119.824674565858
1220,119.824674565858,119.824674565858,119.824674565858,119.824674565858
1230,119.824674565858,119.824674565858,119.824674565858,119.824674565858
1240,119.824674565858,119.824674565858,119.824674565858,119.824674565858
1250,119.824674565858,119.824674565858,119.824674565858,119.824674565858
1260,119.824674565858,119.824674565858,119.824674565858,119.824674565858
1270,119.824674565858,119.824674565858,119.824674565858,119.824674565858
1280,119.824674565858,119.824674565858,119.824674565858,119.824674565858
1290,119.824674565858,119.824674565858,119.824674565858,119.824674565858
1300,119.824674565858,119.824674565858,119.824674565858,119.824674565858
1310,119.824674565858,119.824674565858,119.824674565858,119.824674565858
1320,119.824674565858,119.824674565858,119.824674565858,119.824674565858
1330,119.824674565858,119.824674565858,119.824674565858,119.824674565858
1340,119.824674565858,119.824674565858,119.824674565858,119.824674565858
1350,119.824674565858,119.824674565858,119.824674565858,119.824674565858
1360,119.824674565858,119.824674565858,119.824674565858,119.824674565858
1370,119.824674565858,119.824674565858,119.824674565858,119.824674565858
1380,119.824674565858,119.824674565858,119.824674565858,119.824674565858
1390,119.824674565858,119.824674565858,119.824674565858,119.824674565858
1400,119.824674565858,119.824674565858,119.824674565858,119.824674565858
1410,119.824674565858,119.824674565858,119.824674565858,119.824674565858
1420,119.824674565858,119.824674565858,119.824674565858,119.824674565858
1430,119.824674565858,119.824674565858,119.824674565858,119.824674565858
1440,119.824674565858,119.824674565858,119.824674565858,119.824674565858
1440,119.824674565858,119.824674565858,119.824674565858,119.824674565858
1450,119.82436292813414,120.20569626146747,119.86036292813414,120.22088604298655
1460,119.82405129041027,120.58671795707694,119.89605129041027,120.61709752011511
1470,119.8237396526864,120.9677396526864,119.9317396526864,121.01330899724366
1480,119.82342801496253,121.34876134829587,119.96742801496254,121.4095204743722
1490,119.82311637723866,121.72978304390534,120.00311637723867,121.80573195150076
1500,119.8228047395148,122.1108047395148,120.0388047395148,122.2019434286293
1510,119.82249310179093,122.49182643512427,120.07449310179094,122.59815490575785
1520,119.82218146406707,122.87284813073374,120.11018146406707,122.99436638288641
1530,119.8218698263432,123.2538698263432,120.1458698263432,123.39057786001496
1540,119.82155818861933,123.63489152195267,120.18155818861933,123.7867893371435
1550,119.82124655089547,124.01591321756214,120.21724655089547,124.18300081427206
1560,119.8209349131716,124.3969349131716,120.2529349131716,124.57921229140061
1570,119.82062327544773,124.77795660878107,120.28862327544773,124.97542376852915
1580,119.82031163772386,125.15897830439054,120.32431163772387,125.37163524565771
1590,119.82,125.54,120.36,125.76784672278626
1600,119.82,125.62666666666668,120.39533333333333,125.84557410308635
1610,119.82,125.71333333333334,120.43066666666667,125.92330148338642
1620,119.82,125.80000000000001,120.466,126.00102886368651
1630,119.82,125.88666666666667,120.50133333333333,126.07875624398659
1640,119.82,125.97333333333334,120.53666666666666,126.15648362428668
1650,119.82,126.06,120.572,126.23421100458675
1660,119.82,126.14666666666668,120.60733333333333,126.31193838488684
1670,119.82,126.23333333333333,120.64266666666667,126.38966576518692
1680,119.82,126.32000000000001,120.678,126.46739314548701
1690,119.82,126.40666666666667,120.71333333333334,126.54512052578708
1700,119.82,126.49333333333334,120.74866666666667,126.62284790608717
1710,119.82,126.58,120.784,126.70057528638725
1720,119.82,126.66666666666667,120.81933333333333,126.77830266668734
1730,119.82,126.75333333333333,120.85466666666667,126.85603004698741
1740,119.82,126.84,120.89,126.9337574272875
1750,119.82066666666665,126.87133333333334,120.906,126.97057025492269
1760,119.82133333333333,126.90266666666668,120.922,127.00738308255787
1770,119.82199999999999,126.934,120.938,127.04419591019305
1780,119.82266666666666,126.96533333333333,120.954,127.08100873782824
1790,119.82333333333332,126.99666666666667,120.97,127.11782156546342
1800,119.824,127.028,120.986,127.1546343930986
1810,119.82466666666666,127.05933333333334,121.002,127.19144722073379
1820,119.82533333333333,127.09066666666666,121.018,127.22826004836897
1830,119.826,127.122,121.03399999999999,127.26507287600415
1840,119.82666666666667,127.15333333333334,121.05,127.30188570363934
1850,119.82733333333333,127.18466666666667,121.066,127.33869853127452
1860,119.828,127.21600000000001,121.082,127.3755113589097
1870,119.82866666666666,127.24733333333333,121.098,127.4123241865449
1880,119.82933333333334,127.27866666666667,121.11399999999999,127.44913701418007
1890,119.83,127.31,121.13,127.48594984181526
1900,119.83133333333333,127.578,121.17266666666666,127.75941766094911
1910,119.83266666666667,127.846,121.21533333333333,128.03288548008297
1920,119.834,128.114,121.258,128.3063532992168
1930,119.83533333333332,128.382,121.30066666666666,128.57982111835065
1940,119.83666666666666,128.65,121.34333333333333,128.8532889374845
1950,119.838,128.918,121.386,129.12675675661836
1960,119.83933333333333,129.186,121.42866666666666,129.40022457575222
1970,119.84066666666666,129.454,121.47133333333333,129.67369239488605
1980,119.842,129.722,121.514,129.9471602140199
1990,119.84333333333333,129.99,121.55666666666666,130.22062803315376
2000,119.84466666666667,130.258,121.59933333333333,130.49409585228761
2010,119.84599999999999,130.526,121.642,130.76756367142147
2020,119.84733333333332,130.794,121.68466666666666,131.0410314905553
2030,119.84866666666666,131.062,121.72733333333333,131.31449930968915
2040,119.85,131.33,121.77,131.587967128823
2050,119.85266666666666,131.64466666666667,121.82866666666666,131.9076970163818
2060,119.85533333333333,131.95933333333335,121.88733333333333,132.2274269039406
2070,119.85799999999999,132.274,121.946,132.54715679149942
2080,119.86066666666666,132.58866666666668,122.00466666666667,132.8668866790582
2090,119.86333333333333,132.90333333333334,122.06333333333333,133.186616566617
2100,119.866,133.21800000000002,122.122,133.5063464541758
2110,119.86866666666667,133.53266666666667,122.18066666666667,133.8260763417346
2120,119.87133333333333,133.84733333333335,122.23933333333333,134.1458062292934
2130,119.874,134.162,122.298,134.4655361168522
2140,119.87666666666667,134.4766666666667,122.35666666666667,134.785266004411
2150,119.87933333333334,134.79133333333334,122.41533333333334,135.1049958919698
2160,119.882,135.10600000000002,122.474,135.4247257795286
2170,119.88466666666666,135.42066666666668,122.53266666666667,135.7444556670874
2180,119.88733333333333,135.73533333333336,122.59133333333334,136.0641855546462
2190,119.89,136.05,122.65,136.383915442205
2200,119.894,136.51066666666668,122.73066666666668,136.85602575125174
2210,119.898,136.97133333333335,122.81133333333334,137.32813606029845
2220,119.902,137.43200000000002,122.89200000000001,137.8002463693452
2230,119.906,137.89266666666668,122.97266666666667,138.27235667839193
2240,119.91,138.35333333333335,123.05333333333334,138.74446698743867
2250,119.914,138.81400000000002,123.134,139.21657729648538
2260,119.918,139.2746666666667,123.21466666666667,139.68868760553212
2270,119.922,139.73533333333333,123.29533333333333,140.16079791457886
2280,119.926,140.196,123.376,140.6329082236256
2290,119.93,140.65666666666667,123.45666666666666,141.10501853267232
2300,119.934,141.11733333333333,123.53733333333334,141.57712884171906
2310,119.938,141.578,123.618,142.0492391507658
2320,119.94200000000001,142.03866666666667,123.69866666666667,142.52134945981254
2330,119.946,142.49933333333334,123.77933333333333,142.99345976885925
2340,119.95,142.96,123.86,143.465570077906
2350,119.95666666666666,143.43200000000002,123.96333333333334,143.94021935251965
2360,119.96333333333334,143.904,124.06666666666666,144.4148686271333
2370,119.97,144.376,124.17,144.88951790174696
2380,119.97666666666667,144.848,124.27333333333333,145.36416717636058
2390,119.98333333333333,145.32,124.37666666666667,145.83881645097424
2400,119.99,145.792,124.48,146.3134657255879
2410,119.99666666666667,146.264,124.58333333333333,146.78811500020154
2420,120.00333333333333,146.736,124.68666666666667,147.2627642748152
2430,120.01,147.208,124.78999999999999,147.73741354942885
2440,120.01666666666667,147.68,124.89333333333333,148.2120628240425
2450,120.02333333333333,148.152,124.99666666666667,148.68671209865616
2460,120.03,148.624,125.1,149.16136137326978
2470,120.03666666666666,149.096,125.20333333333333,149.63601064788344
2480,120.04333333333334,149.56799999999998,125.30666666666666,150.1106599224971
2490,120.05,150.04,125.41,150.58530919711075
2500,120.05933333333333,150.36533333333333,125.50866666666667,150.9126559813703
2510,120.06866666666666,150.69066666666666,125.60733333333333,151.24000276562984
2520,120.078,151.016,125.706,151.5673495498894
2530,120.08733333333333,151.34133333333332,125.80466666666666,151.89469633414893
2540,120.09666666666666,151.66666666666666,125.90333333333334,152.2220431184085
2550,120.106,151.992,126.002,152.54938990266805
2560,120.11533333333333,152.31733333333332,126.10066666666667,152.8767366869276
2570,120.12466666666667,152.64266666666666,126.19933333333333,153.20408347118715
2580,120.134,152.968,126.298,153.53143025544668
2590,120.14333333333333,153.29333333333332,126.39666666666666,153.85877703970624
2600,120.15266666666666,153.61866666666666,126.49533333333333,154.1861238239658
2610,120.16199999999999,153.944,126.594,154.51347060822533
2620,120.17133333333334,154.26933333333332,126.69266666666667,154.8408173924849
2630,120.18066666666667,154.59466666666665,126.79133333333333,155.16816417674443
2640,120.19,154.92,126.89,155.495510961004
2650,120.20333333333333,155.7073333333333,127.034,156.30322715782142
2660,120.21666666666667,156.49466666666666,127.178,157.1109433546389
2670,120.23,157.28199999999998,127.322,157.91865955145633
2680,120.24333333333333,158.06933333333333,127.46600000000001,158.7263757482738
2690,120.25666666666666,158.85666666666665,127.61,159.53409194509123
2700,120.27,159.64399999999998,127.754,160.3418081419087
2710,120.28333333333333,160.43133333333333,127.89800000000001,161.14952433872614
2720,120.29666666666667,161.21866666666665,128.042,161.9572405355436
2730,120.31,162.006,128.186,162.76495673236104
2740,120.32333333333334,162.79333333333332,128.33,163.5726729291785
2750,120.33666666666667,163.58066666666664,128.47400000000002,164.38038912599595
2760,120.35,164.368,128.618,165.1881053228134
2770,120.36333333333333,165.15533333333332,128.762,165.99582151963085
2780,120.37666666666667,165.94266666666667,128.906,166.80353771644832
2790,120.39,166.73,129.05,167.61125391326576
2800,120.408,167.27066666666667,129.2026666666667,168.1500945756888
2810,120.426,167.81133333333332,129.35533333333333,168.68893523811187
2820,120.444,168.352,129.508,169.2277759005349
2830,120.462,168.89266666666666,129.66066666666669,169.76661656295795
2840,120.48,169.43333333333334,129.81333333333333,170.305457225381
2850,120.498,169.974,129.966,170.84429788780406
2860,120.516,170.51466666666667,130.11866666666668,171.3831385502271
2870,120.53399999999999,171.05533333333332,130.27133333333333,171.92197921265014
2880,120.55199999999999,171.596,130.424,172.46081987507318
2890,120.57,172.13666666666666,130.57666666666668,172.99966053749625
2900,120.588,172.67733333333334,130.72933333333333,173.5385011999193
2910,120.606,173.218,130.882,174.07734186234234
2920,120.624,173.75866666666667,131.03466666666668,174.61618252476538
2930,120.642,174.29933333333332,131.18733333333333,175.15502318718845
2940,120.66,174.84,131.34,175.6938638496115
2950,120.68466666666666,175.08933333333334,131.47333333333333,175.9329118113951
2960,120.70933333333333,175.33866666666668,131.60666666666668,176.17195977317868
2970,120.734,175.588,131.74,176.41100773496228
2980,120.75866666666667,175.83733333333333,131.87333333333333,176.65005569674588
2990,120.78333333333333,176.08666666666667,132.00666666666666,176.88910365852948
3000,120.80799999999999,176.336,132.14000000000001,177.12815162031308
3010,120.83266666666667,176.58533333333335,132.27333333333334,177.36719958209667
3020,120.85733333333333,176.83466666666666,132.40666666666667,177.6062475438803
3030,120.882,177.084,132.54,177.8452955056639
3040,120.90666666666667,177.33333333333334,132.67333333333335,178.0843434674475
3050,120.93133333333333,177.58266666666668,132.80666666666667,178.3233914292311
3060,120.956,177.83200000000002,132.94,178.5624393910147
3070,120.98066666666666,178.08133333333333,133.07333333333332,178.8014873527983
3080,121.00533333333334,178.33066666666667,133.20666666666668,179.0405353145819
3090,121.03,178.58,133.34,179.27958327636549
3100,121.06066666666666,178.49533333333335,133.42733333333334,179.1879213712646
3110,121.09133333333334,178.41066666666669,133.51466666666667,179.09625946616367
3120,121.122,178.32600000000002,133.602,179.00459756106278
3130,121.15266666666666,178.24133333333333,133.68933333333334,178.9129356559619
3140,121.18333333333334,178.15666666666667,133.77666666666667,178.821273750861
3150,121.214,178.072,133.864,178.72961184576008
3160,121.24466666666666,177.98733333333334,133.95133333333334,178.63794994065918
3170,121.27533333333334,177.90266666666668,134.03866666666667,178.5462880355583
3180,121.306,177.818,134.126,178.4546261304574
3190,121.33666666666666,177.73333333333335,134.21333333333334,178.36296422535648
3200,121.36733333333333,177.64866666666668,134.30066666666667,178.2713023202556
3210,121.398,177.564,134.388,178.1796404151547
3220,121.42866666666666,177.47933333333333,134.47533333333334,178.0879785100538
3230,121.45933333333333,177.39466666666667,134.56266666666667,177.99631660495288
3240,121.49,177.31,134.65,177.904654699852
3250,121.52866666666667,177.932,134.78266666666667,178.55063506648224
3260,121.56733333333332,178.554,134.91533333333334,179.1966154331125
3270,121.606,179.176,135.048,179.84259579974272
3280,121.64466666666667,179.798,135.18066666666667,180.48857616637298
3290,121.68333333333332,180.42,135.31333333333333,181.13455653300323
3300,121.722,181.042,135.446,181.7805368996335
3310,121.76066666666667,181.664,135.57866666666666,182.42651726626374
3320,121.79933333333332,182.286,135.71133333333333,183.07249763289397
3330,121.838,182.908,135.844,183.71847799952423
3340,121.87666666666667,183.53,135.97666666666666,184.36445836615448
3350,121.91533333333332,184.152,136.10933333333332,185.01043873278473
3360,121.954,184.774,136.242,185.656419099415
3370,121.99266666666666,185.396,136.37466666666666,186.30239946604522
3380,122.03133333333332,186.018,136.50733333333332,186.94837983267547
3390,122.07,186.64,136.64,187.59436019930573
3400,122.116,187.28133333333332,136.80533333333332,188.24476721930458
3410,122.16199999999999,187.92266666666666,136.97066666666666,188.89517423930343
3420,122.208,188.564,137.136,189.54558125930228
3430,122.25399999999999,189.20533333333333,137.30133333333333,190.19598827930113
3440,122.3,189.84666666666666,137.46666666666667,190.84639529929999
3450,122.346,190.488,137.632,191.49680231929884
3460,122.392,191.12933333333334,137.79733333333334,192.1472093392977
3470,122.438,191.77066666666664,137.96266666666665,192.79761635929654
3480,122.484,192.41199999999998,138.128,193.4480233792954
3490,122.53,193.0533333333333,138.29333333333332,194.09843039929424
3500,122.57600000000001,193.69466666666665,138.45866666666666,194.7488374192931
3510,122.622,194.33599999999998,138.624,195.39924443929195
3520,122.668,194.97733333333332,138.78933333333333,196.0496514592908
3530,122.714,195.61866666666666,138.95466666666667,196.70005847928965
3540,122.76,196.26,139.12,197.3504654992885
3550,122.81266666666667,196.85533333333333,139.30066666666667,197.94865112468236
3560,122.86533333333334,197.45066666666665,139.48133333333334,198.54683675007624
3570,122.918,198.046,139.662,199.1450223754701
3580,122.97066666666667,198.64133333333334,139.84266666666667,199.74320800086397
3590,123.02333333333334,199.23666666666665,140.02333333333334,200.34139362625783
3600,123.07600000000001,199.832,140.204,200.9395792516517
3610,123.12866666666667,200.42733333333334,140.38466666666667,201.53776487704556
3620,123.18133333333333,201.02266666666665,140.56533333333334,202.13595050243944
3630,123.234,201.618,140.746,202.7341361278333
3640,123.28666666666666,202.21333333333334,140.92666666666668,203.33232175322718
3650,123.33933333333333,202.80866666666665,141.10733333333334,203.93050737862103
3660,123.392,203.404,141.288,204.5286930040149
3670,123.44466666666666,203.99933333333334,141.46866666666668,205.12687862940876
3680,123.49733333333333,204.59466666666665,141.64933333333335,205.72506425480265
3690,123.55,205.19,141.83,206.3232498801965
3700,123.60866666666666,205.67733333333334,142.00533333333334,206.8125660630118
3710,123.66733333333333,206.16466666666668,142.18066666666667,207.3018822458271
3720,123.726,206.652,142.35600000000002,207.7911984286424
3730,123.78466666666667,207.13933333333333,142.53133333333335,208.2805146114577
3740,123.84333333333333,207.62666666666667,142.70666666666668,208.769830794273
3750,123.902,208.114,142.882,209.2591469770883
3760,123.96066666666667,208.60133333333334,143.05733333333333,209.7484631599036
3770,124.01933333333334,209.08866666666665,143.2326666666667,210.2377793427189
3780,124.078,209.576,143.40800000000002,210.7270955255342
3790,124.13666666666667,210.06333333333333,143.58333333333334,211.2164117083495
3800,124.19533333333334,210.55066666666667,143.75866666666667,211.7057278911648
3810,124.254,211.038,143.934,212.1950440739801
3820,124.31266666666667,211.52533333333332,144.10933333333335,212.6843602567954
3830,124.37133333333334,212.01266666666666,144.28466666666668,213.17367643961072
3840,124.43,212.5,144.46,213.662992622426
3850,124.49466666666667,212.69133333333335,144.612,213.8465826749574
3860,124.55933333333334,212.88266666666667,144.764,214.0301727274888
3870,124.62400000000001,213.074,144.916,214.2137627800202
3880,124.68866666666668,213.26533333333333,145.068,214.3973528325516
3890,124.75333333333334,213.45666666666668,145.22,214.580942885083
3900,124.81800000000001,213.648,145.372,214.7645329376144
3910,124.88266666666668,213.83933333333334,145.524,214.9481229901458
3920,124.94733333333333,214.03066666666666,145.67600000000002,215.1317130426772
3930,125.012,214.222,145.828,215.3153030952086
3940,125.07666666666667,214.41333333333333,145.98000000000002,215.49889314774
3950,125.14133333333334,214.60466666666667,146.132,215.6824832002714
3960,125.206,214.796,146.28400000000002,215.8660732528028
3970,125.27066666666667,214.98733333333334,146.436,216.0496633053342
3980,125.33533333333334,215.17866666666666,146.58800000000002,216.2332533578656
3990,125.4,215.37,146.74,216.416843410397
4000,125.47200000000001,215.458,146.87333333333333,216.4991076915044
4010,125.54400000000001,215.546,147.0066666666667,216.5813719726118
4020,125.616,215.63400000000001,147.14000000000001,216.6636362537192
4030,125.688,215.722,147.27333333333334,216.7459005348266
4040,125.76,215.81,147.40666666666667,216.828164815934
4050,125.83200000000001,215.898,147.54000000000002,216.9104290970414
4060,125.90400000000001,215.986,147.67333333333335,216.9926933781488
4070,125.976,216.074,147.80666666666667,217.0749576592562
4080,126.048,216.162,147.94,217.1572219403636
4090,126.12,216.25,148.07333333333335,217.239486221471
4100,126.19200000000001,216.338,148.20666666666668,217.3217505025784
4110,126.26400000000001,216.426,148.34,217.4040147836858
4120,126.336,216.514,148.47333333333333,217.4862790647932
4130,126.408,216.602,148.60666666666668,217.5685433459006
4140,126.48,216.69,148.74,217.650807627008
4150,126.55866666666667,217.13,148.88,218.1192369854729
4160,126.63733333333333,217.57,149.02,218.5876663439378
4170,126.71600000000001,218.01,149.16,219.0560957024027
4180,126.79466666666667,218.45,149.3,219.5245250608676
4190,126.87333333333333,218.89,149.44,219.9929544193325
4200,126.952,219.32999999999998,149.58,220.4613837777974
4210,127.03066666666666,219.76999999999998,149.72,220.9298131362623
4220,127.10933333333334,220.21,149.86,221.39824249472719
4230,127.188,220.65,150.0,221.8666718531921
4240,127.26666666666667,221.09,150.14000000000001,222.335101211657
4250,127.34533333333333,221.53,150.28,222.8035305701219
4260,127.42399999999999,221.97,150.42000000000002,223.2719599285868
4270,127.50266666666667,222.41,150.56,223.7403892870517
4280,127.58133333333333,222.85,150.70000000000002,224.2088186455166
4290,127.66,223.29,150.84,224.6772480039815
4300,127.74533333333333,224.60733333333332,151.094,226.01933328858541
4310,127.83066666666666,225.92466666666667,151.348,227.3614185731893
4320,127.916,227.242,151.602,228.7035038577932
4330,128.00133333333332,228.55933333333334,151.856,230.0455891423971
4340,128.08666666666667,229.87666666666667,152.11,231.387674427001
4350,128.172,231.194,152.364,232.7297597116049
4360,128.25733333333332,232.51133333333334,152.618,234.0718449962088
4370,128.34266666666667,233.82866666666666,152.872,235.4139302808127
4380,128.428,235.14600000000002,153.126,236.7560155654166
4390,128.51333333333332,236.46333333333334,153.38,238.0981008500205
4400,128.59866666666667,237.78066666666666,153.63400000000001,239.4401861346244
4410,128.684,239.098,153.888,240.7822714192283
4420,128.76933333333332,240.41533333333334,154.142,242.1243567038322
4430,128.85466666666667,241.7326666666667,154.39600000000002,243.4664419884361
4440,128.94,243.05,154.65,244.80852727304
4450,129.03133333333332,242.9226666666667,154.828,244.6403683013433
4460,129.12266666666667,242.79533333333333,155.006,244.4722093296466
4470,129.214,242.668,155.184,244.3040503579499
4480,129.30533333333332,242.54066666666668,155.362,244.1358913862532
4490,129.39666666666668,242.41333333333333,155.54,243.9677324145565
4500,129.488,242.286,155.718,243.7995734428598
4510,129.57933333333332,242.15866666666668,155.896,243.6314144711631
4520,129.67066666666668,242.03133333333332,156.074,243.46325549946638
4530,129.762,241.904,156.252,243.2950965277697
4540,129.85333333333332,241.77666666666667,156.43,243.126937556073
4550,129.94466666666668,241.64933333333332,156.608,242.9587785843763
4560,130.036,241.522,156.786,242.7906196126796
4570,130.12733333333333,241.39466666666667,156.964,242.6224606409829
4580,130.21866666666668,241.2673333333333,157.142,242.4543016692862
4590,130.31,241.14,157.32,242.2861426975895
4600,130.40733333333333,241.21599999999998,157.46666666666667,242.3653309337568
4610,130.50466666666668,241.292,157.61333333333332,242.4445191699241
4620,130.602,241.368,157.76,242.5237074060914
4630,130.69933333333333,241.444,157.90666666666667,242.6028956422587
4640,130.79666666666668,241.51999999999998,158.05333333333334,242.682083878426
4650,130.894,241.596,158.2,242.7612721145933
4660,130.99133333333333,241.672,158.34666666666666,242.8404603507606
4670,131.08866666666668,241.748,158.49333333333334,242.9196485869279
4680,131.186,241.82399999999998,158.64000000000001,242.9988368230952
4690,131.28333333333333,241.9,158.78666666666666,243.0780250592625
4700,131.38066666666668,241.976,158.93333333333334,243.1572132954298
4710,131.478,242.052,159.08,243.2364015315971
4720,131.57533333333333,242.128,159.2266666666667,243.3155897677644
4730,131.6726666666667,242.204,159.37333333333333,243.3947780039317
4740,131.77,242.28,159.52,243.473966240099
4750,131.87333333333333,242.79266666666666,159.692,244.0109607413404
4760,131.9766666666667,243.30533333333332,159.864,244.5479552425818
4770,132.08,243.818,160.036,245.08494974382322
4780,132.18333333333334,244.33066666666667,160.208,245.6219442450646
4790,132.28666666666666,244.84333333333333,160.38,246.158938746306
4800,132.39000000000001,245.356,160.552,246.6959332475474
4810,132.49333333333334,245.86866666666666,160.724,247.2329277487888
4820,132.59666666666666,246.38133333333334,160.89600000000002,247.76992225003022
4830,132.7,246.894,161.068,248.30691675127161
4840,132.80333333333334,247.40666666666667,161.24,248.843911252513
4850,132.90666666666667,247.91933333333333,161.412,249.3809057537544
4860,133.01,248.432,161.584,249.9179002549958
4870,133.11333333333332,248.94466666666668,161.756,250.45489475623722
4880,133.21666666666667,249.45733333333334,161.928,250.99188925747862
4890,133.32,249.97,162.1,251.52888375872
4900,133.428,251.156,162.35666666666665,252.73414358224562
4910,133.536,252.34199999999998,162.61333333333332,253.9394034057712
4920,133.644,253.528,162.87,255.1446632292968
4930,133.75199999999998,254.714,163.12666666666667,256.3499230528224
4940,133.85999999999999,255.9,163.38333333333333,257.555182876348
4950,133.968,257.086,163.64,258.76044269987364
4960,134.076,258.272,163.89666666666665,259.9657025233992
4970,134.184,259.45799999999997,164.15333333333334,261.1709623469248
4980,134.292,260.644,164.41,262.37622217045043
4990,134.4,261.83,164.66666666666666,263.581481993976
5000,134.508,263.016,164.92333333333332,264.78674181750165
5010,134.61599999999999,264.202,165.17999999999998,265.99200164102723
5020,134.724,265.388,165.43666666666667,267.1972614645528
5030,134.832,266.574,165.69333333333333,268.40252128807845
5040,134.94,267.76,165.95,269.607781111604
5050,135.05266666666665,268.1886666666667,166.184,270.0213011992936
5060,135.16533333333334,268.6173333333333,166.41799999999998,270.4348212869831
5070,135.278,269.046,166.652,270.84834137467266
5080,135.39066666666668,269.4746666666667,166.886,271.2618614623622
5090,135.50333333333333,269.9033333333333,167.12,271.6753815500518
5100,135.61599999999999,270.332,167.35399999999998,272.0889016377413
5110,135.72866666666667,270.7606666666667,167.588,272.50242172543085
5120,135.84133333333332,271.1893333333333,167.822,272.9159418131204
5130,135.954,271.618,168.056,273.32946190081
5140,136.06666666666666,272.0466666666667,168.29,273.7429819884995
5150,136.17933333333332,272.4753333333333,168.524,274.15650207618904
5160,136.292,272.904,168.758,274.5700221638786
5170,136.40466666666666,273.3326666666667,168.99200000000002,274.98354225156817
5180,136.51733333333334,273.7613333333333,169.226,275.3970623392577
5190,136.63,274.19,169.46,275.81058242694724
5200,136.748,274.026,169.638,275.61773327420025
5210,136.86599999999999,273.862,169.816,275.42488412145326
5220,136.984,273.698,169.994,275.2320349687063
5230,137.102,273.534,170.172,275.0391858159593
5240,137.22,273.37,170.35,274.8463366632123
5250,137.338,273.206,170.528,274.6534875104653
5260,137.456,273.04200000000003,170.706,274.4606383577183
5270,137.574,272.878,170.88400000000001,274.2677892049714
5280,137.692,272.714,171.062,274.0749400522244
5290,137.81,272.55,171.24,273.8820908994774
5300,137.928,272.386,171.418,273.68924174673043
5310,138.046,272.22200000000004,171.596,273.49639259398344
5320,138.16400000000002,272.058,171.774,273.30354344123646
5330,138.282,271.894,171.952,273.11069428848947
5340,138.4,271.73,172.13,272.9178451357425
5350,138.524,271.656,172.25933333333333,272.86126509693224
5360,138.648,271.582,172.38866666666667,272.80468505812195
5370,138.772,271.50800000000004,172.518,272.7481050193117
5380,138.89600000000002,271.434,172.64733333333334,272.6915249805014
5390,139.02,271.36,172.77666666666667,272.6349449416912
5400,139.144,271.286,172.906,272.5783649028809
5410,139.268,271.212,173.03533333333334,272.52178486407064
5420,139.392,271.13800000000003,173.16466666666665,272.46520482526034
5430,139.516,271.064,173.29399999999998,272.4086247864501
5440,139.64,270.99,173.42333333333332,272.3520447476398
5450,139.76399999999998,270.916,173.55266666666665,272.29546470882957
5460,139.888,270.842,173.682,272.2388846700193
5470,140.012,270.76800000000003,173.81133333333332,272.18230463120904
5480,140.136,270.694,173.94066666666666,272.12572459239874
5490,140.26,270.62,174.07,272.0691445535885
5500,140.39,271.426,174.284,272.8914719830882
5510,140.51999999999998,272.232,174.498,273.7137994125879
5520,140.65,273.038,174.712,274.5361268420876
5530,140.78,273.844,174.926,275.35845427158733
5540,140.91,274.65,175.14,276.180781701087
5550,141.04,275.456,175.35399999999998,277.0031091305867
5560,141.17,276.262,175.56799999999998,277.8254365600864
5570,141.3,277.068,175.782,278.6477639895861
5580,141.43,277.87399999999997,175.996,279.4700914190858
5590,141.56,278.68,176.21,280.2924188485855
5600,141.69,279.486,176.424,281.1147462780852
5610,141.82,280.292,176.638,281.93707370758494
5620,141.95000000000002,281.09799999999996,176.852,282.75940113708464
5630,142.08,281.904,177.066,283.58172856658433
5640,142.21,282.71,177.28,284.404055996084
5650,142.346,283.058,177.48866666666666,284.7436758704238
5660,142.482,283.406,177.69733333333335,285.0832957447635
5670,142.618,283.75399999999996,177.906,285.42291561910326
5680,142.75400000000002,284.102,178.11466666666666,285.762535493443
5690,142.89000000000001,284.45,178.32333333333332,286.10215536778276
5700,143.026,284.798,178.532,286.4417752421225
5710,143.162,285.146,178.74066666666667,286.78139511646225
5720,143.298,285.49399999999997,178.94933333333333,287.12101499080205
5730,143.434,285.842,179.158,287.4606348651418
5740,143.57,286.19,179.36666666666667,287.80025473948155
5750,143.706,286.538,179.57533333333333,288.1398746138213
5760,143.842,286.886,179.784,288.47949448816104
5770,143.978,287.234,179.99266666666665,288.8191143625008
5780,144.114,287.582,180.20133333333334,289.15873423684053
5790,144.25,287.93,180.41,289.4983541111803
5800,144.39,288.70533333333333,180.64466666666667,290.2935588586859
5810,144.53,289.48066666666665,180.87933333333334,291.0887636061915
5820,144.67,290.25600000000003,181.114,291.8839683536971
5830,144.81,291.03133333333335,181.34866666666667,292.67917310120276
5840,144.95,291.8066666666667,181.58333333333334,293.47437784870834
5850,145.09,292.582,181.818,294.269582596214
5860,145.23,293.3573333333333,182.05266666666668,295.0647873437196
5870,145.37,294.1326666666667,182.28733333333332,295.8599920912252
5880,145.51,294.908,182.522,296.65519683873083
5890,145.65,295.68333333333334,182.75666666666666,297.45040158623647
5900,145.79,296.45866666666666,182.99133333333333,298.24560633374205
5910,145.93,297.234,183.226,299.0408110812477
5920,146.07,298.00933333333336,183.46066666666667,299.8360158287533
5930,146.21,298.7846666666667,183.69533333333334,300.6312205762589
5940,146.35,299.56,183.93,301.42642532376453
5950,146.49133333333333,300.094,184.18266666666668,301.93790632412504
5960,146.63266666666667,300.628,184.43533333333335,302.44938732448554
5970,146.774,301.162,184.68800000000002,302.96086832484605
5980,146.91533333333334,301.696,184.94066666666666,303.4723493252065
5990,147.05666666666667,302.23,185.19333333333333,303.983830325567
6000,147.198,302.764,185.446,304.4953113259275
6010,147.33933333333334,303.298,185.69866666666667,305.006792326288
6020,147.48066666666665,303.832,185.95133333333334,305.5182733266485
6030,147.62199999999999,304.366,186.204,306.029754327009
6040,147.76333333333332,304.9,186.45666666666668,306.5412353273695
6050,147.90466666666666,305.43399999999997,186.70933333333335,307.05271632773
6060,148.046,305.968,186.962,307.5641973280905
6070,148.18733333333333,306.502,187.21466666666666,308.075678328451
6080,148.32866666666666,307.036,187.46733333333333,308.5871593288115
6090,148.47,307.57,187.72,309.098640329172
6100,148.61466666666666,307.07866666666666,187.86533333333333,308.5870889620764
6110,148.75933333333333,306.58733333333333,188.01066666666668,308.0755375949808
6120,148.904,306.096,188.156,307.5639862278852
6130,149.04866666666666,305.6046666666667,188.30133333333333,307.05243486078956
6140,149.19333333333333,305.11333333333334,188.44666666666666,306.54088349369397
6150,149.338,304.622,188.592,306.0293321265984
6160,149.48266666666666,304.1306666666667,188.73733333333334,305.5177807595028
6170,149.62733333333333,303.6393333333333,188.88266666666667,305.0062293924072
6180,149.772,303.14799999999997,189.028,304.4946780253116
6190,149.91666666666666,302.65666666666664,189.17333333333335,303.983126658216
6200,150.06133333333332,302.1653333333333,189.31866666666667,303.4715752911204
6210,150.206,301.674,189.464,302.96002392402477
6220,150.35066666666665,301.18266666666665,189.60933333333332,302.4484725569292
6230,150.49533333333332,300.6913333333333,189.75466666666668,301.9369211898336
6240,150.64,300.2,189.9,301.425369822738
6250,150.78933333333333,301.33733333333333,190.14066666666668,302.6158085408908
6260,150.93866666666665,302.4746666666667,190.38133333333334,303.8062472590436
6270,151.088,303.61199999999997,190.622,304.9966859771964
6280,151.2373333333333,304.7493333333333,190.86266666666666,306.1871246953492
6290,151.38666666666666,305.88666666666666,191.10333333333332,307.377563413502
6300,151.536,307.024,191.344,308.5680021316548
6310,151.68533333333332,308.16133333333335,191.58466666666666,309.7584408498076
6320,151.83466666666666,309.29866666666663,191.82533333333333,310.94887956796043
6330,151.98399999999998,310.436,192.066,312.1393182861132
6340,152.13333333333333,311.5733333333333,192.30666666666667,313.329757004266
6350,152.28266666666667,312.71066666666667,192.54733333333334,314.5201957224188
6360,152.432,313.848,192.78799999999998,315.7106344405716
6370,152.58133333333333,314.9853333333333,193.02866666666665,316.90107315872444
6380,152.73066666666665,316.12266666666665,193.26933333333332,318.09151187687723
6390,152.88,317.26,193.51,319.28195059503
6400,153.03333333333333,317.53933333333333,193.75,319.5329719557883
6410,153.18666666666667,317.8186666666667,193.98999999999998,319.78399331654657
6420,153.34,318.098,194.23,320.03501467730484
6430,153.49333333333334,318.3773333333333,194.47,320.28603603806306
6440,153.64666666666668,318.65666666666664,194.71,320.53705739882133
6450,153.8,318.936,194.95,320.7880787595796
6460,153.95333333333335,319.2153333333333,195.19,321.0391001203379
6470,154.10666666666665,319.49466666666666,195.43,321.29012148109615
6480,154.26,319.774,195.67000000000002,321.5411428418544
6490,154.41333333333333,320.05333333333334,195.91,321.7921642026127
6500,154.56666666666666,320.3326666666667,196.15,322.04318556337097
6510,154.72,320.61199999999997,196.39000000000001,322.2942069241292
6520,154.87333333333333,320.8913333333333,196.63000000000002,322.54522828488746
6530,155.02666666666667,321.17066666666665,196.87,322.79624964564573
6540,155.18,321.45,197.11,323.047271006404
6550,155.338,321.51866666666666,197.294,323.1261458861593
6560,155.496,321.58733333333333,197.478,323.2050207659146
6570,155.654,321.656,197.662,323.2838956456699
6580,155.812,321.7246666666667,197.846,323.3627705254251
6590,155.97,321.79333333333335,198.03,323.4416454051804
6600,156.12800000000001,321.862,198.214,323.5205202849357
6610,156.286,321.9306666666667,198.398,323.599395164691
6620,156.44400000000002,321.9993333333333,198.58200000000002,323.67827004444626
6630,156.602,322.068,198.76600000000002,323.75714492420155
6640,156.76000000000002,322.13666666666666,198.95000000000002,323.83601980395684
6650,156.918,322.20533333333333,199.13400000000001,323.91489468371213
6660,157.07600000000002,322.274,199.318,323.99376956346737
6670,157.234,322.3426666666667,199.502,324.07264444322266
6680,157.39200000000002,322.41133333333335,199.686,324.15151932297795
6690,157.55,322.48,199.87,324.23039420273324
6700,157.71266666666668,323.1433333333334,200.10666666666668,324.9043934778771
6710,157.87533333333334,323.8066666666667,200.34333333333333,325.5783927530209
6720,158.038,324.47,200.58,326.25239202816476
6730,158.20066666666668,325.1333333333333,200.81666666666666,326.92639130330866
6740,158.36333333333334,325.7966666666667,201.05333333333334,327.6003905784525
6750,158.526,326.46000000000004,201.29,328.27438985359635
6760,158.68866666666668,327.12333333333333,201.52666666666667,328.9483891287402
6770,158.85133333333334,327.7866666666667,201.76333333333332,329.62238840388403
6780,159.014,328.45,202.0,330.2963876790279
6790,159.17666666666668,329.11333333333334,202.23666666666665,330.9703869541717
6800,159.33933333333334,329.7766666666667,202.47333333333333,331.64438622931556
6810,159.502,330.44,202.70999999999998,332.31838550445946
6820,159.66466666666668,331.10333333333335,202.94666666666666,332.9923847796033
6830,159.82733333333334,331.76666666666665,203.1833333333333,333.66638405474714
6840,159.99,332.43,203.42,334.340383329891
6850,160.156,332.75466666666665,203.64933333333332,334.6585468836003
6860,160.322,333.07933333333335,203.87866666666665,334.9767104373096
6870,160.488,333.404,204.108,335.2948739910189
6880,160.654,333.7286666666667,204.33733333333333,335.6130375447282
6890,160.82,334.05333333333334,204.56666666666666,335.9312010984375
6900,160.986,334.378,204.796,336.24936465214677
6910,161.152,334.7026666666667,205.02533333333332,336.5675282058561
6920,161.318,335.02733333333333,205.25466666666668,336.88569175956536
6930,161.484,335.35200000000003,205.484,337.2038553132747
6940,161.65,335.6766666666667,205.71333333333334,337.52201886698396
6950,161.816,336.0013333333333,205.94266666666667,337.8401824206933
6960,161.982,336.326,206.172,338.15834597440255
6970,162.148,336.65066666666667,206.40133333333335,338.4765095281119
6980,162.314,336.97533333333337,206.63066666666668,338.79467308182114
6990,162.48,337.3,206.86,339.11283663553047
7000,162.64933333333332,337.884,207.09933333333333,339.70659422696696
7010,162.81866666666667,338.468,207.33866666666668,340.3003518184035
7020,162.988,339.052,207.578,340.89410940984
7030,163.15733333333333,339.636,207.81733333333335,341.48786700127647
7040,163.32666666666665,340.22,208.05666666666667,342.08162459271296
7050,163.496,340.80400000000003,208.296,342.6753821841495
7060,163.66533333333334,341.38800000000003,208.53533333333334,343.269139775586
7070,163.83466666666666,341.972,208.77466666666666,343.86289736702247
7080,164.004,342.556,209.014,344.45665495845896
7090,164.17333333333335,343.14,209.25333333333333,345.0504125498955
7100,164.34266666666667,343.724,209.49266666666665,345.644170141332
7110,164.512,344.308,209.732,346.23792773276847
7120,164.68133333333333,344.892,209.97133333333332,346.83168532420495
7130,164.85066666666668,345.476,210.21066666666667,347.4254429156415
7140,165.02,346.06,210.45,348.019200507078
7150,165.18800000000002,346.48466666666667,210.69666666666666,348.4296427647316
7160,165.356,346.90933333333334,210.94333333333333,348.84008502238527
7170,165.524,347.334,211.19,349.25052728003897
7180,165.692,347.75866666666667,211.43666666666667,349.6609695376926
7190,165.86,348.18333333333334,211.68333333333334,350.07141179534625
7200,166.028,348.608,211.93,350.4818540529999
7210,166.196,349.03266666666667,212.17666666666668,350.89229631065353
7220,166.364,349.45733333333334,212.42333333333332,351.30273856830723
7230,166.532,349.882,212.67,351.7131808259609
7240,166.7,350.3066666666667,212.91666666666666,352.1236230836145
7250,166.868,350.73133333333334,213.16333333333333,352.53406534126816
7260,167.036,351.156,213.41,352.9445075989218
7270,167.204,351.5806666666667,213.65666666666667,353.3549498565755
7280,167.37199999999999,352.00533333333334,213.90333333333334,353.76539211422914
7290,167.54,352.43,214.15,354.1758343718828
7300,167.712,352.21066666666667,214.33,353.9440519242435
7310,167.884,351.99133333333333,214.51,353.71226947660426
7320,168.05599999999998,351.772,214.69,353.480487028965
7330,168.228,351.55266666666665,214.87,353.2487045813258
7340,168.4,351.3333333333333,215.05,353.01692213368653
7350,168.572,351.114,215.23,352.7851396860473
7360,168.744,350.89466666666664,215.41,352.553357238408
7370,168.916,350.67533333333336,215.59,352.32157479076875
7380,169.088,350.456,215.77,352.0897923431295
7390,169.26,350.2366666666667,215.95,351.8580098954902
7400,169.432,350.01733333333334,216.13,351.62622744785097
7410,169.604,349.798,216.31,351.39444500021176
7420,169.776,349.57866666666666,216.49,351.1626625525725
7430,169.948,349.3593333333333,216.67,350.93088010493324
7440,170.12,349.14,216.85,350.699097657294
7450,170.29466666666667,349.70533333333333,217.06733333333332,351.2880630952433
7460,170.46933333333334,350.27066666666667,217.28466666666665,351.8770285331926
7470,170.644,350.836,217.502,352.46599397114187
7480,170.81866666666667,351.4013333333333,217.71933333333334,353.05495940909117
7490,170.99333333333334,351.96666666666664,217.93666666666667,353.64392484704047
7500,171.168,352.532,218.154,354.23289028498976
7510,171.34266666666667,353.0973333333333,218.37133333333333,354.82185572293906
7520,171.51733333333334,353.66266666666667,218.58866666666668,355.4108211608884
7530,171.692,354.228,218.806,355.9997865988377
7540,171.86666666666667,354.79333333333335,219.02333333333334,356.588752036787
7550,172.04133333333334,355.3586666666667,219.24066666666667,357.1777174747363
7560,172.216,355.924,219.458,357.7666829126856
7570,172.39066666666668,356.4893333333333,219.67533333333336,358.3556483506349
7580,172.56533333333334,357.05466666666666,219.89266666666668,358.9446137885842
7590,172.74,357.62,220.11,359.5335792265335
7600,172.91866666666667,358.07666666666665,220.34533333333334,359.99008801971456
7610,173.09733333333335,358.53333333333336,220.58066666666667,360.4465968128956
7620,173.276,358.99,220.816,360.9031056060767
7630,173.45466666666667,359.44666666666666,221.05133333333333,361.3596143992578
7640,173.63333333333333,359.90333333333336,221.28666666666666,361.81612319243885
7650,173.812,360.36,221.522,362.2726319856199
7660,173.99066666666667,360.81666666666666,221.75733333333332,362.72914077880097
7670,174.16933333333333,361.27333333333337,221.99266666666668,363.185649571982
7680,174.34799999999998,361.73,222.228,363.6421583651631
7690,174.52666666666667,362.18666666666667,222.46333333333334,364.09866715834414
7700,174.70533333333333,362.6433333333334,222.69866666666667,364.5551759515252
7710,174.884,363.1,222.934,365.0116847447063
7720,175.06266666666664,363.5566666666667,223.16933333333333,365.4681935378874
7730,175.24133333333333,364.0133333333334,223.40466666666666,365.92470233106843
7740,175.42,364.47,223.64,366.3812111242495
7750,175.60199999999998,365.04133333333334,223.884,366.96799180063005
7760,175.784,365.6126666666667,224.128,367.55477247701066
7770,175.96599999999998,366.184,224.37199999999999,368.1415531533912
7780,176.148,366.75533333333334,224.61599999999999,368.7283338297718
7790,176.32999999999998,367.3266666666667,224.85999999999999,369.3151145061524
7800,176.512,367.898,225.10399999999998,369.901895182533
7810,176.694,368.46933333333334,225.34799999999998,370.48867585891355
7820,176.876,369.0406666666667,225.592,371.07545653529417
7830,177.058,369.612,225.836,371.6622372116747
7840,177.24,370.18333333333334,226.08,372.24901788805533
7850,177.422,370.7546666666667,226.324,372.8357985644359
7860,177.604,371.326,226.568,373.4225792408165
7870,177.786,371.89733333333334,226.812,374.00935991719706
7880,177.96800000000002,372.4686666666667,227.056,374.5961405935777
7890,178.15,373.04,227.3,375.18292126995823
7900,178.33466666666666,374.00600000000003,227.598,376.1627023575061
7910,178.51933333333335,374.97200000000004,227.89600000000002,377.1424834450539
7920,178.704,375.938,228.19400000000002,378.1222645326018
7930,178.88866666666667,376.904,228.49200000000002,379.1020456201496
7940,179.07333333333332,377.87,228.79000000000002,380.0818267076975
7950,179.258,378.836,229.08800000000002,381.0616077952453
7960,179.44266666666667,379.802,229.38600000000002,382.04138888279317
7970,179.62733333333333,380.768,229.684,383.0211699703411
7980,179.81199999999998,381.734,229.982,384.0009510578889
7990,179.99666666666667,382.7,230.28,384.9807321454368
8000,180.18133333333333,383.666,230.578,385.9605132329846
8010,180.36599999999999,384.632,230.876,386.9402943205325
8020,180.55066666666664,385.59799999999996,231.174,387.9200754080803
8030,180.73533333333333,386.56399999999996,231.472,388.89985649562817
8040,180.92,387.53,231.77,389.879637583176
8050,181.10199999999998,387.9073333333333,232.03533333333334,390.24051255217614
8060,181.284,388.2846666666666,232.30066666666667,390.6013875211762
8070,181.46599999999998,388.662,232.566,390.96226249017633
8080,181.648,389.03933333333333,232.83133333333333,391.3231374591764
8090,181.82999999999998,389.41666666666663,233.09666666666666,391.6840124281765
8100,182.012,389.794,233.362,392.04488739717664
8110,182.194,390.17133333333334,233.62733333333333,392.4057623661767
8120,182.376,390.54866666666663,233.89266666666668,392.7666373351768
8130,182.558,390.926,234.15800000000002,393.1275123041769
8140,182.74,391.30333333333334,234.42333333333335,393.488387273177
8150,182.922,391.68066666666664,234.68866666666668,393.84926224217713
8160,183.104,392.058,234.954,394.2101372111772
8170,183.286,392.43533333333335,235.21933333333334,394.5710121801773
8180,183.46800000000002,392.81266666666664,235.48466666666667,394.9318871491774
8190,183.65,393.19,235.75,395.2927621181775
8200,183.83466666666666,393.45466666666664,235.99733333333333,395.55251282120327
8210,184.01933333333335,393.71933333333334,236.24466666666666,395.812263524229
8220,184.204,393.984,236.492,396.0720142272548
8230,184.38866666666667,394.2486666666667,236.73933333333335,396.3317649302806
8240,184.57333333333332,394.5133333333333,236.98666666666668,396.59151563330636
8250,184.758,394.778,237.234,396.8512663363321
8260,184.94266666666667,395.04266666666666,237.48133333333334,397.1110170393579
8270,185.12733333333333,395.30733333333336,237.72866666666667,397.37076774238363
8280,185.31199999999998,395.572,237.976,397.6305184454094
8290,185.49666666666667,395.8366666666667,238.22333333333333,397.89026914843515
8300,185.68133333333333,396.10133333333334,238.47066666666666,398.1500198514609
8310,185.86599999999999,396.36600000000004,238.71800000000002,398.4097705544867
8320,186.05066666666664,396.6306666666667,238.96533333333335,398.6695212575125
8330,186.23533333333333,396.8953333333334,239.21266666666668,398.92927196053824
8340,186.42,397.16,239.46,399.189022663564
8350,186.60799999999998,397.5526666666667,239.704,399.59385912960556
8360,186.796,397.94533333333334,239.948,399.9986955956472
8370,186.98399999999998,398.338,240.192,400.40353206168874
8380,187.172,398.7306666666667,240.436,400.80836852773035
8390,187.35999999999999,399.12333333333333,240.68,401.2132049937719
8400,187.548,399.516,240.924,401.6180414598135
8410,187.736,399.9086666666667,241.168,402.0228779258551
8420,187.924,400.30133333333333,241.412,402.4277143918967
8430,188.112,400.694,241.656,402.83255085793826
8440,188.3,401.0866666666667,241.9,403.2373873239799
8450,188.488,401.47933333333333,242.144,403.64222379002143
8460,188.67600000000002,401.872,242.388,404.04706025606305
8470,188.864,402.2646666666667,242.632,404.4518967221046
8480,189.05200000000002,402.6573333333333,242.876,404.8567331881462
8490,189.24,403.05,243.12,405.2615696541878
8500,189.43200000000002,403.836,243.40733333333333,406.0577019122353
8510,189.624,404.622,243.69466666666668,406.8538341702829
8520,189.816,405.408,243.982,407.6499664283304
8530,190.008,406.194,244.26933333333335,408.446098686378
8540,190.20000000000002,406.98,244.55666666666667,409.2422309444255
8550,190.392,407.766,244.844,410.0383632024731
8560,190.584,408.552,245.13133333333334,410.8344954605206
8570,190.776,409.33799999999997,245.41866666666667,411.6306277185682
8580,190.96800000000002,410.12399999999997,245.70600000000002,412.4267599766157
8590,191.16,410.90999999999997,245.99333333333334,413.2228922346633
8600,191.352,411.69599999999997,246.28066666666666,414.0190244927108
8610,191.544,412.48199999999997,246.568,414.8151567507584
8620,191.73600000000002,413.268,246.85533333333333,415.6112890088059
8630,191.928,414.054,247.14266666666668,416.4074212668535
8640,192.12,414.84,247.43,417.203553524901
8650,192.31666666666666,414.5813333333333,247.65266666666668,416.91137660963295
8660,192.51333333333335,414.32266666666663,247.87533333333334,416.6191996943649
8670,192.71,414.06399999999996,248.098,416.32702277909686
8680,192.90666666666667,413.8053333333333,248.32066666666668,416.03484586382876
8690,193.10333333333332,413.5466666666666,248.54333333333335,415.7426689485607
8700,193.3,413.28799999999995,248.76600000000002,415.4504920332927
8710,193.49666666666667,413.0293333333333,248.9886666666667,415.15831511802463
8720,193.69333333333333,412.77066666666667,249.21133333333333,414.8661382027566
8730,193.89,412.512,249.434,414.57396128748854
8740,194.08666666666667,412.25333333333333,249.65666666666667,414.2817843722205
8750,194.28333333333333,411.99466666666666,249.87933333333334,413.98960745695246
8760,194.48,411.736,250.102,413.69743054168435
8770,194.67666666666665,411.4773333333333,250.32466666666667,413.4052536264163
8780,194.87333333333333,411.21866666666665,250.54733333333334,413.11307671114827
8790,195.07,410.96,250.77,412.8208997958802
8800,195.27133333333333,410.29133333333334,250.922,412.12286808241845
8810,195.47266666666667,409.62266666666665,251.074,411.42483636895673
8820,195.674,408.954,251.226,410.72680465549496
8830,195.87533333333332,408.2853333333333,251.37800000000001,410.02877294203324
8840,196.07666666666665,407.6166666666667,251.53,409.33074122857147
8850,196.278,406.948,251.68200000000002,408.63270951510975
8860,196.47933333333333,406.27933333333334,251.834,407.934677801648
8870,196.68066666666667,405.61066666666665,251.98600000000002,407.23664608818626
8880,196.882,404.942,252.138,406.5386143747245
8890,197.08333333333334,404.2733333333333,252.29000000000002,405.8405826612628
8900,197.28466666666668,403.6046666666667,252.442,405.142550947801
8910,197.486,402.936,252.59400000000002,404.4445192343393
8920,197.68733333333333,402.26733333333334,252.746,403.7464875208775
8930,197.88866666666667,401.59866666666665,252.89800000000002,403.0484558074158
8940,198.09,400.93,253.05,402.350424093954
8950,198.29466666666667,400.1566666666667,253.14000000000001,401.5677924771448
8960,198.49933333333334,399.3833333333333,253.23000000000002,400.7851608603355
8970,198.704,398.61,253.32000000000002,400.0025292435263
8980,198.90866666666668,397.83666666666664,253.41,399.219897626717
8990,199.11333333333334,397.06333333333333,253.5,398.4372660099078
9000,199.318,396.29,253.59,397.6546343930985
9010,199.52266666666668,395.51666666666665,253.68,396.87200277628926
9020,199.72733333333332,394.74333333333334,253.77,396.08937115948
9030,199.932,393.96999999999997,253.86,395.30673954267075
9040,200.13666666666666,393.19666666666666,253.95000000000002,394.5241079258615
9050,200.34133333333332,392.42333333333335,254.04000000000002,393.74147630905225
9060,200.546,391.65,254.13,392.95884469224296
9070,200.75066666666666,390.87666666666667,254.22,392.17621307543374
9080,200.95533333333333,390.1033333333333,254.31,391.39358145862445
9090,201.16,389.33,254.4,390.6109498418152
9100,201.368,388.792,254.48000000000002,390.06497321650465
9110,201.576,388.25399999999996,254.56,389.51899659119414
9120,201.784,387.716,254.64000000000001,388.97301996588357
9130,201.992,387.178,254.72,388.42704334057305
9140,202.2,386.64,254.8,387.8810667152625
9150,202.408,386.102,254.88,387.3350900899519
9160,202.61599999999999,385.56399999999996,254.96,386.7891134646414
9170,202.824,385.026,255.04,386.2431368393308
9180,203.032,384.488,255.12,385.6971602140203
9190,203.24,383.95,255.2,385.1511835887097
9200,203.448,383.412,255.28,384.60520696339916
9210,203.656,382.87399999999997,255.35999999999999,384.05923033808864
9220,203.864,382.336,255.44,383.51325371277807
9230,204.072,381.798,255.51999999999998,382.96727708746755
9240,204.28,381.26,255.6,382.421300462157
9250,204.49066666666667,380.76666666666665,255.66866666666667,381.92158590527134
9260,204.70133333333334,380.2733333333333,255.73733333333334,381.42187134838565
9270,204.912,379.78,255.80599999999998,380.9221567915
9280,205.12266666666667,379.2866666666667,255.87466666666666,380.4224422346144
9290,205.33333333333334,378.79333333333335,255.94333333333333,379.92272767772874
9300,205.544,378.3,256.012,379.42301312084305
9310,205.75466666666668,377.8066666666667,256.0806666666667,378.9232985639574
9320,205.96533333333332,377.31333333333333,256.14933333333335,378.4235840070718
9330,206.176,376.82,256.218,377.92386945018615
9340,206.38666666666666,376.32666666666665,256.28666666666663,377.42415489330045
9350,206.59733333333332,375.8333333333333,256.3553333333333,376.9244403364148
9360,206.808,375.34000000000003,256.424,376.4247257795292
9370,207.01866666666666,374.8466666666667,256.49266666666665,375.92501122264355
9380,207.22933333333333,374.35333333333335,256.5613333333333,375.42529666575786
9390,207.44,373.86,256.63,374.9255821088722
9400,207.64933333333335,373.5126666666667,256.69599999999997,374.57824797347445
9410,207.85866666666666,373.16533333333336,256.762,374.23091383807673
9420,208.068,372.818,256.828,373.88357970267896
9430,208.27733333333333,372.47066666666666,256.894,373.53624556728124
9440,208.48666666666668,372.12333333333333,256.96,373.18891143188347
9450,208.696,371.776,257.026,372.84157729648575
9460,208.90533333333335,371.4286666666667,257.092,372.494243161088
9470,209.11466666666666,371.0813333333333,257.158,372.14690902569026
9480,209.324,370.734,257.224,371.7995748902925
9490,209.53333333333333,370.38666666666666,257.29,371.4522407548948
9500,209.74266666666668,370.03933333333333,257.356,371.104906619497
9510,209.952,369.692,257.422,370.7575724840993
9520,210.16133333333335,369.3446666666666,257.488,370.4102383487015
9530,210.37066666666666,368.9973333333333,257.55400000000003,370.0629042133038
9540,210.58,368.65,257.62,369.715570077906
9550,210.786,368.31333333333333,257.68733333333336,369.3707749080752
9560,210.99200000000002,367.97666666666663,257.75466666666665,369.0259797382444
9570,211.198,367.64,257.822,368.6811845684136
9580,211.404,367.30333333333334,257.88933333333335,368.33638939858275
9590,211.61,366.96666666666664,257.95666666666665,367.9915942287519
9600,211.816,366.63,258.024,367.64679905892115
9610,212.022,366.29333333333335,258.09133333333335,367.3020038890903
9620,212.228,365.95666666666665,258.15866666666665,366.9572087192595
9630,212.434,365.62,258.226,366.61241354942865
9640,212.64,365.28333333333336,258.29333333333335,366.2676183795979
9650,212.846,364.94666666666666,258.36066666666665,365.92282320976705
9660,213.052,364.61,258.428,365.5780280399362
9670,213.25799999999998,364.27333333333337,258.49533333333335,365.2332328701054
9680,213.464,363.93666666666667,258.56266666666664,364.8884377002746
9690,213.67,363.6,258.63,364.5436425304438
9700,213.87133333333333,363.11533333333335,258.67533333333336,364.0515448702589
9710,214.07266666666666,362.6306666666667,258.72066666666666,363.5594472100741
9720,214.274,362.146,258.766,363.06734954988923
9730,214.4753333333333,361.66133333333335,258.8113333333333,362.57525188970436
9740,214.67666666666665,361.1766666666667,258.8566666666667,362.0831542295195
9750,214.878,360.692,258.902,361.5910565693347
9760,215.07933333333332,360.20733333333334,258.94733333333335,361.0989589091498
9770,215.28066666666666,359.72266666666667,258.99266666666665,360.60686124896495
9780,215.482,359.238,259.038,360.1147635887801
9790,215.68333333333334,358.75333333333333,259.0833333333333,359.62266592859527
9800,215.88466666666667,358.26866666666666,259.1286666666667,359.1305682684104
9810,216.08599999999998,357.784,259.174,358.63847060822553
9820,216.28733333333332,357.2993333333333,259.21933333333334,358.14637294804066
9830,216.48866666666666,356.81466666666665,259.26466666666664,357.65427528785585
9840,216.69,356.33,259.31,357.162177627671
9850,216.88333333333333,356.3073333333333,259.37933333333336,357.150449380044
9860,217.07666666666665,356.2846666666667,259.44866666666667,357.138721132417
9870,217.27,356.262,259.51800000000003,357.12699288479
9880,217.46333333333334,356.2393333333333,259.58733333333333,357.11526463716297
9890,217.65666666666667,356.21666666666664,259.6566666666667,357.103536389536
9900,217.85,356.194,259.726,357.091808141909
9910,218.04333333333332,356.17133333333334,259.79533333333336,357.080079894282
9920,218.23666666666668,356.14866666666666,259.86466666666666,357.068351646655
9930,218.43,356.126,259.934,357.056623399028
9940,218.62333333333333,356.10333333333335,260.00333333333333,357.044895151401
9950,218.81666666666666,356.0806666666667,260.0726666666667,357.03316690377403
9960,219.01,356.058,260.142,357.021438656147
9970,219.20333333333335,356.0353333333333,260.21133333333336,357.00971040852
9980,219.39666666666668,356.0126666666667,260.28066666666666,356.997982160893
9990,219.59,355.99,260.35,356.986253913266
10000,219.77666666666667,355.72066666666666,260.416,356.7056501312446
10010,219.96333333333334,355.45133333333337,260.482,356.4250463492232
10020,220.15,355.182,260.548,356.1444425672018
10030,220.33666666666667,354.91266666666667,260.61400000000003,355.8638387851804
10040,220.52333333333334,354.6433333333333,260.68,355.583235003159
10050,220.71,354.374,260.746,355.3026312211376
10060,220.89666666666668,354.1046666666667,260.812,355.0220274391162
10070,221.08333333333331,353.8353333333333,260.878,354.7414236570948
10080,221.26999999999998,353.566,260.944,354.4608198750734
10090,221.45666666666665,353.2966666666667,261.01,354.18021609305197
10100,221.64333333333332,353.02733333333333,261.07599999999996,353.8996123110306
10110,221.82999999999998,352.758,261.142,353.6190085290092
10120,222.01666666666665,352.48866666666663,261.20799999999997,353.3384047469878
10130,222.20333333333332,352.21933333333334,261.274,353.05780096496636
10140,222.39,351.95,261.34,352.777197182945
10150,222.56733333333332,351.38733333333334,261.37266666666665,352.19680070028414
10160,222.74466666666666,350.82466666666664,261.4053333333333,351.61640421762326
10170,222.922,350.262,261.438,351.0360077349624
10180,223.09933333333333,349.6993333333333,261.47066666666666,350.4556112523016
10190,223.27666666666667,349.13666666666666,261.50333333333333,349.87521476964076
10200,223.454,348.574,261.536,349.2948182869799
10210,223.63133333333334,348.0113333333333,261.5686666666667,348.71442180431904
10220,223.80866666666665,347.44866666666667,261.6013333333333,348.1340253216582
10230,223.986,346.88599999999997,261.63399999999996,347.5536288389974
10240,224.16333333333333,346.3233333333333,261.66666666666663,346.9732323563365
10250,224.34066666666666,345.7606666666667,261.6993333333333,346.39283587367566
10260,224.518,345.198,261.73199999999997,345.81243939101483
10270,224.69533333333334,344.63533333333334,261.76466666666664,345.232042908354
10280,224.87266666666667,344.07266666666663,261.7973333333333,344.6516464256931
10290,225.05,343.51,261.83,344.0712499430323
10300,225.21,342.6153333333333,261.8093333333333,343.1601435934869
10310,225.37,341.72066666666666,261.78866666666664,342.2490372439416
10320,225.53,340.82599999999996,261.768,341.3379308943962
10330,225.69,339.9313333333333,261.7473333333333,340.4268245448509
10340,225.85,339.03666666666663,261.72666666666663,339.5157181953055
10350,226.01,338.142,261.70599999999996,338.6046118457602
10360,226.17,337.2473333333333,261.6853333333333,337.6935054962148
10370,226.33,336.35266666666666,261.6646666666667,336.7823991466695
10380,226.49,335.45799999999997,261.644,335.8712927971241
10390,226.65,334.56333333333333,261.62333333333333,334.9601864475788
10400,226.81,333.66866666666664,261.60266666666666,334.0490800980334
10410,226.97,332.774,261.582,333.1379737484881
10420,227.13,331.8793333333333,261.5613333333333,332.2268673989427
10430,227.29,330.98466666666667,261.54066666666665,331.3157610493974
10440,227.45,330.09,261.52,330.404654699852
10450,227.60333333333332,329.9013333333333,261.5253333333333,330.2311906220378
10460,227.75666666666666,329.7126666666666,261.53066666666666,330.0577265442236
10470,227.91,329.524,261.536,329.8842624664094
10480,228.06333333333333,329.3353333333333,261.54133333333334,329.7107983885952
10490,228.21666666666667,329.14666666666665,261.5466666666667,329.537334310781
10500,228.37,328.95799999999997,261.552,329.36387023296675
10510,228.52333333333334,328.7693333333333,261.55733333333336,329.1904061551526
10520,228.67666666666665,328.5806666666667,261.56266666666664,329.01694207733834
10530,228.82999999999998,328.392,261.568,328.84347799952417
10540,228.98333333333332,328.2033333333333,261.5733333333333,328.67001392170994
10550,229.13666666666666,328.01466666666664,261.57866666666666,328.4965498438957
10560,229.29,327.82599999999996,261.584,328.32308576608153
10570,229.44333333333333,327.63733333333334,261.58933333333334,328.1496216882673
10580,229.59666666666666,327.44866666666667,261.5946666666667,327.97615761045313
10590,229.75,327.26,261.6,327.8026935326389
10600,229.89666666666668,327.09066666666666,261.62,327.6336561081933
10610,230.04333333333332,326.92133333333334,261.64000000000004,327.4646186837477
10620,230.19,326.752,261.66,327.29558125930214
10630,230.33666666666667,326.5826666666667,261.68,327.12654383485653
10640,230.48333333333332,326.41333333333336,261.7,326.95750641041093
10650,230.63,326.244,261.72,326.7884689859653
10660,230.77666666666667,326.0746666666667,261.74,326.6194315615197
10670,230.92333333333332,325.9053333333333,261.76,326.45039413707417
10680,231.07,325.736,261.78,326.28135671262856
10690,231.21666666666667,325.56666666666666,261.8,326.11231928818296
10700,231.36333333333332,325.39733333333334,261.82,325.94328186373735
10710,231.51,325.228,261.84,325.77424443929175
10720,231.65666666666667,325.0586666666667,261.85999999999996,325.6052070148462
10730,231.8033333333333,324.88933333333335,261.88,325.4361695904006
10740,231.95,324.72,261.9,325.267132165955
10750,232.09,324.5033333333334,261.92199999999997,325.0458733469044
10760,232.23,324.2866666666667,261.94399999999996,324.82461452785384
10770,232.37,324.07000000000005,261.966,324.60335570880324
10780,232.51,323.85333333333335,261.988,324.3820968897527
10790,232.65,323.6366666666667,262.01,324.1608380707021
10800,232.79,323.42,262.032,323.9395792516515
10810,232.93,323.2033333333334,262.054,323.71832043260093
10820,233.07,322.9866666666667,262.076,323.49706161355033
10830,233.21,322.77000000000004,262.098,323.2758027944998
10840,233.35,322.55333333333334,262.12,323.0545439754492
10850,233.49,322.3366666666667,262.142,322.8332851563986
10860,233.63,322.12,262.164,322.612026337348
10870,233.77,321.90333333333336,262.18600000000004,322.3907675182974
10880,233.91,321.68666666666667,262.208,322.1695086992469
10890,234.05,321.47,262.23,321.9482498801963
10900,234.18133333333336,321.1446666666667,262.2386666666667,321.6181216185671
10910,234.31266666666667,320.81933333333336,262.24733333333336,321.287993356938
10920,234.44400000000002,320.494,262.25600000000003,320.9578650953088
10930,234.57533333333333,320.1686666666667,262.2646666666667,320.62773683367965
10940,234.70666666666668,319.84333333333336,262.27333333333337,320.29760857205054
10950,234.83800000000002,319.51800000000003,262.28200000000004,319.96748031042137
10960,234.96933333333334,319.1926666666667,262.2906666666667,319.6373520487922
10970,235.10066666666668,318.8673333333333,262.2993333333333,319.3072237871631
10980,235.232,318.542,262.308,318.9770955255339
10990,235.36333333333334,318.21666666666664,262.31666666666666,318.64696726390474
11000,235.4946666666667,317.8913333333333,262.32533333333333,318.31683900227563
11010,235.626,317.566,262.334,317.98671074064646
11020,235.75733333333335,317.24066666666664,262.3426666666667,317.6565824790173
11030,235.88866666666667,316.9153333333333,262.35133333333334,317.3264542173882
11040,236.02,316.59,262.36,316.996325955759
11050,236.144,315.96999999999997,262.3366666666667,316.36047156384603
11060,236.268,315.34999999999997,262.31333333333333,315.724617171933
11070,236.392,314.72999999999996,262.29,315.08876278002003
11080,236.51600000000002,314.11,262.26666666666665,314.452908388107
11090,236.64000000000001,313.49,262.24333333333334,313.81705399619403
11100,236.764,312.87,262.22,313.181199604281
11110,236.888,312.25,262.19666666666666,312.54534521236803
11120,237.012,311.63,262.17333333333335,311.909490820455
11130,237.136,311.01,262.15,311.27363642854203
11140,237.26,310.39,262.12666666666667,310.637782036629
11150,237.384,309.77,262.10333333333335,310.00192764471603
11160,237.508,309.15000000000003,262.08,309.366073252803
11170,237.632,308.53000000000003,262.0566666666667,308.73021886089003
11180,237.756,307.91,262.0333333333333,308.094364468977
11190,237.88,307.29,262.01,307.45851007706403
11200,237.996,306.56533333333334,261.95666666666665,306.72132991372695
11210,238.112,305.84066666666666,261.9033333333333,305.9841497503899
11220,238.228,305.11600000000004,261.84999999999997,305.24696958705283
11230,238.344,304.39133333333336,261.7966666666667,304.50978942371574
11240,238.46,303.6666666666667,261.74333333333334,303.7726092603787
11250,238.576,302.942,261.69,303.03542909704163
11260,238.692,302.21733333333333,261.63666666666666,302.29824893370454
11270,238.808,301.4926666666667,261.5833333333333,301.5610687703675
11280,238.924,300.76800000000003,261.53,300.8238886070304
11290,239.04,300.04333333333335,261.47666666666663,300.08670844369334
11300,239.156,299.3186666666667,261.4233333333333,299.3495282803563
11310,239.272,298.594,261.37,298.6123481170192
11320,239.388,297.8693333333334,261.31666666666666,297.87516795368214
11330,239.504,297.1446666666667,261.2633333333333,297.1379877903451
11340,239.62,296.42,261.21,296.400807627008
11350,239.72733333333335,296.0486666666667,261.1533333333333,296.04979254102847
11360,239.83466666666666,295.67733333333337,261.09666666666664,295.69877745504886
11370,239.942,295.30600000000004,261.03999999999996,295.3477623690693
11380,240.04933333333332,294.93466666666666,260.98333333333335,294.99674728308975
11390,240.15666666666667,294.56333333333333,260.9266666666667,294.6457321971102
11400,240.264,294.192,260.87,294.2947171111306
11410,240.37133333333333,293.8206666666667,260.81333333333333,293.943702025151
11420,240.47866666666667,293.44933333333336,260.75666666666666,293.5926869391715
11430,240.58599999999998,293.07800000000003,260.7,293.2416718531919
11440,240.69333333333333,292.7066666666667,260.6433333333333,292.8906567672123
11450,240.80066666666667,292.3353333333334,260.58666666666664,292.53964168123275
11460,240.908,291.964,260.53000000000003,292.1886265952532
11470,241.01533333333333,291.5926666666667,260.47333333333336,291.83761150927364
11480,241.12266666666665,291.22133333333335,260.4166666666667,291.48659642329403
11490,241.23,290.85,260.36,291.1355813373145
11500,241.33066666666664,291.35533333333336,260.398,291.658222177474
11510,241.43133333333333,291.8606666666667,260.43600000000004,292.1808630176335
11520,241.53199999999998,292.36600000000004,260.474,292.703503857793
11530,241.63266666666667,292.8713333333333,260.512,293.22614469795246
11540,241.73333333333332,293.37666666666667,260.55,293.748785538112
11550,241.834,293.882,260.588,294.2714263782715
11560,241.93466666666666,294.38733333333334,260.62600000000003,294.794067218431
11570,242.03533333333334,294.8926666666667,260.664,295.3167080585905
11580,242.136,295.398,260.702,295.83934889875
11590,242.23666666666668,295.90333333333336,260.74,296.36198973890953
11600,242.33733333333333,296.4086666666667,260.778,296.88463057906904
11610,242.43800000000002,296.914,260.81600000000003,297.4072714192285
11620,242.53866666666667,297.4193333333333,260.854,297.929912259388
11630,242.63933333333335,297.92466666666667,260.892,298.4525530995475
11640,242.74,298.43,260.93,298.975193939707
11650,242.83333333333334,297.49,260.88466666666665,297.98759052356587
11660,242.92666666666668,296.55,260.83933333333334,296.9999871074247
11670,243.02,295.61,260.794,296.01238369128356
11680,243.11333333333334,294.67,260.7486666666667,295.0247802751424
11690,243.20666666666668,293.73,260.7033333333333,294.03717685900125
11700,243.3,292.79,260.658,293.0495734428601
11710,243.39333333333335,291.85,260.61266666666666,292.06197002671894
11720,243.48666666666665,290.90999999999997,260.56733333333335,291.0743666105778
11730,243.57999999999998,289.96999999999997,260.522,290.0867631944366
11740,243.67333333333332,289.03,260.4766666666667,289.0991597782955
11750,243.76666666666665,288.09,260.4313333333333,288.1115563621543
11760,243.85999999999999,287.15,260.386,287.12395294601316
11770,243.95333333333332,286.21,260.34066666666666,286.136349529872
11780,244.04666666666665,285.27,260.29533333333336,285.14874611373085
11790,244.14,284.33,260.25,284.1611426975897
11800,244.2253333333333,283.5933333333333,260.1653333333333,283.4208864893125
11810,244.31066666666666,282.8566666666666,260.0806666666667,282.6806302810354
11820,244.396,282.12,259.996,281.94037407275823
11830,244.4813333333333,281.3833333333333,259.91133333333335,281.2001178644811
11840,244.56666666666666,280.64666666666665,259.82666666666665,280.45986165620394
11850,244.652,279.90999999999997,259.742,279.7196054479268
11860,244.7373333333333,279.1733333333333,259.6573333333333,278.97934923964965
11870,244.82266666666666,278.43666666666667,259.5726666666667,278.23909303137253
11880,244.908,277.7,259.488,277.49883682309536
11890,244.9933333333333,276.9633333333333,259.40333333333336,276.75858061481824
11900,245.07866666666666,276.22666666666663,259.3186666666667,276.01832440654107
11910,245.164,275.48999999999995,259.23400000000004,275.27806819826395
11920,245.2493333333333,274.75333333333333,259.14933333333335,274.5378119899868
11930,245.33466666666666,274.01666666666665,259.0646666666667,273.79755578170966
11940,245.42,273.28,258.98,273.0572995734325
11950,245.49866666666665,272.97999999999996,258.9086666666667,272.7748496302294
11960,245.5773333333333,272.67999999999995,258.83733333333333,272.49239968702636
11970,245.65599999999998,272.38,258.766,272.20994974382336
11980,245.73466666666667,272.08,258.6946666666667,271.9274998006203
11990,245.81333333333333,271.78,258.62333333333333,271.64504985741723
12000,245.892,271.47999999999996,258.552,271.3625999142142
12010,245.97066666666666,271.17999999999995,258.4806666666667,271.0801499710111
12020,246.04933333333332,270.88,258.40933333333334,270.7977000278081
12030,246.128,270.58,258.338,270.51525008460504
12040,246.20666666666665,270.28,258.2666666666667,270.232800141402
12050,246.2853333333333,269.97999999999996,258.19533333333334,269.9503501981989
12060,246.364,269.67999999999995,258.124,269.66790025499586
12070,246.44266666666667,269.38,258.0526666666667,269.38545031179285
12080,246.52133333333333,269.08,257.98133333333334,269.1030003685898
12090,246.6,268.78,257.91,268.8205504253867
12100,246.67066666666665,269.152,257.916,269.2063658044679
12110,246.74133333333333,269.524,257.922,269.59218118354903
12120,246.81199999999998,269.89599999999996,257.928,269.9779965626302
12130,246.88266666666667,270.268,257.934,270.36381194171133
12140,246.95333333333332,270.64,257.94,270.7496273207925
12150,247.024,271.012,257.946,271.13544269987364
12160,247.09466666666665,271.384,257.952,271.5212580789548
12170,247.16533333333334,271.756,257.958,271.90707345803594
12180,247.236,272.128,257.964,272.2928888371171
12190,247.30666666666667,272.5,257.97,272.67870421619824
12200,247.37733333333333,272.872,257.976,273.0645195952794
12210,247.448,273.244,257.982,273.45033497436054
12220,247.51866666666666,273.616,257.988,273.8361503534417
12230,247.58933333333334,273.988,257.994,274.22196573252285
12240,247.66,274.36,258.0,274.607781111604
12250,247.724,273.976,257.9746666666667,274.20185675484913
12260,247.788,273.59200000000004,257.94933333333336,273.79593239809424
12270,247.852,273.208,257.924,273.39000804133934
12280,247.916,272.824,257.89866666666666,272.9840836845844
12290,247.98,272.44,257.87333333333333,272.5781593278295
12300,248.044,272.05600000000004,257.848,272.1722349710746
12310,248.108,271.672,257.8226666666667,271.7663106143197
12320,248.172,271.288,257.7973333333333,271.3603862575648
12330,248.236,270.904,257.772,270.9544619008099
12340,248.3,270.52000000000004,257.74666666666667,270.548537544055
12350,248.364,270.136,257.72133333333335,270.1426131873001
12360,248.428,269.752,257.696,269.7366888305452
12370,248.492,269.368,257.67066666666665,269.3307644737903
12380,248.556,268.98400000000004,257.6453333333333,268.9248401170354
12390,248.62,268.6,257.62,268.5189157602805
12400,248.67600000000002,267.62333333333333,257.52933333333334,267.5066221630891
12410,248.732,266.6466666666667,257.4386666666667,266.4943285658977
12420,248.788,265.67,257.348,265.4820349687063
12430,248.844,264.6933333333333,257.25733333333335,264.4697413715149
12440,248.9,263.7166666666667,257.1666666666667,263.4574477743235
12450,248.95600000000002,262.74,257.076,262.4451541771321
12460,249.012,261.7633333333333,256.98533333333336,261.4328605799407
12470,249.068,260.7866666666667,256.89466666666664,260.4205669827493
12480,249.124,259.81,256.804,259.4082733855579
12490,249.18,258.8333333333333,256.7133333333333,258.3959797883665
12500,249.23600000000002,257.8566666666667,256.62266666666665,257.3836861911751
12510,249.292,256.88,256.532,256.3713925939837
12520,249.348,255.90333333333334,256.4413333333333,255.3590989967923
12530,249.404,254.92666666666665,256.35066666666665,254.3468053996009
12540,249.46,253.95,256.26,253.3345118024095
12550,249.50866666666667,253.06266666666664,256.11066666666665,252.4584873191548
12560,249.55733333333333,252.17533333333333,255.96133333333333,251.58246283590012
12570,249.606,251.28799999999998,255.81199999999998,250.70643835264542
12580,249.65466666666669,250.40066666666667,255.66266666666667,249.8304138693907
12590,249.70333333333335,249.51333333333332,255.51333333333332,248.954389386136
12600,249.752,248.62599999999998,255.364,248.0783649028813
12610,249.80066666666667,247.73866666666666,255.21466666666666,247.2023404196266
12620,249.84933333333333,246.85133333333332,255.06533333333334,246.3263159363719
12630,249.898,245.964,254.916,245.45029145311722
12640,249.94666666666666,245.07666666666665,254.76666666666668,244.57426696986252
12650,249.99533333333332,244.1893333333333,254.61733333333333,243.69824248660782
12660,250.044,243.302,254.46800000000002,242.8222180033531
12670,250.09266666666667,242.41466666666665,254.31866666666667,241.9461935200984
12680,250.14133333333334,241.52733333333333,254.16933333333336,241.0701690368437
12690,250.19,240.64,254.02,240.194144553589
12700,250.23266666666666,240.63333333333333,253.94466666666668,240.19702753864422
12710,250.27533333333332,240.62666666666667,253.86933333333334,240.1999105236994
12720,250.318,240.61999999999998,253.794,240.2027935087546
12730,250.36066666666667,240.61333333333332,253.71866666666668,240.20567649380982
12740,250.40333333333334,240.60666666666665,253.64333333333335,240.208559478865
12750,250.446,240.6,253.568,240.2114424639202
12760,250.48866666666666,240.59333333333333,253.49266666666668,240.21432544897542
12770,250.53133333333335,240.58666666666664,253.41733333333332,240.2172084340306
12780,250.574,240.57999999999998,253.34199999999998,240.2200914190858
12790,250.61666666666667,240.57333333333332,253.26666666666665,240.222974404141
12800,250.65933333333334,240.56666666666666,253.19133333333332,240.2258573891962
12810,250.702,240.56,253.11599999999999,240.2287403742514
12820,250.7446666666667,240.5533333333333,253.04066666666665,240.2316233593066
12830,250.78733333333335,240.54666666666665,252.96533333333332,240.2345063443618
12840,250.83,240.54,252.89,240.237389329417
12850,250.86666666666667,240.07466666666667,252.79999999999998,239.75756475931234
12860,250.90333333333334,239.60933333333332,252.70999999999998,239.2777401892077
12870,250.94,239.144,252.61999999999998,238.79791561910304
12880,250.9766666666667,238.67866666666666,252.53,238.3180910489984
12890,251.01333333333335,238.21333333333334,252.44,237.83826647889376
12900,251.05,237.748,252.35,237.3584419087891
12910,251.08666666666667,237.28266666666667,252.26,236.87861733868445
12920,251.12333333333333,236.81733333333332,252.17,236.3987927685798
12930,251.16,236.352,252.07999999999998,235.91896819847514
12940,251.19666666666666,235.88666666666666,251.98999999999998,235.4391436283705
12950,251.23333333333332,235.42133333333334,251.89999999999998,234.95931905826583
12960,251.27,234.956,251.81,234.4794944881612
12970,251.30666666666667,234.49066666666667,251.72,233.99966991805655
12980,251.34333333333333,234.02533333333332,251.63,233.5198453479519
12990,251.38,233.56,251.54,233.04002077784725
13000,251.40933333333334,233.51866666666666,251.468,233.01578108090843
13010,251.43866666666665,233.47733333333335,251.396,232.9915413839696
13020,251.468,233.436,251.32399999999998,232.96730168703078
13030,251.49733333333333,233.39466666666667,251.252,232.943061990092
13040,251.52666666666667,233.35333333333332,251.18,232.91882229315317
13050,251.55599999999998,233.312,251.108,232.89458259621435
13060,251.58533333333332,233.27066666666667,251.036,232.87034289927553
13070,251.61466666666666,233.22933333333333,250.964,232.8461032023367
13080,251.644,233.188,250.892,232.82186350539789
13090,251.67333333333332,233.14666666666668,250.82,232.79762380845906
13100,251.70266666666666,233.10533333333333,250.748,232.77338411152024
13110,251.732,233.064,250.67600000000002,232.74914441458145
13120,251.76133333333334,233.02266666666665,250.604,232.72490471764263
13130,251.79066666666665,232.98133333333334,250.532,232.7006650207038
13140,251.82,232.94,250.46,232.676425323765
13150,251.84199999999998,232.66133333333332,250.40466666666669,232.36846187968104
13160,251.864,232.38266666666667,250.34933333333333,232.06049843559708
13170,251.886,232.10399999999998,250.294,231.75253499151313
13180,251.908,231.82533333333333,250.23866666666666,231.44457154742918
13190,251.93,231.54666666666665,250.18333333333334,231.13660810334522
13200,251.952,231.268,250.12800000000001,230.82864465926127
13210,251.974,230.98933333333332,250.07266666666666,230.52068121517732
13220,251.996,230.71066666666667,250.01733333333334,230.2127177710934
13230,252.018,230.432,249.962,229.90475432700944
13240,252.04,230.15333333333334,249.90666666666667,229.5967908829255
13250,252.062,229.87466666666666,249.85133333333334,229.28882743884154
13260,252.084,229.596,249.796,228.98086399475758
13270,252.106,229.31733333333332,249.74066666666667,228.67290055067363
13280,252.12800000000001,229.03866666666667,249.68533333333332,228.36493710658968
13290,252.15,228.76,249.63,228.05697366250573
13300,252.16400000000002,227.45666666666665,249.456,226.72597785096568
13310,252.178,226.15333333333334,249.282,225.39498203942563
13320,252.192,224.85,249.108,224.06398622788558
13330,252.20600000000002,223.54666666666665,248.934,222.73299041634553
13340,252.22,222.24333333333334,248.76,221.40199460480548
13350,252.234,220.94,248.586,220.07099879326543
13360,252.24800000000002,219.63666666666666,248.412,218.74000298172538
13370,252.262,218.33333333333334,248.238,217.40900717018533
13380,252.276,217.03,248.064,216.07801135864528
13390,252.29000000000002,215.72666666666666,247.89000000000001,214.74701554710524
13400,252.304,214.42333333333335,247.716,213.4160197355652
13410,252.318,213.12,247.542,212.08502392402514
13420,252.33200000000002,211.81666666666666,247.368,210.7540281124851
13430,252.346,210.51333333333335,247.19400000000002,209.42303230094504
13440,252.36,209.21,247.02,208.092036489405
13450,252.36733333333333,209.53333333333333,246.93066666666667,208.46303076311335
13460,252.37466666666668,209.85666666666668,246.84133333333335,208.83402503682169
13470,252.382,210.18,246.752,209.20501931053005
13480,252.38933333333335,210.50333333333333,246.66266666666667,209.57601358423838
13490,252.39666666666668,210.82666666666668,246.57333333333335,209.94700785794674
13500,252.404,211.15,246.484,210.3180021316551
13510,252.41133333333335,211.47333333333333,246.39466666666667,210.68899640536344
13520,252.41866666666667,211.79666666666668,246.30533333333335,211.0599906790718
13530,252.42600000000002,212.12,246.216,211.43098495278014
13540,252.43333333333334,212.44333333333333,246.12666666666667,211.8019792264885
13550,252.44066666666666,212.76666666666668,246.03733333333335,212.17297350019686
13560,252.448,213.09,245.948,212.5439677739052
13570,252.45533333333333,213.41333333333333,245.85866666666666,212.91496204761356
13580,252.46266666666668,213.73666666666668,245.76933333333335,213.2859563213219
13590,252.47,214.06,245.68,213.65695059503025
13600,252.47066666666666,213.52533333333332,245.582,213.08852751134407
13610,252.47133333333332,212.99066666666667,245.484,212.52010442765788
13620,252.472,212.456,245.386,211.9516813439717
13630,252.47266666666667,211.92133333333334,245.288,211.38325826028552
13640,252.47333333333333,211.38666666666666,245.19,210.81483517659933
13650,252.474,210.852,245.092,210.24641209291315
13660,252.47466666666665,210.31733333333332,244.994,209.67798900922696
13670,252.47533333333334,209.78266666666667,244.89600000000002,209.10956592554078
13680,252.476,209.248,244.798,208.5411428418546
13690,252.47666666666666,208.71333333333334,244.70000000000002,207.9727197581684
13700,252.47733333333332,208.17866666666666,244.602,207.40429667448223
13710,252.47799999999998,207.644,244.50400000000002,206.83587359079604
13720,252.47866666666667,207.10933333333332,244.406,206.26745050710986
13730,252.47933333333333,206.57466666666667,244.30800000000002,205.69902742342367
13740,252.48,206.04,244.21,205.1306043397375
13750,252.47466666666665,205.29466666666667,244.04600000000002,204.39003477504832
13760,252.46933333333334,204.54933333333332,243.882,203.64946521035915
13770,252.464,203.804,243.71800000000002,202.90889564567
13780,252.45866666666666,203.05866666666665,243.554,202.16832608098082
13790,252.45333333333332,202.31333333333333,243.39000000000001,201.42775651629165
13800,252.448,201.568,243.226,200.68718695160248
13810,252.44266666666667,200.82266666666666,243.062,199.94661738691332
13820,252.43733333333333,200.07733333333334,242.898,199.20604782222418
13830,252.432,199.332,242.734,198.465478257535
13840,252.42666666666668,198.58666666666667,242.57,197.72490869284584
13850,252.42133333333334,197.84133333333335,242.406,196.98433912815668
13860,252.416,197.096,242.242,196.2437695634675
13870,252.41066666666666,196.35066666666668,242.078,195.50319999877834
13880,252.40533333333335,195.60533333333333,241.914,194.76263043408917
13890,252.4,194.86,241.75,194.0220608694
13900,252.38733333333334,194.70933333333335,241.632,193.87661570009942
13910,252.37466666666668,194.55866666666668,241.514,193.7311705307988
13920,252.362,194.40800000000002,241.396,193.58572536149822
13930,252.34933333333333,194.25733333333335,241.278,193.4402801921976
13940,252.33666666666667,194.10666666666668,241.16,193.29483502289702
13950,252.324,193.95600000000002,241.042,193.1493898535964
13960,252.31133333333335,193.80533333333335,240.924,193.00394468429582
13970,252.29866666666666,193.65466666666666,240.80599999999998,192.8584995149952
13980,252.286,193.504,240.688,192.71305434569462
13990,252.27333333333334,193.35333333333332,240.57,192.567609176394
14000,252.26066666666668,193.20266666666666,240.452,192.42216400709341
14010,252.24800000000002,193.052,240.334,192.2767188377928
14020,252.23533333333333,192.90133333333333,240.21599999999998,192.1312736684922
14030,252.22266666666667,192.75066666666666,240.09799999999998,191.9858284991916
14040,252.21,192.6,239.98,191.840383329891
14050,252.1906666666667,192.11066666666667,239.846,191.33910243915585
14060,252.17133333333334,191.62133333333333,239.712,190.83782154842072
14070,252.15200000000002,191.132,239.578,190.33654065768556
14080,252.13266666666667,190.64266666666666,239.444,189.8352597669504
14090,252.11333333333334,190.15333333333334,239.31,189.33397887621524
14100,252.094,189.664,239.176,188.8326979854801
14110,252.07466666666667,189.17466666666667,239.042,188.33141709474495
14120,252.05533333333332,188.68533333333332,238.908,187.8301362040098
14130,252.036,188.196,238.774,187.32885531327463
14140,252.01666666666665,187.70666666666665,238.64,186.8275744225395
14150,251.99733333333333,187.21733333333333,238.506,186.32629353180434
14160,251.97799999999998,186.72799999999998,238.37199999999999,185.82501264106918
14170,251.95866666666666,186.23866666666666,238.238,185.32373175033402
14180,251.9393333333333,185.7493333333333,238.10399999999998,184.8224508595989
14190,251.92,185.26,237.97,184.32116996886373
14200,251.89399999999998,185.02599999999998,237.842,184.09548311585579
14210,251.868,184.792,237.714,183.86979626284784
14220,251.84199999999998,184.558,237.586,183.64410940983987
14230,251.816,184.32399999999998,237.458,183.41842255683193
14240,251.79,184.09,237.33,183.19273570382398
14250,251.76399999999998,183.856,237.202,182.96704885081604
14260,251.738,183.62199999999999,237.074,182.7413619978081
14270,251.712,183.388,236.946,182.51567514480013
14280,251.686,183.154,236.818,182.28998829179218
14290,251.66,182.92,236.69,182.06430143878424
14300,251.634,182.686,236.562,181.8386145857763
14310,251.608,182.452,236.434,181.61292773276836
14320,251.582,182.218,236.306,181.38724087976038
14330,251.556,181.984,236.178,181.16155402675244
14340,251.53,181.75,236.05,180.9358671737445
14350,251.49733333333333,181.36133333333333,235.9286666666667,180.5268649869537
14360,251.46466666666666,180.97266666666667,235.80733333333333,180.11786280016292
14370,251.432,180.584,235.686,179.70886061337214
14380,251.39933333333335,180.19533333333334,235.56466666666668,179.29985842658138
14390,251.36666666666667,179.80666666666667,235.44333333333333,178.8908562397906
14400,251.334,179.418,235.322,178.4818540529998
14410,251.30133333333333,179.02933333333334,235.20066666666668,178.07285186620902
14420,251.26866666666666,178.64066666666665,235.07933333333332,177.66384967941823
14430,251.236,178.25199999999998,234.958,177.25484749262745
14440,251.20333333333332,177.86333333333332,234.83666666666667,176.84584530583666
14450,251.17066666666665,177.47466666666665,234.71533333333332,176.43684311904588
14460,251.138,177.08599999999998,234.594,176.02784093225512
14470,251.10533333333333,176.69733333333332,234.47266666666667,175.61883874546433
14480,251.07266666666666,176.30866666666665,234.35133333333332,175.20983655867354
14490,251.04,175.92,234.23,174.80083437188276
14500,251.00066666666666,174.88866666666667,234.02733333333333,173.7496074797991
14510,250.96133333333333,173.85733333333332,233.82466666666664,172.69838058771546
14520,250.922,172.826,233.62199999999999,171.6471536956318
14530,250.88266666666667,171.79466666666664,233.41933333333333,170.59592680354817
14540,250.84333333333333,170.76333333333332,233.21666666666667,169.5446999114645
14550,250.804,169.732,233.01399999999998,168.49347301938084
14560,250.76466666666667,168.70066666666665,232.81133333333332,167.4422461272972
14570,250.7253333333333,167.66933333333333,232.60866666666666,166.39101923521355
14580,250.68599999999998,166.63799999999998,232.406,165.33979234312991
14590,250.64666666666665,165.60666666666665,232.20333333333332,164.28856545104625
14600,250.60733333333332,164.57533333333333,232.00066666666666,163.2373385589626
14610,250.56799999999998,163.54399999999998,231.798,162.18611166687896
14620,250.52866666666665,162.51266666666666,231.59533333333334,161.1348847747953
14630,250.48933333333332,161.4813333333333,231.39266666666666,160.08365788271166
14640,250.45,160.45,231.19,159.032430990628
14650,250.404,160.20066666666665,231.01733333333334,158.8019519841328
14660,250.35799999999998,159.95133333333334,230.84466666666665,158.5714729776376
14670,250.31199999999998,159.702,230.672,158.3409939711424
14680,250.266,159.45266666666666,230.49933333333334,158.1105149646472
14690,250.22,159.20333333333332,230.32666666666665,157.880035958152
14700,250.17399999999998,158.954,230.154,157.6495569516568
14710,250.128,158.70466666666667,229.98133333333334,157.4190779451616
14720,250.082,158.45533333333333,229.80866666666665,157.1885989386664
14730,250.036,158.206,229.636,156.9581199321712
14740,249.98999999999998,157.95666666666668,229.46333333333334,156.72764092567598
14750,249.944,157.70733333333334,229.29066666666665,156.4971619191808
14760,249.898,157.458,229.118,156.26668291268558
14770,249.852,157.20866666666666,228.94533333333334,156.0362039061904
14780,249.80599999999998,156.95933333333335,228.77266666666665,155.80572489969518
14790,249.76,156.71,228.6,155.5752458932
14800,249.708,156.352,228.43866666666665,155.21231024193662
14810,249.65599999999998,155.994,228.27733333333333,154.84937459067325
14820,249.60399999999998,155.636,228.11599999999999,154.48643893940988
14830,249.552,155.27800000000002,227.95466666666667,154.12350328814654
14840,249.5,154.92000000000002,227.79333333333332,153.76056763688317
14850,249.44799999999998,154.562,227.632,153.3976319856198
14860,249.396,154.204,227.47066666666666,153.03469633435643
14870,249.344,153.846,227.30933333333334,152.67176068309305
14880,249.292,153.488,227.148,152.30882503182968
14890,249.23999999999998,153.13,226.98666666666668,151.9458893805663
14900,249.188,152.772,226.82533333333333,151.58295372930294
14910,249.136,152.41400000000002,226.66400000000002,151.2200180780396
14920,249.084,152.056,226.50266666666667,150.85708242677623
14930,249.03199999999998,151.698,226.34133333333335,150.49414677551286
14940,248.98,151.34,226.18,150.1312111242495
14950,248.92133333333334,151.09666666666666,226.02066666666667,149.89854735618565
14960,248.86266666666666,150.85333333333332,225.86133333333333,149.6658835881218
14970,248.804,150.61,225.702,149.43321982005796
14980,248.74533333333332,150.36666666666667,225.54266666666666,149.20055605199408
14990,248.68666666666667,150.12333333333333,225.38333333333333,148.96789228393024
15000,248.628,149.88,225.224,148.7352285158664
15010,248.56933333333333,149.63666666666666,225.06466666666665,148.50256474780255
15020,248.51066666666665,149.39333333333335,224.90533333333335,148.2699009797387
15030,248.452,149.15,224.746,148.03723721167486
15040,248.39333333333332,148.90666666666667,224.58666666666667,147.80457344361102
15050,248.33466666666666,148.66333333333333,224.42733333333334,147.57190967554718
15060,248.27599999999998,148.42,224.268,147.3392459074833
15070,248.21733333333333,148.17666666666668,224.10866666666666,147.10658213941946
15080,248.15866666666665,147.93333333333334,223.94933333333333,146.87391837135561
15090,248.1,147.69,223.79,146.64125460329177
15100,248.034,147.84066666666666,223.68066666666667,146.8015912463951
15110,247.968,147.99133333333333,223.5713333333333,146.96192788949847
15120,247.902,148.142,223.462,147.1222645326018
15130,247.836,148.29266666666666,223.35266666666666,147.28260117570517
15140,247.77,148.44333333333333,223.24333333333334,147.4429378188085
15150,247.704,148.594,223.134,147.60327446191187
15160,247.638,148.74466666666666,223.02466666666666,147.7636111050152
15170,247.572,148.89533333333333,222.91533333333334,147.92394774811856
15180,247.506,149.046,222.806,148.0842843912219
15190,247.44,149.19666666666666,222.69666666666666,148.24462103432526
15200,247.374,149.34733333333332,222.58733333333333,148.4049576774286
15210,247.30800000000002,149.498,222.478,148.56529432053196
15220,247.24200000000002,149.64866666666666,222.36866666666668,148.7256309636353
15230,247.17600000000002,149.79933333333332,222.25933333333333,148.88596760673866
15240,247.11,149.95,222.15,149.046304249842
15250,247.03733333333335,149.51,222.00933333333333,148.5877347743977
15260,246.9646666666667,149.07,221.86866666666668,148.1291652989534
15270,246.89200000000002,148.63,221.728,147.6705958235091
15280,246.81933333333333,148.19,221.58733333333333,147.2120263480648
15290,246.74666666666667,147.75,221.44666666666666,146.7534568726205
15300,246.674,147.31,221.306,146.2948873971762
15310,246.60133333333334,146.87,221.16533333333334,145.8363179217319
15320,246.52866666666668,146.42999999999998,221.02466666666666,145.3777484462876
15330,246.45600000000002,145.98999999999998,220.884,144.9191789708433
15340,246.38333333333335,145.54999999999998,220.74333333333334,144.460609495399
15350,246.3106666666667,145.10999999999999,220.60266666666666,144.0020400199547
15360,246.238,144.67,220.462,143.5434705445104
15370,246.16533333333334,144.23,220.3213333333333,143.0849010690661
15380,246.09266666666667,143.79,220.18066666666667,142.6263315936218
15390,246.02,143.35,220.04,142.1677621181775
15400,245.9406666666667,142.80066666666667,219.87133333333333,141.60806837675884
15410,245.86133333333333,142.25133333333332,219.70266666666666,141.04837463534017
15420,245.782,141.702,219.534,140.4886808939215
15430,245.7026666666667,141.15266666666668,219.36533333333333,139.92898715250283
15440,245.62333333333333,140.60333333333332,219.19666666666666,139.36929341108416
15450,245.544,140.054,219.028,138.8095996696655
15460,245.4646666666667,139.50466666666668,218.85933333333332,138.24990592824682
15470,245.38533333333334,138.95533333333333,218.69066666666666,137.69021218682818
15480,245.306,138.406,218.522,137.1305184454095
15490,245.2266666666667,137.85666666666668,218.35333333333332,136.57082470399084
15500,245.14733333333334,137.30733333333333,218.18466666666666,136.01113096257217
15510,245.068,136.758,218.016,135.4514372211535
15520,244.9886666666667,136.2086666666667,217.84733333333332,134.89174347973483
15530,244.90933333333334,135.65933333333334,217.67866666666666,134.33204973831616
15540,244.83,135.11,217.51,133.7723559968975
15550,244.74533333333335,134.68800000000002,217.32999999999998,133.35774801849462
15560,244.66066666666669,134.26600000000002,217.15,132.94314004009175
15570,244.57600000000002,133.84400000000002,216.97,132.5285320616889
15580,244.49133333333333,133.422,216.79,132.11392408328604
15590,244.40666666666667,133.0,216.60999999999999,131.69931610488317
15600,244.322,132.578,216.43,131.2847081264803
15610,244.23733333333334,132.156,216.25,130.87010014807743
15620,244.15266666666668,131.734,216.07,130.45549216967459
15630,244.068,131.312,215.89,130.04088419127172
15640,243.98333333333335,130.89000000000001,215.71,129.62627621286885
15650,243.89866666666668,130.46800000000002,215.53,129.21166823446598
15660,243.814,130.046,215.35,128.7970602560631
15670,243.72933333333333,129.624,215.17,128.38245227766026
15680,243.64466666666667,129.202,214.99,127.9678442992574
15690,243.56,128.78,214.81,127.55323632085452
15700,243.47,128.75066666666666,214.67000000000002,127.52992413445762
15710,243.38,128.72133333333335,214.53,127.50661194806072
15720,243.29,128.692,214.39000000000001,127.48329976166382
15730,243.20000000000002,128.66266666666667,214.25,127.45998757526692
15740,243.11,128.63333333333333,214.11,127.43667538887001
15750,243.02,128.604,213.97,127.4133632024731
15760,242.93,128.57466666666667,213.83,127.39005101607621
15770,242.84,128.54533333333333,213.69,127.3667388296793
15780,242.75,128.516,213.55,127.34342664328241
15790,242.66,128.48666666666668,213.41,127.3201144568855
15800,242.57,128.45733333333334,213.27,127.2968022704886
15810,242.48000000000002,128.428,213.13,127.2734900840917
15820,242.39000000000001,128.39866666666666,212.99,127.2501778976948
15830,242.3,128.36933333333334,212.85,127.2268657112979
15840,242.21,128.34,212.71,127.203553524901
