Time (s),T_outer (C),T_inner (C),T_avg (C),Input Temperature (C)
0,246.0753342790922,246.0753342790922,246.0753342790922,246.0753342790922
10,246.0753342790922,246.0753342790922,246.0753342790922,246.0753342790922
20,246.0753342790922,246.0753342790922,246.0753342790922,246.0753342790922
30,246.0753342790922,246.0753342790922,246.0753342790922,246.0753342790922
40,246.0753342790922,246.0753342790922,246.0753342790922,246.0753342790922
50,246.0753342790922,246.0753342790922,246.0753342790922,246.0753342790922
60,246.0753342790922,246.0753342790922,246.0753342790922,246.0753342790922
70,246.0753342790922,246.0753342790922,246.0753342790922,246.0753342790922
80,246.0753342790922,246.0753342790922,246.0753342790922,246.0753342790922
90,246.0753342790922,246.0753342790922,246.0753342790922,246.0753342790922
100,246.0753342790922,246.0753342790922,246.0753342790922,246.0753342790922
110,246.0753342790922,246.0753342790922,246.0753342790922,246.0753342790922
120,246.0753342790922,246.0753342790922,246.0753342790922,246.0753342790922
130,246.0753342790922,246.0753342790922,246.0753342790922,246.0753342790922
140,246.0753342790922,246.0753342790922,246.0753342790922,246.0753342790922
150,246.0753342790922,246.0753342790922,246.0753342790922,246.0753342790922
160,246.0753342790922,246.0753342790922,246.0753342790922,246.0753342790922
170,246.0753342790922,246.0753342790922,246.0753342790922,246.0753342790922
180,246.0753342790922,246.0753342790922,246.0753342790922,246.0753342790922
190,246.0753342790922,246.0753342790922,246.0753342790922,246.0753342790922
200,246.0753342790922,246.0753342790922,246.0753342790922,246.0753342790922
210,246.0753342790922,246.0753342790922,246.0753342790922,246.0753342790922
220,246.0753342790922,246.0753342790922,246.0753342790922,246.0753342790922
230,246.0753342790922,246.0753342790922,246.0753342790922,246.0753342790922
240,246.0753342790922,246.0753342790922,246.0753342790922,246.0753342790922
250,246.0753342790922,246.0753342790922,246.0753342790922,246.0753342790922
260,246.0753342790922,246.0753342790922,246.0753342790922,246.0753342790922
270,246.0753342790922,246.0753342790922,246.0753342790922,246.0753342790922
280,246.0753342790922,246.0753342790922,246.0753342790922,246.0753342790922
290,246.0753342790922,246.0753342790922,246.0753342790922,246.0753342790922
300,246.0753342790922,246.0753342790922,246.0753342790922,246.0753342790922
310,246.0753342790922,246.0753342790922,246.0753342790922,246.0753342790922
320,246.0753342790922,246.0753342790922,246.0753342790922,246.0753342790922
330,246.0753342790922,246.0753342790922,246.0753342790922,246.0753342790922
340,246.0753342790922,246.0753342790922,246.0753342790922,246.0753342790922
350,246.0753342790922,246.0753342790922,246.0753342790922,246.0753342790922
360,246.0753342790922,246.0753342790922,246.0753342790922,246.0753342790922
370,246.0753342790922,246.0753342790922,246.0753342790922,246.0753342790922
380,246.0753342790922,246.0753342790922,246.0753342790922,246.0753342790922
390,246.0753342790922,246.0753342790922,246.0753342790922,246.0753342790922
400,246.0753342790922,246.0753342790922,246.0753342790922,246.0753342790922
410,246.0753342790922,246.0753342790922,246.0753342790922,246.0753342790922
420,246.0753342790922,246.0753342790922,246.0753342790922,246.0753342790922
430,246.0753342790922,246.0753342790922,246.0753342790922,246.0753342790922
440,246.0753342790922,246.0753342790922,246.0753342790922,246.0753342790922
450,246.0753342790922,246.0753342790922,246.0753342790922,246.0753342790922
460,246.0753342790922,246.0753342790922,246.0753342790922,246.0753342790922
470,246.0753342790922,246.0753342790922,246.0753342790922,246.0753342790922
480,246.0753342790922,246.0753342790922,246.0753342790922,246.0753342790922
490,246.0753342790922,246.0753342790922,246.0753342790922,246.0753342790922
500,246.0753342790922,246.0753342790922,246.0753342790922,246.0753342790922
510,246.0753342790922,246.0753342790922,246.0753342790922,246.0753342790922
520,246.0753342790922,246.0753342790922,246.0753342790922,246.0753342790922
530,246.0753342790922,246.0753342790922,246.0753342790922,246.0753342790922
540,246.0753342790922,246.0753342790922,246.0753342790922,246.0753342790922
550,246.0753342790922,246.0753342790922,246.0753342790922,246.0753342790922
560,246.0753342790922,246.0753342790922,246.0753342790922,246.0753342790922
570,246.0753342790922,246.0753342790922,246.0753342790922,246.0753342790922
580,246.0753342790922,246.0753342790922,246.0753342790922,246.0753342790922
590,246.0753342790922,246.0753342790922,246.0753342790922,246.0753342790922
600,246.0753342790922,246.0753342790922,246.0753342790922,246.0753342790922
610,246.0753342790922,246.0753342790922,246.0753342790922,246.0753342790922
620,246.0753342790922,246.0753342790922,246.0753342790922,246.0753342790922
630,246.0753342790922,246.0753342790922,246.0753342790922,246.0753342790922
640,246.0753342790922,246.0753342790922,246.0753342790922,246.0753342790922
650,246.0753342790922,246.0753342790922,246.0753342790922,246.0753342790922
660,246.0753342790922,246.0753342790922,246.0753342790922,246.0753342790922
670,246.0753342790922,246.0753342790922,246.0753342790922,246.0753342790922
680,246.0753342790922,246.0753342790922,246.0753342790922,246.0753342790922
690,246.0753342790922,246.0753342790922,246.0753342790922,246.0753342790922
700,246.0753342790922,246.0753342790922,246.0753342790922,246.0753342790922
710,246.0753342790922,246.0753342790922,246.0753342790922,246.0753342790922
720,246.0753342790922,246.0753342790922,246.0753342790922,246.0753342790922
730,246.0753342790922,246.0753342790922,246.0753342790922,246.0753342790922
740,246.0753342790922,246.0753342790922,246.0753342790922,246.0753342790922
750,246.0753342790922,246.0753342790922,246.0753342790922,246.0753342790922
760,246.0753342790922,246.0753342790922,246.0753342790922,246.0753342790922
770,246.0753342790922,246.0753342790922,246.0753342790922,246.0753342790922
780,246.0753342790922,246.0753342790922,246.0753342790922,246.0753342790922
790,246.0753342790922,246.0753342790922,246.0753342790922,246.0753342790922
800,246.0753342790922,246.0753342790922,246.0753342790922,246.0753342790922
810,246.0753342790922,246.0753342790922,246.0753342790922,246.0753342790922
820,246.0753342790922,246.0753342790922,246.0753342790922,246.0753342790922
830,246.0753342790922,246.0753342790922,246.0753342790922,246.0753342790922
840,246.0753342790922,246.0753342790922,246.0753342790922,246.0753342790922
850,246.0753342790922,246.0753342790922,246.0753342790922,246.0753342790922
860,246.0753342790922,246.0753342790922,246.0753342790922,246.0753342790922
870,246.0753342790922,246.0753342790922,246.0753342790922,246.0753342790922
880,246.0753342790922,246.0753342790922,246.0753342790922,246.0753342790922
890,246.0753342790922,246.0753342790922,246.0753342790922,246.0753342790922
900,246.0753342790922,246.0753342790922,246.0753342790922,246.0753342790922
910,246.0753342790922,246.0753342790922,246.0753342790922,246.0753342790922
920,246.0753342790922,246.0753342790922,246.0753342790922,246.0753342790922
930,246.0753342790922,246.0753342790922,246.0753342790922,246.0753342790922
940,246.0753342790922,246.0753342790922,246.0753342790922,246.0753342790922
950,246.0753342790922,246.0753342790922,246.0753342790922,246.0753342790922
960,246.0753342790922,246.0753342790922,246.0753342790922,246.0753342790922
970,246.0753342790922,246.0753342790922,246.0753342790922,246.0753342790922
980,246.0753342790922,246.0753342790922,246.0753342790922,246.0753342790922
990,246.0753342790922,246.0753342790922,246.0753342790922,246.0753342790922
1000,246.0753342790922,246.0753342790922,246.0753342790922,246.0753342790922
1010,246.0753342790922,246.0753342790922,246.0753342790922,246.0753342790922
1020,246.0753342790922,246.0753342790922,246.0753342790922,246.0753342790922
1030,246.0753342790922,246.0753342790922,246.0753342790922,246.0753342790922
1040,246.0753342790922,246.0753342790922,246.0753342790922,246.0753342790922
1050,246.0753342790922,246.0753342790922,246.0753342790922,246.0753342790922
1060,246.0753342790922,246.0753342790922,246.0753342790922,246.0753342790922
1070,246.0753342790922,246.0753342790922,246.0753342790922,246.0753342790922
1080,246.0753342790922,246.0753342790922,246.0753342790922,246.0753342790922
1090,246.0753342790922,246.0753342790922,246.0753342790922,246.0753342790922
1100,246.0753342790922,246.0753342790922,246.0753342790922,246.0753342790922
1110,246.0753342790922,246.0753342790922,246.0753342790922,246.0753342790922
1120,246.0753342790922,246.0753342790922,246.0753342790922,246.0753342790922
1130,246.0753342790922,246.0753342790922,246.0753342790922,246.0753342790922
1140,246.0753342790922,246.0753342790922,246.0753342790922,246.0753342790922
1150,246.0753342790922,246.0753342790922,246.0753342790922,246.0753342790922
1160,246.0753342790922,246.0753342790922,246.0753342790922,246.0753342790922
1170,246.0753342790922,246.0753342790922,246.0753342790922,246.0753342790922
1180,246.0753342790922,246.0753342790922,246.0753342790922,246.0753342790922
1190,246.0753342790922,246.0753342790922,246.0753342790922,246.0753342790922
1200,246.0753342790922,246.0753342790922,246.0753342790922,246.0753342790922
1210,246.0753342790922,246.0753342790922,246.0753342790922,246.0753342790922
1220,246.0753342790922,246.0753342790922,246.0753342790922,246.0753342790922
1230,246.0753342790922,246.0753342790922,246.0753342790922,246.0753342790922
1240,246.0753342790922,246.0753342790922,246.0753342790922,246.0753342790922
1250,246.0753342790922,246.0753342790922,246.0753342790922,246.0753342790922
1260,246.0753342790922,246.0753342790922,246.0753342790922,246.0753342790922
1270,246.0753342790922,246.0753342790922,246.0753342790922,246.0753342790922
1280,246.0753342790922,246.0753342790922,246.0753342790922,246.0753342790922
1290,246.0753342790922,246.0753342790922,246.0753342790922,246.0753342790922
1300,246.0753342790922,246.0753342790922,246.0753342790922,246.0753342790922
1310,246.0753342790922,246.0753342790922,246.0753342790922,246.0753342790922
1320,246.0753342790922,246.0753342790922,246.0753342790922,246.0753342790922
1330,246.0753342790922,246.0753342790922,246.0753342790922,246.0753342790922
1340,246.0753342790922,246.0753342790922,246.0753342790922,246.0753342790922
1350,246.0753342790922,246.0753342790922,246.0753342790922,246.0753342790922
1360,246.0753342790922,246.0753342790922,246.0753342790922,246.0753342790922
1370,246.0753342790922,246.0753342790922,246.0753342790922,246.0753342790922
1380,246.0753342790922,246.0753342790922,246.0753342790922,246.0753342790922
1390,246.0753342790922,246.0753342790922,246.0753342790922,246.0753342790922
1400,246.0753342790922,246.0753342790922,246.0753342790922,246.0753342790922
1410,246.0753342790922,246.0753342790922,246.0753342790922,246.0753342790922
1420,246.0753342790922,246.0753342790922,246.0753342790922,246.0753342790922
1430,246.0753342790922,246.0753342790922,246.0753342790922,246.0753342790922
1440,246.0753342790922,246.0753342790922,246.0753342790922,246.0753342790922
1440,246.0753342790922,246.0753342790922,246.0753342790922,246.0753342790922
1450,246.07564532715273,246.6003119938194,246.12097866048606,246.62162273326376
1460,246.07595637521325,247.12528970854657,246.16662304187992,247.16791118743532
1470,246.07626742327378,247.65026742327376,246.21226742327377,247.7141996416069
1480,246.07657847133427,248.17524513800095,246.2579118046676,248.26048809577847
1490,246.0768895193948,248.70022285272813,246.30355618606146,248.80677654995003
1500,246.07720056745532,249.22520056745532,246.3492005674553,249.3530650041216
1510,246.07751161551585,249.7501782821825,246.39484494884917,249.89935345829315
1520,246.07782266357637,250.2751559969097,246.44048933024303,250.44564191246474
1530,246.0781337116369,250.80013371163687,246.48613371163688,250.9919303666363
1540,246.07844475969742,251.32511142636406,246.53177809303074,251.53821882080786
1550,246.07875580775794,251.85008914109125,246.5774224744246,252.08450727497942
1560,246.07906685581844,252.37506685581843,246.62306685581842,252.63079572915098
1570,246.07937790387896,252.90004457054562,246.66871123721228,253.17708418332256
1580,246.0796889519395,253.4250222852728,246.71435561860613,253.72337263749412
1590,246.08,253.95,246.76,254.26966109166568
1600,246.08,254.146,246.81,254.4566862291274
1610,246.08,254.34199999999998,246.85999999999999,254.64371136658912
1620,246.08,254.53799999999998,246.91,254.83073650405083
1630,246.08,254.73399999999998,246.95999999999998,255.01776164151255
1640,246.08,254.92999999999998,247.01,255.20478677897427
1650,246.08,255.12599999999998,247.06,255.39181191643598
1660,246.08,255.32199999999997,247.10999999999999,255.5788370538977
1670,246.08,255.518,247.16,255.76586219135942
1680,246.08,255.714,247.20999999999998,255.95288732882113
1690,246.08,255.91,247.26,256.13991246628285
1700,246.08,256.106,247.31,256.32693760374457
1710,246.08,256.30199999999996,247.35999999999999,256.5139627412063
1720,246.08,256.498,247.41,256.700987878668
1730,246.08,256.69399999999996,247.45999999999998,256.8880130161297
1740,246.08,256.89,247.51,257.07503815359144
1750,246.08,257.12266666666665,247.54999999999998,257.32289003459726
1760,246.08,257.3553333333333,247.59,257.57074191560304
1770,246.08,257.58799999999997,247.63,257.81859379660887
1780,246.08,257.8206666666667,247.67,258.0664456776147
1790,246.08,258.05333333333334,247.71,258.31429755862047
1800,246.08,258.286,247.75,258.5621494396263
1810,246.08,258.51866666666666,247.79,258.8100013206321
1820,246.08,258.7513333333333,247.83,259.0578532016379
1830,246.08,258.984,247.87,259.3057050826437
1840,246.08,259.21666666666664,247.91,259.55355696364956
1850,246.08,259.4493333333333,247.95000000000002,259.8014088446553
1860,246.08,259.682,247.99,260.04926072566116
1870,246.08,259.9146666666667,248.03,260.297112606667
1880,246.08,260.14733333333334,248.07000000000002,260.54496448767276
1890,246.08,260.38,248.11,260.7928163686786
1900,246.08066666666667,261.0953333333333,248.2086666666667,261.52158505348245
1910,246.08133333333333,261.8106666666667,248.30733333333333,262.25035373828626
1920,246.08200000000002,262.526,248.406,262.97912242309013
1930,246.08266666666668,263.24133333333333,248.50466666666668,263.70789110789394
1940,246.08333333333334,263.95666666666665,248.60333333333335,264.4366597926978
1950,246.084,264.672,248.702,265.1654284775017
1960,246.08466666666666,265.38733333333334,248.80066666666667,265.8941971623055
1970,246.08533333333335,266.10266666666666,248.89933333333335,266.62296584710936
1980,246.086,266.818,248.99800000000002,267.35173453191317
1990,246.08666666666667,267.53333333333336,249.09666666666666,268.08050321671703
2000,246.08733333333333,268.2486666666667,249.19533333333334,268.8092719015209
2010,246.088,268.964,249.294,269.5380405863247
2020,246.08866666666668,269.6793333333333,249.39266666666668,270.2668092711286
2030,246.08933333333334,270.3946666666667,249.49133333333333,270.9955779559324
2040,246.09,271.11,249.59,271.72434664073626
2050,246.092,271.4766666666667,249.686,272.086672499352
2060,246.094,271.84333333333336,249.782,272.44899835796775
2070,246.096,272.21000000000004,249.87800000000001,272.8113242165835
2080,246.098,272.57666666666665,249.974,273.17365007519925
2090,246.1,272.9433333333333,250.07,273.535975933815
2100,246.102,273.31,250.166,273.89830179243074
2110,246.104,273.6766666666667,250.262,274.2606276510465
2120,246.106,274.04333333333335,250.358,274.6229535096623
2130,246.108,274.41,250.454,274.98527936827804
2140,246.11,274.7766666666667,250.55,275.3476052268938
2150,246.112,275.1433333333334,250.64600000000002,275.70993108550954
2160,246.114,275.51,250.742,276.0722569441253
2170,246.116,275.87666666666667,250.838,276.43458280274103
2180,246.118,276.24333333333334,250.934,276.7969086613568
2190,246.12,276.61,251.03,277.15923451997253
2200,246.12333333333333,276.90066666666667,251.12066666666666,277.44935734821127
2210,246.12666666666667,277.1913333333334,251.21133333333333,277.73948017645
2220,246.13,277.482,251.302,278.02960300468874
2230,246.13333333333333,277.7726666666667,251.39266666666666,278.31972583292753
2240,246.13666666666666,278.06333333333333,251.48333333333332,278.60984866116627
2250,246.14,278.35400000000004,251.57399999999998,278.899971489405
2260,246.14333333333332,278.6446666666667,251.66466666666665,279.19009431764374
2270,246.14666666666668,278.93533333333335,251.75533333333334,279.4802171458825
2280,246.15,279.226,251.846,279.7703399741212
2290,246.15333333333334,279.5166666666667,251.93666666666667,280.06046280235995
2300,246.15666666666667,279.80733333333336,252.02733333333333,280.3505856305987
2310,246.16,280.098,252.118,280.6407084588375
2320,246.16333333333333,280.38866666666667,252.20866666666666,280.9308312870762
2330,246.16666666666666,280.6793333333334,252.29933333333332,281.22095411531495
2340,246.17,280.97,252.39,281.5110769435537
2350,246.17666666666665,281.3,252.4813333333333,281.84844991694274
2360,246.18333333333334,281.63000000000005,252.57266666666666,282.18582289033174
2370,246.19,281.96000000000004,252.664,282.5231958637208
2380,246.19666666666666,282.29,252.7553333333333,282.86056883710984
2390,246.20333333333332,282.62,252.84666666666666,283.1979418104989
2400,246.21,282.95000000000005,252.938,283.5353147838879
2410,246.21666666666667,283.28000000000003,253.0293333333333,283.87268775727694
2420,246.22333333333333,283.61,253.12066666666666,284.210060730666
2430,246.23,283.94,253.212,284.54743370405504
2440,246.23666666666668,284.27000000000004,253.3033333333333,284.88480667744403
2450,246.24333333333334,284.6,253.39466666666667,285.2221796508331
2460,246.25,284.93,253.486,285.55955262422214
2470,246.25666666666666,285.26,253.5773333333333,285.8969255976112
2480,246.26333333333335,285.59000000000003,253.66866666666667,286.2342985710002
2490,246.27,285.92,253.76,286.57167154438923
2500,246.28,286.4186666666667,253.87199999999999,287.07574783845587
2510,246.29000000000002,286.9173333333333,253.98399999999998,287.5798241325225
2520,246.3,287.416,254.096,288.0839004265891
2530,246.31,287.9146666666667,254.208,288.5879767206557
2540,246.32,288.41333333333336,254.32,289.09205301472235
2550,246.33,288.912,254.432,289.596129308789
2560,246.34,289.41066666666666,254.54399999999998,290.1002056028556
2570,246.35,289.90933333333334,254.656,290.6042818969222
2580,246.35999999999999,290.408,254.768,291.10835819098884
2590,246.37,290.90666666666664,254.88,291.6124344850555
2600,246.38,291.4053333333333,254.992,292.1165107791221
2610,246.39,291.904,255.10399999999998,292.62058707318874
2620,246.39999999999998,292.4026666666667,255.216,293.1246633672553
2630,246.41,292.9013333333333,255.328,293.62873966132196
2640,246.42,293.4,255.44,294.1328159553886
2650,246.43466666666666,293.88866666666667,255.56266666666667,294.6271042709397
2660,246.44933333333333,294.3773333333333,255.68533333333332,295.1213925864908
2670,246.464,294.866,255.808,295.6156809020419
2680,246.47866666666664,295.3546666666667,255.93066666666667,296.109969217593
2690,246.4933333333333,295.8433333333333,256.05333333333334,296.6042575331441
2700,246.50799999999998,296.332,256.176,297.0985458486952
2710,246.52266666666665,296.8206666666667,256.29866666666663,297.5928341642463
2720,246.53733333333332,297.3093333333333,256.42133333333334,298.08712247979736
2730,246.552,297.798,256.544,298.58141079534846
2740,246.56666666666666,298.2866666666667,256.66666666666663,299.07569911089956
2750,246.58133333333333,298.7753333333333,256.78933333333333,299.56998742645067
2760,246.59599999999998,299.264,256.912,300.06427574200177
2770,246.61066666666665,299.7526666666667,257.0346666666666,300.55856405755287
2780,246.62533333333332,300.24133333333333,257.1573333333333,301.052852373104
2790,246.64,300.73,257.28,301.5471406886551
2800,246.65866666666665,301.37600000000003,257.4233333333333,302.20539940316235
2810,246.6773333333333,302.022,257.56666666666666,302.8636581176697
2820,246.696,302.668,257.71,303.52191683217694
2830,246.71466666666666,303.314,257.8533333333333,304.1801755466842
2840,246.73333333333332,303.96000000000004,257.99666666666667,304.8384342611915
2850,246.75199999999998,304.606,258.14,305.4966929756988
2860,246.77066666666664,305.252,258.2833333333333,306.1549516902061
2870,246.78933333333333,305.898,258.4266666666667,306.81321040471335
2880,246.808,306.54400000000004,258.57,307.4714691192206
2890,246.82666666666665,307.19,258.7133333333333,308.12972783372794
2900,246.84533333333331,307.836,258.8566666666667,308.7879865482352
2910,246.86399999999998,308.482,259.0,309.4462452627425
2920,246.88266666666667,309.12800000000004,259.1433333333333,310.10450397724975
2930,246.90133333333333,309.774,259.2866666666667,310.7627626917571
2940,246.92,310.42,259.43,311.42102140626434
2950,246.944,311.026,259.59333333333336,312.02644090748214
2960,246.968,311.632,259.75666666666666,312.6318604086999
2970,246.992,312.238,259.92,313.2372799099177
2980,247.016,312.844,260.0833333333333,313.84269941113547
2990,247.04,313.45,260.24666666666667,314.4481189123532
3000,247.064,314.056,260.41,315.053538413571
3010,247.088,314.662,260.5733333333333,315.6589579147888
3020,247.112,315.26800000000003,260.7366666666667,316.26437741600654
3030,247.136,315.874,260.9,316.86979691722433
3040,247.16,316.48,261.06333333333333,317.47521641844213
3050,247.184,317.086,261.2266666666667,318.08063591965987
3060,247.208,317.692,261.39,318.68605542087766
3070,247.232,318.298,261.55333333333334,319.29147492209546
3080,247.256,318.904,261.71666666666664,319.8968944233132
3090,247.28,319.51,261.88,320.502313924531
3100,247.30866666666668,319.84666666666664,262.0246666666667,320.83808460021356
3110,247.33733333333333,320.18333333333334,262.1693333333333,321.17385527589613
3120,247.366,320.52,262.314,321.5096259515787
3130,247.39466666666667,320.8566666666667,262.45866666666666,321.8453966272613
3140,247.42333333333335,321.1933333333333,262.60333333333335,322.1811673029439
3150,247.452,321.53,262.748,322.51693797862646
3160,247.48066666666668,321.8666666666667,262.8926666666667,322.852708654309
3170,247.50933333333333,322.2033333333333,263.0373333333333,323.1884793299916
3180,247.538,322.54,263.182,323.52425000567416
3190,247.56666666666666,322.87666666666667,263.32666666666665,323.86002068135673
3200,247.59533333333334,323.2133333333333,263.47133333333335,324.1957913570393
3210,247.624,323.55,263.616,324.5315620327219
3220,247.65266666666668,323.88666666666666,263.7606666666667,324.8673327084045
3230,247.68133333333333,324.22333333333336,263.9053333333333,325.20310338408706
3240,247.71,324.56,264.05,325.5388740597696
3250,247.74466666666666,324.576,264.16266666666667,325.5436083294322
3260,247.77933333333334,324.592,264.2753333333333,325.54834259909467
3270,247.814,324.608,264.38800000000003,325.5530768687572
3280,247.84866666666667,324.624,264.5006666666667,325.5578111384197
3290,247.88333333333333,324.64,264.61333333333334,325.56254540808226
3300,247.918,324.656,264.726,325.5672796777448
3310,247.95266666666666,324.672,264.83866666666665,325.5720139474073
3320,247.98733333333334,324.688,264.95133333333337,325.57674821706985
3330,248.022,324.704,265.064,325.58148248673234
3340,248.05666666666667,324.72,265.1766666666667,325.5862167563949
3350,248.09133333333332,324.736,265.28933333333333,325.59095102605744
3360,248.126,324.752,265.402,325.59568529571993
3370,248.16066666666666,324.76800000000003,265.5146666666667,325.6004195653825
3380,248.19533333333334,324.784,265.62733333333335,325.605153835045
3390,248.23,324.8,265.74,325.6098881047075
3400,248.27066666666667,325.348,265.87466666666666,326.1815646661387
3410,248.31133333333332,325.896,266.00933333333336,326.7532412275699
3420,248.352,326.444,266.144,327.32491778900106
3430,248.39266666666666,326.992,266.27866666666665,327.8965943504322
3440,248.43333333333334,327.54,266.41333333333336,328.46827091186344
3450,248.474,328.088,266.548,329.0399474732946
3460,248.51466666666667,328.636,266.68266666666665,329.61162403472576
3470,248.55533333333332,329.18399999999997,266.81733333333335,330.183300596157
3480,248.596,329.73199999999997,266.952,330.75497715758814
3490,248.63666666666666,330.28,267.08666666666664,331.3266537190193
3500,248.67733333333334,330.828,267.22133333333335,331.8983302804505
3510,248.718,331.376,267.356,332.4700068418817
3520,248.75866666666667,331.924,267.49066666666664,333.04168340331285
3530,248.79933333333332,332.472,267.62533333333334,333.61335996474406
3540,248.84,333.02,267.76,334.1850365261752
3550,248.88733333333334,333.6573333333333,267.93266666666665,334.81703991189494
3560,248.93466666666666,334.29466666666667,268.1053333333333,335.4490432976146
3570,248.982,334.93199999999996,268.278,336.0810466833343
3580,249.02933333333334,335.5693333333333,268.4506666666667,336.713050069054
3590,249.07666666666668,336.20666666666665,268.62333333333333,337.34505345477373
3600,249.124,336.844,268.796,337.9770568404934
3610,249.17133333333334,337.48133333333334,268.96866666666665,338.6090602262131
3620,249.21866666666668,338.1186666666666,269.14133333333336,339.2410636119328
3630,249.26600000000002,338.756,269.314,339.87306699765253
3640,249.31333333333333,339.3933333333333,269.4866666666667,340.5050703833722
3650,249.36066666666667,340.03066666666666,269.65933333333334,341.1370737690919
3660,249.40800000000002,340.668,269.832,341.7690771548116
3670,249.45533333333336,341.3053333333333,270.0046666666667,342.4010805405313
3680,249.50266666666667,341.94266666666664,270.17733333333337,343.033083926251
3690,249.55,342.58,270.35,343.6650873119707
3700,249.60333333333335,342.76866666666666,270.49,343.8508020544988
3710,249.65666666666667,342.95733333333334,270.63,344.0365167970269
3720,249.71,343.146,270.77000000000004,344.22223153955497
3730,249.76333333333335,343.33466666666664,270.91,344.40794628208306
3740,249.81666666666666,343.5233333333333,271.05,344.59366102461115
3750,249.87,343.712,271.19,344.77937576713924
3760,249.92333333333335,343.90066666666667,271.33,344.96509050966733
3770,249.97666666666666,344.08933333333334,271.47,345.1508052521954
3780,250.03,344.278,271.61,345.3365199947235
3790,250.08333333333334,344.4666666666667,271.75,345.5222347372516
3800,250.13666666666666,344.6553333333334,271.89,345.7079494797797
3810,250.19,344.844,272.03,345.8936642223078
3820,250.24333333333334,345.03266666666667,272.17,346.0793789648359
3830,250.29666666666665,345.22133333333335,272.31,346.265093707364
3840,250.35,345.41,272.45,346.45080844989207
3850,250.40866666666665,345.74333333333334,272.5933333333333,346.78862920674516
3860,250.46733333333333,346.0766666666667,272.7366666666667,347.12644996359825
3870,250.52599999999998,346.41,272.88,347.46427072045134
3880,250.58466666666666,346.74333333333334,273.0233333333333,347.80209147730443
3890,250.64333333333332,347.0766666666667,273.1666666666667,348.1399122341575
3900,250.702,347.41,273.31,348.4777329910106
3910,250.76066666666665,347.74333333333334,273.4533333333333,348.8155537478637
3920,250.81933333333333,348.0766666666667,273.5966666666667,349.15337450471674
3930,250.878,348.41,273.74,349.4911952615698
3940,250.93666666666667,348.74333333333334,273.8833333333333,349.8290160184229
3950,250.99533333333332,349.0766666666667,274.0266666666667,350.166836775276
3960,251.054,349.41,274.17,350.5046575321291
3970,251.11266666666666,349.74333333333334,274.31333333333333,350.8424782889822
3980,251.17133333333334,350.0766666666667,274.4566666666667,351.1802990458353
3990,251.23,350.41,274.6,351.5181198026884
4000,251.29466666666664,350.8453333333334,274.75333333333333,351.9603576845516
4010,251.35933333333332,351.28066666666666,274.9066666666667,352.40259556641473
4020,251.42399999999998,351.716,275.06,352.84483344827794
4030,251.48866666666666,352.15133333333335,275.21333333333337,353.28707133014115
4040,251.5533333333333,352.5866666666667,275.3666666666667,353.72930921200435
4050,251.618,353.022,275.52,354.1715470938675
4060,251.68266666666665,353.45733333333334,275.67333333333335,354.6137849757307
4070,251.74733333333333,353.8926666666667,275.82666666666665,355.0560228575939
4080,251.81199999999998,354.32800000000003,275.98,355.4982607394571
4090,251.87666666666667,354.7633333333333,276.1333333333333,355.9404986213203
4100,251.94133333333332,355.19866666666667,276.28666666666663,356.3827365031835
4110,252.006,355.634,276.44,356.8249743850467
4120,252.07066666666665,356.06933333333336,276.5933333333333,357.2672122669099
4130,252.13533333333334,356.50466666666665,276.74666666666667,357.70945014877304
4140,252.2,356.94,276.9,358.15168803063625
4150,252.26933333333332,357.37666666666667,277.0653333333333,358.5895509170331
4160,252.33866666666665,357.81333333333333,277.23066666666665,359.02741380342997
4170,252.408,358.25,277.39599999999996,359.4652766898268
4180,252.47733333333332,358.68666666666667,277.5613333333333,359.9031395762237
4190,252.54666666666665,359.12333333333333,277.72666666666663,360.3410024626205
4200,252.61599999999999,359.56,277.892,360.7788653490174
4210,252.68533333333332,359.99666666666667,278.0573333333333,361.2167282354142
4220,252.75466666666668,360.43333333333334,278.22266666666667,361.6545911218111
4230,252.824,360.87,278.388,362.09245400820794
4240,252.89333333333335,361.3066666666667,278.55333333333334,362.5303168946048
4250,252.96266666666668,361.74333333333334,278.71866666666665,362.96817978100165
4260,253.032,362.18,278.884,363.40604266739854
4270,253.10133333333334,362.6166666666667,279.0493333333333,363.84390555379537
4280,253.17066666666668,363.05333333333334,279.2146666666667,364.28176844019225
4290,253.24,363.49,279.38,364.7196313265891
4300,253.31533333333334,363.814,279.53933333333333,365.04432709704315
4310,253.39066666666668,364.13800000000003,279.69866666666667,365.3690228674972
4320,253.466,364.462,279.858,365.6937186379513
4330,253.54133333333334,364.786,280.01733333333334,366.01841440840536
4340,253.61666666666667,365.11,280.1766666666667,366.34311017885943
4350,253.692,365.434,280.336,366.6678059493135
4360,253.76733333333334,365.75800000000004,280.49533333333335,366.9925017197676
4370,253.84266666666667,366.082,280.6546666666666,367.3171974902217
4380,253.918,366.406,280.81399999999996,367.6418932606758
4390,253.99333333333334,366.73,280.9733333333333,367.96658903112984
4400,254.06866666666667,367.05400000000003,281.13266666666664,368.2912848015839
4410,254.144,367.37800000000004,281.292,368.615980572038
4420,254.21933333333334,367.702,281.4513333333333,368.94067634249205
4430,254.29466666666667,368.026,281.61066666666665,369.2653721129461
4440,254.37,368.35,281.77,369.5900678834002
4450,254.45000000000002,368.77000000000004,281.9373333333333,370.0148167210752
4460,254.53,369.19,282.1046666666667,370.43956555875025
4470,254.61,369.61,282.272,370.86431439642524
4480,254.69,370.03000000000003,282.4393333333333,371.28906323410024
4490,254.77,370.45,282.6066666666666,371.7138120717753
4500,254.85,370.87,282.774,372.1385609094503
4510,254.93,371.29,282.9413333333333,372.5633097471253
4520,255.01,371.71,283.10866666666664,372.98805858480034
4530,255.09,372.13,283.27599999999995,373.41280742247534
4540,255.17,372.55,283.4433333333333,373.83755626015034
4550,255.25,372.96999999999997,283.61066666666665,374.2623050978254
4560,255.32999999999998,373.39,283.77799999999996,374.6870539355004
4570,255.41,373.81,283.9453333333333,375.1118027731754
4580,255.48999999999998,374.22999999999996,284.11266666666666,375.53655161085044
4590,255.57,374.65,284.28,375.96130044852544
4600,255.65466666666666,375.17133333333334,284.45799999999997,376.48825063592835
4610,255.73933333333332,375.69266666666664,284.63599999999997,377.0152008233312
4620,255.82399999999998,376.214,284.81399999999996,377.54215101073413
4630,255.90866666666665,376.7353333333333,284.99199999999996,378.06910119813705
4640,255.9933333333333,377.25666666666666,285.16999999999996,378.5960513855399
4650,256.078,377.778,285.34799999999996,379.1230015729428
4660,256.16266666666667,378.2993333333333,285.52599999999995,379.64995176034574
4670,256.2473333333333,378.8206666666667,285.704,380.1769019477486
4680,256.332,379.342,285.882,380.7038521351515
4690,256.41666666666663,379.86333333333334,286.06,381.23080232255444
4700,256.5013333333333,380.3846666666667,286.238,381.7577525099573
4710,256.58599999999996,380.906,286.416,382.2847026973602
4720,256.67066666666665,381.42733333333337,286.594,382.81165288476313
4730,256.7553333333333,381.94866666666667,286.772,383.338603072166
4740,256.84,382.47,286.95,383.8655532595689
4750,256.92866666666663,382.9893333333334,287.13733333333334,384.3871206193695
4760,257.01733333333334,383.50866666666667,287.32466666666664,384.90868797917017
4770,257.106,384.028,287.512,385.43025533897077
4780,257.19466666666665,384.54733333333337,287.6993333333333,385.95182269877137
4790,257.2833333333333,385.06666666666666,287.88666666666666,386.473390058572
4800,257.372,385.586,288.074,386.9949574183726
4810,257.46066666666667,386.10533333333336,288.2613333333333,387.5165247781732
4820,257.5493333333333,386.62466666666666,288.44866666666667,388.0380921379739
4830,257.638,387.144,288.63599999999997,388.5596594977745
4840,257.7266666666667,387.66333333333336,288.8233333333333,389.0812268575751
4850,257.81533333333334,388.18266666666665,289.0106666666667,389.60279421737573
4860,257.904,388.702,289.198,390.12436157717633
4870,257.99266666666665,389.22133333333335,289.38533333333334,390.64592893697693
4880,258.08133333333336,389.74066666666664,289.57266666666663,391.1674962967776
4890,258.17,390.26,289.76,391.6890636565782
4900,258.2633333333333,390.6666666666667,289.94466666666665,392.09766401144634
4910,258.3566666666667,391.0733333333333,290.1293333333333,392.5062643663145
4920,258.45,391.48,290.31399999999996,392.9148647211827
4930,258.54333333333335,391.88666666666666,290.4986666666667,393.32346507605087
4940,258.63666666666666,392.29333333333335,290.68333333333334,393.732065430919
4950,258.73,392.7,290.868,394.1406657857872
4960,258.8233333333333,393.1066666666667,291.05266666666665,394.54926614065533
4970,258.9166666666667,393.5133333333333,291.2373333333333,394.95786649552355
4980,259.01,393.92,291.42199999999997,395.3664668503917
4990,259.10333333333335,394.32666666666665,291.6066666666666,395.77506720525986
5000,259.19666666666666,394.73333333333335,291.7913333333333,396.183667560128
5010,259.29,395.14,291.976,396.59226791499617
5020,259.3833333333333,395.5466666666667,292.16066666666666,397.0008682698644
5030,259.4766666666667,395.9533333333333,292.3453333333333,397.40946862473254
5040,259.57,396.36,292.53,397.8180689796007
5050,259.668,396.374,292.68399999999997,397.8188847719636
5060,259.766,396.38800000000003,292.83799999999997,397.8197005643265
5070,259.864,396.402,292.99199999999996,397.82051635668944
5080,259.962,396.416,293.14599999999996,397.82133214905235
5090,260.06,396.43,293.29999999999995,397.82214794141527
5100,260.158,396.444,293.45399999999995,397.8229637337782
5110,260.25600000000003,396.458,293.60799999999995,397.8237795261411
5120,260.354,396.472,293.762,397.824595318504
5130,260.452,396.486,293.916,397.8254111108669
5140,260.55,396.5,294.07,397.82622690322984
5150,260.648,396.514,294.224,397.82704269559275
5160,260.74600000000004,396.528,294.378,397.82785848795567
5170,260.844,396.542,294.532,397.8286742803186
5180,260.942,396.556,294.686,397.8294900726815
5190,261.04,396.57,294.84,397.8303058650444
5200,261.1426666666667,396.52666666666664,294.972,397.78086477717727
5210,261.24533333333335,396.48333333333335,295.104,397.73142368931013
5220,261.348,396.44,295.236,397.681982601443
5230,261.4506666666667,396.39666666666665,295.368,397.63254151357586
5240,261.55333333333334,396.35333333333335,295.5,397.5831004257087
5250,261.656,396.31,295.632,397.5336593378416
5260,261.75866666666667,396.26666666666665,295.764,397.48421824997445
5270,261.86133333333333,396.22333333333336,295.89599999999996,397.43477716210737
5280,261.964,396.18,296.02799999999996,397.38533607424023
5290,262.06666666666666,396.13666666666666,296.15999999999997,397.3358949863731
5300,262.1693333333333,396.09333333333336,296.292,397.28645389850595
5310,262.272,396.05,296.424,397.2370128106388
5320,262.37466666666666,396.00666666666666,296.556,397.1875717227717
5330,262.4773333333333,395.96333333333337,296.688,397.13813063490454
5340,262.58,395.92,296.82,397.0886895470374
5350,262.6873333333333,395.81466666666665,296.93399999999997,396.9763437265062
5360,262.79466666666667,395.70933333333335,297.048,396.863997905975
5370,262.902,395.604,297.162,396.75165208544377
5380,263.0093333333333,395.4986666666667,297.276,396.6393062649126
5390,263.1166666666667,395.3933333333333,297.39,396.52696044438136
5400,263.224,395.288,297.50399999999996,396.4146146238502
5410,263.3313333333333,395.18266666666665,297.618,396.30226880331895
5420,263.4386666666667,395.07733333333334,297.73199999999997,396.1899229827878
5430,263.546,394.972,297.846,396.07757716225655
5440,263.6533333333333,394.8666666666667,297.96,395.96523134172537
5450,263.7606666666667,394.7613333333333,298.07399999999996,395.85288552119414
5460,263.868,394.656,298.188,395.74053970066296
5470,263.9753333333333,394.55066666666664,298.30199999999996,395.62819388013173
5480,264.0826666666667,394.44533333333334,298.416,395.51584805960056
5490,264.19,394.34,298.53,395.4035022390693
5500,264.30133333333333,394.1573333333333,298.6253333333333,395.21560383344
5510,264.41266666666667,393.9746666666666,298.72066666666666,395.0277054278107
5520,264.524,393.792,298.816,394.8398070221814
5530,264.63533333333334,393.6093333333333,298.9113333333333,394.6519086165521
5540,264.74666666666667,393.4266666666667,299.00666666666666,394.46401021092277
5550,264.858,393.24399999999997,299.102,394.27611180529345
5560,264.96933333333334,393.0613333333333,299.1973333333333,394.08821339966414
5570,265.0806666666667,392.8786666666667,299.29266666666666,393.9003149940349
5580,265.192,392.696,299.388,393.7124165884056
5590,265.30333333333334,392.5133333333333,299.4833333333333,393.52451818277626
5600,265.4146666666667,392.3306666666667,299.57866666666666,393.33661977714695
5610,265.526,392.148,299.674,393.14872137151764
5620,265.63733333333334,391.9653333333334,299.7693333333333,392.9608229658883
5630,265.7486666666667,391.78266666666667,299.86466666666666,392.772924560259
5640,265.86,391.6,299.96,392.5850261546297
5650,265.97533333333337,391.78266666666667,300.07266666666663,392.7774987120311
5660,266.09066666666666,391.9653333333334,300.1853333333333,392.96997126943245
5670,266.206,392.148,300.298,393.16244382683385
5680,266.3213333333333,392.3306666666667,300.41066666666666,393.35491638423525
5690,266.43666666666667,392.5133333333333,300.5233333333333,393.54738894163665
5700,266.552,392.696,300.63599999999997,393.739861499038
5710,266.6673333333333,392.8786666666667,300.7486666666666,393.9323340564394
5720,266.78266666666667,393.0613333333333,300.86133333333333,394.1248066138408
5730,266.89799999999997,393.24399999999997,300.974,394.3172791712422
5740,267.0133333333333,393.4266666666667,301.08666666666664,394.50975172864355
5750,267.1286666666667,393.6093333333333,301.1993333333333,394.70222428604495
5760,267.24399999999997,393.792,301.31199999999995,394.89469684344635
5770,267.3593333333333,393.9746666666666,301.42466666666667,395.08716940084776
5780,267.4746666666666,394.1573333333333,301.5373333333333,395.2796419582491
5790,267.59,394.34,301.65,395.4721145156505
5800,267.70799999999997,394.46666666666664,301.7693333333333,395.5971384773067
5810,267.82599999999996,394.5933333333333,301.88866666666667,395.72216243896287
5820,267.94399999999996,394.71999999999997,302.008,395.8471864006191
5830,268.062,394.84666666666664,302.1273333333333,395.97221036227523
5840,268.18,394.9733333333333,302.24666666666667,396.09723432393145
5850,268.298,395.09999999999997,302.366,396.2222582855876
5860,268.416,395.22666666666663,302.4853333333333,396.3472822472438
5870,268.534,395.35333333333335,302.6046666666667,396.47230620889997
5880,268.652,395.48,302.724,396.5973301705562
5890,268.77,395.6066666666667,302.8433333333333,396.72235413221233
5900,268.888,395.73333333333335,302.9626666666667,396.84737809386854
5910,269.00600000000003,395.86,303.082,396.9724020555247
5920,269.124,395.9866666666667,303.2013333333333,397.0974260171809
5930,269.242,396.11333333333334,303.3206666666667,397.22244997883706
5940,269.36,396.24,303.44,397.3474739404933
5950,269.48,396.26800000000003,303.55266666666665,397.37029566572056
5960,269.6,396.296,303.6653333333333,397.39311739094785
5970,269.72,396.324,303.778,397.41593911617514
5980,269.84000000000003,396.35200000000003,303.8906666666667,397.4387608414024
5990,269.96000000000004,396.38,304.00333333333333,397.4615825666297
6000,270.08000000000004,396.408,304.116,397.484404291857
6010,270.20000000000005,396.43600000000004,304.22866666666664,397.5072260170843
6020,270.32,396.464,304.34133333333335,397.53004774231164
6030,270.44,396.492,304.454,397.5528694675389
6040,270.56,396.52000000000004,304.56666666666666,397.5756911927662
6050,270.68,396.548,304.6793333333333,397.5985129179935
6060,270.8,396.576,304.792,397.6213346432208
6070,270.92,396.60400000000004,304.9046666666667,397.6441563684481
6080,271.04,396.632,305.01733333333334,397.66697809367537
6090,271.16,396.66,305.13,397.68979981890266
6100,271.2806666666667,396.55,305.2246666666667,397.57566566701735
6110,271.40133333333335,396.44,305.3193333333333,397.4615315151321
6120,271.52200000000005,396.33000000000004,305.414,397.3473973632468
6130,271.6426666666667,396.22,305.50866666666667,397.2332632113615
6140,271.7633333333334,396.11,305.60333333333335,397.1191290594762
6150,271.884,396.0,305.698,397.0049949075909
6160,272.0046666666667,395.89,305.79266666666666,396.8908607557056
6170,272.12533333333334,395.78000000000003,305.88733333333334,396.77672660382035
6180,272.24600000000004,395.67,305.982,396.66259245193504
6190,272.3666666666667,395.56,306.07666666666665,396.54845830004973
6200,272.48733333333337,395.45,306.17133333333334,396.4343241481645
6210,272.608,395.34,306.266,396.32018999627917
6220,272.7286666666667,395.23,306.3606666666667,396.20605584439386
6230,272.84933333333333,395.12,306.45533333333333,396.0919216925086
6240,272.97,395.01,306.55,395.9777875406233
6250,273.09133333333335,395.0613333333333,306.64866666666666,396.0323674645839
6260,273.2126666666667,395.11266666666666,306.74733333333336,396.0869473885445
6270,273.334,395.164,306.846,396.14152731250516
6280,273.4553333333334,395.2153333333333,306.94466666666665,396.19610723646576
6290,273.5766666666667,395.26666666666665,307.04333333333335,396.25068716042637
6300,273.69800000000004,395.318,307.142,396.30526708438697
6310,273.81933333333336,395.3693333333333,307.24066666666664,396.3598470083476
6320,273.9406666666667,395.42066666666665,307.33933333333334,396.41442693230823
6330,274.062,395.472,307.438,396.46900685626883
6340,274.18333333333334,395.5233333333333,307.53666666666663,396.52358678022944
6350,274.30466666666666,395.57466666666664,307.63533333333334,396.57816670419004
6360,274.42600000000004,395.626,307.734,396.63274662815064
6370,274.54733333333337,395.6773333333333,307.8326666666666,396.6873265521113
6380,274.6686666666667,395.72866666666664,307.9313333333333,396.7419064760719
6390,274.79,395.78,308.03,396.7964864000325
6400,274.9106666666667,395.78066666666666,308.1273333333333,396.79415918291704
6410,275.03133333333335,395.7813333333333,308.2246666666666,396.79183196580163
6420,275.15200000000004,395.782,308.322,396.78950474868617
6430,275.2726666666667,395.78266666666667,308.4193333333333,396.7871775315707
6440,275.3933333333334,395.7833333333333,308.51666666666665,396.7848503144553
6450,275.514,395.784,308.614,396.78252309733983
6460,275.6346666666667,395.7846666666667,308.7113333333333,396.78019588022437
6470,275.75533333333334,395.7853333333333,308.8086666666667,396.77786866310896
6480,275.87600000000003,395.786,308.906,396.7755414459935
6490,275.99666666666667,395.7866666666667,309.00333333333333,396.77321422887803
6500,276.11733333333336,395.7873333333333,309.10066666666665,396.7708870117626
6510,276.238,395.788,309.198,396.76855979464716
6520,276.3586666666667,395.7886666666667,309.29533333333336,396.7662325775317
6530,276.47933333333333,395.78933333333333,309.3926666666667,396.7639053604163
6540,276.6,395.79,309.49,396.7615781433008
6550,276.7206666666667,395.7386666666667,309.58,396.70671341625956
6560,276.84133333333335,395.68733333333336,309.67,396.65184868921824
6570,276.96200000000005,395.636,309.76,396.596983962177
6580,277.0826666666667,395.5846666666667,309.85,396.5421192351357
6590,277.2033333333334,395.53333333333336,309.94,396.4872545080944
6600,277.324,395.482,310.03,396.43238978105313
6610,277.4446666666667,395.4306666666667,310.12,396.37752505401187
6620,277.56533333333334,395.3793333333333,310.21,396.32266032697055
6630,277.68600000000004,395.328,310.3,396.2677955999293
6640,277.8066666666667,395.27666666666664,310.39,396.212930872888
6650,277.92733333333337,395.2253333333333,310.47999999999996,396.1580661458467
6660,278.048,395.174,310.57,396.10320141880544
6670,278.1686666666667,395.12266666666665,310.65999999999997,396.0483366917642
6680,278.28933333333333,395.0713333333333,310.75,395.99347196472286
6690,278.41,395.02,310.84,395.9386072376816
6700,278.53000000000003,394.91999999999996,310.92066666666665,395.8355746318647
6710,278.65000000000003,394.82,311.0013333333333,395.7325420260477
6720,278.77000000000004,394.71999999999997,311.082,395.6295094202308
6730,278.89,394.62,311.16266666666667,395.5264768144139
6740,279.01,394.52,311.24333333333334,395.42344420859695
6750,279.13,394.41999999999996,311.324,395.32041160278004
6760,279.25,394.32,311.4046666666667,395.21737899696313
6770,279.37,394.21999999999997,311.4853333333333,395.11434639114617
6780,279.49,394.12,311.566,395.01131378532926
6790,279.61,394.02,311.64666666666665,394.90828117951236
6800,279.73,393.91999999999996,311.7273333333333,394.8052485736954
6810,279.84999999999997,393.82,311.808,394.7022159678785
6820,279.96999999999997,393.71999999999997,311.88866666666667,394.5991833620616
6830,280.09,393.62,311.96933333333334,394.4961507562446
6840,280.21,393.52,312.05,394.3931181504277
6850,280.32866666666666,393.57599999999996,312.13733333333334,394.45284938961595
6860,280.4473333333333,393.632,312.2246666666667,394.51258062880424
6870,280.566,393.688,312.312,394.5723118679925
6880,280.68466666666666,393.74399999999997,312.39933333333335,394.6320431071808
6890,280.80333333333334,393.8,312.4866666666667,394.691774346369
6900,280.92199999999997,393.856,312.574,394.7515055855573
6910,281.04066666666665,393.912,312.66133333333335,394.81123682474555
6920,281.15933333333334,393.968,312.7486666666667,394.87096806393384
6930,281.278,394.024,312.836,394.9306993031221
6940,281.39666666666665,394.08,312.92333333333335,394.9904305423104
6950,281.51533333333333,394.136,313.0106666666667,395.0501617814986
6960,281.634,394.192,313.098,395.1098930206869
6970,281.7526666666667,394.248,313.18533333333335,395.16962425987515
6980,281.8713333333333,394.30400000000003,313.2726666666667,395.22935549906344
6990,281.99,394.36,313.36,395.2890867382517
7000,282.108,394.3126666666667,313.4433333333333,395.2369201999241
7010,282.226,394.26533333333333,313.5266666666667,395.1847536615965
7020,282.344,394.218,313.61,395.1325871232689
7030,282.462,394.17066666666665,313.6933333333333,395.0804205849413
7040,282.58,394.12333333333333,313.7766666666667,395.0282540466137
7050,282.698,394.076,313.86,394.9760875082861
7060,282.816,394.02866666666665,313.9433333333333,394.92392096995854
7070,282.934,393.98133333333334,314.0266666666667,394.8717544316309
7080,283.052,393.93399999999997,314.11,394.8195878933033
7090,283.17,393.88666666666666,314.1933333333333,394.76742135497574
7100,283.288,393.83933333333334,314.2766666666667,394.71525481664816
7110,283.406,393.792,314.36,394.6630882783206
7120,283.524,393.74466666666666,314.4433333333333,394.61092173999293
7130,283.642,393.6973333333333,314.5266666666667,394.55875520166535
7140,283.76,393.65,314.61,394.50658866333777
7150,283.876,393.6306666666666,314.688,394.4903676597979
7160,283.992,393.61133333333333,314.766,394.47414665625814
7170,284.108,393.592,314.844,394.4579256527183
7180,284.224,393.57266666666663,314.922,394.4417046491785
7190,284.34,393.55333333333334,315.0,394.4254836456387
7200,284.456,393.534,315.078,394.4092626420989
7210,284.572,393.51466666666664,315.156,394.39304163855905
7220,284.688,393.49533333333335,315.234,394.37682063501927
7230,284.804,393.476,315.312,394.36059963147943
7240,284.92,393.45666666666665,315.39,394.34437862793965
7250,285.036,393.43733333333336,315.46799999999996,394.3281576243998
7260,285.152,393.418,315.546,394.31193662086
7270,285.268,393.39866666666666,315.62399999999997,394.2957156173202
7280,285.384,393.37933333333336,315.702,394.2794946137804
7290,285.5,393.36,315.78,394.26327361024056
7300,285.61466666666666,393.5246666666667,315.87466666666666,394.4308414537922
7310,285.72933333333333,393.68933333333337,315.9693333333333,394.59840929734384
7320,285.844,393.854,316.06399999999996,394.7659771408955
7330,285.95866666666666,394.01866666666666,316.15866666666665,394.93354498444705
7340,286.0733333333333,394.18333333333334,316.25333333333333,395.1011128279987
7350,286.188,394.348,316.34799999999996,395.2686806715503
7360,286.30266666666665,394.5126666666667,316.44266666666664,395.43624851510197
7370,286.4173333333334,394.6773333333333,316.5373333333333,395.6038163586536
7380,286.53200000000004,394.842,316.632,395.77138420220524
7390,286.6466666666667,395.00666666666666,316.72666666666663,395.9389520457569
7400,286.76133333333337,395.17133333333334,316.8213333333333,396.1065198893085
7410,286.87600000000003,395.336,316.916,396.2740877328601
7420,286.9906666666667,395.50066666666663,317.0106666666667,396.44165557641173
7430,287.10533333333336,395.6653333333333,317.1053333333333,396.60922341996337
7440,287.22,395.83,317.2,396.776791263515
7450,287.33333333333337,395.63866666666667,317.2733333333333,396.5732446896423
7460,287.4466666666667,395.4473333333333,317.34666666666664,396.36969811576967
7470,287.56,395.256,317.42,396.16615154189697
7480,287.67333333333335,395.06466666666665,317.49333333333334,395.96260496802427
7490,287.7866666666667,394.87333333333333,317.56666666666666,395.7590583941516
7500,287.90000000000003,394.68199999999996,317.64,395.5555118202789
7510,288.0133333333334,394.49066666666664,317.7133333333333,395.3519652464062
7520,288.12666666666667,394.2993333333333,317.7866666666667,395.1484186725336
7530,288.24,394.108,317.86,394.9448720986609
7540,288.35333333333335,393.91666666666663,317.93333333333334,394.7413255247882
7550,288.4666666666667,393.7253333333333,318.00666666666666,394.53777895091554
7560,288.58000000000004,393.534,318.08,394.33423237704284
7570,288.6933333333333,393.3426666666667,318.15333333333336,394.13068580317014
7580,288.8066666666667,393.1513333333333,318.2266666666667,393.9271392292975
7590,288.92,392.96,318.3,393.7235926554248
7600,289.03133333333335,392.89466666666664,318.36733333333336,393.66095710738733
7610,289.1426666666667,392.8293333333333,318.43466666666666,393.5983215593498
7620,289.254,392.764,318.502,393.53568601131235
7630,289.36533333333335,392.69866666666667,318.56933333333336,393.4730504632749
7640,289.4766666666667,392.6333333333333,318.63666666666666,393.41041491523737
7650,289.588,392.568,318.704,393.3477793671999
7660,289.69933333333336,392.50266666666664,318.77133333333336,393.28514381916244
7670,289.81066666666663,392.43733333333336,318.83866666666665,393.2225082711249
7680,289.92199999999997,392.372,318.906,393.15987272308746
7690,290.0333333333333,392.3066666666667,318.97333333333336,393.09723717505
7700,290.14466666666664,392.24133333333333,319.04066666666665,393.0346016270125
7710,290.256,392.176,319.108,392.971966078975
7720,290.3673333333333,392.1106666666667,319.17533333333336,392.90933053093755
7730,290.47866666666664,392.04533333333336,319.24266666666665,392.84669498290003
7740,290.59,391.98,319.31,392.78405943486257
7750,290.6993333333333,391.994,319.384,392.79791847024075
7760,290.8086666666666,392.00800000000004,319.458,392.8117775056189
7770,290.918,392.022,319.532,392.8256365409971
7780,291.02733333333333,392.036,319.606,392.83949557637527
7790,291.13666666666666,392.05,319.68,392.85335461175345
7800,291.246,392.064,319.754,392.8672136471316
7810,291.3553333333333,392.07800000000003,319.82800000000003,392.8810726825098
7820,291.4646666666667,392.092,319.902,392.894931717888
7830,291.574,392.106,319.976,392.9087907532662
7840,291.68333333333334,392.12,320.05,392.9226497886444
7850,291.79266666666666,392.134,320.124,392.93650882402255
7860,291.902,392.148,320.19800000000004,392.9503678594007
7870,292.01133333333337,392.162,320.272,392.9642268947789
7880,292.1206666666667,392.176,320.346,392.9780859301571
7890,292.23,392.19,320.42,392.99194496553525
7900,292.33733333333333,392.216,320.49666666666667,393.0178821419096
7910,292.4446666666667,392.242,320.5733333333333,393.04381931828385
7920,292.552,392.268,320.65000000000003,393.0697564946582
7930,292.65933333333334,392.294,320.7266666666667,393.0956936710325
7940,292.76666666666665,392.32,320.80333333333334,393.12163084740683
7950,292.874,392.346,320.88,393.1475680237811
7960,292.98133333333334,392.372,320.95666666666665,393.17350520015543
7970,293.08866666666665,392.39799999999997,321.03333333333336,393.19944237652976
7980,293.19599999999997,392.424,321.11,393.2253795529041
7990,293.30333333333334,392.45,321.18666666666667,393.25131672927836
8000,293.41066666666666,392.476,321.2633333333333,393.2772539056527
8010,293.518,392.502,321.34,393.303191082027
8020,293.6253333333333,392.52799999999996,321.4166666666667,393.32912825840134
8030,293.73266666666666,392.554,321.49333333333334,393.3550654347756
8040,293.84,392.58,321.57,393.38100261114994
8050,293.94599999999997,392.376,321.628,393.1675240643929
8060,294.05199999999996,392.17199999999997,321.686,392.95404551763596
8070,294.15799999999996,391.96799999999996,321.74399999999997,392.74056697087894
8080,294.264,391.764,321.802,392.5270884241219
8090,294.37,391.56,321.86,392.31360987736497
8100,294.476,391.356,321.918,392.10013133060795
8110,294.582,391.152,321.976,391.88665278385093
8120,294.688,390.948,322.034,391.673174237094
8130,294.794,390.74399999999997,322.092,391.45969569033696
8140,294.9,390.53999999999996,322.15,391.24621714357994
8150,295.006,390.33599999999996,322.20799999999997,391.032738596823
8160,295.112,390.132,322.266,390.81926005006596
8170,295.218,389.928,322.324,390.60578150330895
8180,295.324,389.724,322.382,390.392302956552
8190,295.43,389.52,322.44,390.17882440979497
8200,295.534,389.7246666666666,322.51466666666664,390.39984252452996
8210,295.63800000000003,389.9293333333333,322.58933333333334,390.62086063926495
8220,295.742,390.13399999999996,322.664,390.84187875399994
8230,295.846,390.33866666666665,322.7386666666667,391.062896868735
8240,295.95,390.5433333333333,322.81333333333333,391.28391498346997
8250,296.05400000000003,390.748,322.888,391.50493309820496
8260,296.158,390.95266666666663,322.9626666666667,391.72595121293995
8270,296.262,391.1573333333333,323.0373333333333,391.94696932767494
8280,296.366,391.36199999999997,323.112,392.1679874424099
8290,296.47,391.56666666666666,323.18666666666667,392.3890055571449
8300,296.574,391.7713333333333,323.2613333333333,392.6100236718799
8310,296.678,391.976,323.336,392.83104178661495
8320,296.782,392.18066666666664,323.41066666666666,393.05205990134993
8330,296.886,392.38533333333334,323.48533333333336,393.2730780160849
8340,296.99,392.59,323.56,393.4940961308199
8350,297.092,392.84999999999997,323.6653333333333,393.74916743602864
8360,297.194,393.10999999999996,323.77066666666667,394.0042387412373
8370,297.296,393.37,323.876,394.25931004644605
8380,297.398,393.63,323.98133333333334,394.5143813516547
8390,297.5,393.89,324.08666666666664,394.76945265686345
8400,297.602,394.15,324.192,395.0245239620721
8410,297.704,394.40999999999997,324.2973333333333,395.27959526728085
8420,297.806,394.67,324.4026666666667,395.5346665724895
8430,297.908,394.93,324.508,395.78973787769826
8440,298.01,395.19,324.61333333333334,396.04480918290693
8450,298.11199999999997,395.45,324.71866666666665,396.29988048811566
8460,298.214,395.71,324.824,396.55495179332434
8470,298.316,395.97,324.9293333333333,396.81002309853307
8480,298.418,396.23,325.0346666666667,397.06509440374174
8490,298.52,396.49,325.14,397.32016570895047
8500,298.62,396.384,325.216,397.20884673361456
8510,298.71999999999997,396.278,325.292,397.0975277582787
8520,298.82,396.172,325.368,396.9862087829428
8530,298.91999999999996,396.066,325.44399999999996,396.8748898076069
8540,299.02,395.96,325.52,396.763570832271
8550,299.12,395.854,325.596,396.65225185693515
8560,299.21999999999997,395.748,325.67199999999997,396.54093288159925
8570,299.32,395.642,325.748,396.42961390626334
8580,299.41999999999996,395.536,325.82399999999996,396.31829493092744
8590,299.52,395.43,325.9,396.2069759555916
8600,299.62,395.324,325.976,396.0956569802557
8610,299.71999999999997,395.21799999999996,326.05199999999996,395.9843380049198
8620,299.82,395.11199999999997,326.128,395.8730190295839
8630,299.91999999999996,395.006,326.20399999999995,395.761700054248
8640,300.02,394.9,326.28,395.6503810789121
8650,300.1166666666667,394.39466666666664,326.31199999999995,395.12570252638284
8660,300.2133333333333,393.8893333333333,326.344,394.6010239738536
8670,300.31,393.38399999999996,326.376,394.07634542132433
8680,300.40666666666664,392.8786666666667,326.40799999999996,393.5516668687951
8690,300.50333333333333,392.37333333333333,326.44,393.02698831626583
8700,300.6,391.868,326.472,392.5023097637366
8710,300.69666666666666,391.36266666666666,326.50399999999996,391.9776312112073
8720,300.79333333333335,390.8573333333333,326.536,391.4529526586781
8730,300.89,390.352,326.568,390.9282741061488
8740,300.9866666666667,389.84666666666664,326.59999999999997,390.4035955536196
8750,301.08333333333337,389.3413333333333,326.632,389.8789170010903
8760,301.18,388.836,326.664,389.3542384485611
8770,301.2766666666667,388.3306666666667,326.69599999999997,388.8295598960318
8780,301.37333333333333,387.82533333333333,326.728,388.3048813435026
8790,301.47,387.32,326.76,387.7802027909733
8800,301.5613333333334,387.008,326.77666666666664,387.4692139529701
8810,301.6526666666667,386.69599999999997,326.79333333333335,387.1582251149669
8820,301.744,386.384,326.81,386.8472362769637
8830,301.8353333333333,386.072,326.82666666666665,386.5362474389605
8840,301.9266666666667,385.76,326.8433333333333,386.2252586009573
8850,302.01800000000003,385.448,326.86,385.9142697629541
8860,302.1093333333333,385.13599999999997,326.87666666666667,385.6032809249509
8870,302.2006666666667,384.824,326.8933333333333,385.29229208694767
8880,302.292,384.512,326.90999999999997,384.98130324894447
8890,302.3833333333333,384.2,326.9266666666667,384.6703144109413
8900,302.4746666666667,383.888,326.9433333333333,384.3593255729381
8910,302.566,383.57599999999996,326.96,384.0483367349349
8920,302.6573333333333,383.264,326.97666666666663,383.7373478969317
8930,302.7486666666666,382.952,326.99333333333334,383.4263590589285
8940,302.84,382.64,327.01,383.1153702209253
8950,302.92999999999995,382.27666666666664,327.0226666666667,382.737658179578
8960,303.02,381.9133333333333,327.0353333333333,382.35994613823067
8970,303.10999999999996,381.55,327.048,381.98223409688336
8980,303.2,381.18666666666667,327.06066666666663,381.6045220555361
8990,303.28999999999996,380.8233333333333,327.0733333333333,381.2268100141888
9000,303.38,380.46,327.086,380.8490979728415
9010,303.46999999999997,380.09666666666664,327.09866666666665,380.4713859314942
9020,303.56,379.73333333333335,327.11133333333333,380.0936738901469
9030,303.65,379.37,327.12399999999997,379.71596184879957
9040,303.74,379.00666666666666,327.13666666666666,379.33824980745226
9050,303.83,378.6433333333333,327.14933333333335,378.96053776610495
9060,303.92,378.28,327.162,378.5828257247577
9070,304.01,377.9166666666667,327.17466666666667,378.2051136834104
9080,304.1,377.55333333333334,327.1873333333333,377.8274016420631
9090,304.19,377.19,327.2,377.44968960071577
9100,304.27866666666665,376.478,327.166,376.7248414381542
9110,304.3673333333333,375.766,327.132,375.99999327559266
9120,304.456,375.054,327.098,375.2751451130311
9130,304.54466666666667,374.342,327.06399999999996,374.55029695046954
9140,304.6333333333333,373.63,327.03,373.825448787908
9150,304.722,372.918,326.996,373.10060062534643
9160,304.81066666666663,372.206,326.962,372.3757524627849
9170,304.89933333333335,371.49399999999997,326.928,371.6509043002233
9180,304.988,370.782,326.894,370.92605613766176
9190,305.07666666666665,370.07,326.86,370.2012079751002
9200,305.1653333333333,369.358,326.826,369.47635981253865
9210,305.25399999999996,368.646,326.792,368.7515116499771
9220,305.3426666666667,367.93399999999997,326.758,368.02666348741553
9230,305.4313333333333,367.222,326.724,367.301815324854
9240,305.52,366.51,326.69,366.5769671622924
9250,305.6073333333333,366.24666666666667,326.6673333333333,366.3212278929026
9260,305.69466666666665,365.98333333333335,326.6446666666667,366.06548862351275
9270,305.782,365.71999999999997,326.622,365.80974935412286
9280,305.8693333333333,365.45666666666665,326.59933333333333,365.554010084733
9290,305.95666666666665,365.1933333333333,326.57666666666665,365.2982708153432
9300,306.044,364.93,326.55400000000003,365.04253154595335
9310,306.1313333333333,364.6666666666667,326.53133333333335,364.7867922765635
9320,306.21866666666665,364.4033333333333,326.50866666666667,364.5310530071736
9330,306.306,364.14,326.486,364.2753137377838
9340,306.3933333333333,363.87666666666667,326.46333333333337,364.01957446839396
9350,306.48066666666665,363.61333333333334,326.4406666666667,363.7638351990041
9360,306.568,363.35,326.418,363.5080959296143
9370,306.6553333333333,363.08666666666664,326.3953333333333,363.2523566602244
9380,306.74266666666665,362.8233333333333,326.3726666666667,362.99661739083456
9390,306.83,362.56,326.35,362.7408781214447
9400,306.914,362.19466666666665,326.326,362.3685736141689
9410,306.998,361.82933333333335,326.302,361.996269106893
9420,307.082,361.464,326.278,361.6239645996172
9430,307.166,361.09866666666665,326.254,361.2516600923413
9440,307.25,360.73333333333335,326.23,360.87935558506547
9450,307.334,360.368,326.206,360.50705107778964
9460,307.418,360.00266666666664,326.182,360.13474657051376
9470,307.50199999999995,359.63733333333334,326.158,359.7624420632379
9480,307.58599999999996,359.272,326.134,359.39013755596204
9490,307.66999999999996,358.90666666666664,326.11,359.0178330486862
9500,307.75399999999996,358.54133333333334,326.086,358.6455285414104
9510,307.83799999999997,358.176,326.062,358.2732240341345
9520,307.92199999999997,357.81066666666663,326.038,357.9009195268587
9530,308.006,357.44533333333334,326.014,357.5286150195828
9540,308.09,357.08,325.99,357.15631051230696
9550,308.17133333333334,356.676,325.9526666666667,356.7490519986313
9560,308.25266666666664,356.272,325.91533333333336,356.3417934849556
9570,308.334,355.868,325.878,355.93453497127985
9580,308.4153333333333,355.464,325.84066666666666,355.52727645760416
9590,308.49666666666667,355.06,325.80333333333334,355.1200179439285
9600,308.578,354.656,325.766,354.7127594302528
9610,308.65933333333334,354.252,325.7286666666667,354.3055009165771
9620,308.74066666666664,353.84799999999996,325.6913333333333,353.89824240290136
9630,308.822,353.44399999999996,325.654,353.4909838892257
9640,308.9033333333333,353.03999999999996,325.6166666666667,353.08372537555
9650,308.98466666666667,352.63599999999997,325.57933333333335,352.6764668618743
9660,309.066,352.23199999999997,325.54200000000003,352.2692083481986
9670,309.14733333333334,351.828,325.50466666666665,351.8619498345229
9680,309.22866666666664,351.424,325.46733333333333,351.4546913208472
9690,309.31,351.02,325.43,351.0474328071715
9700,309.38666666666666,350.66266666666667,325.3906666666667,350.68683151858215
9710,309.4633333333333,350.3053333333333,325.35133333333334,350.32623022999275
9720,309.54,349.948,325.312,349.9656289414034
9730,309.6166666666667,349.59066666666666,325.2726666666667,349.605027652814
9740,309.6933333333333,349.23333333333335,325.23333333333335,349.24442636422464
9750,309.77,348.876,325.194,348.88382507563523
9760,309.84666666666664,348.51866666666666,325.1546666666667,348.5232237870459
9770,309.92333333333335,348.16133333333335,325.1153333333333,348.16262249845647
9780,310.0,347.80400000000003,325.07599999999996,347.8020212098671
9790,310.07666666666665,347.44666666666666,325.03666666666663,347.4414199212777
9800,310.1533333333333,347.08933333333334,324.9973333333333,347.08081863268836
9810,310.22999999999996,346.732,324.95799999999997,346.72021734409896
9820,310.3066666666667,346.3746666666667,324.91866666666664,346.3596160555096
9830,310.3833333333333,346.01733333333334,324.8793333333333,345.9990147669202
9840,310.46,345.66,324.84,345.63841347833085
9850,310.5313333333333,345.24800000000005,324.7913333333333,345.22111199741136
9860,310.60266666666666,344.836,324.74266666666665,344.8038105164919
9870,310.674,344.42400000000004,324.69399999999996,344.38650903557243
9880,310.7453333333333,344.012,324.6453333333333,343.969207554653
9890,310.81666666666666,343.6,324.59666666666664,343.5519060737335
9900,310.888,343.18800000000005,324.548,343.134604592814
9910,310.9593333333333,342.776,324.4993333333333,342.7173031118946
9920,311.03066666666666,342.36400000000003,324.4506666666667,342.3000016309751
9930,311.102,341.952,324.402,341.88270015005565
9940,311.1733333333333,341.54,324.35333333333335,341.46539866913616
9950,311.24466666666666,341.12800000000004,324.30466666666666,341.0480971882167
9960,311.316,340.716,324.25600000000003,340.63079570729724
9970,311.3873333333333,340.30400000000003,324.20733333333334,340.21349422637775
9980,311.45866666666666,339.892,324.1586666666667,339.7961927454583
9990,311.53,339.48,324.11,339.3788912645388
10000,311.59666666666664,338.9926666666667,324.048,338.8834970921904
10010,311.6633333333333,338.50533333333334,323.986,338.388102919842
10020,311.72999999999996,338.01800000000003,323.92400000000004,337.8927087474936
10030,311.7966666666666,337.53066666666666,323.862,337.39731457514523
10040,311.8633333333333,337.04333333333335,323.8,336.9019204027968
10050,311.92999999999995,336.55600000000004,323.738,336.40652623044843
10060,311.9966666666666,336.0686666666667,323.676,335.9111320581
10070,312.06333333333333,335.58133333333336,323.61400000000003,335.41573788575164
10080,312.13,335.094,323.552,334.9203437134032
10090,312.19666666666666,334.6066666666667,323.49,334.42494954105484
10100,312.2633333333333,334.1193333333334,323.428,333.9295553687064
10110,312.33,333.632,323.366,333.43416119635805
10120,312.39666666666665,333.1446666666667,323.30400000000003,332.9387670240096
10130,312.4633333333333,332.6573333333333,323.242,332.44337285166125
10140,312.53,332.17,323.18,331.9479786793128
10150,312.59066666666666,331.704,323.106,331.48062373241964
10160,312.6513333333333,331.238,323.032,331.01326878552646
10170,312.712,330.772,322.958,330.5459138386333
10180,312.7726666666666,330.30600000000004,322.884,330.0785588917401
10190,312.8333333333333,329.84000000000003,322.81,329.6112039448469
10200,312.894,329.374,322.736,329.14384899795374
10210,312.95466666666664,328.908,322.662,328.67649405106056
10220,313.01533333333333,328.442,322.588,328.2091391041673
10230,313.07599999999996,327.976,322.514,327.74178415727414
10240,313.13666666666666,327.51,322.44,327.27442921038096
10250,313.19733333333335,327.044,322.366,326.8070742634878
10260,313.258,326.57800000000003,322.292,326.3397193165946
10270,313.3186666666667,326.112,322.218,325.8723643697014
10280,313.3793333333333,325.646,322.144,325.40500942280823
10290,313.44,325.18,322.07,324.93765447591505
10300,313.49533333333335,324.84866666666665,322.00266666666664,324.6044706713612
10310,313.55066666666664,324.51733333333334,321.93533333333335,324.2712868668074
10320,313.606,324.186,321.868,323.9381030622535
10330,313.66133333333335,323.8546666666667,321.80066666666664,323.6049192576997
10340,313.71666666666664,323.5233333333333,321.73333333333335,323.2717354531458
10350,313.772,323.192,321.666,322.93855164859195
10360,313.82733333333334,322.86066666666665,321.59866666666665,322.60536784403814
10370,313.88266666666664,322.52933333333334,321.53133333333335,322.2721840394843
10380,313.938,322.198,321.464,321.93900023493046
10390,313.99333333333334,321.8666666666667,321.39666666666665,321.6058164303766
10400,314.04866666666663,321.5353333333333,321.32933333333335,321.2726326258227
10410,314.104,321.204,321.262,320.9394488212689
10420,314.15933333333334,320.87266666666665,321.19466666666665,320.60626501671504
10430,314.21466666666663,320.54133333333334,321.12733333333335,320.27308121216123
10440,314.27,320.21,321.06,319.93989740760736
10450,314.3193333333333,319.786,320.98466666666667,319.50974796863943
10460,314.3686666666666,319.36199999999997,320.90933333333334,319.0795985296715
10470,314.418,318.938,320.834,318.6494490907035
10480,314.46733333333333,318.514,320.75866666666667,318.2192996517356
10490,314.51666666666665,318.09,320.68333333333334,317.78915021276765
10500,314.566,317.666,320.608,317.3590007737997
10510,314.6153333333333,317.242,320.53266666666667,316.9288513348318
10520,314.6646666666667,316.818,320.45733333333334,316.4987018958638
10530,314.714,316.394,320.382,316.0685524568959
10540,314.7633333333333,315.97,320.3066666666667,315.63840301792794
10550,314.81266666666664,315.546,320.23133333333334,315.20825357896
10560,314.86199999999997,315.122,320.156,314.7781041399921
10570,314.91133333333335,314.69800000000004,320.0806666666667,314.3479547010241
10580,314.96066666666667,314.274,320.00533333333334,313.91780526205616
10590,315.01,313.85,319.93,313.48765582308823
10600,315.05333333333334,313.48266666666666,319.85133333333334,313.11933398610364
10610,315.09666666666664,313.11533333333335,319.7726666666667,312.7510121491191
10620,315.14,312.748,319.694,312.3826903121345
10630,315.18333333333334,312.3806666666667,319.61533333333335,312.0143684751499
10640,315.2266666666667,312.0133333333333,319.5366666666667,311.64604663816533
10650,315.27,311.646,319.458,311.2777248011808
10660,315.31333333333333,311.27866666666665,319.37933333333336,310.9094029641962
10670,315.3566666666667,310.91133333333335,319.30066666666664,310.5410811272116
10680,315.40000000000003,310.544,319.222,310.172759290227
10690,315.4433333333333,310.1766666666667,319.1433333333333,309.8044374532425
10700,315.4866666666667,309.8093333333333,319.06466666666665,309.4361156162579
10710,315.53000000000003,309.442,318.986,309.0677937792733
10720,315.5733333333334,309.07466666666664,318.9073333333333,308.6994719422887
10730,315.6166666666667,308.70733333333334,318.82866666666666,308.3311501053042
10740,315.66,308.34,318.75,307.9628282683196
10750,315.6966666666667,307.99466666666666,318.67133333333334,307.6145193014858
10760,315.73333333333335,307.6493333333333,318.5926666666667,307.266210334652
10770,315.77000000000004,307.304,318.514,306.9179013678182
10780,315.8066666666667,306.95866666666666,318.43533333333335,306.56959240098445
10790,315.84333333333336,306.61333333333334,318.3566666666667,306.2212834341506
10800,315.88,306.268,318.278,305.87297446731685
10810,315.9166666666667,305.92266666666666,318.19933333333336,305.5246655004831
10820,315.9533333333333,305.57733333333334,318.12066666666664,305.17635653364925
10830,315.99,305.232,318.042,304.8280475668155
10840,316.02666666666664,304.88666666666666,317.9633333333333,304.4797385999817
10850,316.06333333333333,304.54133333333334,317.88466666666665,304.1314296331479
10860,316.09999999999997,304.196,317.806,303.7831206663141
10870,316.13666666666666,303.8506666666667,317.7273333333333,303.43481169948035
10880,316.1733333333333,303.50533333333334,317.64866666666666,303.0865027326465
10890,316.21,303.16,317.57,302.73819376581275
10900,316.24066666666664,302.79333333333335,317.48466666666667,302.3680829372972
10910,316.2713333333333,302.4266666666667,317.39933333333335,301.9979721087816
10920,316.30199999999996,302.06,317.314,301.62786128026596
10930,316.3326666666667,301.6933333333334,317.22866666666664,301.2577504517504
10940,316.36333333333334,301.3266666666667,317.1433333333333,300.8876396232348
10950,316.394,300.96000000000004,317.058,300.5175287947192
10960,316.42466666666667,300.59333333333336,316.97266666666667,300.14741796620365
10970,316.45533333333333,300.2266666666667,316.88733333333334,299.777307137688
10980,316.486,299.86,316.802,299.40719630917243
10990,316.51666666666665,299.49333333333334,316.7166666666667,299.03708548065686
11000,316.5473333333333,299.12666666666667,316.6313333333334,298.6669746521413
11010,316.57800000000003,298.76000000000005,316.546,298.2968638236257
11020,316.6086666666667,298.3933333333334,316.46066666666667,297.92675299511006
11030,316.63933333333335,298.0266666666667,316.37533333333334,297.5566421665945
11040,316.67,297.66,316.29,297.1865313380789
11050,316.694,297.25,316.196,296.7714654342697
11060,316.718,296.84000000000003,316.10200000000003,296.3563995304606
11070,316.742,296.43,316.00800000000004,295.9413336266514
11080,316.766,296.02000000000004,315.914,295.5262677228422
11090,316.79,295.61,315.82,295.11120181903306
11100,316.814,295.2,315.726,294.69613591522386
11110,316.838,294.79,315.632,294.28107001141467
11120,316.86199999999997,294.38,315.538,293.86600410760553
11130,316.88599999999997,293.97,315.444,293.45093820379634
11140,316.90999999999997,293.56,315.35,293.03587229998715
11150,316.93399999999997,293.15,315.25600000000003,292.620806396178
11160,316.95799999999997,292.74,315.162,292.2057404923688
11170,316.98199999999997,292.33,315.068,291.7906745885596
11180,317.006,291.92,314.974,291.3756086847505
11190,317.03,291.51,314.88,290.9605427809413
11200,317.04866666666663,290.972,314.77066666666667,290.41288129392024
11210,317.0673333333333,290.43399999999997,314.66133333333335,289.86521980689923
11220,317.08599999999996,289.896,314.552,289.3175583198782
11230,317.1046666666667,289.358,314.44266666666664,288.7698968328571
11240,317.12333333333333,288.82,314.3333333333333,288.22223534583605
11250,317.142,288.282,314.224,287.67457385881505
11260,317.16066666666666,287.74399999999997,314.11466666666666,287.126912371794
11270,317.1793333333333,287.206,314.00533333333334,286.57925088477293
11280,317.198,286.668,313.896,286.0315893977519
11290,317.21666666666664,286.13,313.7866666666667,285.48392791073087
11300,317.2353333333333,285.592,313.67733333333337,284.9362664237098
11310,317.254,285.054,313.568,284.38860493668875
11320,317.2726666666667,284.516,313.45866666666666,283.8409434496677
11330,317.29133333333334,283.978,313.34933333333333,283.2932819626467
11340,317.31,283.44,313.24,282.7456204756256
11350,317.322,282.92333333333335,313.116,282.22879246475605
11360,317.334,282.40666666666664,312.992,281.7119644538865
11370,317.346,281.89,312.868,281.1951364430169
11380,317.358,281.37333333333333,312.744,280.6783084321474
11390,317.37,280.8566666666667,312.62,280.1614804212778
11400,317.382,280.34,312.496,279.64465241040824
11410,317.394,279.8233333333333,312.372,279.12782439953867
11420,317.406,279.3066666666667,312.248,278.6109963886691
11430,317.418,278.79,312.124,278.0941683777995
11440,317.43,278.2733333333333,312.0,277.57734036692995
11450,317.442,277.75666666666666,311.876,277.06051235606037
11460,317.454,277.24,311.752,276.54368434519085
11470,317.466,276.72333333333336,311.628,276.0268563343213
11480,317.478,276.20666666666665,311.504,275.5100283234517
11490,317.49,275.69,311.38,274.99320031258213
11500,317.496,275.368,311.268,274.6706348372274
11510,317.502,275.046,311.156,274.3480693618726
11520,317.508,274.724,311.044,274.02550388651787
11530,317.514,274.402,310.932,273.70293841116313
11540,317.52,274.08,310.82,273.3803729358084
11550,317.526,273.758,310.70799999999997,273.0578074604536
11560,317.532,273.436,310.596,272.73524198509887
11570,317.538,273.11400000000003,310.484,272.41267650974413
11580,317.544,272.79200000000003,310.372,272.0901110343894
11590,317.55,272.47,310.26,271.7675455590346
11600,317.556,272.148,310.14799999999997,271.44498008367987
11610,317.562,271.826,310.036,271.12241460832513
11620,317.568,271.504,309.924,270.7998491329704
11630,317.574,271.182,309.812,270.4772836576156
11640,317.58,270.86,309.7,270.15471818226086
11650,317.5793333333333,270.324,309.57266666666663,269.6089039021196
11660,317.57866666666666,269.788,309.44533333333334,269.06308962197835
11670,317.578,269.252,309.318,268.5172753418371
11680,317.57733333333334,268.716,309.1906666666667,267.9714610616959
11690,317.57666666666665,268.18,309.06333333333333,267.42564678155463
11700,317.57599999999996,267.644,308.936,266.8798325014134
11710,317.57533333333333,267.108,308.8086666666667,266.3340182212721
11720,317.57466666666664,266.572,308.6813333333333,265.78820394113086
11730,317.574,266.036,308.55400000000003,265.2423896609896
11740,317.5733333333333,265.5,308.4266666666667,264.69657538084834
11750,317.57266666666663,264.964,308.2993333333333,264.1507611007071
11760,317.572,264.428,308.172,263.6049468205659
11770,317.5713333333333,263.892,308.04466666666667,263.0591325404246
11780,317.5706666666667,263.356,307.9173333333334,262.51331826028337
11790,317.57,262.82,307.79,261.9675039801421
11800,317.564,262.368,307.656,261.51449586245917
11810,317.558,261.916,307.522,261.06148774477623
11820,317.552,261.464,307.38800000000003,260.6084796270933
11830,317.546,261.012,307.254,260.1554715094103
11840,317.54,260.56,307.12,259.70246339172735
11850,317.534,260.108,306.986,259.2494552740444
11860,317.528,259.656,306.852,258.79644715636147
11870,317.522,259.204,306.718,258.3434390386785
11880,317.516,258.752,306.584,257.8904309209955
11890,317.51,258.3,306.45,257.4374228033126
11900,317.504,257.848,306.316,256.98441468562964
11910,317.498,257.396,306.18199999999996,256.5314065679467
11920,317.492,256.944,306.048,256.07839845026376
11930,317.486,256.492,305.914,255.6253903325808
11940,317.48,256.04,305.78,255.17238221489785
11950,317.46733333333333,255.668,305.6453333333333,254.79931168215253
11960,317.4546666666667,255.29600000000002,305.5106666666666,254.42624114940722
11970,317.442,254.924,305.376,254.05317061666193
11980,317.4293333333334,254.55200000000002,305.24133333333333,253.6801000839166
11990,317.4166666666667,254.18,305.1066666666666,253.3070295511713
12000,317.404,253.80800000000002,304.972,252.93395901842598
12010,317.39133333333336,253.436,304.83733333333333,252.56088848568066
12020,317.3786666666667,253.06400000000002,304.70266666666663,252.18781795293538
12030,317.36600000000004,252.692,304.568,251.81474742019006
12040,317.35333333333335,252.32000000000002,304.43333333333334,251.44167688744474
12050,317.34066666666666,251.948,304.29866666666663,251.06860635469943
12060,317.32800000000003,251.57600000000002,304.164,250.6955358219541
12070,317.31533333333334,251.204,304.02933333333334,250.32246528920882
12080,317.3026666666667,250.83200000000002,303.89466666666664,249.9493947564635
12090,317.29,250.46,303.76,249.5763242237182
12100,317.27066666666667,250.15466666666669,303.63266666666664,249.27032269838986
12110,317.2513333333334,249.84933333333333,303.50533333333334,248.96432117306153
12120,317.232,249.544,303.378,248.6583196477332
12130,317.2126666666667,249.23866666666666,303.2506666666667,248.35231812240488
12140,317.1933333333333,248.93333333333334,303.12333333333333,248.04631659707655
12150,317.17400000000004,248.62800000000001,302.996,247.74031507174823
12160,317.1546666666667,248.32266666666666,302.8686666666667,247.4343135464199
12170,317.13533333333334,248.01733333333334,302.74133333333333,247.12831202109157
12180,317.116,247.712,302.61400000000003,246.82231049576325
12190,317.0966666666667,247.40666666666667,302.4866666666667,246.51630897043492
12200,317.07733333333334,247.10133333333334,302.3593333333333,246.2103074451066
12210,317.058,246.796,302.232,245.90430591977827
12220,317.03866666666664,246.49066666666667,302.1046666666667,245.59830439444994
12230,317.01933333333335,246.18533333333332,301.9773333333334,245.2923028691216
12240,317.0,245.88,301.85,244.9863013437933
12250,316.9746666666667,246.018,301.762,245.1402493074321
12260,316.94933333333336,246.156,301.67400000000004,245.2941972710709
12270,316.924,246.29399999999998,301.586,245.44814523470973
12280,316.89866666666666,246.432,301.498,245.6020931983485
12290,316.87333333333333,246.57,301.41,245.75604116198733
12300,316.848,246.708,301.322,245.90998912562614
12310,316.8226666666667,246.846,301.234,246.06393708926495
12320,316.7973333333333,246.98399999999998,301.146,246.21788505290377
12330,316.772,247.12199999999999,301.058,246.37183301654258
12340,316.74666666666667,247.26,300.96999999999997,246.5257809801814
12350,316.72133333333335,247.398,300.882,246.6797289438202
12360,316.696,247.536,300.794,246.833676907459
12370,316.67066666666665,247.67399999999998,300.70599999999996,246.9876248710978
12380,316.6453333333333,247.81199999999998,300.618,247.14157283473662
12390,316.62,247.95,300.53,247.29552079837543
12400,316.588,247.85399999999998,300.448,247.19335037145248
12410,316.556,247.75799999999998,300.366,247.09117994452953
12420,316.524,247.66199999999998,300.284,246.98900951760658
12430,316.492,247.566,300.202,246.8868390906836
12440,316.46,247.47,300.12,246.78466866376064
12450,316.428,247.374,300.038,246.6824982368377
12460,316.396,247.278,299.956,246.58032780991473
12470,316.364,247.182,299.87399999999997,246.47815738299178
12480,316.332,247.08599999999998,299.792,246.37598695606883
12490,316.3,246.98999999999998,299.71,246.27381652914588
12500,316.268,246.89399999999998,299.628,246.17164610222292
12510,316.236,246.798,299.546,246.06947567529994
12520,316.204,246.702,299.464,245.967305248377
12530,316.17199999999997,246.606,299.382,245.86513482145403
12540,316.14,246.51,299.3,245.76296439453108
12550,316.10133333333334,246.38933333333333,299.20933333333335,245.64751280394563
12560,316.06266666666664,246.26866666666666,299.1186666666667,245.5320612133602
12570,316.024,246.148,299.028,245.41660962277476
12580,315.9853333333333,246.02733333333333,298.93733333333336,245.30115803218933
12590,315.94666666666666,245.90666666666667,298.8466666666667,245.18570644160388
12600,315.908,245.786,298.75600000000003,245.07025485101843
12610,315.8693333333333,245.66533333333334,298.66533333333336,244.954803260433
12620,315.8306666666667,245.54466666666664,298.57466666666664,244.83935166984756
12630,315.792,245.42399999999998,298.484,244.72390007926214
12640,315.75333333333333,245.3033333333333,298.3933333333333,244.6084484886767
12650,315.7146666666667,245.18266666666665,298.30266666666665,244.49299689809123
12660,315.676,245.06199999999998,298.212,244.3775453075058
12670,315.63733333333334,244.94133333333332,298.1213333333333,244.26209371692036
12680,315.59866666666665,244.82066666666665,298.03066666666666,244.14664212633494
12690,315.56,244.7,297.94,244.0311905357495
12700,315.516,244.80866666666665,297.87533333333334,244.14529500840086
12710,315.472,244.91733333333332,297.8106666666667,244.25939948105224
12720,315.428,245.02599999999998,297.746,244.37350395370362
12730,315.384,245.13466666666667,297.6813333333333,244.487608426355
12740,315.34,245.24333333333334,297.6166666666667,244.60171289900637
12750,315.296,245.352,297.552,244.71581737165775
12760,315.252,245.46066666666667,297.48733333333337,244.82992184430913
12770,315.20799999999997,245.56933333333333,297.42266666666666,244.94402631696047
12780,315.164,245.678,297.358,245.05813078961185
12790,315.12,245.78666666666666,297.29333333333335,245.17223526226323
12800,315.07599999999996,245.89533333333333,297.2286666666667,245.2863397349146
12810,315.032,246.00400000000002,297.16400000000004,245.40044420756598
12820,314.988,246.11266666666668,297.09933333333333,245.51454868021736
12830,314.94399999999996,246.22133333333335,297.0346666666667,245.62865315286874
12840,314.9,246.33,296.97,245.7427576255201
12850,314.8513333333333,246.27333333333334,296.90333333333336,245.68306130401697
12860,314.80266666666665,246.21666666666667,296.8366666666667,245.62336498251386
12870,314.75399999999996,246.16,296.77000000000004,245.56366866101072
12880,314.70533333333333,246.10333333333335,296.7033333333334,245.50397233950758
12890,314.65666666666664,246.04666666666668,296.6366666666667,245.44427601800447
12900,314.608,245.99,296.57000000000005,245.38457969650133
12910,314.5593333333333,245.93333333333334,296.5033333333334,245.3248833749982
12920,314.5106666666667,245.87666666666667,296.43666666666667,245.26518705349508
12930,314.462,245.82,296.37,245.20549073199194
12940,314.41333333333336,245.76333333333332,296.30333333333334,245.1457944104888
12950,314.36466666666666,245.70666666666665,296.2366666666667,245.0860980889857
12960,314.31600000000003,245.65,296.17,245.02640176748255
12970,314.26733333333334,245.59333333333333,296.10333333333335,244.96670544597941
12980,314.2186666666667,245.53666666666666,296.0366666666667,244.9070091244763
12990,314.17,245.48,295.97,244.84731280297316
13000,314.1166666666667,245.54333333333332,295.91133333333335,244.9169433985445
13010,314.06333333333333,245.60666666666665,295.85266666666666,244.98657399411584
13020,314.01,245.67,295.79400000000004,245.05620458968718
13030,313.9566666666667,245.73333333333332,295.73533333333336,245.1258351852585
13040,313.90333333333336,245.79666666666665,295.6766666666667,245.19546578082984
13050,313.85,245.85999999999999,295.618,245.26509637640117
13060,313.7966666666667,245.92333333333332,295.5593333333333,245.33472697197251
13070,313.74333333333334,245.98666666666668,295.5006666666667,245.40435756754385
13080,313.69,246.05,295.442,245.4739881631152
13090,313.63666666666666,246.11333333333334,295.3833333333333,245.54361875868653
13100,313.5833333333333,246.17666666666668,295.32466666666664,245.61324935425787
13110,313.53000000000003,246.24,295.26599999999996,245.68287994982919
13120,313.4766666666667,246.30333333333334,295.20733333333334,245.75251054540053
13130,313.42333333333335,246.36666666666667,295.14866666666666,245.82214114097187
13140,313.37,246.43,295.09,245.8917717365432
13150,313.314,246.45066666666668,295.03933333333333,245.90775375815338
13160,313.258,246.47133333333335,294.98866666666663,245.92373577976352
13170,313.202,246.49200000000002,294.938,245.9397178013737
13180,313.146,246.51266666666666,294.8873333333333,245.95569982298383
13190,313.09,246.53333333333333,294.83666666666664,245.971681844594
13200,313.034,246.554,294.786,245.98766386620417
13210,312.978,246.57466666666667,294.7353333333333,246.00364588781432
13220,312.92199999999997,246.59533333333334,294.68466666666666,246.01962790942449
13230,312.866,246.616,294.63399999999996,246.03560993103463
13240,312.81,246.63666666666668,294.5833333333333,246.0515919526448
13250,312.75399999999996,246.65733333333336,294.53266666666667,246.06757397425497
13260,312.698,246.678,294.48199999999997,246.0835559958651
13270,312.642,246.69866666666667,294.4313333333333,246.09953801747528
13280,312.58599999999996,246.71933333333334,294.3806666666666,246.11552003908542
13290,312.53,246.74,294.33,246.1315020606956
13300,312.4713333333333,246.524,294.25666666666666,245.91086001730892
13310,312.41266666666667,246.30800000000002,294.18333333333334,245.69021797392224
13320,312.354,246.092,294.11,245.46957593053557
13330,312.2953333333333,245.876,294.03666666666663,245.24893388714892
13340,312.2366666666666,245.66,293.9633333333333,245.02829184376225
13350,312.178,245.44400000000002,293.89,244.80764980037557
13360,312.1193333333333,245.228,293.81666666666666,244.5870077569889
13370,312.06066666666663,245.012,293.74333333333334,244.36636571360222
13380,312.00199999999995,244.796,293.67,244.14572367021555
13390,311.9433333333333,244.58,293.5966666666667,243.92508162682887
13400,311.88466666666665,244.364,293.52333333333337,243.7044395834422
13410,311.82599999999996,244.148,293.45,243.48379754005555
13420,311.7673333333333,243.932,293.37666666666667,243.26315549666887
13430,311.70866666666666,243.716,293.30333333333334,243.0425134532822
13440,311.65,243.5,293.23,242.82187140989552
13450,311.59,243.602,293.17466666666667,242.93403358581725
13460,311.53,243.704,293.1193333333334,243.04619576173897
13470,311.46999999999997,243.806,293.064,243.15835793766067
13480,311.40999999999997,243.908,293.00866666666667,243.2705201135824
13490,311.34999999999997,244.01,292.9533333333333,243.38268228950412
13500,311.28999999999996,244.112,292.898,243.49484446542584
13510,311.22999999999996,244.214,292.8426666666667,243.60700664134757
13520,311.17,244.316,292.7873333333333,243.71916881726926
13530,311.11,244.418,292.73199999999997,243.831330993191
13540,311.05,244.52,292.6766666666667,243.9434931691127
13550,310.99,244.622,292.6213333333333,244.05565534503444
13560,310.93,244.724,292.566,244.16781752095616
13570,310.87,244.826,292.5106666666666,244.27997969687786
13580,310.81,244.928,292.45533333333333,244.39214187279958
13590,310.75,245.03,292.4,244.5043040487213
13600,310.6886666666667,245.10066666666665,292.354,244.57635607782504
13610,310.62733333333335,245.17133333333334,292.308,244.64840810692877
13620,310.566,245.242,292.262,244.7204601360325
13630,310.50466666666665,245.31266666666667,292.21599999999995,244.7925121651362
13640,310.4433333333333,245.38333333333333,292.16999999999996,244.86456419423993
13650,310.382,245.454,292.12399999999997,244.93661622334366
13660,310.3206666666667,245.52466666666666,292.078,245.0086682524474
13670,310.2593333333333,245.59533333333334,292.032,245.08072028155112
13680,310.198,245.666,291.986,245.15277231065485
13690,310.13666666666666,245.73666666666668,291.94,245.22482433975858
13700,310.07533333333333,245.80733333333333,291.894,245.2968763688623
13710,310.014,245.87800000000001,291.84799999999996,245.36892839796602
13720,309.95266666666663,245.94866666666667,291.80199999999996,245.44098042706975
13730,309.8913333333333,246.01933333333335,291.756,245.51303245617348
13740,309.83,246.09,291.71,245.5850844852772
13750,309.76866666666666,246.142,291.66666666666663,245.63801856229932
13760,309.70733333333334,246.19400000000002,291.62333333333333,245.6909526393214
13770,309.646,246.246,291.58,245.74388671634352
13780,309.58466666666664,246.298,291.53666666666663,245.79682079336564
13790,309.5233333333333,246.35,291.49333333333334,245.84975487038773
13800,309.462,246.40200000000002,291.45,245.90268894740984
13810,309.40066666666667,246.454,291.40666666666664,245.95562302443196
13820,309.33933333333334,246.506,291.36333333333334,246.00855710145404
13830,309.278,246.558,291.32,246.06149117847616
13840,309.2166666666667,246.61,291.27666666666664,246.11442525549828
13850,309.1553333333334,246.662,291.23333333333335,246.16735933252036
13860,309.094,246.714,291.19,246.22029340954248
13870,309.03266666666667,246.766,291.14666666666665,246.2732274865646
13880,308.97133333333335,246.818,291.10333333333335,246.32616156358668
13890,308.91,246.87,291.06,246.3790956406088
13900,308.8473333333334,246.92333333333335,291.01933333333335,246.43390396028565
13910,308.7846666666667,246.97666666666666,290.97866666666664,246.48871227996253
13920,308.72200000000004,247.03,290.938,246.54352059963938
13930,308.65933333333334,247.08333333333334,290.89733333333334,246.59832891931623
13940,308.5966666666667,247.13666666666666,290.8566666666667,246.6531372389931
13950,308.53400000000005,247.19,290.816,246.70794555866996
13960,308.47133333333335,247.24333333333334,290.7753333333333,246.7627538783468
13970,308.4086666666667,247.29666666666665,290.73466666666667,246.8175621980237
13980,308.346,247.35,290.694,246.87237051770055
13990,308.28333333333336,247.40333333333334,290.6533333333333,246.9271788373774
14000,308.2206666666667,247.45666666666665,290.61266666666666,246.98198715705428
14010,308.158,247.51,290.572,247.03679547673113
14020,308.0953333333334,247.56333333333333,290.53133333333335,247.09160379640798
14030,308.03266666666667,247.61666666666665,290.49066666666664,247.14641211608486
14040,307.97,247.67,290.45,247.2012204357617
14050,307.908,247.7133333333333,290.41133333333335,247.24558060352402
14060,307.846,247.75666666666666,290.37266666666665,247.28994077128633
14070,307.78400000000005,247.79999999999998,290.334,247.33430093904866
14080,307.72200000000004,247.84333333333333,290.2953333333333,247.37866110681097
14090,307.66,247.88666666666666,290.25666666666666,247.42302127457327
14100,307.598,247.92999999999998,290.218,247.46738144233558
14110,307.536,247.97333333333333,290.1793333333333,247.51174161009789
14120,307.47400000000005,248.01666666666665,290.1406666666667,247.55610177786022
14130,307.41200000000003,248.06,290.102,247.60046194562253
14140,307.35,248.10333333333332,290.06333333333333,247.64482211338483
14150,307.288,248.14666666666665,290.0246666666667,247.68918228114714
14160,307.226,248.19,289.986,247.73354244890945
14170,307.16400000000004,248.23333333333332,289.94733333333335,247.77790261667178
14180,307.10200000000003,248.27666666666667,289.90866666666665,247.8222627844341
14190,307.04,248.32,289.87,247.8666229521964
14200,306.978,248.24266666666665,289.8233333333333,247.78419095729527
14210,306.916,248.16533333333334,289.7766666666667,247.7017589623941
14220,306.85400000000004,248.088,289.73,247.61932696749298
14230,306.79200000000003,248.01066666666665,289.68333333333334,247.53689497259185
14240,306.73,247.93333333333334,289.63666666666666,247.45446297769072
14250,306.668,247.856,289.59000000000003,247.37203098278957
14260,306.606,247.77866666666665,289.54333333333335,247.28959898788844
14270,306.54400000000004,247.70133333333334,289.49666666666667,247.2071669929873
14280,306.482,247.624,289.45,247.12473499808618
14290,306.42,247.54666666666665,289.40333333333336,247.04230300318503
14300,306.358,247.46933333333334,289.3566666666667,246.9598710082839
14310,306.296,247.392,289.31,246.87743901338277
14320,306.23400000000004,247.31466666666665,289.2633333333333,246.79500701848164
14330,306.172,247.23733333333334,289.2166666666667,246.71257502358048
14340,306.11,247.16,289.17,246.63014302867936
14350,306.0486666666667,247.01266666666666,289.1106666666667,246.48034026306368
14360,305.98733333333337,246.86533333333333,289.05133333333333,246.33053749744803
14370,305.926,246.718,288.992,246.18073473183236
14380,305.86466666666666,246.57066666666665,288.93266666666665,246.03093196621668
14390,305.80333333333334,246.42333333333332,288.87333333333333,245.88112920060104
14400,305.742,246.27599999999998,288.814,245.73132643498536
14410,305.6806666666667,246.12866666666665,288.75466666666665,245.5815236693697
14420,305.6193333333333,245.98133333333334,288.69533333333334,245.43172090375404
14430,305.558,245.834,288.63599999999997,245.28191813813837
14440,305.49666666666667,245.68666666666667,288.57666666666665,245.1321153725227
14450,305.43533333333335,245.53933333333333,288.51733333333334,244.98231260690704
14460,305.374,245.392,288.45799999999997,244.83250984129137
14470,305.31266666666664,245.24466666666666,288.39866666666666,244.6827070756757
14480,305.2513333333333,245.09733333333332,288.3393333333333,244.53290431006005
14490,305.19,244.95,288.28,244.38310154444437
14500,305.1293333333333,244.79399999999998,288.21466666666663,244.22534940006307
14510,305.0686666666667,244.638,288.1493333333333,244.06759725568176
14520,305.008,244.482,288.084,243.90984511130046
14530,304.94733333333335,244.326,288.01866666666666,243.75209296691915
14540,304.88666666666666,244.17,287.9533333333333,243.59434082253784
14550,304.82599999999996,244.014,287.888,243.43658867815654
14560,304.76533333333333,243.858,287.82266666666663,243.27883653377523
14570,304.70466666666664,243.702,287.75733333333335,243.12108438939393
14580,304.644,243.546,287.692,242.96333224501262
14590,304.5833333333333,243.39000000000001,287.62666666666667,242.80558010063132
14600,304.5226666666666,243.234,287.5613333333333,242.64782795625
14610,304.462,243.078,287.496,242.4900758118687
14620,304.4013333333333,242.922,287.4306666666667,242.3323236674874
14630,304.34066666666666,242.76600000000002,287.36533333333335,242.1745715231061
14640,304.28,242.61,287.3,242.0168193787248
14650,304.21999999999997,242.67733333333334,287.24933333333337,242.09174822606258
14660,304.15999999999997,242.7446666666667,287.19866666666667,242.16667707340034
14670,304.09999999999997,242.812,287.148,242.24160592073812
14680,304.03999999999996,242.87933333333334,287.0973333333333,242.31653476807588
14690,303.97999999999996,242.9466666666667,287.0466666666667,242.39146361541367
14700,303.91999999999996,243.014,286.99600000000004,242.46639246275143
14710,303.85999999999996,243.08133333333333,286.94533333333334,242.54132131008922
14720,303.8,243.14866666666668,286.8946666666667,242.61625015742698
14730,303.74,243.216,286.844,242.69117900476476
14740,303.68,243.28333333333333,286.79333333333335,242.76610785210252
14750,303.62,243.35066666666668,286.7426666666667,242.8410366994403
14760,303.56,243.418,286.692,242.91596554677807
14770,303.5,243.48533333333333,286.64133333333336,242.99089439411586
14780,303.44,243.55266666666668,286.59066666666666,243.06582324145361
14790,303.38,243.62,286.54,243.1407520887914
14800,303.3213333333333,243.62533333333334,286.494,243.1444430448333
14810,303.2626666666667,243.63066666666666,286.44800000000004,243.14813400087525
14820,303.204,243.636,286.40200000000004,243.15182495691715
14830,303.1453333333333,243.64133333333334,286.356,243.15551591295906
14840,303.08666666666664,243.64666666666668,286.31,243.159206869001
14850,303.028,243.652,286.264,243.1628978250429
14860,302.96933333333334,243.65733333333333,286.218,243.1665887810848
14870,302.91066666666666,243.66266666666667,286.172,243.17027973712675
14880,302.852,243.668,286.12600000000003,243.17397069316866
14890,302.79333333333335,243.67333333333332,286.08000000000004,243.17766164921056
14900,302.73466666666667,243.67866666666666,286.03400000000005,243.1813526052525
14910,302.676,243.684,285.988,243.1850435612944
14920,302.6173333333333,243.68933333333334,285.942,243.18873451733631
14930,302.5586666666667,243.69466666666665,285.896,243.19242547337825
14940,302.5,243.7,285.85,243.19611642942016
14950,302.4413333333333,243.78333333333333,285.8066666666667,243.2885657349269
14960,302.3826666666667,243.86666666666665,285.7633333333334,243.3810150404336
14970,302.324,243.95,285.72,243.47346434594033
14980,302.26533333333333,244.03333333333333,285.6766666666667,243.56591365144706
14990,302.20666666666665,244.11666666666665,285.6333333333333,243.6583629569538
15000,302.148,244.2,285.59000000000003,243.7508122624605
15010,302.08933333333334,244.28333333333333,285.5466666666667,243.84326156796723
15020,302.03066666666666,244.36666666666665,285.50333333333333,243.93571087347397
15030,301.972,244.45,285.46,244.0281601789807
15040,301.91333333333336,244.53333333333333,285.4166666666667,244.1206094844874
15050,301.8546666666667,244.61666666666665,285.37333333333333,244.21305878999414
15060,301.796,244.7,285.33,244.30550809550087
15070,301.7373333333333,244.78333333333333,285.28666666666663,244.3979574010076
15080,301.6786666666667,244.86666666666665,285.24333333333334,244.4904067065143
15090,301.62,244.95,285.2,244.58285601202104
15100,301.562,245.28333333333333,285.19,244.92405990775325
15110,301.504,245.61666666666665,285.18,245.26526380348545
15120,301.446,245.95,285.17,245.60646769921766
15130,301.388,246.28333333333333,285.15999999999997,245.94767159494984
15140,301.33,246.61666666666665,285.15,246.28887549068205
15150,301.272,246.95,285.14,246.63007938641425
15160,301.214,247.28333333333333,285.13,246.97128328214646
15170,301.156,247.61666666666665,285.12,247.31248717787867
15180,301.098,247.95,285.11,247.65369107361087
15190,301.04,248.28333333333333,285.1,247.99489496934308
15200,300.982,248.61666666666665,285.09000000000003,248.3360988650753
15210,300.924,248.95,285.08,248.67730276080746
15220,300.866,249.28333333333333,285.07,249.01850665653967
15230,300.808,249.61666666666665,285.06,249.35971055227188
15240,300.75,249.95,285.05,249.70091444800408
15250,300.69266666666664,249.67266666666666,285.00333333333333,249.40430853745718
15260,300.63533333333334,249.39533333333333,284.9566666666667,249.1077026269103
15270,300.578,249.118,284.91,248.8110967163634
15280,300.52066666666667,248.84066666666666,284.86333333333334,248.5144908058165
15290,300.4633333333333,248.56333333333333,284.81666666666666,248.21788489526963
15300,300.406,248.286,284.77000000000004,247.92127898472273
15310,300.34866666666665,248.00866666666667,284.72333333333336,247.62467307417583
15320,300.29133333333334,247.7313333333333,284.6766666666667,247.32806716362896
15330,300.234,247.45399999999998,284.63,247.03146125308206
15340,300.1766666666667,247.17666666666665,284.58333333333337,246.73485534253516
15350,300.1193333333333,246.89933333333332,284.5366666666667,246.43824943198828
15360,300.062,246.62199999999999,284.49,246.14164352144138
15370,300.00466666666665,246.34466666666665,284.4433333333333,245.84503761089448
15380,299.94733333333335,246.06733333333332,284.3966666666667,245.5484317003476
15390,299.89,245.79,284.35,245.2518257898007
15400,299.8326666666666,245.7733333333333,284.3,245.24386906396313
15410,299.7753333333333,245.75666666666666,284.25,245.23591233812556
15420,299.71799999999996,245.73999999999998,284.20000000000005,245.22795561228799
15430,299.66066666666666,245.72333333333333,284.15000000000003,245.2199988864504
15440,299.6033333333333,245.70666666666665,284.1,245.21204216061284
15450,299.546,245.69,284.05,245.20408543477527
15460,299.48866666666663,245.67333333333332,284.0,245.1961287089377
15470,299.4313333333333,245.65666666666667,283.95000000000005,245.18817198310012
15480,299.37399999999997,245.64,283.90000000000003,245.18021525726255
15490,299.31666666666666,245.62333333333333,283.85,245.17225853142497
15500,299.2593333333333,245.60666666666665,283.8,245.1643018055874
15510,299.202,245.59,283.75,245.15634507974983
15520,299.14466666666664,245.57333333333332,283.70000000000005,245.14838835391225
15530,299.08733333333333,245.55666666666667,283.65000000000003,245.14043162807468
15540,299.03,245.54,283.6,245.1324749022371
15550,298.974,245.60133333333332,283.56733333333335,245.19203697010542
15560,298.91799999999995,245.66266666666667,283.5346666666667,245.25159903797373
15570,298.86199999999997,245.724,283.502,245.31116110584205
15580,298.806,245.78533333333334,283.46933333333334,245.37072317371036
15590,298.75,245.84666666666666,283.43666666666667,245.43028524157867
15600,298.69399999999996,245.908,283.404,245.489847309447
15610,298.638,245.96933333333334,283.3713333333333,245.5494093773153
15620,298.582,246.03066666666666,283.3386666666667,245.60897144518364
15630,298.526,246.092,283.30600000000004,245.66853351305195
15640,298.46999999999997,246.15333333333334,283.27333333333337,245.72809558092027
15650,298.414,246.21466666666666,283.2406666666667,245.78765764878858
15660,298.358,246.276,283.208,245.8472197166569
15670,298.302,246.33733333333333,283.17533333333336,245.9067817845252
15680,298.246,246.39866666666668,283.1426666666667,245.96634385239352
15690,298.19,246.46,283.11,246.02590592026183
15700,298.13466666666665,246.368,283.06466666666665,245.93185639083262
15710,298.07933333333335,246.276,283.01933333333335,245.83780686140338
15720,298.024,246.184,282.974,245.74375733197417
15730,297.96866666666665,246.092,282.9286666666667,245.64970780254492
15740,297.91333333333336,246.0,282.8833333333333,245.5556582731157
15750,297.858,245.90800000000002,282.838,245.46160874368647
15760,297.80266666666665,245.816,282.79266666666666,245.36755921425726
15770,297.74733333333336,245.72400000000002,282.74733333333336,245.273509684828
15780,297.692,245.632,282.702,245.1794601553988
15790,297.63666666666666,245.54000000000002,282.6566666666667,245.08541062596956
15800,297.58133333333336,245.448,282.61133333333333,244.99136109654034
15810,297.526,245.35600000000002,282.56600000000003,244.8973115671111
15820,297.47066666666666,245.264,282.52066666666667,244.8032620376819
15830,297.41533333333336,245.17200000000003,282.47533333333337,244.70921250825265
15840,297.36,245.08,282.43,244.61516297882343
