Time (s),T_outer (C),T_inner (C),T_avg (C),Input Temperature (C)
0,104.055220747452,104.055220747452,104.055220747452,104.055220747452
10,104.055220747452,104.055220747452,104.055220747452,104.055220747452
20,104.055220747452,104.055220747452,104.055220747452,104.055220747452
30,104.055220747452,104.055220747452,104.055220747452,104.055220747452
40,104.055220747452,104.055220747452,104.055220747452,104.055220747452
50,104.055220747452,104.055220747452,104.055220747452,104.055220747452
60,104.055220747452,104.055220747452,104.055220747452,104.055220747452
70,104.055220747452,104.055220747452,104.055220747452,104.055220747452
80,104.055220747452,104.055220747452,104.055220747452,104.055220747452
90,104.055220747452,104.055220747452,104.055220747452,104.055220747452
100,104.055220747452,104.055220747452,104.055220747452,104.055220747452
110,104.055220747452,104.055220747452,104.055220747452,104.055220747452
120,104.055220747452,104.055220747452,104.055220747452,104.055220747452
130,104.055220747452,104.055220747452,104.055220747452,104.055220747452
140,104.055220747452,104.055220747452,104.055220747452,104.055220747452
150,104.055220747452,104.055220747452,104.055220747452,104.055220747452
160,104.055220747452,104.055220747452,104.055220747452,104.055220747452
170,104.055220747452,104.055220747452,104.055220747452,104.055220747452
180,104.055220747452,104.055220747452,104.055220747452,104.055220747452
190,104.055220747452,104.055220747452,104.055220747452,104.055220747452
200,104.055220747452,104.055220747452,104.055220747452,104.055220747452
210,104.055220747452,104.055220747452,104.055220747452,104.055220747452
220,104.055220747452,104.055220747452,104.055220747452,104.055220747452
230,104.055220747452,104.055220747452,104.055220747452,104.055220747452
240,104.055220747452,104.055220747452,104.055220747452,104.055220747452
250,104.055220747452,104.055220747452,104.055220747452,104.055220747452
260,104.055220747452,104.055220747452,104.055220747452,104.055220747452
270,104.055220747452,104.055220747452,104.055220747452,104.055220747452
280,104.055220747452,104.055220747452,104.055220747452,104.055220747452
290,104.055220747452,104.055220747452,104.055220747452,104.055220747452
300,104.055220747452,104.055220747452,104.055220747452,104.055220747452
310,104.055220747452,104.055220747452,104.055220747452,104.055220747452
320,104.055220747452,104.055220747452,104.055220747452,104.055220747452
330,104.055220747452,104.055220747452,104.055220747452,104.055220747452
340,104.055220747452,104.055220747452,104.055220747452,104.055220747452
350,104.055220747452,104.055220747452,104.055220747452,104.055220747452
360,104.055220747452,104.055220747452,104.055220747452,104.055220747452
370,104.055220747452,104.055220747452,104.055220747452,104.055220747452
380,104.055220747452,104.055220747452,104.055220747452,104.055220747452
390,104.055220747452,104.055220747452,104.055220747452,104.055220747452
400,104.055220747452,104.055220747452,104.055220747452,104.055220747452
410,104.055220747452,104.055220747452,104.055220747452,104.055220747452
420,104.055220747452,104.055220747452,104.055220747452,104.055220747452
430,104.055220747452,104.055220747452,104.055220747452,104.055220747452
440,104.055220747452,104.055220747452,104.055220747452,104.055220747452
450,104.055220747452,104.055220747452,104.055220747452,104.055220747452
460,104.055220747452,104.055220747452,104.055220747452,104.055220747452
470,104.055220747452,104.055220747452,104.055220747452,104.055220747452
480,104.055220747452,104.055220747452,104.055220747452,104.055220747452
490,104.055220747452,104.055220747452,104.055220747452,104.055220747452
500,104.055220747452,104.055220747452,104.055220747452,104.055220747452
510,104.055220747452,104.055220747452,104.055220747452,104.055220747452
520,104.055220747452,104.055220747452,104.055220747452,104.055220747452
530,104.055220747452,104.055220747452,104.055220747452,104.055220747452
540,104.055220747452,104.055220747452,104.055220747452,104.055220747452
550,104.055220747452,104.055220747452,104.055220747452,104.055220747452
560,104.055220747452,104.055220747452,104.055220747452,104.055220747452
570,104.055220747452,104.055220747452,104.055220747452,104.055220747452
580,104.055220747452,104.055220747452,104.055220747452,104.055220747452
590,104.055220747452,104.055220747452,104.055220747452,104.055220747452
600,104.055220747452,104.055220747452,104.055220747452,104.055220747452
610,104.055220747452,104.055220747452,104.055220747452,104.055220747452
620,104.055220747452,104.055220747452,104.055220747452,104.055220747452
630,104.055220747452,104.055220747452,104.055220747452,104.055220747452
640,104.055220747452,104.055220747452,104.055220747452,104.055220747452
650,104.055220747452,104.055220747452,104.055220747452,104.055220747452
660,104.055220747452,104.055220747452,104.055220747452,104.055220747452
670,104.055220747452,104.055220747452,104.055220747452,104.055220747452
680,104.055220747452,104.055220747452,104.055220747452,104.055220747452
690,104.055220747452,104.055220747452,104.055220747452,104.055220747452
700,104.055220747452,104.055220747452,104.055220747452,104.055220747452
710,104.055220747452,104.055220747452,104.055220747452,104.055220747452
720,104.055220747452,104.055220747452,104.055220747452,104.055220747452
730,104.055220747452,104.055220747452,104.055220747452,104.055220747452
740,104.055220747452,104.055220747452,104.055220747452,104.055220747452
750,104.055220747452,104.055220747452,104.055220747452,104.055220747452
760,104.055220747452,104.055220747452,104.055220747452,104.055220747452
770,104.055220747452,104.055220747452,104.055220747452,104.055220747452
780,104.055220747452,104.055220747452,104.055220747452,104.055220747452
790,104.055220747452,104.055220747452,104.055220747452,104.055220747452
800,104.055220747452,104.055220747452,104.055220747452,104.055220747452
810,104.055220747452,104.055220747452,104.055220747452,104.055220747452
820,104.055220747452,104.055220747452,104.055220747452,104.055220747452
830,104.055220747452,104.055220747452,104.055220747452,104.055220747452
840,104.055220747452,104.055220747452,104.055220747452,104.055220747452
850,104.055220747452,104.055220747452,104.055220747452,104.055220747452
860,104.055220747452,104.055220747452,104.055220747452,104.055220747452
870,104.055220747452,104.055220747452,104.055220747452,104.055220747452
880,104.055220747452,104.055220747452,104.055220747452,104.055220747452
890,104.055220747452,104.055220747452,104.055220747452,104.055220747452
900,104.055220747452,104.055220747452,104.055220747452,104.055220747452
910,104.055220747452,104.055220747452,104.055220747452,104.055220747452
920,104.055220747452,104.055220747452,104.055220747452,104.055220747452
930,104.055220747452,104.055220747452,104.055220747452,104.055220747452
940,104.055220747452,104.055220747452,104.055220747452,104.055220747452
950,104.055220747452,104.055220747452,104.055220747452,104.055220747452
960,104.055220747452,104.055220747452,104.055220747452,104.055220747452
970,104.055220747452,104.055220747452,104.055220747452,104.055220747452
980,104.055220747452,104.055220747452,104.055220747452,104.055220747452
990,104.055220747452,104.055220747452,104.055220747452,104.055220747452
1000,104.055220747452,104.055220747452,104.055220747452,104.055220747452
1010,104.055220747452,104.055220747452,104.055220747452,104.055220747452
1020,104.055220747452,104.055220747452,104.055220747452,104.055220747452
1030,104.055220747452,104.055220747452,104.055220747452,104.055220747452
1040,104.055220747452,104.055220747452,104.055220747452,104.055220747452
1050,104.055220747452,104.055220747452,104.055220747452,104.055220747452
1060,104.055220747452,104.055220747452,104.055220747452,104.055220747452
1070,104.055220747452,104.055220747452,104.055220747452,104.055220747452
1080,104.055220747452,104.055220747452,104.055220747452,104.055220747452
1090,104.055220747452,104.055220747452,104.055220747452,104.055220747452
1100,104.055220747452,104.055220747452,104.055220747452,104.055220747452
1110,104.055220747452,104.055220747452,104.055220747452,104.055220747452
1120,104.055220747452,104.055220747452,104.055220747452,104.055220747452
1130,104.055220747452,104.055220747452,104.055220747452,104.055220747452
1140,104.055220747452,104.055220747452,104.055220747452,104.055220747452
1150,104.055220747452,104.055220747452,104.055220747452,104.055220747452
1160,104.055220747452,104.055220747452,104.055220747452,104.055220747452
1170,104.055220747452,104.055220747452,104.055220747452,104.055220747452
1180,104.055220747452,104.055220747452,104.055220747452,104.055220747452
1190,104.055220747452,104.055220747452,104.055220747452,104.055220747452
1200,104.055220747452,104.055220747452,104.055220747452,104.055220747452
1210,104.055220747452,104.055220747452,104.055220747452,104.055220747452
1220,104.055220747452,104.055220747452,104.055220747452,104.055220747452
1230,104.055220747452,104.055220747452,104.055220747452,104.055220747452
1240,104.055220747452,104.055220747452,104.055220747452,104.055220747452
1250,104.055220747452,104.055220747452,104.055220747452,104.055220747452
1260,104.055220747452,104.055220747452,104.055220747452,104.055220747452
1270,104.055220747452,104.055220747452,104.055220747452,104.055220747452
1280,104.055220747452,104.055220747452,104.055220747452,104.055220747452
1290,104.055220747452,104.055220747452,104.055220747452,104.055220747452
1300,104.055220747452,104.055220747452,104.055220747452,104.055220747452
1310,104.055220747452,104.055220747452,104.055220747452,104.055220747452
1320,104.055220747452,104.055220747452,104.055220747452,104.055220747452
1330,104.055220747452,104.055220747452,104.055220747452,104.055220747452
1340,104.055220747452,104.055220747452,104.055220747452,104.055220747452
1350,104.055220747452,104.055220747452,104.055220747452,104.055220747452
1360,104.055220747452,104.055220747452,104.055220747452,104.055220747452
1370,104.055220747452,104.055220747452,104.055220747452,104.055220747452
1380,104.055220747452,104.055220747452,104.055220747452,104.055220747452
1390,104.055220747452,104.055220747452,104.055220747452,104.055220747452
1400,104.055220747452,104.055220747452,104.055220747452,104.055220747452
1410,104.055220747452,104.055220747452,104.055220747452,104.055220747452
1420,104.055220747452,104.055220747452,104.055220747452,104.055220747452
1430,104.055220747452,104.055220747452,104.055220747452,104.055220747452
1440,104.055220747452,104.055220747452,104.055220747452,104.055220747452
1440,104.055220747452,104.055220747452,104.055220747452,104.055220747452
1450,104.05553936428853,105.77487269762186,104.21887269762186,105.8437983216337
1460,104.05585798112506,107.49452464779174,104.38252464779173,107.6323758958154
1470,104.0561765979616,109.2141765979616,104.5461765979616,109.4209534699971
1480,104.05649521479813,110.93382854813146,104.70982854813147,111.2095310441788
1490,104.05681383163467,112.65348049830133,104.87348049830133,112.9981086183605
1500,104.0571324484712,114.3731324484712,105.0371324484712,114.7866861925422
1510,104.05745106530773,116.09278439864106,105.20078439864106,116.57526376672391
1520,104.05776968214427,117.81243634881093,105.36443634881094,118.36384134090561
1530,104.0580882989808,119.5320882989808,105.5280882989808,120.15241891508731
1540,104.05840691581733,121.25174024915066,105.69174024915067,121.94099648926901
1550,104.05872553265387,122.97139219932052,105.85539219932053,123.72957406345071
1560,104.0590441494904,124.6910441494904,106.0190441494904,125.51815163763241
1570,104.05936276632694,126.41069609966027,106.18269609966028,127.30672921181412
1580,104.05968138316346,128.13034804983013,106.34634804983014,129.09530678599583
1590,104.06,129.85,106.51,130.88388436017752
1600,104.06,131.73066666666665,106.78866666666667,132.79939860444256
1610,104.06,133.61133333333333,107.06733333333334,134.71491284870757
1620,104.06,135.492,107.346,136.6304270929726
1630,104.06,137.37266666666667,107.62466666666667,138.54594133723765
1640,104.06,139.25333333333333,107.90333333333334,140.4614555815027
1650,104.06,141.134,108.182,142.3769698257677
1660,104.06,143.01466666666667,108.46066666666667,144.29248407003274
1670,104.06,144.89533333333333,108.73933333333333,146.20799831429778
1680,104.06,146.776,109.018,148.12351255856282
1690,104.06,148.65666666666667,109.29666666666667,150.03902680282783
1700,104.06,150.53733333333332,109.57533333333333,151.95454104709287
1710,104.06,152.418,109.854,153.87005529135791
1720,104.06,154.29866666666666,110.13266666666667,155.78556953562295
1730,104.06,156.17933333333335,110.41133333333333,157.70108377988797
1740,104.06,158.06,110.69,159.616598024153
1750,104.06133333333334,159.954,111.04466666666667,161.53301090142992
1760,104.06266666666667,161.848,111.39933333333333,163.4494237787068
1770,104.06400000000001,163.742,111.754,165.3658366559837
1780,104.06533333333333,165.636,112.10866666666666,167.2822495332606
1790,104.06666666666666,167.53,112.46333333333334,169.1986624105375
1800,104.068,169.424,112.818,171.11507528781442
1810,104.06933333333333,171.318,113.17266666666667,173.0314881650913
1820,104.07066666666667,173.212,113.52733333333333,174.94790104236822
1830,104.072,175.106,113.882,176.8643139196451
1840,104.07333333333334,177.0,114.23666666666666,178.780726796922
1850,104.07466666666667,178.894,114.59133333333334,180.69713967419892
1860,104.076,180.788,114.946,182.6135525514758
1870,104.07733333333333,182.682,115.30066666666667,184.52996542875272
1880,104.07866666666666,184.576,115.65533333333335,186.4463783060296
1890,104.08,186.47,116.01,188.3627911833065
1900,104.08733333333333,188.242,116.396,190.15406465652381
1910,104.09466666666667,190.014,116.78200000000001,191.94533812974112
1920,104.102,191.786,117.168,193.73661160295842
1930,104.10933333333332,193.558,117.554,195.5278850761757
1940,104.11666666666666,195.33,117.94,197.319158549393
1950,104.124,197.102,118.32600000000001,199.1104320226103
1960,104.13133333333333,198.874,118.712,200.9017054958276
1970,104.13866666666667,200.64600000000002,119.098,202.6929789690449
1980,104.146,202.418,119.484,204.4842524422622
1990,104.15333333333334,204.19,119.87,206.2755259154795
2000,104.16066666666667,205.96200000000002,120.256,208.06679938869678
2010,104.16799999999999,207.734,120.642,209.85807286191408
2020,104.17533333333333,209.506,121.02799999999999,211.64934633513138
2030,104.18266666666666,211.27800000000002,121.414,213.44061980834869
2040,104.19,213.05,121.8,215.231893281566
2050,104.208,215.092,122.24666666666667,217.3018977553351
2060,104.226,217.13400000000001,122.69333333333333,219.3719022291042
2070,104.244,219.17600000000002,123.14,221.4419067028733
2080,104.262,221.21800000000002,123.58666666666666,223.5119111766424
2090,104.28,223.26000000000002,124.03333333333333,225.5819156504115
2100,104.298,225.30200000000002,124.48,227.6519201241806
2110,104.316,227.34400000000002,124.92666666666666,229.7219245979497
2120,104.33399999999999,229.38600000000002,125.37333333333333,231.7919290717188
2130,104.35199999999999,231.428,125.82,233.8619335454879
2140,104.36999999999999,233.47,126.26666666666667,235.931938019257
2150,104.38799999999999,235.512,126.71333333333334,238.0019424930261
2160,104.40599999999999,237.554,127.16,240.0719469667952
2170,104.42399999999999,239.596,127.60666666666667,242.1419514405643
2180,104.442,241.638,128.05333333333334,244.2119559143334
2190,104.46,243.68,128.5,246.2819603881025
2200,104.496,245.76600000000002,128.996,248.39365366087554
2210,104.532,247.852,129.492,250.50534693364858
2220,104.568,249.93800000000002,129.988,252.61704020642162
2230,104.604,252.024,130.484,254.72873347919463
2240,104.64,254.11,130.98,256.8404267519677
2250,104.676,256.196,131.476,258.95212002474074
2260,104.712,258.28200000000004,131.972,261.0638132975138
2270,104.74799999999999,260.368,132.468,263.17550657028676
2280,104.78399999999999,262.454,132.964,265.2871998430598
2290,104.82,264.54,133.46,267.39889311583283
2300,104.856,266.62600000000003,133.956,269.5105863886059
2310,104.892,268.71200000000005,134.452,271.6222796613789
2320,104.928,270.798,134.948,273.73397293415195
2330,104.964,272.884,135.444,275.845666206925
2340,105.0,274.97,135.94,277.957359479698
2350,105.05666666666667,276.94733333333335,136.46266666666668,279.9439391778819
2360,105.11333333333333,278.92466666666667,136.98533333333333,281.9305188760658
2370,105.17,280.90200000000004,137.508,283.9170985742496
2380,105.22666666666666,282.87933333333336,138.03066666666666,285.90367827243347
2390,105.28333333333333,284.8566666666667,138.55333333333334,287.89025797061737
2400,105.34,286.834,139.076,289.8768376688012
2410,105.39666666666666,288.8113333333333,139.59866666666667,291.86341736698506
2420,105.45333333333333,290.7886666666667,140.12133333333333,293.84999706516896
2430,105.50999999999999,292.766,140.644,295.8365767633528
2440,105.56666666666666,294.74333333333334,141.16666666666666,297.82315646153666
2450,105.62333333333333,296.72066666666666,141.68933333333334,299.80973615972056
2460,105.67999999999999,298.698,142.212,301.7963158579044
2470,105.73666666666666,300.67533333333336,142.73466666666667,303.78289555608825
2480,105.79333333333332,302.6526666666667,143.25733333333332,305.76947525427215
2490,105.85,304.63,143.78,307.756054952456
2500,105.93199999999999,306.31666666666666,144.30066666666667,309.4507187024576
2510,106.014,308.00333333333333,144.82133333333334,311.1453824524592
2520,106.09599999999999,309.69,145.342,312.8400462024608
2530,106.178,311.37666666666667,145.86266666666666,314.5347099524624
2540,106.25999999999999,313.06333333333333,146.38333333333333,316.229373702464
2550,106.342,314.75,146.904,317.9240374524656
2560,106.42399999999999,316.43666666666667,147.42466666666667,319.6187012024672
2570,106.506,318.12333333333333,147.94533333333334,321.3133649524688
2580,106.588,319.81,148.466,323.0080287024704
2590,106.67,321.49666666666667,148.98666666666668,324.70269245247204
2600,106.752,323.18333333333334,149.50733333333335,326.3973562024736
2610,106.834,324.87,150.028,328.0920199524752
2620,106.916,326.5566666666667,150.54866666666666,329.7866837024768
2630,106.998,328.24333333333334,151.06933333333333,331.4813474524784
2640,107.08,329.93,151.59,333.17601120248
2650,107.188,331.4533333333333,152.10666666666668,334.70820767008405
2660,107.29599999999999,332.9766666666667,152.62333333333333,336.240404137688
2670,107.404,334.5,153.14000000000001,337.77260060529204
2680,107.512,336.0233333333333,153.65666666666667,339.304797072896
2690,107.62,337.5466666666667,154.17333333333335,340.83699354050003
2700,107.728,339.07,154.69,342.369190008104
2710,107.836,340.5933333333333,155.20666666666668,343.901386475708
2720,107.944,342.1166666666667,155.72333333333333,345.433582943312
2730,108.052,343.64,156.24,346.965779410916
2740,108.16,345.1633333333333,156.75666666666666,348.49797587852
2750,108.268,346.68666666666667,157.27333333333334,350.030172346124
2760,108.376,348.21,157.79,351.56236881372797
2770,108.48400000000001,349.7333333333333,158.30666666666667,353.094565281332
2780,108.592,351.25666666666666,158.82333333333332,354.626761748936
2790,108.7,352.78,159.34,356.15895821654
2800,108.83533333333334,354.6426666666666,159.88533333333334,358.0450627467708
2810,108.97066666666667,356.50533333333334,160.43066666666667,359.9311672770015
2820,109.10600000000001,358.368,160.976,361.8172718072323
2830,109.24133333333333,360.23066666666665,161.52133333333333,363.70337633746306
2840,109.37666666666667,362.0933333333333,162.06666666666666,365.58948086769385
2850,109.512,363.956,162.612,367.4755853979246
2860,109.64733333333334,365.8186666666667,163.15733333333333,369.3616899281554
2870,109.78266666666667,367.6813333333333,163.7026666666667,371.2477944583861
2880,109.918,369.544,164.24800000000002,373.1338989886169
2890,110.05333333333334,371.4066666666667,164.79333333333335,375.02000351884766
2900,110.18866666666668,373.26933333333335,165.33866666666668,376.90610804907845
2910,110.324,375.132,165.88400000000001,378.7922125793092
2920,110.45933333333333,376.9946666666667,166.42933333333335,380.67831710954
2930,110.59466666666667,378.8573333333334,166.97466666666668,382.5644216397708
2940,110.73,380.72,167.52,384.4505261700015
2950,110.89333333333333,382.0546666666667,168.07600000000002,385.7530469479054
2960,111.05666666666667,383.38933333333335,168.632,387.0555677258092
2970,111.22,384.72400000000005,169.18800000000002,388.3580885037131
2980,111.38333333333334,386.0586666666667,169.744,389.66060928161687
2990,111.54666666666667,387.3933333333334,170.3,390.9631300595207
3000,111.71000000000001,388.728,170.85600000000002,392.2656508374246
3010,111.87333333333333,390.0626666666667,171.412,393.5681716153284
3020,112.03666666666668,391.39733333333334,171.96800000000002,394.8706923932323
3030,112.2,392.732,172.524,396.1732131711361
3040,112.36333333333334,394.06666666666666,173.08,397.47573394904
3050,112.52666666666667,395.40133333333335,173.63600000000002,398.7782547269438
3060,112.69000000000001,396.736,174.192,400.0807755048476
3070,112.85333333333334,398.0706666666667,174.74800000000002,401.3832962827515
3080,113.01666666666668,399.4053333333334,175.304,402.6858170606553
3090,113.18,400.74,175.86,403.9883378385592
3100,113.36933333333334,400.548,176.258,403.7697830491824
3110,113.55866666666667,400.356,176.656,403.55122825980567
3120,113.748,400.164,177.054,403.3326734704289
3130,113.93733333333334,399.97200000000004,177.45200000000003,403.1141186810522
3140,114.12666666666667,399.78000000000003,177.85000000000002,402.89556389167547
3150,114.316,399.588,178.24800000000002,402.6770091022987
3160,114.50533333333334,399.396,178.64600000000002,402.45845431292196
3170,114.69466666666666,399.204,179.044,402.2398995235452
3180,114.884,399.012,179.442,402.02134473416845
3190,115.07333333333334,398.82,179.84,401.8027899447917
3200,115.26266666666666,398.628,180.238,401.58423515541494
3210,115.452,398.43600000000004,180.63600000000002,401.36568036603825
3220,115.64133333333334,398.244,181.03400000000002,401.1471255766615
3230,115.83066666666666,398.052,181.43200000000002,400.92857078728474
3240,116.02,397.86,181.83,400.710015997908
3250,116.23599999999999,398.146,182.2026666666667,401.00034909159467
3260,116.452,398.432,182.57533333333333,401.2906821852814
3270,116.66799999999999,398.718,182.948,401.5810152789681
3280,116.884,399.004,183.32066666666668,401.8713483726548
3290,117.1,399.29,183.69333333333333,402.16168146634146
3300,117.316,399.576,184.066,402.4520145600282
3310,117.532,399.862,184.43866666666668,402.7423476537149
3320,117.748,400.14799999999997,184.81133333333332,403.03268074740157
3330,117.964,400.43399999999997,185.184,403.32301384108825
3340,118.18,400.71999999999997,185.55666666666667,403.613346934775
3350,118.396,401.006,185.92933333333332,403.9036800284617
3360,118.61200000000001,401.292,186.302,404.19401312214836
3370,118.828,401.578,186.67466666666667,404.48434621583505
3380,119.04400000000001,401.864,187.0473333333333,404.7746793095218
3390,119.26,402.15,187.42,405.06501240320847
3400,119.498,402.236,187.75666666666666,405.1316466798658
3410,119.736,402.322,188.09333333333333,405.19828095652315
3420,119.974,402.40799999999996,188.42999999999998,405.2649152331805
3430,120.212,402.49399999999997,188.76666666666665,405.3315495098378
3440,120.45,402.58,189.10333333333332,405.39818378649517
3450,120.688,402.666,189.44,405.4648180631525
3460,120.926,402.752,189.77666666666667,405.53145233980985
3470,121.164,402.83799999999997,190.11333333333332,405.5980866164671
3480,121.402,402.924,190.45,405.66472089312447
3490,121.64,403.01,190.78666666666666,405.7313551697818
3500,121.878,403.096,191.12333333333333,405.79798944643915
3510,122.116,403.182,191.46,405.8646237230965
3520,122.354,403.268,191.79666666666665,405.9312579997538
3530,122.592,403.354,192.13333333333333,405.99789227641116
3540,122.83,403.44,192.47,406.0645265530685
3550,123.08533333333334,403.53066666666666,192.76866666666666,406.15698162031634
3560,123.34066666666666,403.6213333333333,193.06733333333332,406.2494366875641
3570,123.596,403.712,193.36599999999999,406.34189175481197
3580,123.85133333333333,403.80266666666665,193.66466666666668,406.43434682205975
3590,124.10666666666667,403.8933333333333,193.96333333333334,406.5268018893076
3600,124.362,403.984,194.262,406.61925695655543
3610,124.61733333333333,404.07466666666664,194.56066666666666,406.7117120238032
3620,124.87266666666666,404.16533333333336,194.85933333333332,406.80416709105106
3630,125.128,404.25600000000003,195.158,406.89662215829884
3640,125.38333333333333,404.3466666666667,195.45666666666665,406.9890772255467
3650,125.63866666666667,404.43733333333336,195.7553333333333,407.0815322927945
3660,125.89399999999999,404.528,196.054,407.1739873600423
3670,126.14933333333333,404.6186666666667,196.35266666666666,407.26644242729014
3680,126.40466666666666,404.70933333333335,196.65133333333333,407.3588974945379
3690,126.66,404.8,196.95,407.45135256178577
3700,126.92933333333333,405.16533333333336,197.26466666666664,407.8191480272439
3710,127.19866666666667,405.53066666666666,197.57933333333332,408.1869434927021
3720,127.46799999999999,405.896,197.89399999999998,408.5547389581602
3730,127.73733333333332,406.2613333333333,198.20866666666666,408.92253442361834
3740,128.00666666666666,406.62666666666667,198.5233333333333,409.29032988907653
3750,128.27599999999998,406.992,198.838,409.65812535453466
3760,128.54533333333333,407.3573333333333,199.15266666666665,410.0259208199928
3770,128.81466666666665,407.72266666666667,199.46733333333333,410.393716285451
3780,129.084,408.08799999999997,199.78199999999998,410.7615117509091
3790,129.35333333333332,408.4533333333333,200.09666666666666,411.12930721636724
3800,129.62266666666665,408.8186666666667,200.41133333333332,411.4971026818254
3810,129.892,409.18399999999997,200.726,411.86489814728355
3820,130.16133333333332,409.5493333333333,201.04066666666665,412.2326936127417
3830,130.43066666666667,409.9146666666666,201.35533333333333,412.60048907819987
3840,130.7,410.28,201.67,412.968284543658
3850,130.98066666666665,410.1773333333333,201.95,412.84741199412207
3860,131.2613333333333,410.07466666666664,202.23,412.7265394445861
3870,131.542,409.972,202.51,412.60566689505015
3880,131.82266666666666,409.8693333333333,202.79,412.4847943455142
3890,132.10333333333332,409.76666666666665,203.07,412.36392179597823
3900,132.384,409.664,203.35,412.2430492464423
3910,132.66466666666665,409.5613333333333,203.63,412.12217669690637
3920,132.94533333333334,409.45866666666666,203.91,412.0013041473704
3930,133.226,409.356,204.19,411.88043159783444
3940,133.50666666666666,409.25333333333333,204.47,411.7595590482985
3950,133.78733333333332,409.15066666666667,204.75,411.6386864987625
3960,134.06799999999998,409.048,205.03,411.5178139492266
3970,134.34866666666667,408.94533333333334,205.31,411.39694139969066
3980,134.62933333333334,408.8426666666667,205.59,411.2760688501547
3990,134.91,408.74,205.87,411.15519630061874
4000,135.19733333333332,408.568,206.12066666666666,410.9736600559646
4010,135.48466666666667,408.396,206.37133333333333,410.79212381131043
4020,135.772,408.224,206.622,410.6105875666563
4030,136.05933333333334,408.052,206.87266666666667,410.4290513220021
4040,136.34666666666666,407.88,207.12333333333333,410.247515077348
4050,136.634,407.708,207.374,410.0659788326939
4060,136.92133333333334,407.536,207.62466666666666,409.8844425880397
4070,137.20866666666666,407.36400000000003,207.87533333333334,409.70290634338556
4080,137.496,407.192,208.126,409.5213700987314
4090,137.78333333333333,407.02000000000004,208.37666666666667,409.33983385407726
4100,138.07066666666665,406.848,208.62733333333333,409.15829760942313
4110,138.358,406.67600000000004,208.878,408.97676136476895
4120,138.64533333333333,406.504,209.12866666666667,408.7952251201148
4130,138.93266666666668,406.33200000000005,209.37933333333334,408.61368887546064
4140,139.22,406.16,209.63,408.4321526308065
4150,139.512,406.10333333333335,209.86599999999999,408.37947972122606
4160,139.804,406.0466666666667,210.102,408.32680681164555
4170,140.096,405.99,210.338,408.2741339020651
4180,140.388,405.93333333333334,210.57399999999998,408.22146099248465
4190,140.68,405.87666666666667,210.81,408.1687880829042
4200,140.972,405.82,211.046,408.1161151733237
4210,141.264,405.7633333333333,211.28199999999998,408.06344226374324
4220,141.55599999999998,405.7066666666667,211.518,408.0107693541628
4230,141.84799999999998,405.65000000000003,211.754,407.95809644458234
4240,142.14,405.59333333333336,211.98999999999998,407.90542353500183
4250,142.432,405.5366666666667,212.226,407.8527506254214
4260,142.724,405.48,212.462,407.8000777158409
4270,143.016,405.42333333333335,212.69799999999998,407.7474048062605
4280,143.308,405.3666666666667,212.934,407.69473189667997
4290,143.6,405.31,213.17,407.6420589870995
4300,143.89533333333333,405.5726666666667,213.43133333333333,407.9077764427846
4310,144.19066666666666,405.8353333333333,213.69266666666667,408.1734938984697
4320,144.486,406.098,213.95399999999998,408.4392113541548
4330,144.78133333333332,406.36066666666665,214.21533333333332,408.70492880983994
4340,145.07666666666665,406.62333333333333,214.47666666666666,408.97064626552503
4350,145.37199999999999,406.886,214.738,409.2363637212101
4360,145.66733333333332,407.14866666666666,214.99933333333334,409.5020811768952
4370,145.96266666666668,407.41133333333335,215.26066666666665,409.7677986325803
4380,146.258,407.674,215.522,410.0335160882654
4390,146.55333333333334,407.93666666666667,215.78333333333333,410.2992335439505
4400,146.84866666666667,408.19933333333336,216.04466666666667,410.5649509996356
4410,147.144,408.462,216.306,410.83066845532073
4420,147.43933333333334,408.7246666666667,216.56733333333332,411.0963859110058
4430,147.73466666666667,408.9873333333333,216.82866666666666,411.3621033666909
4440,148.03,409.25,217.09,411.627820822376
4450,148.32533333333333,408.7853333333333,217.29866666666666,411.1358350678558
4460,148.62066666666666,408.3206666666667,217.50733333333335,410.64384931333564
4470,148.916,407.856,217.716,410.1518635588154
4480,149.21133333333333,407.3913333333333,217.92466666666667,409.6598778042952
4490,149.50666666666666,406.9266666666667,218.13333333333333,409.167892049775
4500,149.802,406.462,218.342,408.67590629525483
4510,150.09733333333332,405.9973333333333,218.55066666666667,408.1839205407346
4520,150.39266666666668,405.53266666666667,218.75933333333333,407.6919347862144
4530,150.68800000000002,405.068,218.968,407.1999490316942
4540,150.98333333333335,404.6033333333333,219.17666666666668,406.70796327717403
4550,151.27866666666668,404.13866666666667,219.38533333333334,406.2159775226538
4560,151.574,403.674,219.594,405.7239917681336
4570,151.86933333333334,403.2093333333333,219.80266666666665,405.2320060136134
4580,152.16466666666668,402.74466666666666,220.01133333333334,404.7400202590932
4590,152.46,402.28,220.22,404.248034504573
4600,152.75466666666668,402.21599999999995,220.42066666666668,404.19343785826015
4610,153.04933333333335,402.152,220.62133333333333,404.13884121194735
4620,153.344,402.08799999999997,220.822,404.0842445656345
4630,153.63866666666667,402.024,221.02266666666665,404.0296479193217
4640,153.93333333333334,401.96,221.22333333333333,403.97505127300883
4650,154.228,401.89599999999996,221.424,403.92045462669597
4660,154.52266666666668,401.832,221.62466666666666,403.86585798038317
4670,154.81733333333332,401.768,221.82533333333333,403.8112613340703
4680,155.112,401.704,222.02599999999998,403.7566646877575
4690,155.40666666666667,401.64,222.22666666666666,403.70206804144465
4700,155.70133333333334,401.57599999999996,222.42733333333334,403.6474713951318
4710,155.996,401.512,222.628,403.592874748819
4720,156.29066666666665,401.448,222.82866666666666,403.5382781025061
4730,156.58533333333332,401.384,223.0293333333333,403.4836814561933
4740,156.88,401.32,223.23,403.42908480988046
4750,157.17266666666666,401.54,223.45933333333332,403.6549095323608
4760,157.46533333333332,401.76,223.68866666666665,403.8807342548412
4770,157.758,401.98,223.91799999999998,404.1065589773215
4780,158.05066666666667,402.2,224.14733333333334,404.3323836998019
4790,158.34333333333333,402.42,224.37666666666667,404.55820842228223
4800,158.636,402.64,224.606,404.7840331447626
4810,158.92866666666666,402.86,224.83533333333332,405.00985786724294
4820,159.22133333333335,403.08,225.06466666666665,405.2356825897233
4830,159.514,403.3,225.29399999999998,405.46150731220365
4840,159.80666666666667,403.52,225.5233333333333,405.687332034684
4850,160.09933333333333,403.74,225.75266666666664,405.91315675716436
4860,160.392,403.96,225.982,406.1389814796447
4870,160.6846666666667,404.18,226.21133333333333,406.36480620212507
4880,160.97733333333335,404.4,226.44066666666666,406.5906309246054
4890,161.27,404.62,226.67,406.8164556470858
4900,161.548,404.9666666666667,226.91733333333332,407.16573399894514
4910,161.82600000000002,405.31333333333333,227.16466666666665,407.51501235080445
4920,162.104,405.66,227.41199999999998,407.8642907026638
4930,162.382,406.00666666666666,227.65933333333334,408.2135690545232
4940,162.66,406.35333333333335,227.90666666666667,408.5628474063825
4950,162.93800000000002,406.7,228.154,408.91212575824187
4960,163.216,407.0466666666667,228.40133333333333,409.26140411010124
4970,163.494,407.3933333333333,228.64866666666666,409.61068246196055
4980,163.772,407.74,228.896,409.9599608138199
4990,164.05,408.08666666666664,229.14333333333332,410.3092391656793
5000,164.328,408.43333333333334,229.39066666666665,410.6585175175386
5010,164.606,408.78,229.638,411.00779586939797
5020,164.884,409.12666666666667,229.88533333333334,411.35707422125734
5030,165.162,409.4733333333333,230.13266666666667,411.70635257311665
5040,165.44,409.82,230.38,412.055630924976
5050,165.70466666666667,409.82533333333333,230.60399999999998,412.0492203697977
5060,165.96933333333334,409.8306666666667,230.828,412.04280981461943
5070,166.234,409.836,231.052,412.0363992594411
5080,166.49866666666665,409.8413333333333,231.276,412.0299887042628
5090,166.76333333333332,409.84666666666664,231.5,412.0235781490845
5100,167.028,409.852,231.724,412.0171675939062
5110,167.29266666666666,409.8573333333333,231.948,412.0107570387279
5120,167.55733333333333,409.86266666666666,232.172,412.0043464835496
5130,167.822,409.868,232.39600000000002,411.9979359283713
5140,168.08666666666667,409.87333333333333,232.62,411.991525373193
5150,168.35133333333334,409.8786666666667,232.844,411.9851148180147
5160,168.61599999999999,409.88399999999996,233.068,411.9787042628364
5170,168.88066666666666,409.8893333333333,233.292,411.9722937076581
5180,169.14533333333333,409.89466666666664,233.51600000000002,411.9658831524798
5190,169.41,409.9,233.74,411.9594725973015
5200,169.67066666666668,409.81666666666666,233.94400000000002,411.86897048988595
5210,169.93133333333333,409.7333333333333,234.148,411.77846838247035
5220,170.192,409.65,234.352,411.6879662750548
5230,170.45266666666666,409.56666666666666,234.556,411.5974641676392
5240,170.71333333333334,409.4833333333333,234.76000000000002,411.50696206022366
5250,170.974,409.4,234.964,411.4164599528081
5260,171.23466666666667,409.31666666666666,235.168,411.3259578453925
5270,171.49533333333332,409.2333333333333,235.372,411.23545573797696
5280,171.756,409.15,235.57600000000002,411.14495363056136
5290,172.01666666666665,409.06666666666666,235.78,411.0544515231458
5300,172.27733333333333,408.9833333333333,235.984,410.96394941573027
5310,172.53799999999998,408.9,236.18800000000002,410.87344730831467
5320,172.79866666666666,408.81666666666666,236.39200000000002,410.7829452008991
5330,173.0593333333333,408.7333333333333,236.596,410.6924430934835
5340,173.32,408.65,236.8,410.601940986068
5350,173.5773333333333,408.54466666666667,236.98933333333335,410.49294112765114
5360,173.83466666666666,408.4393333333333,237.1786666666667,410.38394126923436
5370,174.09199999999998,408.334,237.368,410.2749414108175
5380,174.34933333333333,408.22866666666664,237.55733333333333,410.16594155240074
5390,174.60666666666665,408.12333333333333,237.74666666666667,410.0569416939839
5400,174.864,408.018,237.936,409.94794183556706
5410,175.12133333333333,407.91266666666667,238.12533333333334,409.8389419771503
5420,175.37866666666667,407.8073333333333,238.31466666666665,409.72994211873345
5430,175.636,407.702,238.504,409.62094226031667
5440,175.89333333333335,407.59666666666664,238.69333333333333,409.51194240189983
5450,176.15066666666667,407.49133333333333,238.88266666666667,409.402942543483
5460,176.40800000000002,407.38599999999997,239.072,409.2939426850662
5470,176.66533333333334,407.28066666666666,239.2613333333333,409.1849428266494
5480,176.9226666666667,407.1753333333333,239.45066666666665,409.0759429682326
5490,177.18,407.07,239.64,408.96694310981576
5500,177.4346666666667,407.0113333333333,239.82466666666664,408.90503930163374
5510,177.68933333333334,406.9526666666667,240.00933333333333,408.84313549345165
5520,177.94400000000002,406.894,240.194,408.78123168526963
5530,178.19866666666667,406.8353333333333,240.37866666666665,408.71932787708755
5540,178.45333333333335,406.77666666666664,240.56333333333333,408.6574240689055
5550,178.708,406.718,240.748,408.59552026072345
5560,178.96266666666668,406.65933333333334,240.93266666666665,408.5336164525414
5570,179.21733333333333,406.60066666666665,241.11733333333333,408.47171264435934
5580,179.472,406.542,241.302,408.4098088361773
5590,179.72666666666666,406.48333333333335,241.48666666666665,408.34790502799524
5600,179.98133333333334,406.42466666666667,241.67133333333334,408.2860012198132
5610,180.236,406.366,241.856,408.22409741163113
5620,180.49066666666667,406.3073333333333,242.04066666666665,408.1621936034491
5630,180.74533333333332,406.2486666666667,242.22533333333334,408.10028979526703
5640,181.0,406.19,242.41,408.038385987085
5650,181.252,406.01866666666666,242.57999999999998,407.8596038163877
5660,181.504,405.8473333333333,242.75,407.6808216456903
5670,181.756,405.676,242.92,407.50203947499296
5680,182.008,405.50466666666665,243.09,407.3232573042956
5690,182.26,405.3333333333333,243.26,407.1444751335983
5700,182.512,405.162,243.43,406.9656929629009
5710,182.764,404.99066666666664,243.6,406.78691079220357
5720,183.016,404.81933333333336,243.77,406.60812862150624
5730,183.268,404.648,243.94,406.4293464508089
5740,183.52,404.4766666666667,244.11,406.2505642801115
5750,183.772,404.30533333333335,244.28,406.0717821094142
5760,184.024,404.134,244.45000000000002,405.89299993871686
5770,184.276,403.9626666666667,244.62,405.7142177680195
5780,184.528,403.79133333333334,244.79000000000002,405.53543559732213
5790,184.78,403.62,244.96,405.3566534266248
5800,185.02866666666668,403.80400000000003,245.144,405.55391312551995
5810,185.27733333333333,403.988,245.328,405.75117282441516
5820,185.526,404.172,245.512,405.9484325233103
5830,185.77466666666666,404.356,245.696,406.1456922222055
5840,186.02333333333334,404.54,245.88,406.3429519211007
5850,186.272,404.724,246.064,406.5402116199959
5860,186.52066666666667,404.908,246.248,406.73747131889104
5870,186.76933333333332,405.092,246.43200000000002,406.93473101778625
5880,187.018,405.276,246.616,407.1319907166814
5890,187.26666666666665,405.46,246.8,407.3292504155766
5900,187.51533333333333,405.644,246.984,407.52651011447176
5910,187.76399999999998,405.828,247.168,407.72376981336697
5920,188.01266666666666,406.012,247.352,407.9210295122621
5930,188.2613333333333,406.19599999999997,247.536,408.11828921115733
5940,188.51,406.38,247.72,408.3155489100525
5950,188.7553333333333,406.4773333333333,247.92133333333334,408.39663112054046
5960,189.00066666666666,406.57466666666664,248.12266666666667,408.4777133310284
5970,189.24599999999998,406.67199999999997,248.324,408.55879554151636
5980,189.49133333333333,406.76933333333335,248.52533333333332,408.6398777520043
5990,189.73666666666665,406.8666666666667,248.72666666666666,408.72095996249226
6000,189.982,406.964,248.928,408.8020421729802
6010,190.22733333333332,407.0613333333333,249.12933333333334,408.88312438346816
6020,190.47266666666667,407.15866666666665,249.33066666666667,408.9642065939561
6030,190.718,407.256,249.532,409.04528880444406
6040,190.96333333333334,407.3533333333333,249.73333333333335,409.126371014932
6050,191.20866666666666,407.4506666666666,249.9346666666667,409.20745322541995
6060,191.454,407.548,250.136,409.2885354359079
6070,191.69933333333333,407.6453333333333,250.33733333333333,409.36961764639585
6080,191.94466666666668,407.74266666666665,250.53866666666667,409.4506998568838
6090,192.19,407.84,250.74,409.53178206737175
6100,192.43133333333333,407.3273333333333,250.87733333333335,409.0044674314527
6110,192.67266666666666,406.81466666666665,251.01466666666667,408.47715279553364
6120,192.914,406.30199999999996,251.15200000000002,407.9498381596146
6130,193.15533333333335,405.78933333333333,251.28933333333333,407.42252352369553
6140,193.39666666666668,405.27666666666664,251.42666666666668,406.8952088877765
6150,193.638,404.76399999999995,251.56400000000002,406.3678942518575
6160,193.87933333333334,404.2513333333333,251.70133333333334,405.8405796159384
6170,194.12066666666666,403.73866666666663,251.83866666666668,405.31326498001937
6180,194.362,403.226,251.976,404.7859503441003
6190,194.60333333333332,402.7133333333333,252.11333333333334,404.25863570818126
6200,194.84466666666665,402.2006666666666,252.2506666666667,403.73132107226223
6210,195.086,401.688,252.388,403.20400643634315
6220,195.32733333333334,401.1753333333333,252.52533333333335,402.6766918004241
6230,195.56866666666667,400.66266666666667,252.66266666666667,402.14937716450504
6240,195.81,400.15,252.8,401.622062528586
6250,196.048,400.5193333333333,252.98000000000002,402.0158398871354
6260,196.286,400.88866666666667,253.16,402.4096172456848
6270,196.524,401.258,253.34,402.8033946042342
6280,196.762,401.6273333333333,253.52,403.1971719627836
6290,197.0,401.99666666666667,253.70000000000002,403.590949321333
6300,197.238,402.366,253.88,403.9847266798824
6310,197.476,402.7353333333333,254.06,404.3785040384318
6320,197.714,403.1046666666667,254.24,404.7722813969812
6330,197.952,403.474,254.42000000000002,405.1660587555306
6340,198.19,403.8433333333333,254.6,405.55983611408
6350,198.428,404.2126666666667,254.78,405.9536134726294
6360,198.666,404.582,254.96,406.3473908311788
6370,198.904,404.9513333333333,255.14000000000001,406.7411681897282
6380,199.142,405.3206666666667,255.32,407.1349455482776
6390,199.38,405.69,255.5,407.528722906827
6400,199.61333333333332,405.79333333333335,255.688,407.62353525707556
6410,199.84666666666666,405.89666666666665,255.876,407.71834760732406
6420,200.07999999999998,406.0,256.064,407.8131599575726
6430,200.31333333333333,406.10333333333335,256.252,407.9079723078211
6440,200.54666666666665,406.20666666666665,256.44,408.0027846580697
6450,200.78,406.31,256.628,408.0975970083182
6460,201.01333333333332,406.41333333333336,256.816,408.19240935856675
6470,201.24666666666667,406.51666666666665,257.004,408.28722170881525
6480,201.48,406.62,257.192,408.3820340590638
6490,201.71333333333334,406.72333333333336,257.38,408.4768464093123
6500,201.94666666666666,406.82666666666665,257.568,408.5716587595609
6510,202.18,406.93,257.756,408.6664711098094
6520,202.41333333333333,407.03333333333336,257.944,408.76128346005794
6530,202.64666666666668,407.13666666666666,258.132,408.85609581030644
6540,202.88,407.24,258.32,408.950908160555
6550,203.10999999999999,407.24333333333334,258.49133333333333,408.9549075444898
6560,203.34,407.24666666666667,258.66266666666667,408.95890692842465
6570,203.57,407.25,258.834,408.96290631235945
6580,203.8,407.25333333333333,259.00533333333334,408.9669056962943
6590,204.03,407.25666666666666,259.1766666666667,408.9709050802291
6600,204.26,407.26,259.348,408.9749044641639
6610,204.49,407.2633333333333,259.51933333333335,408.97890384809875
6620,204.72,407.2666666666667,259.69066666666663,408.98290323203355
6630,204.95000000000002,407.27000000000004,259.86199999999997,408.9869026159684
6640,205.18,407.27333333333337,260.0333333333333,408.9909019999032
6650,205.41,407.2766666666667,260.20466666666664,408.994901383838
6660,205.64000000000001,407.28000000000003,260.376,408.99890076777285
6670,205.87,407.28333333333336,260.5473333333333,409.00290015170765
6680,206.10000000000002,407.2866666666667,260.71866666666665,409.0068995356425
6690,206.33,407.29,260.89,409.0108989195773
6700,206.55066666666667,407.41200000000003,261.0686666666667,409.13223737918554
6710,206.77133333333333,407.534,261.2473333333333,409.2535758387938
6720,206.99200000000002,407.656,261.426,409.374914298402
6730,207.21266666666668,407.778,261.6046666666667,409.4962527580103
6740,207.43333333333334,407.90000000000003,261.7833333333333,409.61759121761855
6750,207.654,408.022,261.962,409.7389296772268
6760,207.87466666666666,408.144,262.1406666666667,409.86026813683503
6770,208.09533333333334,408.266,262.3193333333333,409.98160659644327
6780,208.316,408.38800000000003,262.498,410.1029450560515
6790,208.53666666666666,408.51,262.6766666666667,410.22428351565975
6800,208.75733333333332,408.632,262.8553333333333,410.345621975268
6810,208.97799999999998,408.754,263.034,410.4669604348763
6820,209.19866666666667,408.87600000000003,263.2126666666667,410.5882988944845
6830,209.41933333333333,408.998,263.3913333333333,410.70963735409276
6840,209.64,409.12,263.57,410.830975813701
6850,209.84666666666666,408.85333333333335,263.7146666666667,410.54831047135815
6860,210.0533333333333,408.58666666666664,263.8593333333333,410.2656451290153
6870,210.26,408.32,264.004,409.98297978667244
6880,210.46666666666667,408.05333333333334,264.14866666666666,409.7003144443296
6890,210.67333333333332,407.7866666666667,264.29333333333335,409.41764910198674
6900,210.88,407.52,264.438,409.1349837596439
6910,211.08666666666667,407.25333333333333,264.5826666666667,408.85231841730103
6920,211.29333333333332,406.9866666666667,264.7273333333333,408.56965307495824
6930,211.5,406.72,264.872,408.2869877326154
6940,211.70666666666668,406.4533333333333,265.01666666666665,408.00432239027253
6950,211.91333333333333,406.18666666666667,265.16133333333335,407.7216570479297
6960,212.12,405.92,265.306,407.43899170558683
6970,212.32666666666668,405.65333333333336,265.4506666666667,407.156326363244
6980,212.53333333333333,405.38666666666666,265.5953333333333,406.8736610209011
6990,212.74,405.12,265.74,406.5909956785583
7000,212.94400000000002,405.1686666666667,265.886,406.64910788960543
7010,213.148,405.21733333333333,266.032,406.70722010065265
7020,213.352,405.266,266.178,406.7653323116998
7030,213.556,405.31466666666665,266.324,406.823444522747
7040,213.76000000000002,405.36333333333334,266.47,406.8815567337942
7050,213.964,405.41200000000003,266.616,406.93966894484134
7060,214.168,405.46066666666667,266.762,406.99778115588856
7070,214.372,405.50933333333336,266.908,407.0558933669357
7080,214.57600000000002,405.558,267.05400000000003,407.11400557798294
7090,214.78,405.6066666666667,267.2,407.1721177890301
7100,214.984,405.6553333333334,267.346,407.23023000007726
7110,215.18800000000002,405.704,267.492,407.2883422111245
7120,215.39200000000002,405.7526666666667,267.63800000000003,407.34645442217163
7130,215.596,405.80133333333333,267.784,407.40456663321885
7140,215.8,405.85,267.93,407.462678844266
7150,216.002,406.02200000000005,268.0973333333333,407.6335158013363
7160,216.204,406.194,268.2646666666667,407.80435275840654
7170,216.406,406.36600000000004,268.432,407.9751897154768
7180,216.608,406.538,268.59933333333333,408.14602667254707
7190,216.81,406.71000000000004,268.76666666666665,408.31686362961733
7200,217.012,406.882,268.934,408.4877005866876
7210,217.214,407.05400000000003,269.10133333333334,408.65853754375786
7220,217.41600000000003,407.226,269.26866666666666,408.8293745008281
7230,217.61800000000002,407.398,269.436,409.0002114578984
7240,217.82000000000002,407.57,269.60333333333335,409.17104841496865
7250,218.02200000000002,407.742,269.77066666666667,409.3418853720389
7260,218.22400000000002,407.914,269.938,409.5127223291092
7270,218.42600000000002,408.086,270.1053333333333,409.68355928617945
7280,218.62800000000001,408.258,270.2726666666667,409.8543962432497
7290,218.83,408.43,270.44,410.02523320032
7300,219.03,408.4866666666667,270.6,410.0807420960464
7310,219.23000000000002,408.54333333333335,270.76,410.1362509917728
7320,219.43,408.6,270.92,410.1917598874992
7330,219.63000000000002,408.65666666666664,271.08,410.2472687832256
7340,219.83,408.7133333333333,271.24,410.302777678952
7350,220.03,408.77,271.4,410.3582865746784
7360,220.23000000000002,408.82666666666665,271.56,410.4137954704048
7370,220.43,408.8833333333333,271.71999999999997,410.46930436613115
7380,220.63000000000002,408.94,271.88,410.52481326185756
7390,220.83,408.99666666666667,272.03999999999996,410.58032215758396
7400,221.03,409.05333333333334,272.2,410.63583105331037
7410,221.23000000000002,409.10999999999996,272.35999999999996,410.6913399490368
7420,221.43,409.16666666666663,272.52,410.7468488447632
7430,221.63000000000002,409.2233333333333,272.67999999999995,410.8023577404896
7440,221.83,409.28,272.84,410.857866636216
7450,222.02666666666667,408.9626666666666,272.96733333333333,410.52457256269065
7460,222.22333333333336,408.6453333333333,273.0946666666666,410.1912784891653
7470,222.42000000000002,408.328,273.222,409.8579844156399
7480,222.61666666666667,408.0106666666666,273.34933333333333,409.5246903421146
7490,222.81333333333333,407.6933333333333,273.47666666666663,409.19139626858924
7500,223.01000000000002,407.376,273.604,408.8581021950639
7510,223.20666666666668,407.0586666666666,273.73133333333334,408.52480812153857
7520,223.40333333333334,406.74133333333333,273.85866666666664,408.1915140480132
7530,223.6,406.424,273.986,407.85821997448784
7540,223.79666666666668,406.1066666666666,274.11333333333334,407.5249259009625
7550,223.99333333333334,405.78933333333333,274.24066666666664,407.19163182743716
7560,224.19,405.472,274.368,406.8583377539118
7570,224.38666666666666,405.1546666666666,274.49533333333335,406.52504368038643
7580,224.58333333333334,404.83733333333333,274.62266666666665,406.1917496068611
7590,224.78,404.52,274.75,405.85845553333576
7600,224.97466666666668,404.50066666666663,274.876,405.84693803727566
7610,225.16933333333333,404.48133333333334,275.002,405.8354205412155
7620,225.364,404.462,275.128,405.8239030451554
7630,225.55866666666665,404.44266666666664,275.254,405.81238554909527
7640,225.75333333333333,404.42333333333335,275.38,405.8008680530352
7650,225.948,404.404,275.506,405.7893505569751
7660,226.14266666666666,404.38466666666665,275.632,405.77783306091493
7670,226.33733333333333,404.36533333333335,275.758,405.76631556485484
7680,226.53199999999998,404.346,275.884,405.7547980687947
7690,226.72666666666666,404.32666666666665,276.01,405.7432805727346
7700,226.92133333333334,404.30733333333336,276.13599999999997,405.7317630766745
7710,227.11599999999999,404.288,276.262,405.72024558061435
7720,227.31066666666666,404.26866666666666,276.388,405.70872808455425
7730,227.5053333333333,404.24933333333337,276.514,405.6972105884941
7740,227.7,404.23,276.64,405.685693092434
7750,227.892,404.4166666666667,276.78999999999996,405.8777615825904
7760,228.084,404.60333333333335,276.94,406.06983007274675
7770,228.27599999999998,404.79,277.09,406.2618985629031
7780,228.468,404.9766666666667,277.24,406.45396705305944
7790,228.66,405.16333333333336,277.39,406.6460355432158
7800,228.852,405.35,277.53999999999996,406.8381040333722
7810,229.044,405.5366666666667,277.69,407.03017252352856
7820,229.236,405.7233333333333,277.84,407.22224101368494
7830,229.428,405.90999999999997,277.99,407.4143095038413
7840,229.62,406.09666666666664,278.14,407.6063779939977
7850,229.812,406.2833333333333,278.28999999999996,407.79844648415406
7860,230.00400000000002,406.46999999999997,278.44,407.9905149743104
7870,230.196,406.65666666666664,278.59,408.18258346446675
7880,230.388,406.8433333333333,278.74,408.3746519546231
7890,230.58,407.03,278.89,408.5667204447795
7900,230.7686666666667,407.304,279.056,408.8441843299036
7910,230.95733333333334,407.578,279.222,409.1216482150277
7920,231.14600000000002,407.852,279.388,409.3991121001518
7930,231.33466666666666,408.126,279.554,409.6765759852759
7940,231.52333333333334,408.4,279.71999999999997,409.9540398704
7950,231.71200000000002,408.674,279.88599999999997,410.2315037555241
7960,231.90066666666667,408.948,280.05199999999996,410.5089676406482
7970,232.08933333333334,409.222,280.218,410.7864315257723
7980,232.278,409.496,280.384,411.0638954108964
7990,232.46666666666667,409.77,280.55,411.3413592960205
8000,232.65533333333335,410.044,280.716,411.6188231811446
8010,232.844,410.318,280.882,411.8962870662687
8020,233.03266666666667,410.592,281.048,412.17375095139283
8030,233.22133333333332,410.866,281.214,412.4512148365169
8040,233.41,411.14,281.38,412.728678721641
8050,233.59666666666666,410.8793333333333,281.5113333333333,412.4492953320209
8060,233.78333333333333,410.6186666666667,281.6426666666667,412.16991194240074
8070,233.97,410.358,281.774,411.89052855278055
8080,234.15666666666667,410.0973333333333,281.9053333333333,411.6111451631604
8090,234.34333333333333,409.83666666666664,282.0366666666667,411.3317617735403
8100,234.53,409.576,282.168,411.05237838392014
8110,234.71666666666667,409.31533333333334,282.2993333333333,410.7729949943
8120,234.90333333333334,409.05466666666666,282.4306666666667,410.4936116046798
8130,235.09,408.794,282.562,410.2142282150597
8140,235.27666666666667,408.53333333333336,282.6933333333333,409.93484482543954
8150,235.46333333333334,408.2726666666667,282.8246666666667,409.6554614358194
8160,235.65,408.012,282.956,409.37607804619927
8170,235.83666666666667,407.7513333333333,283.08733333333333,409.0966946565791
8180,236.02333333333334,407.4906666666667,283.2186666666667,408.81731126695894
8190,236.21,407.23,283.35,408.5379278773388
8200,236.39266666666668,407.04466666666667,283.464,408.34994994732034
8210,236.57533333333333,406.8593333333333,283.57800000000003,408.16197201730193
8220,236.758,406.67400000000004,283.692,407.9739940872835
8230,236.94066666666666,406.4886666666667,283.80600000000004,407.786016157265
8240,237.12333333333333,406.30333333333334,283.92,407.59803822724655
8250,237.306,406.118,284.034,407.41006029722814
8260,237.48866666666666,405.93266666666665,284.148,407.2220823672097
8270,237.67133333333334,405.74733333333336,284.262,407.0341044371912
8280,237.85399999999998,405.562,284.37600000000003,406.84612650717276
8290,238.03666666666666,405.37666666666667,284.49,406.65814857715435
8300,238.21933333333334,405.1913333333333,284.604,406.4701706471359
8310,238.402,405.006,284.718,406.2821927171174
8320,238.58466666666666,404.8206666666667,284.832,406.09421478709896
8330,238.7673333333333,404.63533333333334,284.946,405.90623685708056
8340,238.95,404.45,285.06,405.7182589270621
8350,239.13066666666666,404.41266666666667,285.176,405.68603584845744
8360,239.31133333333332,404.37533333333334,285.29200000000003,405.6538127698528
8370,239.492,404.33799999999997,285.408,405.6215896912481
8380,239.67266666666666,404.30066666666664,285.524,405.58936661264346
8390,239.85333333333332,404.2633333333333,285.64,405.5571435340388
8400,240.034,404.226,285.75600000000003,405.52492045543414
8410,240.21466666666666,404.1886666666667,285.872,405.4926973768295
8420,240.39533333333333,404.1513333333333,285.988,405.4604742982248
8430,240.576,404.114,286.104,405.42825121962017
8440,240.75666666666666,404.07666666666665,286.22,405.3960281410155
8450,240.93733333333333,404.03933333333333,286.336,405.36380506241085
8460,241.118,404.002,286.452,405.3315819838062
8470,241.29866666666666,403.96466666666663,286.568,405.29935890520153
8480,241.47933333333333,403.9273333333333,286.684,405.26713582659687
8490,241.66,403.89,286.8,405.2349127479922
8500,241.838,404.07466666666664,286.938,405.4227939126135
8510,242.016,404.2593333333333,287.076,405.6106750772347
8520,242.194,404.444,287.214,405.798556241856
8530,242.372,404.6286666666667,287.35200000000003,405.9864374064772
8540,242.55,404.81333333333333,287.49,406.17431857109847
8550,242.728,404.998,287.628,406.36219973571974
8560,242.906,405.18266666666665,287.766,406.55008090034096
8570,243.084,405.36733333333336,287.904,406.73796206496223
8580,243.262,405.552,288.04200000000003,406.92584322958345
8590,243.44,405.7366666666667,288.18,407.1137243942047
8600,243.618,405.92133333333334,288.318,407.301605558826
8610,243.79600000000002,406.106,288.456,407.4894867234472
8620,243.97400000000002,406.2906666666667,288.594,407.6773678880685
8630,244.15200000000002,406.47533333333337,288.732,407.8652490526897
8640,244.33,406.66,288.87,408.053130217311
8650,244.50400000000002,403.54266666666666,288.748,404.8088715747217
8660,244.678,400.42533333333336,288.62600000000003,401.5646129321324
8670,244.852,397.308,288.504,398.3203542895431
8680,245.026,394.1906666666667,288.382,395.0760956469538
8690,245.20000000000002,391.0733333333333,288.26,391.8318370043645
8700,245.374,387.956,288.13800000000003,388.5875783617752
8710,245.548,384.83866666666665,288.016,385.3433197191859
8720,245.722,381.72133333333335,287.894,382.09906107659657
8730,245.89600000000002,378.604,287.772,378.8548024340073
8740,246.07,375.4866666666667,287.65000000000003,375.61054379141797
8750,246.244,372.3693333333333,287.528,372.3662851488287
8760,246.418,369.252,287.406,369.12202650623937
8770,246.592,366.13466666666665,287.284,365.8777678636501
8780,246.766,363.01733333333334,287.16200000000003,362.63350922106076
8790,246.94,359.9,287.04,359.3892505784715
8800,247.10399999999998,357.568,286.8026666666667,357.04825610985665
8810,247.268,355.236,286.56533333333334,354.7072616412418
8820,247.432,352.904,286.32800000000003,352.366267172627
8830,247.596,350.572,286.09066666666666,350.0252727040122
8840,247.76,348.24,285.85333333333335,347.68427823539736
8850,247.924,345.908,285.61600000000004,345.3432837667825
8860,248.088,343.576,285.3786666666667,343.0022892981677
8870,248.252,341.244,285.14133333333336,340.66129482955284
8880,248.416,338.912,284.904,338.320300360938
8890,248.58,336.58,284.6666666666667,335.97930589232317
8900,248.744,334.248,284.4293333333334,333.6383114237084
8910,248.90800000000002,331.916,284.192,331.29731695509355
8920,249.072,329.584,283.9546666666667,328.9563224864787
8930,249.23600000000002,327.252,283.71733333333333,326.6153280178639
8940,249.4,324.92,283.48,324.27433354924904
8950,249.56133333333335,323.13533333333334,283.23466666666667,322.4761993502311
8960,249.72266666666667,321.35066666666665,282.9893333333334,320.6780651512133
8970,249.88400000000001,319.56600000000003,282.744,318.87993095219537
8980,250.04533333333333,317.78133333333335,282.4986666666667,317.0817967531775
8990,250.20666666666668,315.99666666666667,282.25333333333333,315.2836625541596
9000,250.368,314.212,282.00800000000004,313.4855283551417
9010,250.52933333333334,312.4273333333333,281.7626666666667,311.68739415612384
9020,250.69066666666666,310.6426666666667,281.51733333333334,309.88925995710593
9030,250.852,308.858,281.272,308.0911257580881
9040,251.01333333333332,307.0733333333333,281.0266666666667,306.2929915590702
9050,251.17466666666667,305.28866666666664,280.78133333333335,304.49485736005226
9060,251.33599999999998,303.50399999999996,280.536,302.6967231610344
9070,251.49733333333333,301.71933333333334,280.29066666666665,300.8985889620165
9080,251.65866666666665,299.93466666666666,280.04533333333336,299.10045476299865
9090,251.82,298.15,279.8,297.30232056398074
9100,251.976,296.54999999999995,279.54200000000003,295.6866427301823
9110,252.132,294.95,279.284,294.0709648963838
9120,252.28799999999998,293.34999999999997,279.026,292.4552870625854
9130,252.444,291.75,278.76800000000003,290.83960922878697
9140,252.6,290.15,278.51,289.2239313949885
9150,252.756,288.54999999999995,278.252,287.60825356119005
9160,252.912,286.95,277.994,285.9925757273916
9170,253.06799999999998,285.34999999999997,277.736,284.37689789359314
9180,253.224,283.75,277.478,282.7612200597947
9190,253.38,282.15,277.22,281.1455422259963
9200,253.536,280.54999999999995,276.962,279.5298643921978
9210,253.692,278.95,276.704,277.91418655839936
9220,253.84799999999998,277.34999999999997,276.446,276.29850872460094
9230,254.004,275.75,276.188,274.68283089080245
9240,254.16,274.15,275.93,273.067153057004
9250,254.30666666666667,272.6273333333333,275.65133333333335,271.53204517069
9260,254.45333333333332,271.1046666666667,275.37266666666665,269.99693728437603
9270,254.6,269.582,275.094,268.46182939806204
9280,254.74666666666667,268.0593333333333,274.81533333333334,266.926721511748
9290,254.89333333333335,266.53666666666663,274.5366666666667,265.391613625434
9300,255.04,265.014,274.258,263.85650573912
9310,255.18666666666667,263.49133333333333,273.97933333333333,262.321397852806
9320,255.33333333333334,261.96866666666665,273.7006666666667,260.786289966492
9330,255.48000000000002,260.44599999999997,273.422,259.251182080178
9340,255.62666666666667,258.92333333333335,273.1433333333333,257.716074193864
9350,255.77333333333334,257.40066666666667,272.86466666666666,256.18096630755
9360,255.92000000000002,255.878,272.586,254.645858421236
9370,256.06666666666666,254.35533333333333,272.30733333333336,253.11075053492198
9380,256.21333333333337,252.83266666666668,272.02866666666665,251.57564264860798
9390,256.36,251.31,271.75,250.040534762294
9400,256.49333333333334,249.82133333333334,271.452,248.53818363936642
9410,256.62666666666667,248.33266666666665,271.154,247.03583251643886
9420,256.76,246.844,270.856,245.5334813935113
9430,256.8933333333334,245.35533333333333,270.558,244.03113027058373
9440,257.0266666666667,243.86666666666667,270.26,242.52877914765617
9450,257.16,242.378,269.962,241.0264280247286
9460,257.29333333333335,240.88933333333333,269.664,239.52407690180104
9470,257.4266666666667,239.40066666666667,269.366,238.02172577887347
9480,257.56,237.912,269.068,236.51937465594588
9490,257.6933333333333,236.42333333333332,268.77,235.01702353301832
9500,257.82666666666665,234.93466666666666,268.472,233.51467241009075
9510,257.96000000000004,233.446,268.174,232.0123212871632
9520,258.09333333333336,231.95733333333334,267.876,230.50997016423563
9530,258.2266666666667,230.46866666666665,267.578,229.00761904130806
9540,258.36,228.98,267.28,227.5052679183805
9550,258.4766666666667,227.3213333333333,266.95,225.81931843556387
9560,258.59333333333336,225.66266666666667,266.61999999999995,224.13336895274728
9570,258.71000000000004,224.004,266.28999999999996,222.44741946993065
9580,258.82666666666665,222.34533333333331,265.96,220.76146998711403
9590,258.9433333333333,220.68666666666667,265.63,219.07552050429743
9600,259.06,219.028,265.29999999999995,217.3895710214808
9610,259.1766666666667,217.36933333333332,264.96999999999997,215.70362153866418
9620,259.29333333333335,215.71066666666667,264.64,214.01767205584758
9630,259.41,214.052,264.31,212.33172257303096
9640,259.5266666666667,212.39333333333332,263.97999999999996,210.64577309021433
9650,259.6433333333334,210.73466666666667,263.65,208.95982360739774
9660,259.76,209.076,263.32,207.2738741245811
9670,259.87666666666667,207.41733333333332,262.99,205.5879246417645
9680,259.99333333333334,205.75866666666667,262.65999999999997,203.9019751589479
9690,260.11,204.1,262.33,202.21602567613127
9700,260.2066666666667,202.04133333333334,261.92199999999997,200.13012271015012
9710,260.30333333333334,199.98266666666666,261.514,198.04421974416897
9720,260.40000000000003,197.924,261.106,195.95831677818782
9730,260.49666666666667,195.86533333333333,260.698,193.87241381220667
9740,260.59333333333336,193.80666666666667,260.28999999999996,191.78651084622553
9750,260.69,191.748,259.882,189.70060788024438
9760,260.7866666666667,189.68933333333334,259.474,187.6147049142632
9770,260.8833333333333,187.63066666666666,259.066,185.52880194828208
9780,260.98,185.572,258.65799999999996,183.4428989823009
9790,261.07666666666665,183.51333333333332,258.25,181.35699601631975
9800,261.17333333333335,181.45466666666667,257.842,179.2710930503386
9810,261.27,179.396,257.43399999999997,177.18519008435746
9820,261.3666666666667,177.33733333333333,257.02599999999995,175.0992871183763
9830,261.4633333333333,175.27866666666665,256.618,173.01338415239516
9840,261.56,173.22,256.21,170.927481186414
9850,261.636,171.87733333333333,255.81866666666664,169.59234586109437
9860,261.712,170.53466666666668,255.4273333333333,168.2572105357747
9870,261.788,169.192,255.03599999999997,166.92207521045506
9880,261.864,167.84933333333333,254.64466666666667,165.58693988513542
9890,261.94,166.50666666666666,254.25333333333333,164.25180455981575
9900,262.016,165.16400000000002,253.862,162.9166692344961
9910,262.092,163.82133333333334,253.47066666666666,161.58153390917647
9920,262.168,162.47866666666667,253.07933333333332,160.2463985838568
9930,262.24399999999997,161.136,252.688,158.91126325853716
9940,262.32,159.79333333333335,252.29666666666665,157.57612793321752
9950,262.396,158.45066666666668,251.90533333333332,156.24099260789785
9960,262.472,157.108,251.514,154.9058572825782
9970,262.548,155.76533333333333,251.12266666666667,153.57072195725857
9980,262.62399999999997,154.4226666666667,250.73133333333334,152.2355866319389
9990,262.7,153.08,250.34,150.90045130661926
10000,262.75266666666664,151.50466666666668,249.92600000000002,149.3015116739972
10010,262.80533333333335,149.92933333333335,249.512,147.70257204137516
10020,262.858,148.354,249.098,146.1036324087531
10030,262.91066666666666,146.77866666666668,248.684,144.50469277613107
10040,262.9633333333333,145.20333333333335,248.27,142.905753143509
10050,263.016,143.62800000000001,247.856,141.30681351088697
10060,263.0686666666667,142.05266666666665,247.442,139.7078738782649
10070,263.1213333333333,140.47733333333332,247.028,138.10893424564284
10080,263.174,138.902,246.614,136.5099946130208
10090,263.2266666666667,137.32666666666665,246.2,134.91105498039875
10100,263.27933333333334,135.75133333333332,245.786,133.3121153477767
10110,263.332,134.176,245.37199999999999,131.71317571515465
10120,263.38466666666665,132.60066666666665,244.958,130.1142360825326
10130,263.43733333333336,131.02533333333332,244.54399999999998,128.51529644991055
10140,263.49,129.45,244.13,126.9163568172885
10150,263.51933333333335,128.31466666666665,243.712,125.8090677760793
10160,263.5486666666667,127.17933333333332,243.294,124.7017787348701
10170,263.57800000000003,126.044,242.876,123.5944896936609
10180,263.6073333333333,124.90866666666666,242.458,122.4872006524517
10190,263.63666666666666,123.77333333333333,242.04,121.3799116112425
10200,263.666,122.63799999999999,241.622,120.2726225700333
10210,263.69533333333334,121.50266666666666,241.204,119.1653335288241
10220,263.7246666666667,120.36733333333333,240.786,118.05804448761492
10230,263.754,119.232,240.368,116.95075544640572
10240,263.78333333333336,118.09666666666666,239.95000000000002,115.84346640519652
10250,263.8126666666667,116.96133333333333,239.532,114.73617736398732
10260,263.842,115.826,239.114,113.62888832277812
10270,263.8713333333333,114.69066666666667,238.696,112.52159928156892
10280,263.90066666666667,113.55533333333334,238.27800000000002,111.41431024035973
10290,263.93,112.42,237.86,110.30702119915053
10300,263.93333333333334,112.53666666666666,237.58866666666668,110.44683764806942
10310,263.93666666666667,112.65333333333334,237.31733333333335,110.58665409698833
10320,263.94,112.77,237.04600000000002,110.72647054590722
10330,263.9433333333333,112.88666666666667,236.77466666666666,110.86628699482613
10340,263.94666666666666,113.00333333333333,236.50333333333333,111.00610344374502
10350,263.95,113.12,236.232,111.14591989266391
10360,263.9533333333333,113.23666666666666,235.96066666666667,111.28573634158282
10370,263.9566666666667,113.35333333333334,235.68933333333334,111.42555279050171
10380,263.96000000000004,113.47,235.418,111.56536923942062
10390,263.96333333333337,113.58666666666667,235.14666666666668,111.70518568833951
10400,263.9666666666667,113.70333333333333,234.87533333333334,111.8450021372584
10410,263.97,113.82000000000001,234.60399999999998,111.98481858617731
10420,263.97333333333336,113.93666666666667,234.33266666666665,112.1246350350962
10430,263.9766666666667,114.05333333333334,234.06133333333332,112.26445148401511
10440,263.98,114.17,233.79,112.404267932934
10450,263.958,113.58666666666667,233.516,111.80480424546491
10460,263.93600000000004,113.00333333333333,233.242,111.2053405579958
10470,263.914,112.42,232.968,110.6058768705267
10480,263.892,111.83666666666667,232.694,110.0064131830576
10490,263.87,111.25333333333333,232.42,109.4069494955885
10500,263.848,110.67,232.146,108.8074858081194
10510,263.826,110.08666666666667,231.87199999999999,108.2080221206503
10520,263.804,109.50333333333333,231.598,107.6085584331812
10530,263.782,108.92,231.324,107.0090947457121
10540,263.76,108.33666666666667,231.05,106.409631058243
10550,263.738,107.75333333333333,230.776,105.8101673707739
10560,263.716,107.17,230.502,105.2107036833048
10570,263.69399999999996,106.58666666666667,230.228,104.61123999583569
10580,263.67199999999997,106.00333333333333,229.954,104.01177630836659
10590,263.65,105.42,229.68,103.4123126208975
10600,263.60266666666666,105.34066666666666,229.4286666666667,103.35330147963516
10610,263.5553333333333,105.26133333333334,229.17733333333334,103.29429033837283
10620,263.508,105.182,228.92600000000002,103.2352791971105
10630,263.46066666666667,105.10266666666666,228.67466666666667,103.17626805584817
10640,263.4133333333333,105.02333333333334,228.42333333333335,103.11725691458584
10650,263.366,104.944,228.172,103.0582457733235
10660,263.3186666666667,104.86466666666666,227.92066666666668,102.99923463206117
10670,263.2713333333333,104.78533333333334,227.66933333333333,102.94022349079884
10680,263.224,104.706,227.418,102.88121234953651
10690,263.1766666666667,104.62666666666667,227.16666666666666,102.82220120827418
10700,263.1293333333333,104.54733333333334,226.91533333333334,102.76319006701185
10710,263.082,104.468,226.664,102.70417892574952
10720,263.0346666666667,104.38866666666667,226.41266666666667,102.64516778448719
10730,262.9873333333333,104.30933333333334,226.16133333333332,102.58615664322485
10740,262.94,104.23,225.91,102.52714550196252
10750,262.8686666666667,104.42533333333334,225.72533333333334,102.73420897361257
10760,262.7973333333333,104.62066666666666,225.54066666666665,102.94127244526261
10770,262.726,104.816,225.356,103.14833591691267
10780,262.6546666666667,105.01133333333334,225.17133333333334,103.35539938856272
10790,262.5833333333333,105.20666666666666,224.98666666666665,103.56246286021276
10800,262.512,105.402,224.802,103.7695263318628
10810,262.4406666666667,105.59733333333334,224.61733333333333,103.97658980351285
10820,262.3693333333333,105.79266666666666,224.43266666666665,104.18365327516291
10830,262.298,105.988,224.248,104.39071674681296
10840,262.2266666666667,106.18333333333334,224.06333333333333,104.597780218463
10850,262.1553333333333,106.37866666666666,223.87866666666665,104.80484369011305
10860,262.084,106.574,223.694,105.01190716176309
10870,262.0126666666667,106.76933333333334,223.50933333333333,105.21897063341315
10880,261.9413333333333,106.96466666666666,223.32466666666664,105.4260341050632
10890,261.87,107.16,223.14,105.63309757671324
10900,261.77733333333333,107.35,222.986,105.83185772798129
10910,261.68466666666666,107.53999999999999,222.832,106.03061787924935
10920,261.592,107.73,222.678,106.2293780305174
10930,261.49933333333337,107.92,222.524,106.42813818178544
10940,261.4066666666667,108.11,222.37,106.62689833305349
10950,261.314,108.3,222.216,106.82565848432155
10960,261.22133333333335,108.49,222.062,107.0244186355896
10970,261.1286666666667,108.68,221.908,107.22317878685764
10980,261.036,108.87,221.754,107.42193893812569
10990,260.9433333333333,109.06,221.6,107.62069908939375
11000,260.85066666666665,109.25,221.446,107.8194592406618
11010,260.75800000000004,109.44,221.292,108.01821939192985
11020,260.66533333333336,109.63000000000001,221.138,108.2169795431979
11030,260.5726666666667,109.82000000000001,220.984,108.41573969446596
11040,260.48,110.01,220.83,108.614499845734
11050,260.37,109.77266666666667,220.65800000000002,108.3667508668938
11060,260.26,109.53533333333334,220.48600000000002,108.1190018880536
11070,260.15000000000003,109.298,220.31400000000002,107.8712529092134
11080,260.04,109.06066666666668,220.142,107.6235039303732
11090,259.93,108.82333333333334,219.97,107.375754951533
11100,259.82,108.586,219.798,107.1280059726928
11110,259.71,108.34866666666667,219.626,106.8802569938526
11120,259.6,108.11133333333333,219.454,106.6325080150124
11130,259.49,107.87400000000001,219.282,106.3847590361722
11140,259.38,107.63666666666667,219.11,106.137010057332
11150,259.27,107.39933333333333,218.93800000000002,105.8892610784918
11160,259.15999999999997,107.162,218.766,105.6415120996516
11170,259.05,106.92466666666667,218.594,105.3937631208114
11180,258.94,106.68733333333334,218.422,105.14601414197121
11190,258.83,106.45,218.25,104.898265163131
11200,258.70533333333333,106.34,218.08,104.79353082372417
11210,258.5806666666667,106.23,217.91,104.68879648431734
11220,258.45599999999996,106.12,217.74,104.5840621449105
11230,258.3313333333333,106.01,217.57,104.47932780550367
11240,258.20666666666665,105.9,217.4,104.37459346609684
11250,258.082,105.79,217.23,104.26985912669001
11260,257.95733333333334,105.68,217.06,104.16512478728318
11270,257.8326666666666,105.57,216.89,104.06039044787633
11280,257.70799999999997,105.46,216.72,103.9556561084695
11290,257.5833333333333,105.35,216.54999999999998,103.85092176906267
11300,257.45866666666666,105.24,216.38,103.74618742965583
11310,257.334,105.13,216.20999999999998,103.641453090249
11320,257.2093333333333,105.02,216.04,103.53671875084217
11330,257.08466666666664,104.91,215.86999999999998,103.43198441143534
11340,256.96,104.8,215.7,103.3272500720285
11350,256.82533333333333,104.87066666666666,215.55133333333333,103.40926024707203
11360,256.69066666666663,104.94133333333333,215.40266666666665,103.49127042211553
11370,256.556,105.012,215.254,103.57328059715906
11380,256.42133333333334,105.08266666666667,215.10533333333333,103.65529077220256
11390,256.28666666666663,105.15333333333334,214.95666666666665,103.73730094724608
11400,256.152,105.224,214.808,103.8193111222896
11410,256.01733333333334,105.29466666666667,214.65933333333334,103.90132129733311
11420,255.88266666666667,105.36533333333333,214.51066666666665,103.98333147237663
11430,255.748,105.43599999999999,214.362,104.06534164742014
11440,255.61333333333332,105.50666666666666,214.21333333333334,104.14735182246366
11450,255.47866666666667,105.57733333333333,214.06466666666665,104.22936199750718
11460,255.344,105.648,213.916,104.31137217255069
11470,255.20933333333332,105.71866666666666,213.76733333333334,104.39338234759421
11480,255.07466666666667,105.78933333333333,213.61866666666666,104.47539252263772
11490,254.94,105.86,213.47,104.55740269768124
11500,254.79866666666666,106.16266666666667,213.36133333333333,104.8698872621921
11510,254.65733333333333,106.46533333333333,213.25266666666667,105.18237182670295
11520,254.516,106.768,213.144,105.49485639121379
11530,254.37466666666666,107.07066666666667,213.03533333333334,105.80734095572464
11540,254.23333333333332,107.37333333333333,212.92666666666668,106.1198255202355
11550,254.09199999999998,107.676,212.818,106.43231008474635
11560,253.95066666666665,107.97866666666667,212.70933333333335,106.7447946492572
11570,253.80933333333334,108.28133333333334,212.60066666666665,107.05727921376804
11580,253.668,108.584,212.492,107.3697637782789
11590,253.52666666666667,108.88666666666667,212.38333333333333,107.68224834278975
11600,253.38533333333334,109.18933333333334,212.27466666666666,107.9947329073006
11610,253.244,109.492,212.166,108.30721747181146
11620,253.10266666666666,109.79466666666667,212.05733333333333,108.6197020363223
11630,252.96133333333333,110.09733333333334,211.94866666666667,108.93218660083315
11640,252.82,110.4,211.84,109.244671165344
11650,252.67333333333332,110.35133333333334,211.72066666666666,109.18841000312246
11660,252.52666666666667,110.30266666666667,211.60133333333334,109.1321488409009
11670,252.38,110.254,211.482,109.07588767867935
11680,252.23333333333332,110.20533333333334,211.36266666666668,109.0196265164578
11690,252.08666666666667,110.15666666666667,211.24333333333334,108.96336535423626
11700,251.94,110.108,211.124,108.9071041920147
11710,251.79333333333332,110.05933333333334,211.00466666666668,108.85084302979315
11720,251.64666666666668,110.01066666666667,210.88533333333334,108.79458186757161
11730,251.5,109.962,210.76600000000002,108.73832070535006
11740,251.35333333333332,109.91333333333334,210.64666666666668,108.6820595431285
11750,251.20666666666668,109.86466666666666,210.52733333333333,108.62579838090696
11760,251.06,109.816,210.40800000000002,108.56953721868541
11770,250.91333333333333,109.76733333333334,210.28866666666667,108.51327605646387
11780,250.76666666666668,109.71866666666666,210.16933333333336,108.4570148942423
11790,250.62,109.67,210.05,108.40075373202076
11800,250.47,109.63466666666667,209.92533333333336,108.36728216351497
11810,250.32,109.59933333333333,209.80066666666667,108.3338105950092
11820,250.17000000000002,109.56400000000001,209.67600000000002,108.30033902650341
11830,250.02,109.52866666666667,209.55133333333333,108.26686745799762
11840,249.87,109.49333333333334,209.42666666666668,108.23339588949185
11850,249.72,109.458,209.30200000000002,108.19992432098606
11860,249.57,109.42266666666667,209.17733333333334,108.16645275248027
11870,249.42000000000002,109.38733333333333,209.05266666666668,108.1329811839745
11880,249.27,109.352,208.928,108.0995096154687
11890,249.12,109.31666666666666,208.80333333333334,108.06603804696292
11900,248.97,109.28133333333334,208.6786666666667,108.03256647845714
11910,248.82,109.246,208.554,107.99909490995135
11920,248.67000000000002,109.21066666666667,208.42933333333335,107.96562334144556
11930,248.52,109.17533333333333,208.30466666666666,107.93215177293979
11940,248.37,109.14,208.18,107.898680204434
11950,248.21866666666668,109.138,208.06,107.89909204123721
11960,248.06733333333332,109.136,207.94,107.89950387804043
11970,247.916,109.134,207.82,107.89991571484364
11980,247.76466666666667,109.132,207.70000000000002,107.90032755164687
11990,247.61333333333334,109.13,207.58,107.90073938845008
12000,247.462,109.128,207.46,107.9011512252533
12010,247.31066666666666,109.126,207.34,107.90156306205651
12020,247.15933333333334,109.124,207.22,107.90197489885973
12030,247.008,109.122,207.1,107.90238673566294
12040,246.85666666666665,109.12,206.98,107.90279857246617
12050,246.70533333333333,109.118,206.85999999999999,107.90321040926938
12060,246.554,109.116,206.74,107.9036222460726
12070,246.40266666666668,109.114,206.62,107.90403408287581
12080,246.25133333333332,109.112,206.5,107.90444591967903
12090,246.1,109.11,206.38,107.90485775648224
12100,245.94866666666667,109.15266666666666,206.268,107.95024681018769
12110,245.79733333333334,109.19533333333334,206.156,107.99563586389314
12120,245.646,109.238,206.04399999999998,108.04102491759859
12130,245.49466666666666,109.28066666666666,205.932,108.08641397130404
12140,245.34333333333333,109.32333333333334,205.82,108.13180302500949
12150,245.192,109.366,205.708,108.17719207871494
12160,245.04066666666668,109.40866666666666,205.596,108.22258113242039
12170,244.88933333333333,109.45133333333334,205.48399999999998,108.26797018612585
12180,244.738,109.494,205.37199999999999,108.3133592398313
12190,244.58666666666667,109.53666666666666,205.26,108.35874829353675
12200,244.43533333333335,109.57933333333334,205.148,108.4041373472422
12210,244.28400000000002,109.622,205.036,108.44952640094765
12220,244.13266666666667,109.66466666666666,204.92399999999998,108.4949154546531
12230,243.98133333333334,109.70733333333334,204.81199999999998,108.54030450835855
12240,243.83,109.75,204.7,108.585693562064
12250,243.6786666666667,109.36666666666666,204.5533333333333,108.1873194214848
12260,243.52733333333333,108.98333333333333,204.40666666666667,107.7889452809056
12270,243.376,108.6,204.26,107.3905711403264
12280,243.22466666666668,108.21666666666667,204.11333333333332,106.9921969997472
12290,243.07333333333335,107.83333333333333,203.96666666666667,106.593822859168
12300,242.922,107.45,203.82,106.19544871858879
12310,242.77066666666667,107.06666666666666,203.67333333333332,105.7970745780096
12320,242.61933333333334,106.68333333333334,203.52666666666667,105.39870043743039
12330,242.46800000000002,106.3,203.38,105.0003262968512
12340,242.31666666666666,105.91666666666667,203.23333333333332,104.60195215627199
12350,242.16533333333334,105.53333333333333,203.08666666666667,104.2035780156928
12360,242.014,105.15,202.94,103.80520387511359
12370,241.86266666666668,104.76666666666667,202.79333333333332,103.4068297345344
12380,241.71133333333333,104.38333333333333,202.64666666666668,103.00845559395519
12390,241.56,104.0,202.5,102.610081453376
12400,241.41066666666666,103.98333333333333,202.362,102.60782313185463
12410,241.26133333333334,103.96666666666667,202.224,102.60556481033326
12420,241.112,103.95,202.086,102.6033064888119
12430,240.96266666666668,103.93333333333334,201.948,102.60104816729053
12440,240.81333333333333,103.91666666666667,201.81,102.59878984576916
12450,240.664,103.9,201.672,102.5965315242478
12460,240.51466666666667,103.88333333333334,201.534,102.59427320272643
12470,240.36533333333333,103.86666666666666,201.39600000000002,102.59201488120507
12480,240.216,103.85,201.258,102.5897565596837
12490,240.06666666666666,103.83333333333333,201.12,102.58749823816234
12500,239.91733333333332,103.81666666666666,200.982,102.58523991664097
12510,239.768,103.8,200.844,102.5829815951196
12520,239.61866666666666,103.78333333333333,200.70600000000002,102.58072327359824
12530,239.46933333333334,103.76666666666667,200.568,102.57846495207687
12540,239.32,103.75,200.43,102.5762066305555
12550,239.17133333333334,103.89933333333333,200.326,102.72896010646043
12560,239.02266666666665,104.04866666666666,200.222,102.88171358236536
12570,238.874,104.198,200.118,103.03446705827031
12580,238.72533333333334,104.34733333333334,200.014,103.18722053417524
12590,238.57666666666665,104.49666666666667,199.91,103.33997401008017
12600,238.428,104.646,199.806,103.4927274859851
12610,238.27933333333334,104.79533333333333,199.702,103.64548096189003
12620,238.13066666666666,104.94466666666666,199.598,103.79823443779497
12630,237.982,105.094,199.494,103.9509879136999
12640,237.83333333333334,105.24333333333333,199.39000000000001,104.10374138960483
12650,237.68466666666666,105.39266666666666,199.286,104.25649486550977
12660,237.536,105.542,199.18200000000002,104.4092483414147
12670,237.38733333333334,105.69133333333333,199.078,104.56200181731964
12680,237.23866666666666,105.84066666666666,198.97400000000002,104.71475529322457
12690,237.09,105.99,198.87,104.8675087691295
12700,236.94333333333333,106.05466666666666,198.76866666666666,104.9341700208292
12710,236.79666666666668,106.11933333333333,198.66733333333335,105.0008312725289
12720,236.65,106.184,198.566,105.0674925242286
12730,236.50333333333333,106.24866666666667,198.46466666666666,105.1341537759283
12740,236.35666666666665,106.31333333333333,198.36333333333334,105.200815027628
12750,236.21,106.378,198.262,105.2674762793277
12760,236.06333333333333,106.44266666666667,198.16066666666666,105.3341375310274
12770,235.91666666666666,106.50733333333332,198.05933333333334,105.40079878272711
12780,235.76999999999998,106.57199999999999,197.958,105.46746003442681
12790,235.62333333333333,106.63666666666666,197.85666666666665,105.5341212861265
12800,235.47666666666666,106.70133333333332,197.75533333333334,105.6007825378262
12810,235.32999999999998,106.76599999999999,197.654,105.6674437895259
12820,235.1833333333333,106.83066666666666,197.55266666666665,105.7341050412256
12830,235.03666666666666,106.89533333333333,197.45133333333334,105.8007662929253
12840,234.89,106.96,197.35,105.867427544625
12850,234.744,106.82866666666666,197.23466666666667,105.73064441552181
12860,234.59799999999998,106.69733333333333,197.11933333333332,105.5938612864186
12870,234.452,106.56599999999999,197.004,105.45707815731541
12880,234.30599999999998,106.43466666666666,196.88866666666667,105.3202950282122
12890,234.16,106.30333333333333,196.77333333333334,105.183511899109
12900,234.01399999999998,106.172,196.658,105.0467287700058
12910,233.868,106.04066666666667,196.54266666666666,104.9099456409026
12920,233.72199999999998,105.90933333333332,196.42733333333334,104.7731625117994
12930,233.576,105.77799999999999,196.312,104.6363793826962
12940,233.42999999999998,105.64666666666666,196.19666666666666,104.499596253593
12950,233.284,105.51533333333333,196.08133333333333,104.3628131244898
12960,233.13799999999998,105.384,195.966,104.2260299953866
12970,232.992,105.25266666666666,195.85066666666668,104.0892468662834
12980,232.84599999999998,105.12133333333333,195.73533333333333,103.9524637371802
12990,232.7,104.99,195.62,103.815680608077
13000,232.55599999999998,105.13666666666666,195.51866666666666,103.97554690538557
13010,232.41199999999998,105.28333333333333,195.41733333333335,104.13541320269414
13020,232.268,105.42999999999999,195.316,104.2952795000027
13030,232.124,105.57666666666667,195.21466666666666,104.45514579731126
13040,231.98,105.72333333333333,195.11333333333334,104.61501209461983
13050,231.83599999999998,105.86999999999999,195.012,104.7748783919284
13060,231.69199999999998,106.01666666666667,194.91066666666666,104.93474468923696
13070,231.548,106.16333333333333,194.80933333333334,105.09461098654553
13080,231.404,106.31,194.708,105.2544772838541
13090,231.26,106.45666666666666,194.60666666666665,105.41434358116267
13100,231.11599999999999,106.60333333333332,194.50533333333334,105.57420987847124
13110,230.97199999999998,106.75,194.404,105.73407617577979
13120,230.828,106.89666666666666,194.30266666666665,105.89394247308836
13130,230.684,107.04333333333334,194.20133333333334,106.05380877039693
13140,230.54,107.19,194.1,106.2136750677055
13150,230.39266666666666,107.42466666666667,194.028,106.44971548510233
13160,230.24533333333332,107.65933333333334,193.956,106.68575590249917
13170,230.09799999999998,107.89399999999999,193.884,106.92179631989599
13180,229.95066666666668,108.12866666666666,193.812,107.15783673729283
13190,229.80333333333334,108.36333333333333,193.74,107.39387715468966
13200,229.656,108.598,193.668,107.6299175720865
13210,229.50866666666667,108.83266666666667,193.596,107.86595798948333
13220,229.36133333333333,109.06733333333332,193.524,108.10199840688016
13230,229.214,109.30199999999999,193.452,108.33803882427699
13240,229.06666666666666,109.53666666666666,193.38,108.57407924167383
13250,228.91933333333333,109.77133333333333,193.308,108.81011965907066
13260,228.77200000000002,110.006,193.23600000000002,109.0461600764675
13270,228.62466666666668,110.24066666666666,193.16400000000002,109.28220049386432
13280,228.47733333333335,110.47533333333332,193.092,109.51824091126116
13290,228.33,110.71,193.02,109.754281328658
13300,228.18333333333334,110.80066666666666,192.9406666666667,109.84602055981959
13310,228.0366666666667,110.89133333333332,192.86133333333333,109.93775979098119
13320,227.89000000000001,110.982,192.782,110.0294990221428
13330,227.74333333333334,111.07266666666666,192.7026666666667,110.1212382533044
13340,227.59666666666666,111.16333333333333,192.62333333333333,110.212977484466
13350,227.45000000000002,111.25399999999999,192.544,110.30471671562759
13360,227.30333333333334,111.34466666666665,192.4646666666667,110.39645594678919
13370,227.15666666666667,111.43533333333333,192.38533333333334,110.4881951779508
13380,227.01,111.526,192.306,110.5799344091124
13390,226.86333333333334,111.61666666666666,192.2266666666667,110.671673640274
13400,226.71666666666667,111.70733333333332,192.14733333333334,110.76341287143559
13410,226.57,111.79799999999999,192.068,110.85515210259719
13420,226.42333333333332,111.88866666666667,191.9886666666667,110.9468913337588
13430,226.27666666666667,111.97933333333333,191.90933333333334,111.0386305649204
13440,226.13,112.07,191.83,111.130369796082
13450,225.98466666666667,111.71266666666666,191.71,110.75683130810495
13460,225.83933333333331,111.35533333333332,191.59,110.38329282012789
13470,225.694,110.99799999999999,191.47,110.00975433215085
13480,225.54866666666666,110.64066666666666,191.35000000000002,109.63621584417379
13490,225.40333333333334,110.28333333333333,191.23000000000002,109.26267735619675
13500,225.25799999999998,109.92599999999999,191.11,108.88913886821969
13510,225.11266666666666,109.56866666666666,190.99,108.51560038024265
13520,224.96733333333333,109.21133333333333,190.87,108.14206189226559
13530,224.822,108.854,190.75,107.76852340428854
13540,224.67666666666665,108.49666666666666,190.63,107.39498491631149
13550,224.53133333333332,108.13933333333333,190.51,107.02144642833444
13560,224.386,107.782,190.39000000000001,106.64790794035738
13570,224.24066666666667,107.42466666666667,190.27,106.27436945238034
13580,224.09533333333331,107.06733333333332,190.15,105.90083096440328
13590,223.95,106.71,190.03,105.52729247642624
13600,223.80733333333333,106.76466666666666,189.91933333333333,105.59758167209615
13610,223.66466666666665,106.81933333333333,189.80866666666668,105.66787086776607
13620,223.522,106.874,189.698,105.738160063436
13630,223.37933333333334,106.92866666666666,189.58733333333333,105.80844925910591
13640,223.23666666666665,106.98333333333333,189.47666666666666,105.87873845477583
13650,223.094,107.038,189.366,105.94902765044574
13660,222.95133333333334,107.09266666666666,189.25533333333334,106.01931684611566
13670,222.80866666666665,107.14733333333334,189.14466666666667,106.08960604178559
13680,222.666,107.202,189.034,106.1598952374555
13690,222.52333333333334,107.25666666666666,188.92333333333335,106.23018443312542
13700,222.38066666666666,107.31133333333334,188.81266666666667,106.30047362879533
13710,222.238,107.366,188.702,106.37076282446525
13720,222.09533333333334,107.42066666666666,188.59133333333332,106.44105202013517
13730,221.95266666666666,107.47533333333334,188.48066666666668,106.51134121580509
13740,221.81,107.53,188.37,106.581630411475
13750,221.67133333333334,107.60466666666667,188.28733333333335,106.64788671674302
13760,221.53266666666667,107.67933333333333,188.20466666666667,106.71414302201103
13770,221.394,107.754,188.122,106.78039932727906
13780,221.25533333333334,107.82866666666666,188.03933333333333,106.84665563254707
13790,221.11666666666667,107.90333333333334,187.95666666666668,106.91291193781508
13800,220.978,107.97800000000001,187.874,106.9791682430831
13810,220.83933333333334,108.05266666666667,187.79133333333334,107.04542454835111
13820,220.70066666666665,108.12733333333334,187.70866666666666,107.11168085361913
13830,220.56199999999998,108.202,187.626,107.17793715888715
13840,220.42333333333332,108.27666666666667,187.54333333333332,107.24419346415516
13850,220.28466666666665,108.35133333333334,187.46066666666667,107.31044976942317
13860,220.146,108.426,187.378,107.37670607469119
13870,220.00733333333332,108.50066666666667,187.29533333333333,107.44296237995921
13880,219.86866666666666,108.57533333333333,187.21266666666665,107.50921868522722
13890,219.73,108.65,187.13,107.57547499049524
13900,219.594,108.27266666666667,186.99933333333334,107.18983783131249
13910,219.458,107.89533333333334,186.86866666666666,106.80420067212974
13920,219.322,107.518,186.738,106.41856351294699
13930,219.18599999999998,107.14066666666668,186.60733333333332,106.03292635376424
13940,219.04999999999998,106.76333333333334,186.47666666666666,105.64728919458149
13950,218.914,106.386,186.346,105.26165203539874
13960,218.778,106.00866666666667,186.21533333333332,104.87601487621599
13970,218.642,105.63133333333333,186.08466666666666,104.49037771703325
13980,218.506,105.254,185.95399999999998,104.1047405578505
13990,218.37,104.87666666666667,185.82333333333332,103.71910339866776
14000,218.234,104.49933333333333,185.69266666666667,103.333466239485
14010,218.09799999999998,104.122,185.56199999999998,102.94782908030226
14020,217.962,103.74466666666666,185.43133333333333,102.5621919211195
14030,217.826,103.36733333333333,185.30066666666664,102.17655476193676
14040,217.69,102.99,185.17,101.790917602754
14050,217.55666666666667,103.41666666666666,185.09466666666665,102.2452415307536
14060,217.42333333333332,103.84333333333333,185.01933333333332,102.69956545875321
14070,217.29,104.27,184.944,103.15388938675281
14080,217.15666666666667,104.69666666666666,184.86866666666666,103.6082133147524
14090,217.02333333333334,105.12333333333333,184.79333333333332,104.062537242752
14100,216.89,105.55,184.718,104.51686117075161
14110,216.75666666666666,105.97666666666666,184.64266666666666,104.9711850987512
14120,216.62333333333333,106.40333333333334,184.56733333333332,105.4255090267508
14130,216.49,106.83,184.492,105.8798329547504
14140,216.35666666666665,107.25666666666666,184.41666666666666,106.33415688275001
14150,216.22333333333333,107.68333333333334,184.34133333333332,106.7884808107496
14160,216.09,108.11,184.266,107.2428047387492
14170,215.95666666666668,108.53666666666666,184.19066666666666,107.6971286667488
14180,215.82333333333332,108.96333333333334,184.11533333333333,108.1514525947484
14190,215.69,109.39,184.04,108.605776522748
14200,215.55933333333334,109.25866666666667,183.956,108.45469870347803
14210,215.42866666666666,109.12733333333334,183.87199999999999,108.30362088420807
14220,215.298,108.996,183.78799999999998,108.1525430649381
14230,215.16733333333332,108.86466666666666,183.704,108.00146524566813
14240,215.03666666666666,108.73333333333333,183.62,107.85038742639817
14250,214.906,108.602,183.536,107.6993096071282
14260,214.77533333333332,108.47066666666667,183.452,107.54823178785823
14270,214.64466666666667,108.33933333333333,183.368,107.39715396858827
14280,214.51399999999998,108.208,183.284,107.2460761493183
14290,214.38333333333333,108.07666666666667,183.2,107.09499833004833
14300,214.25266666666667,107.94533333333334,183.11599999999999,106.94392051077837
14310,214.12199999999999,107.81400000000001,183.032,106.7928426915084
14320,213.99133333333333,107.68266666666666,182.948,106.64176487223843
14330,213.86066666666665,107.55133333333333,182.864,106.49068705296847
14340,213.73,107.42,182.78,106.3396092336985
14350,213.60133333333332,107.20533333333333,182.65666666666667,106.13450510018554
14360,213.47266666666667,106.99066666666667,182.53333333333333,105.92940096667256
14370,213.344,106.776,182.41,105.7242968331596
14380,213.21533333333332,106.56133333333334,182.28666666666666,105.51919269964662
14390,213.08666666666667,106.34666666666666,182.16333333333333,105.31408856613366
14400,212.958,106.132,182.04,105.1089844326207
14410,212.82933333333332,105.91733333333333,181.91666666666666,104.90388029910773
14420,212.70066666666668,105.70266666666667,181.79333333333335,104.69877616559477
14430,212.572,105.488,181.67000000000002,104.49367203208179
14440,212.44333333333333,105.27333333333334,181.54666666666668,104.28856789856883
14450,212.31466666666668,105.05866666666667,181.42333333333335,104.08346376505587
14460,212.186,104.84400000000001,181.3,103.87835963154289
14470,212.05733333333333,104.62933333333334,181.17666666666668,103.67325549802993
14480,211.9286666666667,104.41466666666668,181.05333333333334,103.46815136451696
14490,211.8,104.2,180.93,103.263047231004
14500,211.67333333333335,104.48266666666667,180.85666666666668,103.5552922162746
14510,211.54666666666668,104.76533333333333,180.78333333333333,103.8475372015452
14520,211.42000000000002,105.048,180.71,104.1397821868158
14530,211.29333333333335,105.33066666666667,180.63666666666668,104.43202717208639
14540,211.16666666666669,105.61333333333333,180.56333333333333,104.72427215735699
14550,211.04000000000002,105.896,180.49,105.01651714262759
14560,210.91333333333336,106.17866666666667,180.41666666666669,105.30876212789819
14570,210.78666666666666,106.46133333333333,180.34333333333333,105.6010071131688
14580,210.66,106.744,180.27,105.8932520984394
14590,210.53333333333333,107.02666666666667,180.1966666666667,106.18549708371
14600,210.40666666666667,107.30933333333333,180.12333333333333,106.4777420689806
14610,210.28,107.592,180.05,106.7699870542512
14620,210.15333333333334,107.87466666666667,179.9766666666667,107.0622320395218
14630,210.02666666666667,108.15733333333333,179.90333333333334,107.3544770247924
14640,209.9,108.44,179.83,107.646722010063
14650,209.776,108.30666666666666,179.73933333333335,107.50238782985555
14660,209.65200000000002,108.17333333333333,179.64866666666668,107.3580536496481
14670,209.528,108.03999999999999,179.55800000000002,107.21371946944065
14680,209.404,107.90666666666667,179.46733333333333,107.0693852892332
14690,209.28,107.77333333333333,179.37666666666667,106.92505110902574
14700,209.156,107.64,179.286,106.7807169288183
14710,209.032,107.50666666666666,179.19533333333334,106.63638274861084
14720,208.908,107.37333333333333,179.10466666666667,106.4920485684034
14730,208.784,107.24,179.014,106.34771438819595
14740,208.66,107.10666666666667,178.92333333333335,106.2033802079885
14750,208.536,106.97333333333333,178.83266666666668,106.05904602778105
14760,208.412,106.84,178.742,105.9147118475736
14770,208.28799999999998,106.70666666666666,178.65133333333333,105.77037766736615
14780,208.164,106.57333333333334,178.56066666666666,105.6260434871587
14790,208.04,106.44,178.47,105.48170930695125
14800,207.918,106.57066666666667,178.38866666666667,105.62452576937143
14810,207.796,106.70133333333334,178.30733333333333,105.76734223179162
14820,207.674,106.832,178.226,105.9101586942118
14830,207.552,106.96266666666666,178.14466666666667,106.05297515663197
14840,207.43,107.09333333333333,178.06333333333333,106.19579161905216
14850,207.308,107.224,177.982,106.33860808147234
14860,207.186,107.35466666666667,177.90066666666667,106.48142454389253
14870,207.064,107.48533333333333,177.81933333333333,106.62424100631272
14880,206.942,107.616,177.738,106.7670574687329
14890,206.82,107.74666666666667,177.65666666666667,106.90987393115309
14900,206.698,107.87733333333334,177.57533333333333,107.05269039357327
14910,206.576,108.00800000000001,177.494,107.19550685599344
14920,206.454,108.13866666666667,177.41266666666667,107.33832331841363
14930,206.332,108.26933333333334,177.33133333333333,107.48113978083381
14940,206.21,108.4,177.25,107.623956243254
14950,206.09,108.53,177.18933333333334,107.74923870131826
14960,205.97,108.66000000000001,177.12866666666667,107.87452115938254
14970,205.85,108.79,177.068,107.9998036174468
14980,205.73000000000002,108.92,177.00733333333332,108.12508607551106
14990,205.61,109.05,176.94666666666666,108.25036853357534
15000,205.49,109.18,176.886,108.3756509916396
15010,205.37,109.31,176.82533333333333,108.50093344970387
15020,205.25,109.44,176.76466666666667,108.62621590776814
15030,205.13,109.57,176.704,108.7514983658324
15040,205.01,109.7,176.64333333333335,108.87678082389667
15050,204.89,109.83,176.58266666666668,109.00206328196094
15060,204.77,109.96,176.522,109.1273457400252
15070,204.65,110.08999999999999,176.46133333333333,109.25262819808947
15080,204.53,110.22,176.40066666666667,109.37791065615374
15090,204.41,110.35,176.34,109.503193114218
15100,204.292,110.158,176.24733333333333,109.3062569209428
15110,204.174,109.966,176.15466666666666,109.10932072766761
15120,204.05599999999998,109.774,176.062,108.9123845343924
15130,203.938,109.582,175.96933333333334,108.71544834111721
15140,203.82,109.39,175.87666666666667,108.518512147842
15150,203.702,109.198,175.784,108.3215759545668
15160,203.584,109.006,175.69133333333332,108.1246397612916
15170,203.46599999999998,108.814,175.59866666666667,107.9277035680164
15180,203.34799999999998,108.622,175.506,107.7307673747412
15190,203.23,108.42999999999999,175.41333333333333,107.533831181466
15200,203.112,108.238,175.32066666666665,107.33689498819079
15210,202.994,108.04599999999999,175.22799999999998,107.1399587949156
15220,202.87599999999998,107.854,175.13533333333334,106.9430226016404
15230,202.75799999999998,107.66199999999999,175.04266666666666,106.7460864083652
15240,202.64,107.47,174.95,106.54915021509
15250,202.524,107.456,174.86266666666666,106.5399290245057
15260,202.408,107.442,174.77533333333332,106.5307078339214
15270,202.292,107.428,174.688,106.5214866433371
15280,202.176,107.414,174.60066666666665,106.5122654527528
15290,202.06,107.4,174.51333333333332,106.5030442621685
15300,201.944,107.386,174.426,106.4938230715842
15310,201.828,107.372,174.33866666666665,106.4846018809999
15320,201.712,107.358,174.25133333333332,106.47538069041559
15330,201.596,107.34400000000001,174.164,106.46615949983129
15340,201.48,107.33,174.07666666666665,106.456938309247
15350,201.364,107.316,173.98933333333332,106.4477171186627
15360,201.248,107.302,173.902,106.4384959280784
15370,201.132,107.28800000000001,173.81466666666665,106.4292747374941
15380,201.016,107.274,173.72733333333332,106.4200535469098
15390,200.9,107.26,173.64,106.4108323563255
15400,200.78666666666666,107.41533333333334,173.57,106.5756555261508
15410,200.67333333333335,107.57066666666667,173.5,106.7404786959761
15420,200.56,107.726,173.42999999999998,106.9053018658014
15430,200.44666666666666,107.88133333333334,173.35999999999999,107.0701250356267
15440,200.33333333333334,108.03666666666668,173.29,107.234948205452
15450,200.22,108.19200000000001,173.22,107.3997713752773
15460,200.10666666666665,108.34733333333334,173.15,107.5645945451026
15470,199.99333333333334,108.50266666666667,173.07999999999998,107.7294177149279
15480,199.88,108.658,173.01,107.8942408847532
15490,199.76666666666665,108.81333333333333,172.94,108.0590640545785
15500,199.65333333333334,108.96866666666666,172.87,108.2238872244038
15510,199.54,109.12400000000001,172.8,108.3887103942291
15520,199.42666666666665,109.27933333333334,172.73,108.5535335640544
15530,199.31333333333333,109.43466666666667,172.66,108.7183567338797
15540,199.2,109.59,172.59,108.883179903705
15550,199.08933333333331,109.73666666666666,172.53666666666666,109.02771624699163
15560,198.97866666666667,109.88333333333334,172.48333333333335,109.17225259027826
15570,198.868,110.03,172.43,109.3167889335649
15580,198.75733333333332,110.17666666666668,172.37666666666667,109.46132527685154
15590,198.64666666666665,110.32333333333334,172.32333333333332,109.60586162013817
15600,198.536,110.47,172.27,109.7503979634248
15610,198.42533333333333,110.61666666666667,172.21666666666667,109.89493430671143
15620,198.31466666666665,110.76333333333334,172.16333333333333,110.03947064999807
15630,198.20399999999998,110.91000000000001,172.10999999999999,110.1840069932847
15640,198.09333333333333,111.05666666666667,172.05666666666667,110.32854333657133
15650,197.98266666666666,111.20333333333333,172.00333333333333,110.47307967985796
15660,197.87199999999999,111.35000000000001,171.95,110.6176160231446
15670,197.7613333333333,111.49666666666667,171.89666666666665,110.76215236643124
15680,197.65066666666667,111.64333333333335,171.84333333333333,110.90668870971787
15690,197.54,111.79,171.79,111.0512250530045
15700,197.43066666666667,111.72200000000001,171.718,110.9811433828042
15710,197.3213333333333,111.65400000000001,171.646,110.9110617126039
15720,197.212,111.586,171.57399999999998,110.8409800424036
15730,197.10266666666666,111.518,171.502,110.7708983722033
15740,196.99333333333334,111.45,171.43,110.700816702003
15750,196.884,111.382,171.358,110.6307350318027
15760,196.77466666666666,111.31400000000001,171.286,110.5606533616024
15770,196.66533333333334,111.246,171.214,110.4905716914021
15780,196.556,111.178,171.142,110.4204900212018
15790,196.44666666666666,111.11,171.07,110.3504083510015
15800,196.33733333333333,111.042,170.998,110.2803266808012
15810,196.228,110.974,170.92600000000002,110.2102450106009
15820,196.11866666666668,110.90599999999999,170.854,110.1401633404006
15830,196.00933333333333,110.838,170.782,110.0700816702003
15840,195.9,110.77,170.71,110.0
