Time (s),T_outer (C),T_inner (C),T_avg (C),Input Temperature (C)
0,123.15319435559933,123.15319435559933,123.15319435559933,123.15319435559933
10,123.15319435559933,123.15319435559933,123.15319435559933,123.15319435559933
20,123.15319435559933,123.15319435559933,123.15319435559933,123.15319435559933
30,123.15319435559933,123.15319435559933,123.15319435559933,123.15319435559933
40,123.15319435559933,123.15319435559933,123.15319435559933,123.15319435559933
50,123.15319435559933,123.15319435559933,123.15319435559933,123.15319435559933
60,123.15319435559933,123.15319435559933,123.15319435559933,123.15319435559933
70,123.15319435559933,123.15319435559933,123.15319435559933,123.15319435559933
80,123.15319435559933,123.15319435559933,123.15319435559933,123.15319435559933
90,123.15319435559933,123.15319435559933,123.15319435559933,123.15319435559933
100,123.15319435559933,123.15319435559933,123.15319435559933,123.15319435559933
110,123.15319435559933,123.15319435559933,123.15319435559933,123.15319435559933
120,123.15319435559933,123.15319435559933,123.15319435559933,123.15319435559933
130,123.15319435559933,123.15319435559933,123.15319435559933,123.15319435559933
140,123.15319435559933,123.15319435559933,123.15319435559933,123.15319435559933
150,123.15319435559933,123.15319435559933,123.15319435559933,123.15319435559933
160,123.15319435559933,123.15319435559933,123.15319435559933,123.15319435559933
170,123.15319435559933,123.15319435559933,123.15319435559933,123.15319435559933
180,123.15319435559933,123.15319435559933,123.15319435559933,123.15319435559933
190,123.15319435559933,123.15319435559933,123.15319435559933,123.15319435559933
200,123.15319435559933,123.15319435559933,123.15319435559933,123.15319435559933
210,123.15319435559933,123.15319435559933,123.15319435559933,123.15319435559933
220,123.15319435559933,123.15319435559933,123.15319435559933,123.15319435559933
230,123.15319435559933,123.15319435559933,123.15319435559933,123.15319435559933
240,123.15319435559933,123.15319435559933,123.15319435559933,123.15319435559933
250,123.15319435559933,123.15319435559933,123.15319435559933,123.15319435559933
260,123.15319435559933,123.15319435559933,123.15319435559933,123.15319435559933
270,123.15319435559933,123.15319435559933,123.15319435559933,123.15319435559933
280,123.15319435559933,123.15319435559933,123.15319435559933,123.15319435559933
290,123.15319435559933,123.15319435559933,123.15319435559933,123.15319435559933
300,123.15319435559933,123.15319435559933,123.15319435559933,123.15319435559933
310,123.15319435559933,123.15319435559933,123.15319435559933,123.15319435559933
320,123.15319435559933,123.15319435559933,123.15319435559933,123.15319435559933
330,123.15319435559933,123.15319435559933,123.15319435559933,123.15319435559933
340,123.15319435559933,123.15319435559933,123.15319435559933,123.15319435559933
350,123.15319435559933,123.15319435559933,123.15319435559933,123.15319435559933
360,123.15319435559933,123.15319435559933,123.15319435559933,123.15319435559933
370,123.15319435559933,123.15319435559933,123.15319435559933,123.15319435559933
380,123.15319435559933,123.15319435559933,123.15319435559933,123.15319435559933
390,123.15319435559933,123.15319435559933,123.15319435559933,123.15319435559933
400,123.15319435559933,123.15319435559933,123.15319435559933,123.15319435559933
410,123.15319435559933,123.15319435559933,123.15319435559933,123.15319435559933
420,123.15319435559933,123.15319435559933,123.15319435559933,123.15319435559933
430,123.15319435559933,123.15319435559933,123.15319435559933,123.15319435559933
440,123.15319435559933,123.15319435559933,123.15319435559933,123.15319435559933
450,123.15319435559933,123.15319435559933,123.15319435559933,123.15319435559933
460,123.15319435559933,123.15319435559933,123.15319435559933,123.15319435559933
470,123.15319435559933,123.15319435559933,123.15319435559933,123.15319435559933
480,123.15319435559933,123.15319435559933,123.15319435559933,123.15319435559933
490,123.15319435559933,123.15319435559933,123.15319435559933,123.15319435559933
500,123.15319435559933,123.15319435559933,123.15319435559933,123.15319435559933
510,123.15319435559933,123.15319435559933,123.15319435559933,123.15319435559933
520,123.15319435559933,123.15319435559933,123.15319435559933,123.15319435559933
530,123.15319435559933,123.15319435559933,123.15319435559933,123.15319435559933
540,123.15319435559933,123.15319435559933,123.15319435559933,123.15319435559933
550,123.15319435559933,123.15319435559933,123.15319435559933,123.15319435559933
560,123.15319435559933,123.15319435559933,123.15319435559933,123.15319435559933
570,123.15319435559933,123.15319435559933,123.15319435559933,123.15319435559933
580,123.15319435559933,123.15319435559933,123.15319435559933,123.15319435559933
590,123.15319435559933,123.15319435559933,123.15319435559933,123.15319435559933
600,123.15319435559933,123.15319435559933,123.15319435559933,123.15319435559933
610,123.15319435559933,123.15319435559933,123.15319435559933,123.15319435559933
620,123.15319435559933,123.15319435559933,123.15319435559933,123.15319435559933
630,123.15319435559933,123.15319435559933,123.15319435559933,123.15319435559933
640,123.15319435559933,123.15319435559933,123.15319435559933,123.15319435559933
650,123.15319435559933,123.15319435559933,123.15319435559933,123.15319435559933
660,123.15319435559933,123.15319435559933,123.15319435559933,123.15319435559933
670,123.15319435559933,123.15319435559933,123.15319435559933,123.15319435559933
680,123.15319435559933,123.15319435559933,123.15319435559933,123.15319435559933
690,123.15319435559933,123.15319435559933,123.15319435559933,123.15319435559933
700,123.15319435559933,123.15319435559933,123.15319435559933,123.15319435559933
710,123.15319435559933,123.15319435559933,123.15319435559933,123.15319435559933
720,123.15319435559933,123.15319435559933,123.15319435559933,123.15319435559933
730,123.15319435559933,123.15319435559933,123.15319435559933,123.15319435559933
740,123.15319435559933,123.15319435559933,123.15319435559933,123.15319435559933
750,123.15319435559933,123.15319435559933,123.15319435559933,123.15319435559933
760,123.15319435559933,123.15319435559933,123.15319435559933,123.15319435559933
770,123.15319435559933,123.15319435559933,123.15319435559933,123.15319435559933
780,123.15319435559933,123.15319435559933,123.15319435559933,123.15319435559933
790,123.15319435559933,123.15319435559933,123.15319435559933,123.15319435559933
800,123.15319435559933,123.15319435559933,123.15319435559933,123.15319435559933
810,123.15319435559933,123.15319435559933,123.15319435559933,123.15319435559933
820,123.15319435559933,123.15319435559933,123.15319435559933,123.15319435559933
830,123.15319435559933,123.15319435559933,123.15319435559933,123.15319435559933
840,123.15319435559933,123.15319435559933,123.15319435559933,123.15319435559933
850,123.15319435559933,123.15319435559933,123.15319435559933,123.15319435559933
860,123.15319435559933,123.15319435559933,123.15319435559933,123.15319435559933
870,123.15319435559933,123.15319435559933,123.15319435559933,123.15319435559933
880,123.15319435559933,123.15319435559933,123.15319435559933,123.15319435559933
890,123.15319435559933,123.15319435559933,123.15319435559933,123.15319435559933
900,123.15319435559933,123.15319435559933,123.15319435559933,123.15319435559933
910,123.15319435559933,123.15319435559933,123.15319435559933,123.15319435559933
920,123.15319435559933,123.15319435559933,123.15319435559933,123.15319435559933
930,123.15319435559933,123.15319435559933,123.15319435559933,123.15319435559933
940,123.15319435559933,123.15319435559933,123.15319435559933,123.15319435559933
950,123.15319435559933,123.15319435559933,123.15319435559933,123.15319435559933
960,123.15319435559933,123.15319435559933,123.15319435559933,123.15319435559933
970,123.15319435559933,123.15319435559933,123.15319435559933,123.15319435559933
980,123.15319435559933,123.15319435559933,123.15319435559933,123.15319435559933
990,123.15319435559933,123.15319435559933,123.15319435559933,123.15319435559933
1000,123.15319435559933,123.15319435559933,123.15319435559933,123.15319435559933
1010,123.15319435559933,123.15319435559933,123.15319435559933,123.15319435559933
1020,123.15319435559933,123.15319435559933,123.15319435559933,123.15319435559933
1030,123.15319435559933,123.15319435559933,123.15319435559933,123.15319435559933
1040,123.15319435559933,123.15319435559933,123.15319435559933,123.15319435559933
1050,123.15319435559933,123.15319435559933,123.15319435559933,123.15319435559933
1060,123.15319435559933,123.15319435559933,123.15319435559933,123.15319435559933
1070,123.15319435559933,123.15319435559933,123.15319435559933,123.15319435559933
1080,123.15319435559933,123.15319435559933,123.15319435559933,123.15319435559933
1090,123.15319435559933,123.15319435559933,123.15319435559933,123.15319435559933
1100,123.15319435559933,123.15319435559933,123.15319435559933,123.15319435559933
1110,123.15319435559933,123.15319435559933,123.15319435559933,123.15319435559933
1120,123.15319435559933,123.15319435559933,123.15319435559933,123.15319435559933
1130,123.15319435559933,123.15319435559933,123.15319435559933,123.15319435559933
1140,123.15319435559933,123.15319435559933,123.15319435559933,123.15319435559933
1150,123.15319435559933,123.15319435559933,123.15319435559933,123.15319435559933
1160,123.15319435559933,123.15319435559933,123.15319435559933,123.15319435559933
1170,123.15319435559933,123.15319435559933,123.15319435559933,123.15319435559933
1180,123.15319435559933,123.15319435559933,123.15319435559933,123.15319435559933
1190,123.15319435559933,123.15319435559933,123.15319435559933,123.15319435559933
1200,123.15319435559933,123.15319435559933,123.15319435559933,123.15319435559933
1210,123.15319435559933,123.15319435559933,123.15319435559933,123.15319435559933
1220,123.15319435559933,123.15319435559933,123.15319435559933,123.15319435559933
1230,123.15319435559933,123.15319435559933,123.15319435559933,123.15319435559933
1240,123.15319435559933,123.15319435559933,123.15319435559933,123.15319435559933
1250,123.15319435559933,123.15319435559933,123.15319435559933,123.15319435559933
1260,123.15319435559933,123.15319435559933,123.15319435559933,123.15319435559933
1270,123.15319435559933,123.15319435559933,123.15319435559933,123.15319435559933
1280,123.15319435559933,123.15319435559933,123.15319435559933,123.15319435559933
1290,123.15319435559933,123.15319435559933,123.15319435559933,123.15319435559933
1300,123.15319435559933,123.15319435559933,123.15319435559933,123.15319435559933
1310,123.15319435559933,123.15319435559933,123.15319435559933,123.15319435559933
1320,123.15319435559933,123.15319435559933,123.15319435559933,123.15319435559933
1330,123.15319435559933,123.15319435559933,123.15319435559933,123.15319435559933
1340,123.15319435559933,123.15319435559933,123.15319435559933,123.15319435559933
1350,123.15319435559933,123.15319435559933,123.15319435559933,123.15319435559933
1360,123.15319435559933,123.15319435559933,123.15319435559933,123.15319435559933
1370,123.15319435559933,123.15319435559933,123.15319435559933,123.15319435559933
1380,123.15319435559933,123.15319435559933,123.15319435559933,123.15319435559933
1390,123.15319435559933,123.15319435559933,123.15319435559933,123.15319435559933
1400,123.15319435559933,123.15319435559933,123.15319435559933,123.15319435559933
1410,123.15319435559933,123.15319435559933,123.15319435559933,123.15319435559933
1420,123.15319435559933,123.15319435559933,123.15319435559933,123.15319435559933
1430,123.15319435559933,123.15319435559933,123.15319435559933,123.15319435559933
1440,123.15319435559933,123.15319435559933,123.15319435559933,123.15319435559933
1440,123.15319435559933,123.15319435559933,123.15319435559933,123.15319435559933
1450,123.15298139855938,124.41764806522603,123.27164806522603,124.46885726648607
1460,123.15276844151941,125.68210177485275,123.39010177485275,125.78452017737281
1470,123.15255548447946,126.94655548447946,123.50855548447946,127.10018308825956
1480,123.1523425274395,128.21100919410617,123.62700919410618,128.41584599914628
1490,123.15212957039955,129.47546290373288,123.74546290373289,129.73150891003303
1500,123.1519166133596,130.73991661335958,123.86391661335959,131.04717182091977
1510,123.15170365631964,132.00437032298632,123.98237032298631,132.36283473180652
1520,123.15149069927969,133.26882403261303,124.10082403261302,133.67849764269326
1530,123.15127774223973,134.53327774223973,124.21927774223974,134.99416055358
1540,123.15106478519978,135.79773145186644,124.33773145186645,136.30982346446675
1550,123.15085182815983,137.06218516149315,124.45618516149315,137.6254863753535
1560,123.15063887111987,138.32663887111988,124.57463887111987,138.94114928624023
1570,123.15042591407992,139.5910925807466,124.69309258074658,140.25681219712698
1580,123.15021295703995,140.8555462903733,124.8115462903733,141.57247510801372
1590,123.15,142.12,124.93,142.88813801890046
1600,123.15,143.19533333333334,125.11,143.9733835338409
1610,123.15,144.27066666666667,125.29,145.0586290487813
1620,123.15,145.346,125.47,146.14387456372177
1630,123.15,146.42133333333334,125.65,147.2291200786622
1640,123.15,147.49666666666667,125.83,148.31436559360262
1650,123.15,148.572,126.01,149.39961110854304
1660,123.15,149.64733333333334,126.19,150.48485662348347
1670,123.15,150.72266666666667,126.37,151.57010213842392
1680,123.15,151.798,126.55,152.65534765336434
1690,123.15,152.87333333333333,126.73,153.74059316830477
1700,123.15,153.94866666666667,126.91,154.8258386832452
1710,123.15,155.024,127.09,155.91108419818562
1720,123.15,156.09933333333333,127.27,156.99632971312607
1730,123.15,157.17466666666667,127.45,158.0815752280665
1740,123.15,158.25,127.63,159.16682074300692
1750,123.15133333333334,159.30333333333334,127.83133333333333,160.23793377148925
1760,123.15266666666668,160.35666666666665,128.03266666666667,161.30904679997158
1770,123.15400000000001,161.41,128.234,162.38015982845394
1780,123.15533333333333,162.46333333333334,128.43533333333332,163.45127285693627
1790,123.15666666666667,163.51666666666668,128.63666666666666,164.5223858854186
1800,123.158,164.57,128.838,165.59349891390093
1810,123.15933333333334,165.62333333333333,129.03933333333333,166.66461194238326
1820,123.16066666666667,166.67666666666668,129.24066666666667,167.73572497086562
1830,123.162,167.73000000000002,129.442,168.80683799934795
1840,123.16333333333334,168.78333333333333,129.64333333333335,169.87795102783028
1850,123.16466666666668,169.83666666666667,129.84466666666668,170.9490640563126
1860,123.166,170.89000000000001,130.046,172.02017708479494
1870,123.16733333333333,171.94333333333336,130.24733333333333,173.0912901132773
1880,123.16866666666667,172.99666666666667,130.44866666666667,174.16240314175963
1890,123.17,174.05,130.65,175.23351617024196
1900,123.174,175.306,130.90200000000002,176.5067816217544
1910,123.178,176.562,131.154,177.78004707326687
1920,123.182,177.818,131.406,179.05331252477933
1930,123.186,179.074,131.65800000000002,180.3265779762918
1940,123.19,180.33,131.91,181.59984342780425
1950,123.194,181.586,132.162,182.8731088793167
1960,123.19800000000001,182.842,132.41400000000002,184.1463743308292
1970,123.202,184.09799999999998,132.666,185.41963978234162
1980,123.206,185.35399999999998,132.918,186.6929052338541
1990,123.21000000000001,186.60999999999999,133.17000000000002,187.96617068536656
2000,123.214,187.86599999999999,133.422,189.23943613687902
2010,123.218,189.12199999999999,133.674,190.51270158839148
2020,123.22200000000001,190.378,133.92600000000002,191.78596703990394
2030,123.226,191.634,134.178,193.0592324914164
2040,123.23,192.89,134.43,194.33249794292885
2050,123.24133333333334,193.754,134.68066666666667,195.19559010474168
2060,123.25266666666667,194.618,134.93133333333333,196.05868226655448
2070,123.26400000000001,195.482,135.18200000000002,196.9217744283673
2080,123.27533333333334,196.34599999999998,135.43266666666668,197.78486659018014
2090,123.28666666666668,197.20999999999998,135.68333333333334,198.64795875199297
2100,123.298,198.07399999999998,135.934,199.51105091380578
2110,123.30933333333334,198.938,136.18466666666666,200.3741430756186
2120,123.32066666666667,199.802,136.43533333333335,201.23723523743143
2130,123.33200000000001,200.666,136.686,202.10032739924426
2140,123.34333333333333,201.53,136.93666666666667,202.96341956105707
2150,123.35466666666667,202.394,137.18733333333333,203.8265117228699
2160,123.366,203.25799999999998,137.438,204.68960388468273
2170,123.37733333333334,204.12199999999999,137.68866666666668,205.55269604649556
2180,123.38866666666667,204.986,137.93933333333334,206.41578820830836
2190,123.4,205.85,138.19,207.2788803701212
2200,123.42133333333334,206.804,138.44733333333332,208.24357652485577
2210,123.44266666666667,207.75799999999998,138.70466666666667,209.20827267959038
2220,123.464,208.712,138.962,210.17296883432496
2230,123.48533333333334,209.666,139.21933333333334,211.13766498905957
2240,123.50666666666667,210.62,139.47666666666666,212.10236114379416
2250,123.528,211.57399999999998,139.734,213.06705729852874
2260,123.54933333333334,212.528,139.99133333333333,214.03175345326335
2270,123.57066666666667,213.482,140.24866666666668,214.99644960799793
2280,123.592,214.436,140.506,215.96114576273254
2290,123.61333333333333,215.39,140.76333333333335,216.92584191746712
2300,123.63466666666666,216.344,141.02066666666667,217.8905380722017
2310,123.656,217.298,141.27800000000002,218.85523422693632
2320,123.67733333333334,218.252,141.53533333333334,219.8199303816709
2330,123.69866666666667,219.206,141.7926666666667,220.7846265364055
2340,123.72,220.16,142.05,221.7493226911401
2350,123.754,221.194,142.33066666666667,222.7956864811865
2360,123.788,222.228,142.61133333333333,223.84205027123286
2370,123.822,223.262,142.892,224.88841406127926
2380,123.856,224.296,143.1726666666667,225.93477785132563
2390,123.89,225.32999999999998,143.45333333333335,226.98114164137203
2400,123.924,226.364,143.734,228.0275054314184
2410,123.958,227.398,144.01466666666667,229.0738692214648
2420,123.992,228.432,144.29533333333333,230.12023301151117
2430,124.026,229.46599999999998,144.576,231.16659680155757
2440,124.06,230.5,144.85666666666665,232.21296059160395
2450,124.09400000000001,231.534,145.13733333333332,233.25932438165034
2460,124.128,232.56799999999998,145.418,234.30568817169672
2470,124.162,233.60199999999998,145.69866666666667,235.35205196174311
2480,124.196,234.636,145.97933333333333,236.3984157517895
2490,124.23,235.67,146.26,237.44477954183589
2500,124.278,236.76666666666665,146.56799999999998,238.55287460958408
2510,124.32600000000001,237.86333333333332,146.876,239.66096967733228
2520,124.37400000000001,238.95999999999998,147.184,240.7690647450805
2530,124.422,240.05666666666667,147.492,241.8771598128287
2540,124.47,241.15333333333334,147.79999999999998,242.9852548805769
2550,124.518,242.25,148.108,244.09334994832508
2560,124.566,243.34666666666666,148.416,245.20144501607328
2570,124.614,244.44333333333333,148.724,246.3095400838215
2580,124.662,245.54,149.03199999999998,247.4176351515697
2590,124.71000000000001,246.63666666666666,149.34,248.5257302193179
2600,124.75800000000001,247.73333333333332,149.648,249.6338252870661
2610,124.806,248.83,149.956,250.74192035481428
2620,124.854,249.92666666666668,150.26399999999998,251.8500154225625
2630,124.902,251.02333333333334,150.572,252.9581104903107
2640,124.95,252.12,150.88,254.0662055580589
2650,125.01333333333334,253.49733333333333,151.22333333333333,255.4639021444127
2660,125.07666666666667,254.87466666666666,151.56666666666666,256.86159873076656
2670,125.14,256.252,151.91,258.2592953171204
2680,125.20333333333333,257.6293333333333,152.25333333333333,259.6569919034742
2690,125.26666666666667,259.00666666666666,152.59666666666666,261.05468848982804
2700,125.33,260.384,152.94,262.4523850761819
2710,125.39333333333333,261.7613333333333,153.28333333333333,263.8500816625357
2720,125.45666666666668,263.13866666666667,153.62666666666667,265.2477782488895
2730,125.52000000000001,264.51599999999996,153.97,266.64547483524336
2740,125.58333333333334,265.8933333333333,154.31333333333333,268.0431714215972
2750,125.64666666666668,267.27066666666667,154.65666666666667,269.440868007951
2760,125.71000000000001,268.64799999999997,155.0,270.83856459430484
2770,125.77333333333334,270.0253333333333,155.34333333333333,272.2362611806587
2780,125.83666666666667,271.4026666666666,155.68666666666667,273.6339577670125
2790,125.9,272.78,156.03,275.0316543533663
2800,125.97866666666667,273.91799999999995,156.39133333333334,276.17173704957713
2810,126.05733333333333,275.056,156.75266666666667,277.31181974578794
2820,126.13600000000001,276.19399999999996,157.114,278.45190244199875
2830,126.21466666666667,277.332,157.47533333333334,279.5919851382095
2840,126.29333333333334,278.46999999999997,157.83666666666667,280.7320678344203
2850,126.372,279.608,158.198,281.87215053063113
2860,126.45066666666666,280.746,158.55933333333334,283.01223322684194
2870,126.52933333333334,281.884,158.92066666666665,284.15231592305275
2880,126.608,283.022,159.28199999999998,285.29239861926357
2890,126.68666666666667,284.16,159.64333333333332,286.4324813154744
2900,126.76533333333333,285.298,160.00466666666665,287.5725640116852
2910,126.844,286.43600000000004,160.36599999999999,288.71264670789594
2920,126.92266666666667,287.574,160.72733333333332,289.85272940410675
2930,127.00133333333333,288.71200000000005,161.08866666666665,290.99281210031756
2940,127.08,289.85,161.45,292.1328947965284
2950,127.17399999999999,290.88733333333334,161.80466666666666,293.1765150844322
2960,127.268,291.92466666666667,162.15933333333334,294.220135372336
2970,127.362,292.96200000000005,162.51399999999998,295.2637556602398
2980,127.456,293.99933333333337,162.86866666666666,296.3073759481436
2990,127.55,295.0366666666667,163.22333333333333,297.3509962360474
3000,127.644,296.074,163.578,298.39461652395124
3010,127.738,297.11133333333333,163.93266666666668,299.43823681185506
3020,127.83200000000001,298.1486666666667,164.28733333333332,300.4818570997588
3030,127.926,299.18600000000004,164.642,301.52547738766265
3040,128.02,300.22333333333336,164.99666666666667,302.56909767556647
3050,128.114,301.2606666666667,165.35133333333334,303.6127179634703
3060,128.208,302.298,165.70600000000002,304.6563382513741
3070,128.30200000000002,303.3353333333334,166.06066666666666,305.6999585392779
3080,128.39600000000002,304.3726666666667,166.41533333333334,306.7435788271817
3090,128.49,305.41,166.77,307.7871991150855
3100,128.6,306.50866666666667,167.13666666666668,308.89550847651833
3110,128.71,307.6073333333334,167.50333333333333,310.0038178379512
3120,128.82,308.706,167.87,311.112127199384
3130,128.93,309.80466666666666,168.23666666666668,312.22043656081684
3140,129.04,310.90333333333336,168.60333333333335,313.3287459222497
3150,129.15,312.002,168.97,314.4370552836825
3160,129.26,313.10066666666665,169.33666666666667,315.54536464511534
3170,129.37,314.19933333333336,169.70333333333335,316.6536740065482
3180,129.48,315.298,170.07000000000002,317.76198336798103
3190,129.59,316.39666666666665,170.43666666666667,318.87029272941385
3200,129.7,317.49533333333335,170.80333333333334,319.9786020908467
3210,129.81,318.594,171.17000000000002,321.08691145227954
3220,129.92,319.69266666666664,171.5366666666667,322.19522081371235
3230,130.03,320.79133333333334,171.90333333333334,323.3035301751452
3240,130.14,321.89,172.27,324.41183953657804
3250,130.26666666666665,322.156,172.58266666666668,324.6541440823455
3260,130.39333333333332,322.42199999999997,172.89533333333335,324.89644862811303
3270,130.51999999999998,322.688,173.208,325.1387531738805
3280,130.64666666666665,322.954,173.52066666666667,325.38105771964797
3290,130.7733333333333,323.21999999999997,173.83333333333334,325.62336226541544
3300,130.89999999999998,323.486,174.14600000000002,325.86566681118296
3310,131.02666666666664,323.752,174.4586666666667,326.10797135695043
3320,131.15333333333334,324.018,174.77133333333333,326.3502759027179
3330,131.28,324.284,175.084,326.59258044848536
3340,131.40666666666667,324.55,175.39666666666668,326.8348849942529
3350,131.53333333333333,324.816,175.70933333333335,327.07718954002036
3360,131.66,325.082,176.02200000000002,327.3194940857878
3370,131.78666666666666,325.348,176.33466666666666,327.5617986315553
3380,131.91333333333333,325.614,176.64733333333334,327.8041031773228
3390,132.04,325.88,176.96,328.0464077230903
3400,132.18266666666665,325.866,177.21933333333334,328.01440332734694
3410,132.32533333333333,325.852,177.47866666666667,327.9823989316036
3420,132.468,325.838,177.738,327.95039453586026
3430,132.61066666666667,325.824,177.99733333333333,327.9183901401169
3440,132.75333333333333,325.81,178.25666666666666,327.88638574437357
3450,132.896,325.796,178.516,327.8543813486302
3460,133.03866666666667,325.782,178.77533333333332,327.8223769528869
3470,133.18133333333333,325.76800000000003,179.03466666666668,327.79037255714354
3480,133.324,325.754,179.294,327.7583681614002
3490,133.46666666666667,325.74,179.55333333333334,327.72636376565686
3500,133.60933333333332,325.726,179.81266666666667,327.6943593699135
3510,133.752,325.712,180.072,327.66235497417017
3520,133.89466666666667,325.69800000000004,180.33133333333333,327.6303505784268
3530,134.03733333333335,325.684,180.59066666666666,327.5983461826835
3540,134.18,325.67,180.85,327.56634178694014
3550,134.33933333333334,325.5586666666667,181.06533333333334,327.4488805432483
3560,134.49866666666668,325.44733333333335,181.28066666666666,327.3314192995565
3570,134.65800000000002,325.336,181.496,327.2139580558647
3580,134.81733333333332,325.2246666666667,181.71133333333333,327.09649681217286
3590,134.97666666666666,325.11333333333334,181.92666666666668,326.97903556848104
3600,135.136,325.002,182.142,326.8615743247892
3610,135.29533333333333,324.8906666666667,182.35733333333334,326.7441130810974
3620,135.45466666666667,324.77933333333334,182.57266666666666,326.6266518374056
3630,135.614,324.668,182.788,326.50919059371375
3640,135.77333333333334,324.5566666666667,183.00333333333333,326.39172935002193
3650,135.93266666666668,324.44533333333334,183.21866666666668,326.2742681063301
3660,136.09199999999998,324.334,183.434,326.1568068626383
3670,136.25133333333332,324.22266666666667,183.64933333333335,326.03934561894647
3680,136.41066666666666,324.11133333333333,183.86466666666666,325.92188437525465
3690,136.57,324.0,184.08,325.8044231315628
3700,136.744,323.99,184.28266666666667,325.79035713348486
3710,136.918,323.98,184.48533333333336,325.7762911354069
3720,137.09199999999998,323.97,184.68800000000002,325.76222513732887
3730,137.266,323.96,184.89066666666668,325.7481591392509
3740,137.44,323.95,185.09333333333333,325.73409314117293
3750,137.614,323.94,185.29600000000002,325.72002714309497
3760,137.788,323.93,185.49866666666668,325.705961145017
3770,137.962,323.92,185.70133333333334,325.691895146939
3780,138.136,323.91,185.904,325.677829148861
3790,138.31,323.90000000000003,186.10666666666668,325.66376315078304
3800,138.484,323.89000000000004,186.30933333333334,325.6496971527051
3810,138.65800000000002,323.88,186.512,325.6356311546271
3820,138.832,323.87,186.71466666666666,325.6215651565491
3830,139.006,323.86,186.91733333333335,325.6074991584711
3840,139.18,323.85,187.12,325.59343316039315
3850,139.366,324.05400000000003,187.33066666666667,325.8019163658696
3860,139.552,324.25800000000004,187.54133333333334,326.01039957134606
3870,139.738,324.46200000000005,187.752,326.2188827768225
3880,139.924,324.666,187.96266666666668,326.42736598229897
3890,140.11,324.87,188.17333333333335,326.6358491877754
3900,140.296,325.074,188.38400000000001,326.8443323932519
3910,140.482,325.278,188.59466666666668,327.05281559872833
3920,140.668,325.482,188.80533333333332,327.2612988042047
3930,140.854,325.68600000000004,189.016,327.4697820096812
3940,141.04,325.89000000000004,189.22666666666666,327.67826521515764
3950,141.226,326.09400000000005,189.43733333333333,327.8867484206341
3960,141.412,326.298,189.648,328.09523162611055
3970,141.598,326.502,189.85866666666666,328.303714831587
3980,141.784,326.706,190.06933333333333,328.51219803706346
3990,141.97,326.91,190.28,328.7206812425399
4000,142.16466666666668,326.75800000000004,190.46666666666667,328.55095913973304
4010,142.35933333333332,326.606,190.65333333333334,328.38123703692617
4020,142.554,326.454,190.84,328.2115149341193
4030,142.74866666666665,326.302,191.02666666666667,328.0417928313124
4040,142.94333333333333,326.15000000000003,191.21333333333334,327.87207072850555
4050,143.138,325.998,191.4,327.7023486256987
4060,143.33266666666665,325.846,191.58666666666667,327.5326265228918
4070,143.52733333333333,325.694,191.77333333333334,327.36290442008493
4080,143.72199999999998,325.54200000000003,191.96,327.19318231727806
4090,143.91666666666666,325.39,192.14666666666668,327.0234602144712
4100,144.11133333333333,325.238,192.33333333333334,326.8537381116643
4110,144.30599999999998,325.086,192.52,326.68401600885744
4120,144.50066666666666,324.934,192.70666666666668,326.51429390605057
4130,144.6953333333333,324.782,192.89333333333335,326.3445718032437
4140,144.89,324.63,193.08,326.1748497004368
4150,145.08999999999997,324.462,193.2326666666667,326.0106877144144
4160,145.29,324.294,193.38533333333334,325.846525728392
4170,145.48999999999998,324.126,193.538,325.6823637423696
4180,145.69,323.958,193.6906666666667,325.5182017563472
4190,145.89,323.79,193.84333333333333,325.3540397703248
4200,146.08999999999997,323.622,193.996,325.1898777843024
4210,146.29,323.454,194.14866666666668,325.02571579828
4220,146.48999999999998,323.286,194.30133333333333,324.8615538122576
4230,146.69,323.118,194.454,324.6973918262352
4240,146.89,322.95,194.60666666666668,324.5332298402128
4250,147.08999999999997,322.782,194.75933333333333,324.3690678541904
4260,147.29,322.61400000000003,194.912,324.204905868168
4270,147.48999999999998,322.446,195.06466666666668,324.0407438821456
4280,147.69,322.278,195.21733333333333,323.8765818961232
4290,147.89,322.11,195.37,323.7124199101008
4300,148.094,322.33133333333336,195.55266666666668,323.93758346593063
4310,148.29799999999997,322.55266666666665,195.73533333333333,324.16274702176054
4320,148.50199999999998,322.774,195.918,324.3879105775904
4330,148.706,322.99533333333335,196.10066666666668,324.6130741334203
4340,148.91,323.2166666666667,196.28333333333333,324.83823768925015
4350,149.11399999999998,323.438,196.466,325.06340124508
4360,149.31799999999998,323.65933333333334,196.64866666666668,325.2885648009099
4370,149.522,323.8806666666667,196.83133333333333,325.51372835673976
4380,149.726,324.10200000000003,197.014,325.73889191256967
4390,149.92999999999998,324.3233333333333,197.1966666666667,325.9640554683995
4400,150.134,324.54466666666667,197.37933333333334,326.1892190242294
4410,150.338,324.766,197.562,326.4143825800593
4420,150.542,324.98733333333337,197.7446666666667,326.63954613588913
4430,150.74599999999998,325.20866666666666,197.92733333333334,326.86470969171904
4440,150.95,325.43,198.11,327.0898732475489
4450,151.15133333333333,325.46,198.28133333333335,327.11064280993236
4460,151.35266666666666,325.49,198.4526666666667,327.1314123723158
4470,151.554,325.52,198.62400000000002,327.1521819346993
4480,151.7553333333333,325.55,198.79533333333333,327.17295149708275
4490,151.95666666666665,325.58,198.96666666666667,327.1937210594662
4500,152.158,325.61,199.138,327.2144906218497
4510,152.35933333333332,325.64,199.30933333333334,327.23526018423314
4520,152.56066666666666,325.67,199.48066666666668,327.25602974661655
4530,152.762,325.7,199.65200000000002,327.276799309
4540,152.96333333333334,325.73,199.82333333333335,327.2975688713835
4550,153.16466666666668,325.76,199.9946666666667,327.31833843376694
4560,153.36599999999999,325.79,200.166,327.3391079961504
4570,153.56733333333332,325.82,200.33733333333333,327.35987755853387
4580,153.76866666666666,325.85,200.50866666666667,327.38064712091733
4590,153.97,325.88,200.68,327.4014166833008
4600,154.16533333333334,325.7866666666667,200.83,327.3004595402169
4610,154.36066666666667,325.6933333333333,200.98000000000002,327.19950239713296
4620,154.556,325.6,201.13,327.09854525404904
4630,154.75133333333332,325.50666666666666,201.28,326.9975881109652
4640,154.94666666666666,325.41333333333336,201.43,326.89663096788126
4650,155.142,325.32,201.58,326.79567382479735
4660,155.33733333333333,325.2266666666667,201.73000000000002,326.69471668171343
4670,155.53266666666667,325.1333333333333,201.88,326.5937595386295
4680,155.728,325.04,202.03,326.4928023955456
4690,155.92333333333335,324.94666666666666,202.18,326.3918452524617
4700,156.11866666666668,324.85333333333335,202.33,326.29088810937776
4710,156.314,324.76,202.48000000000002,326.1899309662939
4720,156.50933333333333,324.6666666666667,202.63,326.08897382321
4730,156.70466666666667,324.5733333333333,202.78,325.98801668012607
4740,156.9,324.48,202.93,325.88705953704215
4750,157.094,324.3946666666667,203.06533333333334,325.80214846783616
4760,157.288,324.30933333333337,203.20066666666668,325.7172373986302
4770,157.482,324.224,203.336,325.6323263294242
4780,157.67600000000002,324.13866666666667,203.47133333333335,325.54741526021826
4790,157.87,324.05333333333334,203.60666666666668,325.4625041910123
4800,158.064,323.968,203.74200000000002,325.3775931218063
4810,158.258,323.8826666666667,203.87733333333335,325.2926820526003
4820,158.452,323.7973333333333,204.01266666666666,325.2077709833943
4830,158.64600000000002,323.712,204.148,325.1228599141883
4840,158.84,323.62666666666667,204.28333333333333,325.03794884498234
4850,159.034,323.54133333333334,204.41866666666667,324.95303777577635
4860,159.228,323.456,204.554,324.8681267065704
4870,159.422,323.37066666666664,204.68933333333334,324.78321563736444
4880,159.616,323.2853333333333,204.82466666666667,324.69830456815845
4890,159.81,323.2,204.96,324.61339349895246
4900,160.00133333333335,323.26866666666666,205.106,324.6823012829697
4910,160.19266666666667,323.33733333333333,205.252,324.751209066987
4920,160.38400000000001,323.406,205.398,324.82011685100423
4930,160.57533333333333,323.4746666666667,205.544,324.8890246350215
4940,160.76666666666668,323.54333333333335,205.69,324.95793241903874
4950,160.958,323.612,205.836,325.026840203056
4960,161.14933333333335,323.6806666666667,205.982,325.09574798707325
4970,161.34066666666666,323.7493333333333,206.12800000000001,325.1646557710905
4980,161.532,323.818,206.274,325.23356355510776
4990,161.72333333333333,323.88666666666666,206.42000000000002,325.302471339125
5000,161.91466666666668,323.95533333333333,206.566,325.3713791231423
5010,162.106,324.024,206.71200000000002,325.44028690715953
5020,162.29733333333334,324.0926666666667,206.858,325.5091946911768
5030,162.48866666666666,324.16133333333335,207.00400000000002,325.57810247519404
5040,162.68,324.23,207.15,325.6470102592113
5050,162.86933333333334,324.034,207.27533333333335,325.43978315652845
5060,163.05866666666668,323.838,207.40066666666667,325.23255605384554
5070,163.24800000000002,323.642,207.526,325.0253289511627
5080,163.43733333333333,323.446,207.65133333333333,324.81810184847984
5090,163.62666666666667,323.25,207.77666666666667,324.61087474579693
5100,163.816,323.05400000000003,207.90200000000002,324.4036476431141
5110,164.00533333333334,322.858,208.02733333333333,324.19642054043123
5120,164.19466666666668,322.66200000000003,208.15266666666668,323.9891934377483
5130,164.38400000000001,322.466,208.278,323.7819663350655
5140,164.57333333333335,322.27000000000004,208.40333333333334,323.5747392323826
5150,164.7626666666667,322.074,208.52866666666668,323.3675121296997
5160,164.952,321.87800000000004,208.654,323.16028502701687
5170,165.14133333333334,321.682,208.77933333333334,322.953057924334
5180,165.33066666666667,321.48600000000005,208.90466666666666,322.7458308216511
5190,165.52,321.29,209.03,322.53860371896826
5200,165.70666666666668,321.22066666666666,209.15,322.4713171333323
5210,165.89333333333335,321.15133333333335,209.27,322.4040305476964
5220,166.08,321.082,209.39000000000001,322.33674396206044
5230,166.26666666666668,321.0126666666667,209.51,322.2694573764245
5240,166.45333333333335,320.9433333333333,209.63,322.20217079078856
5250,166.64000000000001,320.874,209.75,322.1348842051526
5260,166.82666666666668,320.80466666666666,209.87,322.0675976195167
5270,167.01333333333332,320.73533333333336,209.99,322.0003110338807
5280,167.2,320.666,210.11,321.93302444824474
5290,167.38666666666666,320.5966666666667,210.23000000000002,321.8657378626088
5300,167.57333333333332,320.52733333333333,210.35000000000002,321.79845127697286
5310,167.76,320.458,210.47,321.7311646913369
5320,167.94666666666666,320.38866666666667,210.59,321.663878105701
5330,168.13333333333333,320.31933333333336,210.71,321.59659152006503
5340,168.32,320.25,210.83,321.5293049344291
5350,168.504,320.3106666666667,210.95933333333335,321.5937354244332
5360,168.688,320.3713333333333,211.08866666666668,321.6581659144373
5370,168.87199999999999,320.432,211.21800000000002,321.7225964044414
5380,169.056,320.49266666666665,211.34733333333335,321.7870268944455
5390,169.24,320.55333333333334,211.4766666666667,321.8514573844496
5400,169.424,320.61400000000003,211.60600000000002,321.9158878744537
5410,169.608,320.67466666666667,211.73533333333336,321.9803183644578
5420,169.792,320.73533333333336,211.86466666666666,322.0447488544619
5430,169.976,320.796,211.994,322.109179344466
5440,170.16,320.8566666666667,212.12333333333333,322.1736098344701
5450,170.344,320.9173333333334,212.25266666666667,322.2380403244742
5460,170.52800000000002,320.978,212.382,322.3024708144783
5470,170.71200000000002,321.0386666666667,212.51133333333334,322.3669013044824
5480,170.89600000000002,321.09933333333333,212.64066666666668,322.4313317944865
5490,171.08,321.16,212.77,322.4957622844906
5500,171.26066666666668,321.3453333333334,212.91533333333334,322.68368640872785
5510,171.44133333333335,321.53066666666666,213.06066666666666,322.8716105329651
5520,171.622,321.716,213.20600000000002,323.0595346572024
5530,171.80266666666668,321.90133333333335,213.35133333333334,323.2474587814396
5540,171.98333333333335,322.0866666666667,213.49666666666667,323.4353829056769
5550,172.16400000000002,322.272,213.642,323.62330702991414
5560,172.34466666666668,322.45733333333334,213.78733333333332,323.8112311541514
5570,172.52533333333332,322.6426666666667,213.93266666666668,323.9991552783887
5580,172.706,322.82800000000003,214.078,324.18707940262595
5590,172.88666666666666,323.0133333333333,214.22333333333333,324.3750035268632
5600,173.06733333333332,323.19866666666667,214.36866666666666,324.5629276511005
5610,173.248,323.384,214.51399999999998,324.7508517753377
5620,173.42866666666666,323.56933333333336,214.65933333333334,324.938775899575
5630,173.60933333333332,323.75466666666665,214.80466666666666,325.12670002381225
5640,173.79,323.94,214.95,325.3146241480495
5650,173.96733333333333,324.0353333333333,215.094,325.4072310454808
5660,174.14466666666667,324.1306666666667,215.238,325.49983794291205
5670,174.322,324.226,215.382,325.5924448403434
5680,174.4993333333333,324.3213333333333,215.52599999999998,325.68505173777464
5690,174.67666666666665,324.4166666666667,215.67,325.7776586352059
5700,174.85399999999998,324.512,215.814,325.8702655326372
5710,175.03133333333332,324.6073333333333,215.958,325.96287243006844
5720,175.20866666666666,324.7026666666667,216.102,326.05547932749977
5730,175.386,324.798,216.246,326.14808622493103
5740,175.56333333333333,324.8933333333333,216.39000000000001,326.2406931223623
5750,175.74066666666667,324.9886666666667,216.53400000000002,326.33330001979357
5760,175.91799999999998,325.084,216.678,326.42590691722484
5770,176.09533333333331,325.1793333333333,216.822,326.51851381465616
5780,176.27266666666665,325.2746666666667,216.966,326.6111207120874
5790,176.45,325.37,217.11,326.7037276095187
5800,176.624,325.58133333333336,217.262,326.92092029736824
5810,176.798,325.79266666666666,217.41400000000002,327.1381129852178
5820,176.97199999999998,326.004,217.566,327.35530567306733
5830,177.146,326.2153333333333,217.71800000000002,327.5724983609169
5840,177.32,326.4266666666667,217.87,327.78969104876643
5850,177.494,326.63800000000003,218.022,328.006883736616
5860,177.668,326.84933333333333,218.174,328.2240764244655
5870,177.84199999999998,327.0606666666667,218.326,328.4412691123151
5880,178.016,327.272,218.478,328.6584618001647
5890,178.19,327.48333333333335,218.63,328.8756544880142
5900,178.364,327.6946666666667,218.78199999999998,329.09284717586377
5910,178.538,327.906,218.934,329.3100398637133
5920,178.712,328.11733333333336,219.08599999999998,329.52723255156286
5930,178.886,328.32866666666666,219.238,329.7444252394124
5940,179.06,328.54,219.39,329.96161792726195
5950,179.23066666666668,328.57933333333335,219.54266666666666,329.9853225531352
5960,179.40133333333333,328.6186666666667,219.6953333333333,330.00902717900846
5970,179.572,328.658,219.84799999999998,330.0327318048817
5980,179.74266666666668,328.69733333333335,220.00066666666666,330.0564364307549
5990,179.91333333333333,328.7366666666667,220.15333333333334,330.0801410566282
6000,180.084,328.776,220.30599999999998,330.1038456825014
6010,180.25466666666668,328.81533333333334,220.45866666666666,330.1275503083746
6020,180.42533333333333,328.8546666666667,220.61133333333333,330.1512549342479
6030,180.596,328.894,220.764,330.1749595601211
6040,180.76666666666668,328.93333333333334,220.91666666666666,330.19866418599435
6050,180.93733333333333,328.97266666666667,221.06933333333333,330.2223688118676
6060,181.108,329.012,221.222,330.24607343774085
6070,181.27866666666668,329.05133333333333,221.37466666666668,330.26977806361407
6080,181.44933333333333,329.09066666666666,221.52733333333333,330.29348268948735
6090,181.62,329.13,221.68,330.31718731536057
6100,181.788,328.6553333333333,221.77200000000002,329.8293300268629
6110,181.956,328.18066666666664,221.864,329.34147273836527
6120,182.124,327.706,221.95600000000002,328.8536154498676
6130,182.292,327.23133333333334,222.048,328.36575816137
6140,182.46,326.75666666666666,222.14000000000001,327.8779008728724
6150,182.628,326.282,222.232,327.3900435843747
6160,182.796,325.8073333333333,222.324,326.9021862958771
6170,182.964,325.3326666666667,222.416,326.4143290073794
6180,183.132,324.858,222.508,325.92647171888177
6190,183.29999999999998,324.3833333333333,222.6,325.4386144303841
6200,183.468,323.90866666666665,222.692,324.95075714188647
6210,183.636,323.43399999999997,222.784,324.4628998533889
6220,183.804,322.95933333333335,222.876,323.9750425648912
6230,183.97199999999998,322.48466666666667,222.968,323.4871852763936
6240,184.14,322.01,223.06,322.9993279878959
6250,184.30533333333332,322.12399999999997,223.17333333333335,323.12746124218796
6260,184.47066666666666,322.238,223.28666666666666,323.25559449648
6270,184.636,322.352,223.4,323.38372775077204
6280,184.80133333333333,322.466,223.51333333333332,323.51186100506413
6290,184.96666666666667,322.58,223.62666666666667,323.6399942593562
6300,185.132,322.694,223.74,323.7681275136482
6310,185.29733333333334,322.808,223.85333333333332,323.89626076794025
6320,185.46266666666665,322.922,223.96666666666667,324.0243940222323
6330,185.628,323.036,224.07999999999998,324.1525272765243
6340,185.79333333333332,323.15000000000003,224.19333333333333,324.28066053081636
6350,185.95866666666666,323.264,224.30666666666667,324.4087937851084
6360,186.124,323.37800000000004,224.42,324.5369270394005
6370,186.28933333333333,323.492,224.53333333333333,324.66506029369253
6380,186.45466666666667,323.60600000000005,224.64666666666665,324.7931935479846
6390,186.62,323.72,224.76,324.9213268022766
6400,186.784,323.7393333333334,224.87933333333334,324.93705534204565
6410,186.948,323.75866666666667,224.99866666666665,324.95278388181464
6420,187.112,323.778,225.118,324.9685124215837
6430,187.276,323.79733333333337,225.23733333333334,324.9842409613527
6440,187.44,323.81666666666666,225.35666666666665,324.99996950112177
6450,187.604,323.836,225.476,325.01569804089075
6460,187.768,323.85533333333336,225.59533333333334,325.0314265806598
6470,187.93200000000002,323.87466666666666,225.71466666666666,325.04715512042884
6480,188.096,323.894,225.834,325.0628836601979
6490,188.26000000000002,323.91333333333336,225.95333333333335,325.07861219996687
6500,188.424,323.93266666666665,226.07266666666666,325.0943407397359
6510,188.58800000000002,323.952,226.192,325.11006927950496
6520,188.752,323.97133333333335,226.31133333333335,325.125797819274
6530,188.91600000000003,323.99066666666664,226.43066666666667,325.141526359043
6540,189.08,324.01,226.55,325.157254898812
6550,189.24133333333336,323.89866666666666,226.65733333333336,325.037745929193
6560,189.40266666666668,323.7873333333333,226.76466666666667,324.9182369595741
6570,189.56400000000002,323.676,226.872,324.79872798995507
6580,189.72533333333334,323.56466666666665,226.97933333333333,324.67921902033606
6590,189.88666666666668,323.4533333333333,227.08666666666667,324.55971005071706
6600,190.048,323.342,227.19400000000002,324.4402010810981
6610,190.20933333333335,323.23066666666665,227.30133333333333,324.3206921114791
6620,190.37066666666666,323.1193333333333,227.40866666666668,324.2011831418601
6630,190.532,323.008,227.516,324.0816741722411
6640,190.69333333333333,322.89666666666665,227.62333333333333,323.96216520262215
6650,190.85466666666667,322.7853333333333,227.73066666666668,323.84265623300314
6660,191.016,322.674,227.838,323.72314726338413
6670,191.17733333333334,322.56266666666664,227.94533333333334,323.60363829376513
6680,191.33866666666665,322.4513333333333,228.05266666666665,323.4841293241462
6690,191.5,322.34,228.16,323.3646203545272
6700,191.65866666666668,322.0686666666666,228.24333333333334,323.0870410806552
6710,191.81733333333332,321.7973333333333,228.32666666666665,322.8094618067832
6720,191.976,321.52599999999995,228.41,322.53188253291114
6730,192.13466666666667,321.25466666666665,228.49333333333334,322.25430325903915
6740,192.29333333333332,320.9833333333333,228.57666666666665,321.97672398516715
6750,192.452,320.712,228.66,321.69914471129516
6760,192.61066666666667,320.44066666666663,228.74333333333334,321.42156543742317
6770,192.76933333333332,320.1693333333333,228.82666666666665,321.1439861635511
6780,192.928,319.89799999999997,228.91,320.8664068896791
6790,193.08666666666667,319.62666666666667,228.99333333333334,320.58882761580713
6800,193.24533333333332,319.3553333333333,229.07666666666665,320.31124834193514
6810,193.404,319.084,229.16,320.03366906806315
6820,193.56266666666667,318.81266666666664,229.24333333333334,319.7560897941911
6830,193.72133333333332,318.54133333333334,229.32666666666665,319.4785105203191
6840,193.88,318.27,229.41,319.2009312464471
6850,194.036,318.48066666666665,229.52066666666667,319.42503976103455
6860,194.192,318.6913333333333,229.63133333333332,319.649148275622
6870,194.34799999999998,318.902,229.742,319.8732567902094
6880,194.504,319.11266666666666,229.85266666666666,320.0973653047968
6890,194.66,319.3233333333333,229.96333333333334,320.32147381938427
6900,194.816,319.534,230.07399999999998,320.5455823339717
6910,194.972,319.74466666666666,230.18466666666666,320.76969084855915
6920,195.128,319.95533333333333,230.29533333333333,320.99379936314654
6930,195.284,320.166,230.406,321.217907877734
6940,195.44,320.37666666666667,230.51666666666665,321.4420163923214
6950,195.596,320.58733333333333,230.62733333333333,321.66612490690886
6960,195.752,320.798,230.738,321.8902334214963
6970,195.908,321.00866666666667,230.84866666666667,322.1143419360837
6980,196.064,321.21933333333334,230.95933333333332,322.33845045067113
6990,196.22,321.43,231.07,322.5625589652586
7000,196.37066666666666,321.37933333333336,231.178,322.50169053470233
7010,196.52133333333333,321.32866666666666,231.286,322.44082210414615
7020,196.672,321.278,231.394,322.3799536735899
7030,196.82266666666666,321.2273333333333,231.50199999999998,322.31908524303367
7040,196.97333333333333,321.1766666666667,231.60999999999999,322.25821681247743
7050,197.124,321.12600000000003,231.718,322.19734838192124
7060,197.27466666666666,321.07533333333333,231.826,322.136479951365
7070,197.42533333333333,321.0246666666667,231.934,322.07561152080876
7080,197.576,320.974,232.042,322.0147430902525
7090,197.72666666666666,320.92333333333335,232.15,321.95387465969634
7100,197.87733333333333,320.8726666666667,232.258,321.8930062291401
7110,198.028,320.822,232.36599999999999,321.83213779858386
7120,198.17866666666666,320.77133333333336,232.474,321.7712693680276
7130,198.32933333333332,320.72066666666666,232.582,321.71040093747143
7140,198.48,320.67,232.69,321.6495325069152
7150,198.61866666666666,320.658,232.782,321.6457139567236
7160,198.75733333333332,320.646,232.874,321.641895406532
7170,198.896,320.634,232.966,321.63807685634043
7180,199.03466666666665,320.622,233.058,321.63425830614887
7190,199.17333333333332,320.61,233.15,321.6304397559573
7200,199.31199999999998,320.598,233.242,321.6266212057657
7210,199.45066666666665,320.586,233.334,321.6228026555741
7220,199.58933333333334,320.574,233.426,321.61898410538254
7230,199.728,320.562,233.518,321.61516555519097
7240,199.86666666666667,320.55,233.60999999999999,321.61134700499935
7250,200.00533333333334,320.538,233.702,321.6075284548078
7260,200.144,320.526,233.79399999999998,321.6037099046162
7270,200.28266666666667,320.514,233.886,321.59989135442464
7280,200.42133333333334,320.502,233.97799999999998,321.596072804233
7290,200.56,320.49,234.07,321.59225425404145
7300,200.696,320.87733333333335,234.20266666666666,321.9875124097228
7310,200.832,321.2646666666667,234.33533333333332,322.38277056540414
7320,200.968,321.652,234.468,322.7780287210855
7330,201.104,322.03933333333333,234.60066666666665,323.1732868767669
7340,201.24,322.4266666666667,234.73333333333332,323.56854503244824
7350,201.376,322.814,234.86599999999999,323.9638031881296
7360,201.512,323.20133333333337,234.99866666666665,324.35906134381094
7370,201.648,323.58866666666665,235.13133333333334,324.7543194994923
7380,201.784,323.976,235.264,325.14957765517363
7390,201.92,324.36333333333334,235.39666666666668,325.544835810855
7400,202.05599999999998,324.7506666666667,235.52933333333334,325.9400939665363
7410,202.192,325.13800000000003,235.662,326.3353521222177
7420,202.328,325.5253333333333,235.79466666666667,326.7306102778991
7430,202.464,325.91266666666667,235.92733333333334,327.1258684335804
7440,202.6,326.3,236.06,327.52112658926177
7450,202.73333333333332,326.0606666666667,236.15733333333333,327.26186544744934
7460,202.86666666666667,325.8213333333333,236.25466666666668,327.0026043056369
7470,203.0,325.582,236.352,326.7433431638245
7480,203.13333333333333,325.3426666666667,236.44933333333333,326.48408202201205
7490,203.26666666666665,325.10333333333335,236.54666666666668,326.2248208801996
7500,203.4,324.864,236.644,325.9655597383872
7510,203.53333333333333,324.62466666666666,236.74133333333333,325.70629859657475
7520,203.66666666666666,324.38533333333334,236.83866666666668,325.44703745476227
7530,203.79999999999998,324.146,236.936,325.18777631294984
7540,203.93333333333334,323.90666666666664,237.03333333333333,324.9285151711374
7550,204.06666666666666,323.6673333333333,237.13066666666668,324.669254029325
7560,204.2,323.428,237.228,324.40999288751254
7570,204.33333333333331,323.1886666666667,237.32533333333333,324.1507317457001
7580,204.46666666666667,322.9493333333333,237.4226666666667,323.8914706038877
7590,204.6,322.71,237.52,323.63220946207525
7600,204.73133333333334,322.7153333333333,237.61133333333333,323.64460157301795
7610,204.86266666666666,322.72066666666666,237.7026666666667,323.65699368396065
7620,204.994,322.726,237.794,323.66938579490335
7630,205.12533333333332,322.73133333333334,237.88533333333334,323.681777905846
7640,205.25666666666666,322.7366666666667,237.97666666666666,323.6941700167887
7650,205.388,322.742,238.068,323.7065621277314
7660,205.51933333333332,322.74733333333336,238.15933333333334,323.7189542386741
7670,205.65066666666667,322.75266666666664,238.25066666666666,323.7313463496168
7680,205.78199999999998,322.758,238.34199999999998,323.7437384605595
7690,205.91333333333333,322.7633333333333,238.43333333333334,323.7561305715022
7700,206.04466666666667,322.76866666666666,238.52466666666666,323.7685226824449
7710,206.176,322.774,238.61599999999999,323.7809147933875
7720,206.30733333333333,322.77933333333334,238.7073333333333,323.7933069043302
7730,206.43866666666665,322.7846666666667,238.79866666666666,323.8056990152729
7740,206.57,322.79,238.89,323.8180911262156
7750,206.69933333333333,322.8606666666667,238.99466666666666,323.88467252960595
7760,206.82866666666666,322.9313333333333,239.09933333333333,323.9512539329963
7770,206.958,323.002,239.20399999999998,324.0178353363866
7780,207.08733333333333,323.0726666666667,239.30866666666665,324.08441673977694
7790,207.21666666666667,323.1433333333334,239.41333333333333,324.15099814316727
7800,207.346,323.214,239.518,324.2175795465576
7810,207.47533333333334,323.2846666666667,239.62266666666667,324.28416094994793
7820,207.60466666666665,323.35533333333336,239.72733333333332,324.3507423533383
7830,207.73399999999998,323.42600000000004,239.832,324.41732375672865
7840,207.86333333333332,323.49666666666667,239.93666666666667,324.483905160119
7850,207.99266666666665,323.56733333333335,240.04133333333334,324.5504865635093
7860,208.12199999999999,323.63800000000003,240.14600000000002,324.61706796689964
7870,208.25133333333332,323.7086666666667,240.25066666666666,324.68364937028997
7880,208.38066666666666,323.77933333333334,240.35533333333333,324.7502307736803
7890,208.51,323.85,240.46,324.81681217707063
7900,208.63733333333332,323.75733333333335,240.54933333333335,324.72011891260115
7910,208.76466666666667,323.6646666666667,240.63866666666667,324.6234256481317
7920,208.892,323.572,240.728,324.5267323836622
7930,209.01933333333332,323.47933333333333,240.81733333333335,324.4300391191927
7940,209.14666666666665,323.38666666666666,240.90666666666667,324.33334585472323
7950,209.274,323.294,240.996,324.23665259025375
7960,209.40133333333333,323.2013333333333,241.08533333333335,324.1399593257843
7970,209.52866666666665,323.1086666666667,241.17466666666667,324.0432660613148
7980,209.65599999999998,323.016,241.264,323.9465727968453
7990,209.78333333333333,322.92333333333335,241.35333333333335,323.84987953237584
8000,209.91066666666666,322.8306666666667,241.44266666666667,323.75318626790636
8010,210.03799999999998,322.738,241.532,323.6564930034369
8020,210.1653333333333,322.6453333333333,241.62133333333335,323.5597997389674
8030,210.29266666666666,322.55266666666665,241.71066666666667,323.4631064744979
8040,210.42,322.46,241.8,323.36641321002844
8050,210.546,322.5813333333333,241.89933333333335,323.4936206687244
8060,210.672,322.70266666666663,241.99866666666668,323.6208281274204
8070,210.798,322.82399999999996,242.098,323.7480355861164
8080,210.92399999999998,322.94533333333334,242.19733333333335,323.87524304481235
8090,211.04999999999998,323.06666666666666,242.29666666666668,324.0024505035083
8100,211.176,323.188,242.39600000000002,324.1296579622043
8110,211.302,323.3093333333333,242.49533333333335,324.2568654209003
8120,211.428,323.43066666666664,242.59466666666665,324.3840728795963
8130,211.554,323.55199999999996,242.694,324.5112803382923
8140,211.68,323.6733333333333,242.79333333333332,324.6384877969883
8150,211.806,323.7946666666666,242.89266666666666,324.76569525568425
8160,211.932,323.916,242.992,324.8929027143802
8170,212.058,324.0373333333333,243.09133333333332,325.0201101730762
8180,212.184,324.15866666666665,243.19066666666666,325.1473176317722
8190,212.31,324.28,243.29,325.27452509046816
8200,212.434,324.2393333333333,243.384,325.22654284102185
8210,212.558,324.19866666666667,243.47799999999998,325.17856059157555
8220,212.682,324.15799999999996,243.572,325.13057834212924
8230,212.806,324.1173333333333,243.666,325.08259609268293
8240,212.93,324.07666666666665,243.76,325.0346138432366
8250,213.054,324.036,243.85399999999998,324.9866315937903
8260,213.178,323.99533333333335,243.94799999999998,324.938649344344
8270,213.302,323.95466666666664,244.042,324.89066709489765
8280,213.426,323.914,244.136,324.84268484545134
8290,213.54999999999998,323.87333333333333,244.23,324.79470259600504
8300,213.67399999999998,323.8326666666667,244.32399999999998,324.74672034655873
8310,213.798,323.79200000000003,244.41799999999998,324.6987380971124
8320,213.922,323.7513333333333,244.512,324.6507558476661
8330,214.046,323.71066666666667,244.606,324.6027735982198
8340,214.17,323.67,244.7,324.5547913487735
8350,214.29266666666666,323.6306666666667,244.78333333333333,324.5189212072606
8360,214.4153333333333,323.59133333333335,244.86666666666665,324.48305106574765
8370,214.53799999999998,323.552,244.95,324.4471809242347
8380,214.66066666666666,323.5126666666667,245.03333333333333,324.4113107827218
8390,214.78333333333333,323.47333333333336,245.11666666666665,324.37544064120885
8400,214.90599999999998,323.434,245.2,324.3395704996959
8410,215.02866666666665,323.3946666666667,245.28333333333333,324.303700358183
8420,215.15133333333333,323.3553333333333,245.36666666666665,324.2678302166701
8430,215.274,323.316,245.45,324.2319600751572
8440,215.39666666666665,323.27666666666664,245.53333333333333,324.19608993364426
8450,215.51933333333332,323.2373333333333,245.61666666666665,324.16021979213133
8460,215.642,323.198,245.7,324.1243496506184
8470,215.76466666666667,323.15866666666665,245.78333333333333,324.08847950910547
8480,215.88733333333332,323.1193333333333,245.86666666666665,324.05260936759254
8490,216.01,323.08,245.95,324.0167392260796
8500,216.13,323.24066666666664,246.05066666666664,324.18028300857577
8510,216.25,323.4013333333333,246.15133333333333,324.34382679107193
8520,216.37,323.562,246.25199999999998,324.50737057356804
8530,216.48999999999998,323.72266666666667,246.35266666666666,324.6709143560642
8540,216.60999999999999,323.8833333333333,246.45333333333332,324.83445813856036
8550,216.73,324.044,246.554,324.9980019210565
8560,216.85,324.20466666666664,246.65466666666666,325.1615457035527
8570,216.97,324.36533333333335,246.75533333333334,325.3250894860488
8580,217.09,324.526,246.856,325.48863326854496
8590,217.21,324.68666666666667,246.95666666666668,325.6521770510411
8600,217.33,324.8473333333333,247.05733333333333,325.8157208335373
8610,217.45,325.008,247.15800000000002,325.97926461603345
8620,217.57,325.1686666666667,247.25866666666667,326.14280839852955
8630,217.69,325.32933333333335,247.35933333333335,326.3063521810257
8640,217.81,325.49,247.46,326.4698959635219
8650,217.92933333333335,324.462,247.46733333333333,325.3961945227754
8660,218.04866666666666,323.434,247.47466666666668,324.3224930820288
8670,218.168,322.406,247.482,323.2487916412823
8680,218.28733333333332,321.378,247.48933333333335,322.17509020053575
8690,218.40666666666667,320.35,247.49666666666667,321.10138875978924
8700,218.526,319.322,247.504,320.0276873190427
8710,218.64533333333333,318.294,247.51133333333334,318.9539858782962
8720,218.76466666666667,317.266,247.51866666666666,317.8802844375496
8730,218.884,316.238,247.526,316.8065829968031
8740,219.00333333333333,315.21,247.53333333333333,315.73288155605655
8750,219.12266666666667,314.182,247.54066666666665,314.65918011531005
8760,219.242,313.154,247.548,313.5854786745635
8770,219.36133333333333,312.126,247.55533333333332,312.511777233817
8780,219.48066666666665,311.098,247.56266666666667,311.4380757930704
8790,219.6,310.07,247.57,310.3643743523239
8800,219.71666666666667,309.0833333333333,247.51999999999998,309.36298559727203
8810,219.83333333333331,308.09666666666664,247.47,308.36159684222014
8820,219.95,307.11,247.42,307.3602080871683
8830,220.06666666666666,306.12333333333333,247.37,306.3588193321164
8840,220.18333333333334,305.13666666666666,247.32,305.3574305770645
8850,220.29999999999998,304.15,247.26999999999998,304.3560418220126
8860,220.41666666666666,303.1633333333333,247.22,303.35465306696074
8870,220.53333333333333,302.1766666666667,247.17,302.3532643119089
8880,220.65,301.19,247.12,301.351875556857
8890,220.76666666666665,300.2033333333333,247.07,300.3504868018051
8900,220.88333333333333,299.21666666666664,247.01999999999998,299.3490980467532
8910,221.0,298.22999999999996,246.97,298.34770929170134
8920,221.11666666666667,297.24333333333334,246.92,297.3463205366495
8930,221.23333333333332,296.25666666666666,246.87,296.3449317815976
8940,221.35,295.27,246.82,295.3435430265457
8950,221.46466666666666,294.18399999999997,246.73133333333334,294.2343838154353
8960,221.57933333333332,293.098,246.64266666666666,293.12522460432496
8970,221.694,292.012,246.554,292.01606539321455
8980,221.80866666666665,290.926,246.46533333333332,290.90690618210414
8990,221.92333333333332,289.84,246.37666666666667,289.7977469709937
9000,222.03799999999998,288.754,246.288,288.6885877598834
9010,222.15266666666665,287.668,246.19933333333333,287.57942854877297
9020,222.26733333333334,286.582,246.11066666666667,286.47026933766256
9030,222.382,285.496,246.022,285.36111012655215
9040,222.49666666666667,284.41,245.93333333333334,284.2519509154418
9050,222.61133333333333,283.324,245.84466666666668,283.1427917043314
9060,222.726,282.238,245.756,282.033632493221
9070,222.84066666666666,281.152,245.66733333333335,280.92447328211057
9080,222.95533333333333,280.06600000000003,245.57866666666666,279.8153140710002
9090,223.07,278.98,245.49,278.7061548598898
9100,223.17933333333332,277.60333333333335,245.33800000000002,277.30914205096775
9110,223.28866666666667,276.2266666666667,245.186,275.91212924204564
9120,223.398,274.85,245.03400000000002,274.5151164331236
9130,223.50733333333332,273.47333333333336,244.882,273.11810362420147
9140,223.61666666666667,272.0966666666667,244.73000000000002,271.7210908152794
9150,223.726,270.72,244.578,270.3240780063573
9160,223.83533333333332,269.34333333333336,244.42600000000002,268.92706519743524
9170,223.94466666666668,267.96666666666664,244.274,267.5300523885131
9180,224.054,266.59,244.122,266.13303957959107
9190,224.16333333333333,265.2133333333333,243.97,264.73602677066896
9200,224.27266666666668,263.83666666666664,243.818,263.3390139617469
9210,224.382,262.46,243.666,261.9420011528248
9220,224.49133333333333,261.0833333333333,243.514,260.54498834390273
9230,224.60066666666668,259.70666666666665,243.362,259.1479755349806
9240,224.71,258.33,243.21,257.75096272605856
9250,224.81400000000002,256.94533333333334,243.01600000000002,256.3482168548952
9260,224.918,255.56066666666666,242.822,254.94547098373184
9270,225.02200000000002,254.176,242.62800000000001,253.54272511256846
9280,225.126,252.7913333333333,242.434,252.13997924140511
9290,225.23000000000002,251.40666666666667,242.24,250.73723337024174
9300,225.334,250.022,242.04600000000002,249.3344874990784
9310,225.43800000000002,248.63733333333332,241.852,247.93174162791502
9320,225.542,247.25266666666667,241.65800000000002,246.52899575675167
9330,225.64600000000002,245.868,241.464,245.1262498855883
9340,225.75,244.48333333333332,241.27,243.72350401442495
9350,225.854,243.09866666666667,241.07600000000002,242.32075814326157
9360,225.958,241.714,240.882,240.91801227209822
9370,226.062,240.32933333333332,240.68800000000002,239.51526640093485
9380,226.166,238.94466666666668,240.494,238.11252052977147
9390,226.27,237.56,240.3,236.70977465860813
9400,226.36800000000002,236.48266666666666,240.092,235.63132861302327
9410,226.466,235.40533333333335,239.88400000000001,234.5528825674384
9420,226.56400000000002,234.328,239.67600000000002,233.47443652185353
9430,226.662,233.25066666666666,239.46800000000002,232.39599047626868
9440,226.76000000000002,232.17333333333335,239.26000000000002,231.31754443068382
9450,226.858,231.096,239.05200000000002,230.23909838509894
9460,226.95600000000002,230.01866666666666,238.84400000000002,229.1606523395141
9470,227.054,228.94133333333335,238.636,228.08220629392923
9480,227.15200000000002,227.864,238.428,227.00376024834438
9490,227.25,226.78666666666666,238.22,225.9253142027595
9500,227.348,225.70933333333335,238.012,224.84686815717464
9510,227.446,224.632,237.804,223.76842211158979
9520,227.544,223.55466666666666,237.596,222.68997606600493
9530,227.642,222.47733333333335,237.388,221.61153002042005
9540,227.74,221.4,237.18,220.5330839748352
9550,227.828,220.53133333333335,236.984,219.6615586697015
9560,227.916,219.66266666666667,236.788,218.79003336456776
9570,228.00400000000002,218.794,236.592,217.91850805943406
9580,228.092,217.92533333333333,236.39600000000002,217.04698275430033
9590,228.18,217.05666666666667,236.20000000000002,216.17545744916663
9600,228.268,216.18800000000002,236.00400000000002,215.3039321440329
9610,228.356,215.31933333333333,235.80800000000002,214.4324068388992
9620,228.44400000000002,214.45066666666668,235.612,213.56088153376547
9630,228.532,213.582,235.416,212.68935622863177
9640,228.62,212.71333333333334,235.22,211.81783092349804
9650,228.708,211.84466666666668,235.024,210.94630561836433
9660,228.796,210.976,234.828,210.0747803132306
9670,228.88400000000001,210.10733333333334,234.632,209.2032550080969
9680,228.972,209.23866666666666,234.436,208.33172970296317
9690,229.06,208.37,234.24,207.46020439782947
9700,229.13733333333334,207.59333333333333,234.048,206.67822074801956
9710,229.21466666666666,206.81666666666666,233.85600000000002,205.8962370982096
9720,229.292,206.04,233.66400000000002,205.1142534483997
9730,229.36933333333334,205.26333333333335,233.472,204.33226979858978
9740,229.44666666666666,204.48666666666668,233.28,203.55028614877986
9750,229.524,203.71,233.08800000000002,202.76830249896992
9760,229.60133333333334,202.93333333333334,232.89600000000002,201.98631884916
9770,229.67866666666666,202.15666666666667,232.704,201.20433519935008
9780,229.756,201.38,232.512,200.42235154954017
9790,229.83333333333334,200.60333333333332,232.32000000000002,199.64036789973022
9800,229.91066666666666,199.82666666666665,232.12800000000001,198.8583842499203
9810,229.988,199.05,231.936,198.0764006001104
9820,230.06533333333334,198.27333333333334,231.744,197.29441695030044
9830,230.14266666666666,197.49666666666667,231.55200000000002,196.51243330049053
9840,230.22,196.72,231.36,195.7304496506806
9850,230.28266666666667,195.27866666666665,231.102,194.25532609711118
9860,230.34533333333334,193.83733333333333,230.84400000000002,192.78020254354172
9870,230.408,192.396,230.586,191.3050789899723
9880,230.47066666666666,190.95466666666667,230.328,189.82995543640283
9890,230.53333333333333,189.51333333333332,230.07000000000002,188.3548318828334
9900,230.596,188.072,229.812,186.87970832926393
9910,230.65866666666668,186.63066666666666,229.554,185.4045847756945
9920,230.72133333333332,185.18933333333334,229.29600000000002,183.92946122212504
9930,230.784,183.748,229.038,182.4543376685556
9940,230.84666666666666,182.30666666666667,228.78,180.97921411498615
9950,230.90933333333334,180.86533333333333,228.52200000000002,179.50409056141672
9960,230.972,179.424,228.264,178.02896700784726
9970,231.03466666666665,177.98266666666666,228.006,176.55384345427782
9980,231.09733333333332,176.54133333333334,227.74800000000002,175.0787199007084
9990,231.16,175.1,227.49,173.60359634713893
10000,231.20733333333334,174.06666666666666,227.21800000000002,172.57445867102086
10010,231.25466666666665,173.03333333333333,226.946,171.5453209949028
10020,231.302,172.0,226.674,170.5161833187847
10030,231.34933333333333,170.96666666666667,226.40200000000002,169.48704564266663
10040,231.39666666666668,169.93333333333334,226.13,168.45790796654856
10050,231.444,168.9,225.858,167.4287702904305
10060,231.49133333333333,167.86666666666667,225.586,166.39963261431242
10070,231.53866666666667,166.83333333333331,225.314,165.37049493819433
10080,231.586,165.79999999999998,225.042,164.34135726207626
10090,231.63333333333333,164.76666666666665,224.77,163.3122195859582
10100,231.68066666666667,163.73333333333332,224.498,162.28308190984012
10110,231.728,162.7,224.226,161.25394423372205
10120,231.77533333333335,161.66666666666666,223.954,160.22480655760396
10130,231.82266666666666,160.63333333333333,223.682,159.1956688814859
10140,231.87,159.6,223.41,158.16653120536782
10150,231.90200000000002,158.664,223.15133333333333,157.21688580658233
10160,231.934,157.728,222.89266666666666,156.2672404077968
10170,231.966,156.792,222.634,155.3175950090113
10180,231.998,155.856,222.37533333333334,154.36794961022582
10190,232.03,154.92,222.11666666666667,153.41830421144033
10200,232.062,153.984,221.858,152.4686588126548
10210,232.094,153.048,221.59933333333333,151.51901341386932
10220,232.126,152.112,221.34066666666666,150.56936801508382
10230,232.158,151.176,221.082,149.61972261629833
10240,232.19,150.24,220.82333333333332,148.6700772175128
10250,232.222,149.304,220.56466666666665,147.72043181872732
10260,232.254,148.368,220.306,146.77078641994183
10270,232.286,147.432,220.04733333333334,145.82114102115634
10280,232.31799999999998,146.496,219.78866666666667,144.87149562237082
10290,232.35,145.56,219.53,143.92185022358532
10300,232.36533333333333,144.33866666666665,219.22333333333333,142.68520350201362
10310,232.38066666666666,143.11733333333333,218.91666666666666,141.4485567804419
10320,232.396,141.89600000000002,218.61,140.21191005887016
10330,232.41133333333335,140.67466666666667,218.30333333333334,138.97526333729846
10340,232.42666666666668,139.45333333333332,217.99666666666667,137.73861661572676
10350,232.442,138.232,217.69,136.50196989415502
10360,232.45733333333334,137.01066666666668,217.38333333333333,135.2653231725833
10370,232.47266666666667,135.78933333333333,217.07666666666668,134.0286764510116
10380,232.488,134.56799999999998,216.77,132.7920297294399
10390,232.50333333333333,133.34666666666666,216.46333333333334,131.55538300786816
10400,232.51866666666666,132.12533333333334,216.15666666666667,130.31873628629646
10410,232.53400000000002,130.904,215.85,129.08208956472473
10420,232.54933333333335,129.68266666666665,215.54333333333335,127.84544284315301
10430,232.56466666666668,128.46133333333333,215.23666666666668,126.60879612158129
10440,232.58,127.24,214.93,125.37214940000958
10450,232.5786666666667,127.39333333333333,214.726,125.56904642341694
10460,232.57733333333334,127.54666666666667,214.52200000000002,125.7659434468243
10470,232.57600000000002,127.69999999999999,214.318,125.96284047023165
10480,232.57466666666667,127.85333333333332,214.114,126.15973749363901
10490,232.57333333333335,128.00666666666666,213.91,126.35663451704637
10500,232.572,128.16,213.70600000000002,126.55353154045373
10510,232.57066666666668,128.31333333333333,213.502,126.75042856386109
10520,232.56933333333333,128.46666666666667,213.298,126.94732558726847
10530,232.568,128.62,213.094,127.14422261067583
10540,232.56666666666666,128.7733333333333,212.89000000000001,127.34111963408319
10550,232.56533333333334,128.92666666666665,212.686,127.53801665749054
10560,232.564,129.07999999999998,212.482,127.7349136808979
10570,232.56266666666667,129.23333333333332,212.278,127.93181070430526
10580,232.56133333333332,129.38666666666666,212.074,128.12870772771262
10590,232.56,129.54,211.87,128.32560475111998
10600,232.54133333333334,129.27733333333333,211.69333333333333,128.05147743004738
10610,232.52266666666668,129.01466666666667,211.51666666666668,127.77735010897476
10620,232.504,128.75199999999998,211.34,127.50322278790216
10630,232.48533333333333,128.48933333333332,211.16333333333333,127.22909546682955
10640,232.46666666666667,128.22666666666666,210.98666666666668,126.95496814575694
10650,232.448,127.964,210.81,126.68084082468432
10660,232.42933333333335,127.70133333333332,210.63333333333333,126.40671350361171
10670,232.41066666666666,127.43866666666666,210.45666666666668,126.13258618253911
10680,232.392,127.17599999999999,210.28,125.8584588614665
10690,232.37333333333333,126.91333333333333,210.10333333333332,125.58433154039389
10700,232.35466666666667,126.65066666666667,209.92666666666668,125.31020421932128
10710,232.336,126.38799999999999,209.75,125.03607689824867
10720,232.31733333333332,126.12533333333333,209.57333333333332,124.76194957717607
10730,232.29866666666666,125.86266666666666,209.39666666666668,124.48782225610346
10740,232.28,125.6,209.22,124.21369493503084
10750,232.24333333333334,125.33399999999999,209.03333333333333,123.96209536149199
10760,232.20666666666668,125.068,208.84666666666666,123.71049578795315
10770,232.17,124.80199999999999,208.66,123.4588962144143
10780,232.13333333333333,124.536,208.47333333333333,123.20729664087544
10790,232.09666666666666,124.27,208.28666666666666,122.95569706733659
10800,232.06,124.00399999999999,208.1,122.70409749379775
10810,232.02333333333334,123.738,207.91333333333333,122.45249792025889
10820,231.98666666666665,123.472,207.72666666666666,122.20089834672004
10830,231.95,123.206,207.54,121.94929877318118
10840,231.91333333333333,122.94,207.35333333333332,121.69769919964234
10850,231.87666666666667,122.67399999999999,207.16666666666666,121.44609962610349
10860,231.84,122.408,206.98,121.19450005256463
10870,231.8033333333333,122.142,206.79333333333332,120.94290047902578
10880,231.76666666666665,121.876,206.60666666666665,120.69130090548694
10890,231.73,121.61,206.42,120.43970133194809
10900,231.678,121.862,206.29866666666666,120.70418159795672
10910,231.62599999999998,122.114,206.1773333333333,120.96866186396535
10920,231.57399999999998,122.366,206.05599999999998,121.23314212997398
10930,231.522,122.618,205.93466666666666,121.49762239598262
10940,231.47,122.87,205.81333333333333,121.76210266199125
10950,231.41799999999998,123.122,205.69199999999998,122.02658292799988
10960,231.36599999999999,123.374,205.57066666666665,122.29106319400852
10970,231.314,123.626,205.44933333333333,122.55554346001713
10980,231.262,123.878,205.328,122.82002372602577
10990,231.20999999999998,124.13,205.20666666666665,123.0845039920344
11000,231.158,124.382,205.08533333333332,123.34898425804303
11010,231.106,124.634,204.964,123.61346452405166
11020,231.054,124.886,204.84266666666667,123.8779447900603
11030,231.00199999999998,125.138,204.72133333333332,124.14242505606893
11040,230.95,125.39,204.6,124.40690532207756
11050,230.88333333333333,125.24666666666667,204.47266666666667,124.25538323318472
11060,230.81666666666666,125.10333333333334,204.34533333333331,124.10386114429187
11070,230.75,124.96,204.218,123.95233905539902
11080,230.6833333333333,124.81666666666666,204.09066666666666,123.80081696650618
11090,230.61666666666665,124.67333333333333,203.96333333333334,123.64929487761333
11100,230.54999999999998,124.53,203.83599999999998,123.49777278872048
11110,230.48333333333332,124.38666666666667,203.70866666666666,123.34625069982764
11120,230.41666666666666,124.24333333333333,203.58133333333333,123.19472861093479
11130,230.35,124.1,203.454,123.04320652204194
11140,230.28333333333333,123.95666666666666,203.32666666666665,122.8916844331491
11150,230.21666666666667,123.81333333333333,203.19933333333333,122.74016234425625
11160,230.14999999999998,123.67,203.072,122.5886402553634
11170,230.08333333333331,123.52666666666666,202.94466666666668,122.43711816647055
11180,230.01666666666665,123.38333333333333,202.81733333333332,122.28559607757771
11190,229.95,123.24,202.69,122.13407398868486
11200,229.87199999999999,123.57666666666667,202.59733333333332,122.4951519773195
11210,229.79399999999998,123.91333333333333,202.50466666666668,122.85622996595413
11220,229.71599999999998,124.25,202.412,123.21730795458876
11230,229.638,124.58666666666666,202.31933333333333,123.5783859432234
11240,229.56,124.92333333333333,202.22666666666666,123.93946393185803
11250,229.482,125.25999999999999,202.13400000000001,124.30054192049266
11260,229.404,125.59666666666666,202.04133333333334,124.6616199091273
11270,229.326,125.93333333333332,201.94866666666667,125.02269789776193
11280,229.248,126.27,201.856,125.38377588639656
11290,229.17,126.60666666666665,201.76333333333335,125.7448538750312
11300,229.09199999999998,126.94333333333333,201.67066666666668,126.10593186366583
11310,229.014,127.27999999999999,201.578,126.46700985230046
11320,228.936,127.61666666666666,201.48533333333333,126.8280878409351
11330,228.858,127.95333333333332,201.39266666666668,127.18916582956973
11340,228.78,128.29,201.3,127.55024381820436
11350,228.692,128.606,201.252,127.85768971297823
11360,228.604,128.922,201.204,128.1651356077521
11370,228.516,129.238,201.156,128.47258150252597
11380,228.428,129.554,201.108,128.78002739729985
11390,228.34,129.87,201.06,129.08747329207372
11400,228.252,130.186,201.012,129.39491918684757
11410,228.16400000000002,130.502,200.964,129.70236508162145
11420,228.076,130.81799999999998,200.91600000000003,130.00981097639533
11430,227.988,131.134,200.86800000000002,130.3172568711692
11440,227.9,131.45,200.82000000000002,130.62470276594306
11450,227.812,131.766,200.77200000000002,130.93214866071693
11460,227.72400000000002,132.082,200.72400000000002,131.2395945554908
11470,227.636,132.398,200.67600000000002,131.5470404502647
11480,227.548,132.714,200.62800000000001,131.85448634503854
11490,227.46,133.03,200.58,132.16193223981242
11500,227.366,132.726,200.4766666666667,131.84951386933727
11510,227.27200000000002,132.422,200.37333333333333,131.53709549886216
11520,227.178,132.118,200.27,131.22467712838704
11530,227.084,131.814,200.16666666666669,130.9122587579119
11540,226.99,131.51,200.06333333333333,130.59984038743676
11550,226.89600000000002,131.206,199.96,130.28742201696164
11560,226.80200000000002,130.902,199.85666666666668,129.97500364648653
11570,226.708,130.598,199.75333333333333,129.66258527601138
11580,226.614,130.294,199.65,129.35016690553624
11590,226.52,129.99,199.54666666666668,129.03774853506113
11600,226.42600000000002,129.686,199.44333333333333,128.725330164586
11610,226.33200000000002,129.382,199.34,128.41291179411087
11620,226.238,129.078,199.23666666666668,128.10049342363573
11630,226.144,128.774,199.13333333333333,127.78807505316061
11640,226.05,128.47,199.03,127.47565668268548
11650,225.95133333333334,128.542,198.942,127.5587196452387
11660,225.85266666666666,128.614,198.854,127.64178260779191
11670,225.75400000000002,128.686,198.766,127.72484557034512
11680,225.65533333333335,128.758,198.678,127.80790853289834
11690,225.55666666666667,128.83,198.59,127.89097149545155
11700,225.458,128.90200000000002,198.502,127.97403445800477
11710,225.35933333333332,128.97400000000002,198.41400000000002,128.057097420558
11720,225.26066666666668,129.046,198.326,128.1401603831112
11730,225.162,129.118,198.238,128.22322334566442
11740,225.06333333333333,129.19,198.15,128.30628630821764
11750,224.96466666666666,129.262,198.062,128.38934927077085
11760,224.86599999999999,129.334,197.97400000000002,128.47241223332406
11770,224.76733333333334,129.406,197.886,128.55547519587728
11780,224.66866666666667,129.478,197.798,128.6385381584305
11790,224.57,129.55,197.71,128.7216011209837
11800,224.46866666666665,129.34533333333334,197.612,128.50557355157773
11810,224.36733333333333,129.14066666666668,197.514,128.28954598217172
11820,224.266,128.936,197.416,128.07351841276574
11830,224.16466666666668,128.73133333333334,197.318,127.85749084335976
11840,224.06333333333333,128.52666666666667,197.22,127.64146327395376
11850,223.962,128.322,197.122,127.42543570454778
11860,223.86066666666667,128.11733333333333,197.024,127.20940813514179
11870,223.75933333333333,127.91266666666668,196.92600000000002,126.9933805657358
11880,223.65800000000002,127.70800000000001,196.828,126.77735299632981
11890,223.55666666666667,127.50333333333334,196.73000000000002,126.56132542692383
11900,223.45533333333333,127.29866666666668,196.632,126.34529785751783
11910,223.354,127.09400000000001,196.53400000000002,126.12927028811185
11920,223.25266666666667,126.88933333333334,196.436,125.91324271870586
11930,223.15133333333335,126.68466666666667,196.33800000000002,125.69721514929988
11940,223.05,126.48,196.24,125.48118757989388
11950,222.948,126.26066666666667,196.12133333333335,125.26695059014783
11960,222.846,126.04133333333334,196.00266666666667,125.05271360040176
11970,222.744,125.822,195.88400000000001,124.8384766106557
11980,222.64200000000002,125.60266666666666,195.76533333333333,124.62423962090963
11990,222.54000000000002,125.38333333333334,195.64666666666668,124.41000263116358
12000,222.43800000000002,125.164,195.52800000000002,124.19576564141751
12010,222.336,124.94466666666666,195.40933333333334,123.98152865167145
12020,222.234,124.72533333333334,195.29066666666668,123.76729166192538
12030,222.132,124.506,195.172,123.55305467217933
12040,222.03,124.28666666666666,195.05333333333334,123.33881768243326
12050,221.928,124.06733333333334,194.9346666666667,123.1245806926872
12060,221.82600000000002,123.848,194.816,122.91034370294113
12070,221.72400000000002,123.62866666666666,194.69733333333335,122.69610671319508
12080,221.622,123.40933333333334,194.57866666666666,122.48186972344901
12090,221.52,123.19,194.46,122.26763273370295
12100,221.418,123.27266666666667,194.37066666666666,122.35606743523597
12110,221.316,123.35533333333333,194.28133333333335,122.44450213676897
12120,221.214,123.438,194.192,122.53293683830199
12130,221.11200000000002,123.52066666666667,194.10266666666666,122.621371539835
12140,221.01000000000002,123.60333333333334,194.01333333333335,122.70980624136801
12150,220.90800000000002,123.686,193.924,122.79824094290102
12160,220.806,123.76866666666668,193.83466666666666,122.88667564443404
12170,220.704,123.85133333333333,193.74533333333335,122.97511034596704
12180,220.602,123.934,193.656,123.06354504750006
12190,220.5,124.01666666666667,193.56666666666666,123.15197974903306
12200,220.398,124.09933333333333,193.47733333333335,123.24041445056608
12210,220.29600000000002,124.182,193.388,123.32884915209908
12220,220.19400000000002,124.26466666666667,193.29866666666666,123.4172838536321
12230,220.092,124.34733333333334,193.20933333333335,123.5057185551651
12240,219.99,124.43,193.12,123.59415325669812
12250,219.888,124.45866666666667,193.038,123.62357518247569
12260,219.786,124.48733333333334,192.956,123.65299710825325
12270,219.684,124.516,192.874,123.68241903403081
12280,219.58200000000002,124.54466666666667,192.792,123.71184095980838
12290,219.48000000000002,124.57333333333334,192.71,123.74126288558595
12300,219.37800000000001,124.602,192.628,123.77068481136351
12310,219.276,124.63066666666667,192.546,123.80010673714108
12320,219.174,124.65933333333334,192.464,123.82952866291865
12330,219.072,124.688,192.382,123.85895058869622
12340,218.97,124.71666666666667,192.29999999999998,123.88837251447377
12350,218.868,124.74533333333333,192.218,123.91779444025134
12360,218.76600000000002,124.774,192.136,123.94721636602891
12370,218.66400000000002,124.80266666666667,192.054,123.97663829180648
12380,218.562,124.83133333333333,191.97199999999998,124.00606021758404
12390,218.46,124.86,191.89,124.0354821433616
12400,218.35866666666666,124.99933333333334,191.82,124.182378854668
12410,218.25733333333335,125.13866666666667,191.75,124.32927556597441
12420,218.156,125.278,191.67999999999998,124.47617227728081
12430,218.05466666666666,125.41733333333333,191.60999999999999,124.62306898858722
12440,217.95333333333335,125.55666666666667,191.54,124.76996569989362
12450,217.852,125.696,191.47,124.91686241120001
12460,217.75066666666666,125.83533333333334,191.4,125.06375912250643
12470,217.64933333333335,125.97466666666666,191.32999999999998,125.21065583381282
12480,217.548,126.114,191.26,125.35755254511923
12490,217.44666666666666,126.25333333333333,191.19,125.50444925642563
12500,217.34533333333334,126.39266666666667,191.12,125.65134596773203
12510,217.244,126.532,191.05,125.79824267903844
12520,217.14266666666666,126.67133333333334,190.98,125.94513939034483
12530,217.04133333333334,126.81066666666666,190.91,126.09203610165125
12540,216.94,126.95,190.84,126.23893281295764
12550,216.838,127.024,190.77933333333334,126.30720738813771
12560,216.736,127.098,190.71866666666668,126.37548196331778
12570,216.634,127.172,190.65800000000002,126.44375653849785
12580,216.532,127.24600000000001,190.59733333333332,126.51203111367792
12590,216.43,127.32000000000001,190.53666666666666,126.58030568885799
12600,216.328,127.394,190.476,126.64858026403806
12610,216.226,127.468,190.41533333333334,126.71685483921813
12620,216.124,127.542,190.35466666666667,126.7851294143982
12630,216.022,127.616,190.294,126.85340398957827
12640,215.92,127.69,190.23333333333335,126.92167856475834
12650,215.81799999999998,127.764,190.1726666666667,126.98995313993841
12660,215.716,127.83800000000001,190.112,127.05822771511848
12670,215.614,127.912,190.05133333333333,127.12650229029855
12680,215.512,127.986,189.99066666666667,127.19477686547862
12690,215.41,128.06,189.93,127.26305144065869
12700,215.30866666666665,127.858,189.84133333333335,127.05660695805724
12710,215.20733333333334,127.656,189.75266666666667,126.8501624754558
12720,215.106,127.45400000000001,189.66400000000002,126.64371799285436
12730,215.00466666666665,127.252,189.57533333333333,126.43727351025292
12740,214.90333333333334,127.05,189.48666666666668,126.23082902765148
12750,214.802,126.848,189.398,126.02438454505004
12760,214.70066666666665,126.646,189.30933333333334,125.8179400624486
12770,214.59933333333333,126.444,189.22066666666666,125.61149557984717
12780,214.498,126.242,189.132,125.40505109724573
12790,214.39666666666665,126.04,189.04333333333332,125.19860661464429
12800,214.29533333333333,125.83800000000001,188.95466666666667,124.99216213204285
12810,214.194,125.636,188.86599999999999,124.78571764944141
12820,214.09266666666664,125.434,188.77733333333333,124.57927316683997
12830,213.99133333333333,125.232,188.68866666666665,124.37282868423853
12840,213.89,125.03,188.6,124.16638420163709
12850,213.78933333333333,125.166,188.53066666666666,124.31329621027972
12860,213.68866666666665,125.302,188.46133333333333,124.46020821892236
12870,213.588,125.438,188.392,124.60712022756499
12880,213.4873333333333,125.574,188.32266666666666,124.75403223620764
12890,213.38666666666666,125.71,188.25333333333333,124.90094424485027
12900,213.286,125.846,188.184,125.04785625349291
12910,213.18533333333332,125.982,188.11466666666666,125.19476826213554
12920,213.08466666666666,126.118,188.04533333333333,125.34168027077818
12930,212.98399999999998,126.25399999999999,187.976,125.48859227942081
12940,212.88333333333333,126.39,187.90666666666667,125.63550428806346
12950,212.78266666666667,126.526,187.83733333333333,125.78241629670609
12960,212.682,126.66199999999999,187.768,125.92932830534873
12970,212.58133333333333,126.79799999999999,187.69866666666667,126.07624031399136
12980,212.48066666666665,126.934,187.62933333333334,126.22315232263401
12990,212.38,127.07,187.56,126.37006433127664
13000,212.28066666666666,126.85733333333333,187.47733333333335,126.14369922501675
13010,212.18133333333333,126.64466666666667,187.39466666666667,125.91733411875684
13020,212.082,126.43199999999999,187.312,125.69096901249695
13030,211.98266666666666,126.21933333333332,187.22933333333333,125.46460390623706
13040,211.88333333333333,126.00666666666666,187.14666666666668,125.23823879997717
13050,211.784,125.794,187.064,125.01187369371726
13060,211.68466666666666,125.58133333333333,186.98133333333334,124.78550858745737
13070,211.58533333333332,125.36866666666666,186.89866666666666,124.55914348119748
13080,211.486,125.15599999999999,186.816,124.33277837493759
13090,211.38666666666666,124.94333333333333,186.73333333333332,124.10641326867768
13100,211.28733333333332,124.73066666666666,186.65066666666667,123.8800481624178
13110,211.188,124.518,186.56799999999998,123.6536830561579
13120,211.08866666666665,124.30533333333332,186.48533333333333,123.42731794989801
13130,210.98933333333332,124.09266666666666,186.40266666666665,123.2009528436381
13140,210.89,123.88,186.32,122.97458773737822
13150,210.79066666666665,123.682,186.21066666666667,122.78415027667761
13160,210.69133333333332,123.484,186.10133333333332,122.593712815977
13170,210.59199999999998,123.286,185.992,122.40327535527639
13180,210.49266666666665,123.088,185.88266666666667,122.21283789457578
13190,210.39333333333332,122.89,185.77333333333334,122.02240043387518
13200,210.29399999999998,122.692,185.664,121.83196297317457
13210,210.19466666666665,122.494,185.55466666666666,121.64152551247396
13220,210.09533333333334,122.29599999999999,185.44533333333334,121.45108805177337
13230,209.996,122.098,185.336,121.26065059107276
13240,209.89666666666668,121.89999999999999,185.22666666666666,121.07021313037215
13250,209.79733333333334,121.702,185.11733333333333,120.87977566967155
13260,209.698,121.50399999999999,185.008,120.68933820897094
13270,209.59866666666667,121.306,184.89866666666668,120.49890074827033
13280,209.49933333333334,121.10799999999999,184.78933333333333,120.30846328756972
13290,209.4,120.91,184.68,120.11802582686911
13300,209.30066666666667,121.15599999999999,184.61533333333335,120.37272077218962
13310,209.20133333333334,121.402,184.55066666666667,120.62741571751013
13320,209.102,121.648,184.48600000000002,120.88211066283063
13330,209.00266666666667,121.89399999999999,184.42133333333334,121.13680560815114
13340,208.90333333333334,122.14,184.35666666666668,121.39150055347164
13350,208.804,122.386,184.292,121.64619549879215
13360,208.70466666666667,122.63199999999999,184.22733333333335,121.90089044411266
13370,208.60533333333333,122.878,184.16266666666667,122.15558538943316
13380,208.506,123.124,184.098,122.41028033475366
13390,208.40666666666667,123.36999999999999,184.03333333333333,122.66497528007417
13400,208.30733333333333,123.616,183.96866666666668,122.91967022539468
13410,208.208,123.862,183.904,123.17436517071519
13420,208.10866666666666,124.10799999999999,183.83933333333334,123.42906011603569
13430,208.00933333333333,124.354,183.77466666666666,123.6837550613562
13440,207.91,124.6,183.71,123.9384500066767
13450,207.81133333333332,124.53666666666666,183.63666666666668,123.86798952756934
13460,207.71266666666668,124.47333333333333,183.56333333333333,123.79752904846198
13470,207.614,124.41,183.49,123.72706856935461
13480,207.51533333333333,124.34666666666666,183.41666666666669,123.65660809024725
13490,207.41666666666666,124.28333333333333,183.34333333333333,123.58614761113988
13500,207.318,124.22,183.27,123.51568713203253
13510,207.21933333333334,124.15666666666667,183.1966666666667,123.44522665292516
13520,207.12066666666666,124.09333333333333,183.12333333333333,123.37476617381779
13530,207.022,124.03,183.05,123.30430569471042
13540,206.92333333333335,123.96666666666667,182.9766666666667,123.23384521560307
13550,206.82466666666667,123.90333333333334,182.90333333333334,123.1633847364957
13560,206.726,123.84,182.83,123.09292425738833
13570,206.62733333333333,123.77666666666667,182.7566666666667,123.02246377828097
13580,206.52866666666668,123.71333333333334,182.68333333333334,122.95200329917361
13590,206.43,123.65,182.61,122.88154282006624
13600,206.33266666666668,123.55266666666667,182.52733333333336,122.78270894393289
13610,206.23533333333333,123.45533333333334,182.44466666666668,122.68387506779953
13620,206.138,123.358,182.36200000000002,122.58504119166618
13630,206.04066666666668,123.26066666666667,182.27933333333334,122.48620731553282
13640,205.94333333333333,123.16333333333334,182.1966666666667,122.38737343939947
13650,205.846,123.066,182.114,122.28853956326611
13660,205.74866666666668,122.96866666666666,182.03133333333335,122.18970568713276
13670,205.65133333333333,122.87133333333334,181.94866666666667,122.0908718109994
13680,205.554,122.774,181.866,121.99203793486605
13690,205.45666666666668,122.67666666666666,181.78333333333333,121.89320405873269
13700,205.35933333333332,122.57933333333334,181.70066666666668,121.79437018259934
13710,205.262,122.482,181.618,121.69553630646598
13720,205.16466666666668,122.38466666666666,181.53533333333334,121.59670243033263
13730,205.06733333333332,122.28733333333334,181.45266666666666,121.49786855419927
13740,204.97,122.19,181.37,121.39903467806592
13750,204.87266666666667,122.21,181.29,121.42793921198694
13760,204.77533333333332,122.23,181.21,121.45684374590796
13770,204.678,122.25,181.13,121.48574827982898
13780,204.58066666666667,122.27,181.05,121.51465281375
13790,204.48333333333332,122.28999999999999,180.97,121.54355734767103
13800,204.386,122.31,180.89,121.57246188159205
13810,204.28866666666667,122.33,180.81,121.60136641551307
13820,204.19133333333332,122.35,180.73,121.6302709494341
13830,204.094,122.36999999999999,180.65,121.65917548335513
13840,203.99666666666667,122.39,180.57,121.68808001727615
13850,203.89933333333332,122.41,180.48999999999998,121.71698455119717
13860,203.802,122.42999999999999,180.41,121.7458890851182
13870,203.70466666666667,122.44999999999999,180.32999999999998,121.77479361903922
13880,203.60733333333332,122.47,180.25,121.80369815296024
13890,203.51,122.49,180.17,121.83260268688126
13900,203.41466666666665,122.79466666666666,180.12866666666665,122.14535743793704
13910,203.31933333333333,123.09933333333333,180.08733333333333,122.4581121889928
13920,203.224,123.404,180.046,122.77086694004858
13930,203.12866666666667,123.70866666666666,180.00466666666665,123.08362169110434
13940,203.03333333333333,124.01333333333334,179.96333333333334,123.39637644216012
13950,202.938,124.318,179.922,123.7091311932159
13960,202.84266666666667,124.62266666666666,179.88066666666666,124.02188594427166
13970,202.74733333333333,124.92733333333334,179.83933333333334,124.33464069532744
13980,202.65200000000002,125.232,179.798,124.6473954463832
13990,202.55666666666667,125.53666666666666,179.75666666666666,124.96015019743898
14000,202.46133333333333,125.84133333333334,179.71533333333335,125.27290494849476
14010,202.366,126.146,179.674,125.58565969955052
14020,202.27066666666667,126.45066666666666,179.63266666666667,125.8984144506063
14030,202.17533333333336,126.75533333333334,179.59133333333335,126.21116920166206
14040,202.08,127.06,179.55,126.52392395271784
14050,201.98533333333336,127.03333333333333,179.4946666666667,126.49002536463253
14060,201.89066666666668,127.00666666666667,179.43933333333334,126.45612677654722
14070,201.79600000000002,126.98,179.38400000000001,126.42222818846192
14080,201.70133333333334,126.95333333333333,179.32866666666666,126.3883296003766
14090,201.60666666666668,126.92666666666666,179.27333333333334,126.35443101229129
14100,201.512,126.9,179.21800000000002,126.32053242420598
14110,201.41733333333335,126.87333333333333,179.16266666666667,126.28663383612067
14120,201.32266666666666,126.84666666666666,179.10733333333334,126.25273524803536
14130,201.228,126.82,179.052,126.21883665995006
14140,201.13333333333333,126.79333333333334,178.99666666666667,126.18493807186475
14150,201.03866666666667,126.76666666666667,178.94133333333335,126.15103948377944
14160,200.944,126.74,178.886,126.11714089569412
14170,200.84933333333333,126.71333333333332,178.83066666666667,126.08324230760881
14180,200.75466666666665,126.68666666666667,178.77533333333332,126.0493437195235
14190,200.66,126.66,178.72,126.0154451314382
14200,200.56666666666666,126.62466666666667,178.65733333333333,125.97929518393381
14210,200.47333333333333,126.58933333333333,178.59466666666665,125.94314523642944
14220,200.38,126.554,178.532,125.90699528892506
14230,200.28666666666666,126.51866666666666,178.46933333333334,125.87084534142068
14240,200.19333333333333,126.48333333333333,178.40666666666667,125.8346953939163
14250,200.1,126.448,178.344,125.79854544641192
14260,200.00666666666666,126.41266666666667,178.28133333333332,125.76239549890754
14270,199.91333333333333,126.37733333333333,178.21866666666668,125.72624555140317
14280,199.82,126.342,178.156,125.69009560389878
14290,199.72666666666666,126.30666666666666,178.09333333333333,125.6539456563944
14300,199.63333333333333,126.27133333333333,178.03066666666666,125.61779570889003
14310,199.54,126.23599999999999,177.968,125.58164576138564
14320,199.44666666666666,126.20066666666666,177.90533333333335,125.54549581388126
14330,199.35333333333332,126.16533333333332,177.84266666666667,125.50934586637689
14340,199.26,126.13,177.78,125.4731959188725
14350,199.16799999999998,126.04066666666667,177.71133333333333,125.37998760944627
14360,199.076,125.95133333333332,177.64266666666666,125.28677930002003
14370,198.98399999999998,125.862,177.574,125.1935709905938
14380,198.892,125.77266666666667,177.50533333333334,125.10036268116755
14390,198.79999999999998,125.68333333333334,177.43666666666667,125.00715437174132
14400,198.708,125.594,177.368,124.91394606231508
14410,198.61599999999999,125.50466666666667,177.29933333333332,124.82073775288885
14420,198.524,125.41533333333334,177.23066666666668,124.7275294434626
14430,198.432,125.32600000000001,177.162,124.63432113403637
14440,198.34,125.23666666666666,177.09333333333333,124.54111282461012
14450,198.248,125.14733333333334,177.02466666666666,124.4479045151839
14460,198.156,125.058,176.956,124.35469620575765
14470,198.064,124.96866666666668,176.88733333333334,124.26148789633142
14480,197.972,124.87933333333334,176.81866666666667,124.16827958690517
14490,197.88,124.79,176.75,124.07507127747894
14500,197.79066666666665,124.58866666666667,176.66466666666668,123.86999760362806
14510,197.70133333333334,124.38733333333334,176.57933333333332,123.66492392977717
14520,197.612,124.186,176.494,123.4598502559263
14530,197.52266666666665,123.98466666666667,176.40866666666668,123.25477658207541
14540,197.43333333333334,123.78333333333333,176.32333333333332,123.04970290822453
14550,197.344,123.58200000000001,176.238,122.84462923437364
14560,197.25466666666665,123.38066666666667,176.15266666666668,122.63955556052277
14570,197.16533333333334,123.17933333333333,176.06733333333332,122.43448188667188
14580,197.076,122.978,175.982,122.229408212821
14590,196.98666666666665,122.77666666666667,175.89666666666668,122.02433453897011
14600,196.89733333333334,122.57533333333333,175.81133333333332,121.81926086511923
14610,196.808,122.374,175.726,121.61418719126834
14620,196.71866666666665,122.17266666666666,175.64066666666668,121.40911351741747
14630,196.62933333333334,121.97133333333333,175.55533333333332,121.20403984356658
14640,196.54,121.77,175.47,120.9989661697157
14650,196.452,122.11933333333333,175.42666666666668,121.36814170298115
14660,196.364,122.46866666666666,175.38333333333333,121.73731723624661
14670,196.27599999999998,122.818,175.34,122.10649276951206
14680,196.188,123.16733333333333,175.29666666666665,122.4756683027775
14690,196.1,123.51666666666667,175.25333333333333,122.84484383604295
14700,196.012,123.866,175.21,123.21401936930842
14710,195.924,124.21533333333333,175.16666666666666,123.58319490257387
14720,195.83599999999998,124.56466666666667,175.12333333333333,123.95237043583931
14730,195.748,124.914,175.07999999999998,124.32154596910476
14740,195.66,125.26333333333334,175.03666666666666,124.69072150237022
14750,195.572,125.61266666666667,174.99333333333334,125.05989703563567
14760,195.484,125.962,174.95,125.42907256890112
14770,195.396,126.31133333333334,174.90666666666667,125.79824810216658
14780,195.308,126.66066666666667,174.86333333333332,126.16742363543203
14790,195.22,127.01,174.82,126.53659916869748
14800,195.134,127.06333333333333,174.78133333333332,126.58192639301214
14810,195.048,127.11666666666667,174.74266666666665,126.62725361732679
14820,194.962,127.17,174.704,126.67258084164145
14830,194.876,127.22333333333334,174.66533333333334,126.71790806595611
14840,194.79,127.27666666666667,174.62666666666667,126.76323529027077
14850,194.704,127.33,174.588,126.80856251458542
14860,194.618,127.38333333333334,174.54933333333332,126.85388973890008
14870,194.532,127.43666666666667,174.51066666666668,126.89921696321474
14880,194.446,127.49000000000001,174.472,126.9445441875294
14890,194.36,127.54333333333334,174.43333333333334,126.98987141184405
14900,194.274,127.59666666666666,174.39466666666667,127.03519863615871
14910,194.18800000000002,127.65,174.356,127.08052586047337
14920,194.102,127.70333333333333,174.31733333333335,127.12585308478803
14930,194.01600000000002,127.75666666666667,174.27866666666668,127.17118030910268
14940,193.93,127.81,174.24,127.21650753341734
14950,193.846,127.702,174.17733333333334,127.1063139745967
14960,193.762,127.59400000000001,174.11466666666666,126.99612041577606
14970,193.678,127.486,174.05200000000002,126.88592685695542
14980,193.594,127.378,173.98933333333335,126.77573329813478
14990,193.51,127.27,173.92666666666668,126.66553973931414
15000,193.426,127.162,173.864,126.5553461804935
15010,193.34199999999998,127.054,173.80133333333333,126.44515262167286
15020,193.258,126.946,173.7386666666667,126.3349590628522
15030,193.174,126.838,173.67600000000002,126.22476550403157
15040,193.09,126.73,173.61333333333334,126.11457194521093
15050,193.006,126.622,173.55066666666667,126.00437838639029
15060,192.922,126.514,173.488,125.89418482756965
15070,192.838,126.40599999999999,173.42533333333336,125.783991268749
15080,192.754,126.298,173.36266666666668,125.67379770992837
15090,192.67,126.19,173.3,125.56360415110773
15100,192.58733333333333,126.09333333333333,173.232,125.46621733496728
15110,192.50466666666665,125.99666666666667,173.16400000000002,125.36883051882684
15120,192.422,125.89999999999999,173.096,125.2714437026864
15130,192.33933333333331,125.80333333333333,173.02800000000002,125.17405688654594
15140,192.25666666666666,125.70666666666666,172.96,125.0766700704055
15150,192.174,125.61,172.892,124.97928325426506
15160,192.09133333333332,125.51333333333334,172.824,124.88189643812461
15170,192.00866666666667,125.41666666666666,172.756,124.78450962198417
15180,191.926,125.32,172.68800000000002,124.68712280584373
15190,191.84333333333333,125.22333333333333,172.62,124.58973598970329
15200,191.76066666666668,125.12666666666667,172.552,124.49234917356284
15210,191.678,125.03,172.484,124.39496235742239
15220,191.59533333333334,124.93333333333332,172.416,124.29757554128194
15230,191.51266666666666,124.83666666666666,172.348,124.2001887251415
15240,191.43,124.74,172.28,124.10280190900106
15250,191.34866666666667,124.78333333333333,172.22133333333335,124.15109528246376
15260,191.26733333333334,124.82666666666667,172.16266666666667,124.19938865592644
15270,191.186,124.86999999999999,172.104,124.24768202938914
15280,191.10466666666667,124.91333333333333,172.04533333333333,124.29597540285182
15290,191.02333333333334,124.95666666666666,171.98666666666668,124.34426877631452
15300,190.942,125.0,171.928,124.3925621497772
15310,190.86066666666667,125.04333333333334,171.86933333333334,124.4408555232399
15320,190.77933333333334,125.08666666666666,171.81066666666666,124.48914889670259
15330,190.698,125.13,171.752,124.53744227016529
15340,190.61666666666667,125.17333333333333,171.69333333333333,124.58573564362797
15350,190.53533333333334,125.21666666666667,171.63466666666667,124.63402901709067
15360,190.454,125.26,171.576,124.68232239055335
15370,190.37266666666667,125.30333333333333,171.51733333333334,124.73061576401605
15380,190.29133333333334,125.34666666666666,171.45866666666666,124.77890913747873
15390,190.21,125.39,171.4,124.82720251094143
15400,190.13133333333334,125.37933333333334,171.344,124.81481177932389
15410,190.05266666666668,125.36866666666667,171.288,124.80242104770635
15420,189.97400000000002,125.358,171.232,124.79003031608882
15430,189.89533333333333,125.34733333333334,171.17600000000002,124.77763958447127
15440,189.81666666666666,125.33666666666667,171.12,124.76524885285373
15450,189.738,125.32600000000001,171.064,124.75285812123619
15460,189.65933333333334,125.31533333333334,171.008,124.74046738961864
15470,189.58066666666667,125.30466666666666,170.952,124.72807665800111
15480,189.502,125.294,170.89600000000002,124.71568592638357
15490,189.42333333333335,125.28333333333333,170.84,124.70329519476603
15500,189.34466666666668,125.27266666666667,170.784,124.69090446314848
15510,189.266,125.262,170.728,124.67851373153094
15520,189.18733333333333,125.25133333333333,170.672,124.66612299991341
15530,189.10866666666666,125.24066666666667,170.616,124.65373226829587
15540,189.03,125.23,170.56,124.64134153667833
15550,188.95266666666666,125.13133333333333,170.496,124.53844216723252
15560,188.87533333333334,125.03266666666667,170.432,124.43554279778671
15570,188.798,124.934,170.368,124.3326434283409
15580,188.72066666666666,124.83533333333334,170.304,124.2297440588951
15590,188.64333333333335,124.73666666666666,170.24,124.12684468944929
15600,188.566,124.638,170.176,124.02394532000348
15610,188.48866666666666,124.53933333333333,170.112,123.92104595055767
15620,188.41133333333335,124.44066666666667,170.048,123.81814658111186
15630,188.334,124.342,169.984,123.71524721166605
15640,188.25666666666666,124.24333333333334,169.92,123.61234784222025
15650,188.17933333333335,124.14466666666667,169.856,123.50944847277444
15660,188.102,124.046,169.792,123.40654910332863
15670,188.02466666666666,123.94733333333333,169.728,123.30364973388282
15680,187.94733333333335,123.84866666666667,169.664,123.20075036443701
15690,187.87,123.75,169.6,123.0978509949912
15700,187.794,123.53066666666666,169.518,122.8746184549691
15710,187.718,123.31133333333334,169.436,122.651385914947
15720,187.642,123.092,169.35399999999998,122.42815337492489
15730,187.566,122.87266666666666,169.272,122.2049208349028
15740,187.49,122.65333333333334,169.19,121.98168829488068
15750,187.414,122.434,169.108,121.75845575485857
15760,187.338,122.21466666666666,169.026,121.53522321483648
15770,187.262,121.99533333333333,168.944,121.31199067481437
15780,187.186,121.776,168.862,121.08875813479227
15790,187.10999999999999,121.55666666666666,168.78,120.86552559477016
15800,187.034,121.33733333333333,168.698,120.64229305474805
15810,186.958,121.118,168.616,120.41906051472596
15820,186.882,120.89866666666666,168.534,120.19582797470385
15830,186.80599999999998,120.67933333333333,168.452,119.97259543468175
15840,186.73,120.46,168.37,119.74936289465964
